# Blender 5.0.0
# www.blender.org
o body
v 0.496492 -0.836496 13.134323
v 0.583336 -0.739346 14.405261
v 0.476577 0.278155 13.201582
v 0.565221 0.486406 14.440971
v 0.246627 0.341088 13.105692
v -0.000000 0.369679 13.051011
v -0.000000 0.658669 14.574616
v 0.340386 0.599495 14.530103
v 0.631619 0.554538 14.199637
v 0.646511 0.545034 13.840749
v 0.576865 0.424383 13.468969
v 0.562963 -0.631520 13.048226
v 0.591550 -0.317049 13.019524
v 0.550611 0.022595 13.090620
v 0.654626 0.225672 14.520307
v 0.703310 -0.145583 14.553202
v 0.665741 -0.502555 14.499356
v 0.654036 -0.830153 14.152357
v 0.671875 -0.892060 13.779679
v 0.600616 -0.885222 13.400186
v -0.000000 -0.970372 12.968428
v 0.267098 -0.925012 13.027489
v 0.358752 -0.817453 14.493063
v -0.000000 -0.856363 14.538251
v -0.000000 0.674131 13.422249
v -0.000000 0.858995 13.840944
v -0.000000 0.860968 14.246638
v 0.290903 0.614872 13.448201
v 0.337850 0.778810 13.844220
v 0.344425 0.778265 14.226962
v 0.749642 0.108478 13.428653
v 0.841644 0.194318 13.826077
v 0.811618 0.221480 14.211770
v 0.812126 -0.260919 13.385499
v 0.912852 -0.205321 13.806289
v 0.878665 -0.167071 14.217508
v 0.764291 -0.610047 13.388179
v 0.857600 -0.587271 13.790005
v 0.825385 -0.539852 14.184137
v 0.317045 -1.052687 13.364127
v 0.365526 -1.074153 13.648389
v 0.369003 -0.996871 14.171814
v -0.000000 -1.112858 13.386308
v -0.000000 -1.133465 13.643461
v -0.000000 -1.050111 14.191412
v -0.000000 0.004889 12.784832
v 0.255090 0.002209 12.870332
v -0.000000 -0.369841 12.669421
v 0.272938 -0.355472 12.768568
v -0.000000 -0.709899 12.735316
v 0.266506 -0.681007 12.823003
v 0.373244 0.271110 14.706914
v -0.000000 0.302961 14.770771
v 0.399412 -0.129140 14.759541
v -0.000000 -0.120306 14.829268
v 0.383312 -0.515705 14.687879
v -0.000000 -0.530811 14.752446
v -0.000000 -1.256591 13.454569
v 0.899103 0.129189 13.815418
v 0.964296 0.059744 13.836505
v 0.972883 0.157159 13.633061
v 1.038076 0.087714 13.654147
v 0.910948 0.053345 13.389919
v 0.976141 -0.016099 13.411005
v 0.775233 -0.078438 13.329135
v 0.840426 -0.147884 13.350221
v 0.701452 -0.106409 13.511492
v 0.766645 -0.175854 13.532578
v 0.763387 -0.002596 13.754636
v 0.828580 -0.072041 13.775722
v 0.000000 0.608115 10.198081
v -0.000551 0.617517 12.342730
v 0.504716 0.474076 10.012463
v 1.665809 0.323855 11.831957
v 0.598099 0.170520 9.970160
v 1.812559 0.115472 12.111642
v 0.495931 -0.133038 9.927859
v 1.632944 -0.208463 12.029585
v -0.000000 -0.261992 10.059175
v -0.001382 -0.521910 12.029539
v -0.000000 0.657831 10.831140
v 0.656045 0.499770 10.828571
v 0.928963 0.118179 10.812607
v 0.654634 -0.263413 10.828659
v -0.000000 -0.421473 10.831139
v -0.002058 0.708635 11.900957
v 1.474343 0.405629 11.412461
v 1.490412 0.120058 11.277509
v 1.443231 -0.210091 11.421187
v -0.002632 -0.500876 11.689296
v -0.000000 0.515979 12.517415
v 0.553091 0.401460 12.458356
v 0.715278 0.096520 12.454498
v 0.503312 -0.208420 12.460978
v -0.000000 -0.334731 12.309799
v 1.787318 0.118178 12.126966
v 1.183916 0.416353 12.086980
v 1.001510 -0.263413 12.299073
v 0.973901 0.499770 11.365210
v 0.935979 -0.323892 11.568561
v 1.405882 0.118179 11.278438
v 2.649373 0.509978 10.037185
v 2.763188 0.376753 10.043359
v 2.643824 0.132323 10.086823
v 2.220050 0.470726 9.894634
v 2.232100 0.397717 9.803559
v 2.232593 0.111041 9.928041
v 3.354985 0.530654 8.423392
v 3.420403 0.390203 8.455485
v 3.352954 0.238335 8.507285
v 3.048975 0.511153 8.348865
v 2.995448 0.364508 8.343575
v 3.047495 0.217972 8.429290
v 3.381047 0.577396 8.328521
v 3.470106 0.397458 8.439117
v 3.398631 0.124115 8.476714
v 3.227063 0.531648 8.183432
v 3.197354 0.346411 8.222789
v 3.225867 0.035993 8.313716
v 3.654810 0.537740 7.903450
v 3.711442 0.279059 7.966387
v 3.653183 -0.027822 8.054481
v 3.494231 0.424124 7.754120
v 3.464522 0.238886 7.793476
v 3.493036 -0.071531 7.884404
v 3.594669 0.311362 7.361874
v 3.605876 0.126642 7.370404
v 3.594736 -0.080849 7.467114
v 3.504273 0.255074 7.439470
v 3.477983 0.147167 7.445343
v 3.503602 -0.067311 7.523658
v 2.986084 0.264135 8.148355
v 3.017572 0.141323 8.232179
v 3.181016 0.261307 8.095525
v 3.201421 -0.002857 8.179516
v 3.038830 0.162236 7.954154
v 3.064631 0.061605 8.022838
v 3.198556 0.159918 7.910864
v 3.215275 -0.056536 7.979686
v 3.114586 0.054966 7.750298
v 3.125427 -0.015930 7.802630
v 3.232392 0.059997 7.746119
v 3.241614 -0.093702 7.797618
v -0.000000 0.404501 12.647958
v 0.158780 0.287954 12.619562
v 0.252719 0.101461 12.556042
v 0.182110 -0.006843 12.556042
v -0.000000 -0.116120 12.518014
v 2.431438 -0.064526 10.290380
v 2.533052 0.169204 10.287624
v 2.007113 0.173601 9.984965
v 2.054827 -0.062429 10.074145
v 2.436440 0.326986 10.270837
v 2.046925 0.316838 10.064373
v 3.014729 0.605716 9.797624
v 2.922522 0.756044 9.769580
v 2.546345 0.771195 9.632010
v 2.493674 0.630778 9.599620
v 2.531184 0.394133 9.726810
v 2.902045 0.374508 9.867313
v 0.508210 0.526688 7.226885
v 0.519509 0.928451 8.575837
v 0.863355 0.306423 7.221149
v 1.026829 0.513953 8.812585
v 0.863355 0.030331 7.233124
v 1.028275 0.015007 8.744400
v 0.508191 -0.172960 7.243740
v 0.513592 -0.218671 8.612263
v 0.152952 0.043147 7.245428
v 0.144936 0.155468 8.641538
v 0.153066 0.327698 7.240456
v 0.512164 0.977001 8.886694
v 1.018174 0.511158 9.011627
v 1.020134 0.003588 8.934592
v 0.515757 -0.209369 8.719193
v 0.136937 0.196434 8.726579
v -0.000000 1.144447 8.823718
v 0.418974 1.001148 9.074930
v 0.879472 0.481823 9.471509
v 0.876436 -0.042941 9.377461
v 0.449170 -0.196746 9.029979
v 0.134332 0.272992 8.838332
v -0.000000 1.154556 8.963259
v 0.430883 0.656801 4.845169
v 0.691278 0.507091 4.831426
v 0.691278 0.207673 4.803938
v 0.430883 0.057964 4.790196
v 0.170489 0.207673 4.803939
v 0.170489 0.507091 4.831426
v 0.822906 0.133359 6.579965
v 0.822906 0.380129 6.590421
v 0.152560 0.337951 6.590421
v 0.152560 0.091181 6.579965
v 0.487733 0.598620 6.630797
v 0.487733 -0.116320 6.919194
v -0.000000 0.343197 8.925261
v -0.000000 0.035311 9.071282
v -0.000000 -0.153276 9.364193
v -0.000000 0.914770 9.594966
v -0.000000 1.087907 9.245176
v 0.713104 0.434461 9.775220
v 0.709689 -0.090020 9.682482
v -0.000000 -0.183650 9.722457
v -0.000000 0.628045 9.949079
v 0.430883 0.612258 3.208179
v 0.625711 0.499786 3.189007
v 0.625711 0.274841 3.192218
v 0.430883 0.162368 3.193823
v 0.236055 0.274841 3.192218
v 0.236055 0.499786 3.189007
v 0.856043 0.319748 7.107127
v 0.152881 0.051830 7.125126
v 0.504509 0.546601 7.119125
v 0.856043 0.048956 7.115046
v 0.152975 0.328721 7.123126
v 0.504493 -0.162721 7.185070
v 0.847217 0.071437 6.972529
v 0.152864 0.331180 6.981242
v 0.500029 -0.150362 7.114254
v 0.847217 0.335830 6.969505
v 0.152796 0.062311 6.979924
v 0.500041 0.532417 6.989061
v -0.000000 0.330200 13.288859
v 0.182652 0.209765 13.288859
v 0.252719 0.101461 13.288861
v 0.182110 -0.006843 13.288861
v -0.000000 -0.127186 13.233787
v -0.496493 -0.836496 13.134323
v -0.583336 -0.739346 14.405261
v -0.476577 0.278155 13.201582
v -0.565221 0.486406 14.440971
v -0.246627 0.341088 13.105692
v -0.340386 0.599495 14.530103
v -0.631619 0.554538 14.199637
v -0.646511 0.545034 13.840749
v -0.576865 0.424383 13.468969
v -0.562963 -0.631520 13.048226
v -0.591550 -0.317049 13.019524
v -0.550611 0.022595 13.090620
v -0.654626 0.225672 14.520307
v -0.703310 -0.145583 14.553202
v -0.665741 -0.502555 14.499356
v -0.654036 -0.830153 14.152357
v -0.671875 -0.892060 13.779679
v -0.600616 -0.885222 13.400186
v -0.267098 -0.925012 13.027489
v -0.358752 -0.817453 14.493063
v -0.290903 0.614872 13.448201
v -0.337850 0.778810 13.844220
v -0.344425 0.778265 14.226962
v -0.749642 0.108478 13.428653
v -0.841644 0.194318 13.826076
v -0.811618 0.221480 14.211770
v -0.812126 -0.260919 13.385499
v -0.912852 -0.205321 13.806289
v -0.878665 -0.167071 14.217508
v -0.764291 -0.610047 13.388179
v -0.857600 -0.587271 13.790005
v -0.825386 -0.539852 14.184137
v -0.317045 -1.052687 13.364127
v -0.365526 -1.074153 13.648389
v -0.369003 -0.996871 14.171814
v -0.255090 0.002209 12.870332
v -0.272938 -0.355472 12.768568
v -0.266506 -0.681007 12.823003
v -0.373244 0.271110 14.706914
v -0.399412 -0.129140 14.759541
v -0.383312 -0.515705 14.687879
v -0.899103 0.129189 13.815418
v -0.964296 0.059744 13.836505
v -0.972883 0.157159 13.633061
v -1.038076 0.087714 13.654147
v -0.910948 0.053345 13.389919
v -0.976141 -0.016099 13.411005
v -0.775233 -0.078438 13.329135
v -0.840426 -0.147884 13.350221
v -0.701452 -0.106409 13.511492
v -0.766645 -0.175854 13.532578
v -0.763387 -0.002596 13.754636
v -0.828580 -0.072041 13.775722
v -0.504526 0.476275 10.078261
v -1.700820 0.323855 11.812186
v -0.598793 0.169840 10.035559
v -1.849510 0.115472 12.090067
v -0.495657 -0.100160 9.991563
v -1.672303 -0.208463 12.009789
v -0.658395 0.499770 10.827600
v -0.933176 0.118179 10.809977
v -0.656694 -0.263413 10.827739
v -1.506191 0.405630 11.395028
v -1.520935 0.120058 11.259582
v -1.473690 -0.210091 11.404646
v -0.560561 0.401460 12.456239
v -0.718209 0.096520 12.452941
v -0.506841 -0.208420 12.459768
v -1.826372 0.118179 12.105248
v -1.202348 0.416353 12.077473
v -1.017658 -0.263412 12.292635
v -0.988259 0.499770 11.358833
v -0.951351 -0.323892 11.562546
v -1.432952 0.118179 11.262892
v -2.599585 0.440263 10.055809
v -2.706386 0.298161 10.063551
v -2.593690 0.059567 10.094497
v -2.174043 0.407827 9.906559
v -2.165560 0.310669 9.824055
v -2.182976 0.041369 9.931849
v -3.263737 0.456507 8.521906
v -3.329223 0.314423 8.545567
v -3.261259 0.158440 8.582264
v -2.961359 0.440792 8.433043
v -2.909651 0.294651 8.413889
v -2.959585 0.142147 8.489902
v -3.293276 0.510823 8.432229
v -3.379492 0.323312 8.531965
v -3.309384 0.047340 8.544743
v -3.146026 0.475640 8.277520
v -3.116641 0.287653 8.300804
v -3.144574 -0.028793 8.368043
v -3.585093 0.507020 8.017461
v -3.641750 0.244569 8.062118
v -3.583073 -0.068749 8.123102
v -3.432150 0.404475 7.852881
v -3.402765 0.216487 7.876164
v -3.430696 -0.099959 7.943404
v -3.550193 0.323949 7.457608
v -3.562979 0.139219 7.451982
v -3.549965 -0.075372 7.531421
v -3.457209 0.261028 7.526572
v -3.431834 0.152810 7.522765
v -3.456394 -0.067022 7.584905
v -2.909571 0.210036 8.211125
v -2.938795 0.081184 8.286248
v -3.106574 0.212812 8.166628
v -3.126208 -0.057036 8.230268
v -2.971517 0.124266 8.011912
v -2.995464 0.018684 8.073467
v -3.132939 0.126540 7.975451
v -3.149028 -0.094572 8.027598
v -3.056915 0.034073 7.803643
v -3.066290 -0.040677 7.850623
v -3.174732 0.040265 7.804922
v -3.183398 -0.116969 7.844456
v -0.158780 0.287954 12.619562
v -0.252719 0.101461 12.556042
v -0.182110 -0.006843 12.556042
v -2.433063 -0.078679 10.264923
v -2.533436 0.153821 10.263294
v -1.997940 0.153088 9.969555
v -2.049604 -0.080360 10.055039
v -2.438660 0.314239 10.246861
v -2.044805 0.303315 10.045641
v -2.893048 0.455514 9.872188
v -2.801848 0.608436 9.850476
v -2.422209 0.619574 9.703897
v -2.366605 0.474417 9.661146
v -2.409996 0.240521 9.771391
v -2.786072 0.227039 9.920714
v -0.508053 0.035470 6.903714
v -0.519458 1.399729 8.426923
v -0.866564 0.022269 6.996368
v -1.031588 1.216021 8.684971
v -0.866564 -0.064178 7.133675
v -1.033048 0.724333 8.771276
v -0.508034 -0.441412 7.063341
v -0.513485 0.440543 8.719580
v -0.149427 -0.352614 6.981045
v -0.141336 0.639499 8.670673
v -0.149542 -0.222515 6.897947
v -0.512044 1.455256 8.742953
v -1.022851 1.185382 8.899473
v -1.024829 0.712862 8.960091
v -0.515671 0.410159 8.820284
v -0.133260 0.576872 8.761457
v -0.417971 1.395445 8.974730
v -0.882834 0.578569 9.510839
v -0.879769 0.401342 9.417754
v -0.448454 0.301011 9.069417
v -0.130631 0.476094 8.882710
v -0.429993 -1.195478 4.909999
v -0.658826 -1.230062 4.782489
v -0.658826 -1.299228 4.527469
v -0.429993 -1.333812 4.399959
v -0.201160 -1.299228 4.527469
v -0.201160 -1.230062 4.782489
v -0.825732 -3.010978 5.063095
v -0.825732 -2.933495 5.301477
v -0.149031 -2.948349 5.261575
v -0.149031 -3.002414 5.035405
v -0.487381 -2.870127 5.529935
v -0.487381 -3.011537 5.196021
v -0.714889 0.448228 9.836329
v -0.711442 0.048246 9.739547
v -0.429993 0.240081 3.871822
v -0.608102 0.232023 3.743847
v -0.608102 0.154144 3.217515
v -0.429993 0.142976 3.097781
v -0.251883 0.160780 3.278332
v -0.251883 0.229808 3.731572
v -0.859182 -1.625240 6.197286
v -0.149356 -1.638426 6.196191
v -0.504316 -1.402698 6.317083
v -0.859183 -0.916215 6.572540
v -0.149450 -1.570153 6.233994
v -0.504300 -0.983548 6.673555
v -0.850273 -2.470553 5.632980
v -0.149338 -2.442086 5.759011
v -0.499794 -1.720592 6.154637
v -0.850273 -2.574912 5.697041
v -0.149269 -2.470679 5.635878
v -0.499806 -2.334409 5.899748
v -0.182652 0.209765 13.288859
v -0.252719 0.101461 13.288861
v -0.182110 -0.006843 13.288861
v 0.213411 0.953765 8.641542
v -0.199640 1.232571 8.549081
vn 0.2171 0.8930 -0.3943
vn 0.2309 0.9730 -0.0026
vn 0.2282 0.8287 0.5111
vn 0.5934 0.7171 0.3657
vn 0.6038 0.7971 0.0039
vn 0.5368 0.7678 -0.3497
vn 0.4335 0.6757 -0.5962
vn 0.2244 0.7535 -0.6180
vn 0.9488 0.1900 -0.2522
vn 0.9829 0.1719 0.0657
vn 0.9669 -0.1341 -0.2169
vn 0.9843 -0.1466 0.0981
vn 0.7198 0.4412 -0.5359
vn 0.8218 0.4872 -0.2955
vn 0.8739 0.4848 0.0339
vn 0.8176 0.4547 0.3533
vn 0.8793 0.1584 0.4492
vn 0.8717 -0.1659 0.4611
vn 0.7717 -0.4987 0.3948
vn 0.8452 -0.5193 0.1267
vn 0.8441 -0.5094 -0.1677
vn 0.7852 -0.4383 -0.4373
vn 0.8572 -0.1236 -0.4999
vn 0.8229 0.2097 -0.5281
vn 1.0000 -0.0000 -0.0000
vn 0.1564 -0.9765 0.1485
vn 0.4800 -0.7943 -0.3725
vn 0.5169 -0.8425 -0.1518
vn 0.4664 -0.8756 0.1262
vn 0.4808 -0.7739 0.4123
vn 0.1500 -0.8611 0.4857
vn 0.2261 -0.9220 -0.3144
vn 0.3148 0.2794 -0.9071
vn 0.3250 -0.1799 -0.9284
vn 0.2669 0.5681 -0.7785
vn 0.4934 0.5044 -0.7086
vn 0.5804 0.2495 -0.7751
vn 0.6137 -0.1420 -0.7766
vn 0.5175 -0.5489 -0.6564
vn 0.3026 -0.6356 -0.7102
vn 0.1733 0.1395 0.9749
vn 0.1703 -0.1865 0.9676
vn 0.5492 0.4099 0.7283
vn 0.1876 0.4801 0.8569
vn 0.1601 -0.5446 0.8233
vn 0.5064 -0.4648 0.7263
vn 0.5518 -0.1809 0.8141
vn 0.5611 0.1458 0.8148
vn 0.6237 0.6944 0.3589
vn 0.7220 0.5506 -0.4190
vn 0.3616 0.0569 -0.9306
vn -0.6237 -0.6944 -0.3589
vn 0.6532 -0.7421 0.1505
vn -0.7220 -0.5506 0.4190
vn -0.3616 -0.0569 0.9306
vn -0.6532 0.7421 -0.1505
vn 0.2324 0.9716 0.0447
vn 0.1773 -0.9822 -0.0614
vn 0.2040 -0.9631 -0.1753
vn 0.9357 -0.2862 -0.2063
vn 0.9323 0.3122 -0.1827
vn 0.2307 0.9703 -0.0733
vn 0.2308 -0.9587 -0.1661
vn 0.6168 -0.4700 -0.6315
vn 0.7258 0.5371 -0.4299
vn 0.2315 0.9631 -0.1371
vn 0.2295 0.5702 0.7888
vn 0.2427 0.8611 0.4468
vn 0.2862 -0.1789 0.9413
vn 0.0419 -0.8310 0.5548
vn 0.3678 0.8063 0.4633
vn 0.3862 -0.4264 0.8180
vn 0.2304 0.9695 0.0838
vn 0.2018 -0.9776 -0.0603
vn -0.0012 -0.3989 -0.9170
vn 0.1584 0.3860 -0.9088
vn 0.8088 -0.3057 0.5023
vn -0.3258 -0.3911 -0.8608
vn -0.2430 0.8290 0.5037
vn 0.5063 0.3918 0.7682
vn -0.7860 0.4275 -0.4467
vn 0.2818 -0.8197 -0.4987
vn 0.8244 0.5383 0.1747
vn -0.8521 0.3258 -0.4095
vn 0.0376 -0.9930 0.1119
vn 0.9017 -0.2915 0.3194
vn -0.8968 -0.3112 -0.3146
vn 0.0983 0.9821 -0.1605
vn 0.2808 0.1957 0.9396
vn -0.9522 -0.2066 0.2249
vn -0.0741 0.9963 0.0436
vn 0.6376 0.6071 0.4743
vn -0.4882 0.2088 -0.8474
vn -0.5087 -0.4065 0.7589
vn 0.8147 0.2992 0.4968
vn -0.8463 0.0226 -0.5323
vn 0.0996 -0.9156 0.3895
vn 0.8864 -0.0358 0.4615
vn -0.8522 -0.2177 -0.4758
vn -0.2655 0.8833 -0.3865
vn -0.9945 -0.1002 -0.0303
vn -0.6951 0.6238 -0.3573
vn 0.9694 0.1689 -0.1782
vn -0.9681 0.2305 -0.0982
vn 0.1937 -0.9786 0.0691
vn 0.9824 -0.1196 -0.1434
vn -0.9466 -0.3079 -0.0955
vn -0.1859 0.8774 -0.4422
vn 0.9866 0.0448 -0.1566
vn -0.5248 -0.7873 0.3235
vn -0.5514 -0.8295 0.0896
vn -0.5762 -0.7985 0.1745
vn 0.9949 0.0910 0.0445
vn -0.1193 0.8655 -0.4865
vn -0.2542 -0.3209 -0.9124
vn 0.9844 0.1176 0.1308
vn -0.1223 0.8589 -0.4974
vn -0.9321 -0.3343 -0.1396
vn 0.2037 -0.1328 0.9700
vn 0.1952 0.5109 0.8372
vn -0.0444 -0.6890 0.7234
vn 0.2143 0.1017 0.9714
vn -0.5155 -0.3391 -0.7869
vn -0.6227 -0.0738 -0.7790
vn 0.1101 -0.9934 -0.0317
vn -0.8505 0.4153 -0.3228
vn 0.7699 0.5119 0.3811
vn 0.0072 0.9980 -0.0627
vn -0.9071 -0.0521 -0.4176
vn 0.7998 -0.5196 0.3006
vn -0.2603 0.7800 0.5691
vn -0.2335 -0.3876 -0.8918
vn 0.7695 -0.1913 0.6094
vn 0.1929 -0.7639 -0.6159
vn -0.7584 0.4027 -0.5125
vn 0.4285 0.4035 0.8084
vn 0.5074 0.8247 -0.2499
vn 0.9941 -0.0047 -0.1085
vn 0.4958 -0.8679 -0.0309
vn -0.5196 -0.8540 -0.0265
vn -0.7049 -0.6627 0.2529
vn 0.9950 0.0881 -0.0474
vn -1.0000 0.0003 -0.0058
vn 0.9972 0.0032 -0.0744
vn -0.9883 -0.1522 0.0110
vn 0.9991 -0.0029 0.0426
vn 0.6715 0.7400 0.0396
vn 0.3971 -0.9150 0.0716
vn -0.6095 -0.0870 0.7880
vn 0.3456 -0.9317 0.1119
vn 0.6299 0.7396 0.2371
vn 0.3073 0.9511 0.0301
vn -0.6620 -0.6255 0.4130
vn 0.9516 -0.0425 0.3043
vn -0.9992 -0.0006 -0.0407
vn -0.9999 0.0004 -0.0101
vn 0.5469 0.8371 0.0099
vn 0.5000 -0.8629 -0.0732
vn -0.5000 0.8625 0.0778
vn -0.4818 -0.8743 -0.0587
vn -0.4841 -0.8666 -0.1207
vn -0.6149 0.7885 0.0141
vn 0.4758 -0.8638 -0.1657
vn 0.5524 0.8229 0.1331
vn -1.0000 0.0003 0.0006
vn 0.9980 0.0027 -0.0637
vn -0.2830 -0.9334 -0.2207
vn -0.6288 -0.3332 -0.7026
vn -0.4358 -0.7568 -0.4872
vn -0.5281 0.0397 -0.8482
vn 0.3436 0.8417 0.4166
vn 0.4514 0.8104 0.3736
vn 0.1257 -0.9885 -0.0838
vn 0.8797 -0.0888 0.4672
vn -0.0000 -0.0143 -0.9999
vn 0.4999 -0.8643 -0.0564
vn 0.4974 0.8672 -0.0236
vn -0.4981 0.8668 -0.0237
vn -0.4988 -0.8649 -0.0566
vn 0.9992 0.0037 -0.0399
vn 0.9979 -0.0019 -0.0642
vn -1.0000 0.0004 0.0006
vn 0.5405 0.8305 0.1349
vn 0.4843 -0.8591 -0.1655
vn -0.4886 0.8725 0.0080
vn -0.5166 -0.8484 -0.1155
vn 0.9979 -0.0007 -0.0641
vn 0.4849 0.8675 -0.1113
vn 0.4820 -0.8604 -0.1656
vn -0.5017 0.8649 0.0154
vn -0.5025 -0.8565 -0.1178
vn 0.2807 0.9559 0.0869
vn 0.1897 -0.9563 -0.2225
vn 0.7553 0.1432 0.6395
vn 0.8931 0.4499 -0.0000
vn 0.8377 -0.5461 -0.0000
vn 0.5488 0.8323 0.0777
vn 0.5165 -0.8562 -0.0132
vn -0.2171 0.8930 -0.3943
vn -0.2332 0.9724 -0.0047
vn -0.2282 0.8287 0.5111
vn -0.5362 0.7239 0.4341
vn -0.6140 0.7893 -0.0094
vn -0.5575 0.7416 -0.3731
vn -0.4335 0.6757 -0.5962
vn -0.2244 0.7535 -0.6180
vn -0.9486 0.1818 -0.2589
vn -0.9832 0.1706 0.0645
vn -0.9679 -0.1309 -0.2144
vn -0.9842 -0.1492 0.0957
vn -0.7190 0.4598 -0.5211
vn -0.8258 0.4724 -0.3080
vn -0.8791 0.4760 0.0239
vn -0.8176 0.4547 0.3533
vn -0.8813 0.1551 0.4463
vn -0.8704 -0.1617 0.4650
vn -0.7756 -0.4470 0.4457
vn -0.8474 -0.5145 0.1312
vn -0.8444 -0.5089 -0.1672
vn -0.7852 -0.4383 -0.4373
vn -0.8583 -0.1214 -0.4987
vn -0.8209 0.2013 -0.5345
vn -0.1488 -0.9784 0.1435
vn -0.5095 -0.7887 -0.3441
vn -0.5440 -0.8308 -0.1171
vn -0.5063 -0.8464 0.1648
vn -0.4808 -0.7739 0.4123
vn -0.1500 -0.8611 0.4857
vn -0.1482 -0.9172 -0.3698
vn -0.3082 0.2745 -0.9109
vn -0.3444 -0.1614 -0.9248
vn -0.2408 0.5577 -0.7943
vn -0.4461 0.4620 -0.7665
vn -0.5707 0.2336 -0.7872
vn -0.6232 -0.1271 -0.7717
vn -0.5828 -0.4680 -0.6643
vn -0.3026 -0.6356 -0.7102
vn -0.1783 0.1347 0.9747
vn -0.1652 -0.1814 0.9694
vn -0.5146 0.4458 0.7324
vn -0.1947 0.4737 0.8589
vn -0.1601 -0.5446 0.8233
vn -0.5064 -0.4648 0.7263
vn -0.5466 -0.1746 0.8190
vn -0.5630 0.1438 0.8139
vn -0.6237 0.6945 0.3588
vn -0.7220 0.5506 -0.4190
vn -0.3616 0.0569 -0.9306
vn 0.6237 -0.6944 -0.3589
vn -0.6532 -0.7421 0.1505
vn 0.7220 -0.5506 0.4190
vn 0.3616 -0.0569 0.9306
vn 0.6532 0.7421 -0.1505
vn -0.2042 0.9586 0.1984
vn -0.2316 -0.9710 0.0594
vn -0.2726 -0.9331 -0.2347
vn -0.7475 -0.5583 -0.3600
vn -0.9282 0.3135 -0.2004
vn -0.2324 0.9696 -0.0761
vn -0.2297 -0.9581 -0.1710
vn -0.5955 -0.4621 -0.6571
vn -0.7168 0.5367 -0.4451
vn -0.1822 0.9821 -0.0470
vn -0.2363 0.5679 0.7884
vn -0.2425 0.8622 0.4448
vn -0.2980 -0.1704 0.9392
vn -0.0801 -0.8480 0.5238
vn -0.3762 0.8266 0.4186
vn -0.4557 -0.4409 0.7732
vn -0.2254 0.9705 0.0851
vn -0.1948 -0.9789 -0.0613
vn 0.0259 -0.3990 -0.9166
vn 0.0431 0.4263 -0.9035
vn -0.8064 -0.3448 0.4804
vn 0.4050 -0.3921 -0.8260
vn 0.2269 0.8898 0.3958
vn -0.5527 0.4014 0.7303
vn 0.7969 0.4517 -0.4011
vn -0.2526 -0.8541 -0.4547
vn -0.8222 0.5224 0.2261
vn 0.8085 0.4285 -0.4033
vn 0.0565 -0.9970 0.0523
vn -0.8799 -0.3419 0.3299
vn 0.8770 -0.3281 -0.3509
vn -0.0713 0.9915 -0.1092
vn -0.2390 0.1225 0.9633
vn 0.9586 -0.2307 0.1669
vn 0.0864 0.9891 0.1191
vn -0.2104 0.2542 0.9440
vn 0.4543 0.2719 -0.8483
vn 0.1772 -0.6912 0.7006
vn -0.7720 0.5364 0.3410
vn 0.8233 0.0588 -0.5646
vn -0.0927 -0.9429 0.3198
vn -0.8024 -0.1775 0.5697
vn 0.8291 -0.1853 -0.5276
vn 0.1300 0.9864 -0.1005
vn 0.9912 -0.1046 -0.0807
vn 0.3105 0.9091 -0.2779
vn -0.9742 0.1894 -0.1227
vn 0.9813 0.1366 -0.1354
vn -0.2010 -0.9796 -0.0003
vn -0.9796 -0.1937 -0.0526
vn 0.9384 -0.3061 -0.1600
vn 0.1764 0.9084 -0.3790
vn -0.9918 0.0641 -0.1102
vn 0.5384 -0.7906 0.2916
vn 0.5878 -0.8085 0.0286
vn 0.5746 -0.8139 0.0860
vn -0.9911 0.0943 0.0941
vn 0.1078 0.9005 -0.4212
vn -0.0370 -0.5284 -0.8482
vn -0.9767 0.1139 0.1817
vn 0.1103 0.8947 -0.4327
vn 0.9218 -0.3288 -0.2054
vn -0.2132 -0.1261 0.9688
vn -0.1958 0.5112 0.8369
vn 0.0423 -0.6891 0.7235
vn -0.2162 0.1012 0.9711
vn 0.4945 -0.2871 -0.8204
vn 0.4592 0.1385 -0.8774
vn -0.1003 -0.9945 -0.0302
vn 0.9173 0.1310 -0.3761
vn -0.6066 0.7569 0.2430
vn -0.2098 0.9733 0.0929
vn 0.9174 -0.0425 -0.3956
vn -0.8070 -0.5137 0.2914
vn 0.2496 0.8061 0.5366
vn 0.2962 -0.3714 -0.8800
vn -0.7678 -0.2885 0.5720
vn -0.2643 -0.7696 -0.5813
vn 0.7631 0.4558 -0.4582
vn -0.4705 0.3966 0.7883
vn -0.1962 0.7297 -0.6550
vn -0.9960 -0.0126 -0.0885
vn -0.4197 -0.8337 0.3588
vn 0.3104 -0.8386 0.4476
vn 0.4302 -0.8668 -0.2522
vn 0.5417 0.6282 -0.5586
vn -0.0120 0.9131 -0.4075
vn -0.9956 0.0888 -0.0289
vn 0.9601 -0.2045 -0.1908
vn -0.9990 0.0107 0.0441
vn -0.3997 0.9044 -0.1495
vn -0.4825 -0.8356 -0.2626
vn -0.0366 -0.1109 0.9932
vn -0.5416 -0.8139 -0.2104
vn -0.3457 0.8651 0.3635
vn 0.5176 0.8555 0.0107
vn 0.2291 -0.7461 -0.6251
vn -0.9427 0.0463 0.3303
vn 0.9995 0.0291 -0.0079
vn 0.9996 0.0286 -0.0068
vn -0.5717 0.3020 0.7629
vn 0.3323 -0.4136 -0.8477
vn 0.6365 0.2485 0.7301
vn -0.3874 -0.3844 -0.8380
vn -0.0890 -0.5944 0.7993
vn -0.1555 0.5587 -0.8146
vn 0.0789 -0.5938 0.8007
vn -0.1145 0.7325 -0.6711
vn -1.0000 0.0003 -0.0006
vn 0.9995 0.0167 0.0272
vn -0.4934 -0.8465 -0.2001
vn -0.1402 -0.4243 -0.8946
vn -0.4443 -0.7533 -0.4850
vn 0.3495 0.0438 -0.9359
vn -0.3103 0.6387 0.7041
vn -0.3496 0.7935 0.4981
vn -0.4766 -0.7054 -0.5247
vn -0.9380 -0.1738 0.3000
vn 0.0015 0.9907 -0.1361
vn -0.4603 -0.5854 -0.6674
vn -0.4752 0.5156 0.7130
vn 0.4752 0.5156 0.7130
vn 0.4649 -0.5662 -0.6807
vn -0.9995 0.0291 -0.0079
vn -1.0000 -0.0061 -0.0039
vn 1.0000 0.0005 -0.0007
vn -0.2413 0.4226 -0.8736
vn -0.4160 -0.5327 0.7370
vn 0.2905 0.4229 -0.8583
vn 0.3140 -0.5528 0.7719
vn 0.9963 -0.0402 0.0759
vn 0.9999 0.0073 -0.0107
vn 0.0064 0.4661 -0.8847
vn -0.3236 -0.5460 0.7728
vn -0.0208 0.4086 -0.9125
vn 0.0379 -0.5751 0.8172
vn -0.2592 0.9590 0.1142
vn -0.3038 -0.9117 -0.2767
vn -0.7550 0.1431 0.6399
vn -0.8931 0.4499 -0.0000
vn -0.8377 -0.5461 -0.0000
vn -0.5999 0.7948 0.0921
vn -0.5165 -0.8562 -0.0132
vn -0.6584 -0.0180 -0.7524
vn 0.9954 0.0928 -0.0245
vn 0.3257 0.8178 -0.4744
vn 0.5286 0.8411 -0.1144
vn 0.2158 0.8929 -0.3952
vn 0.2332 0.9724 -0.0047
vn 0.2114 0.8407 0.4986
vn 0.5362 0.7239 0.4341
vn 0.6140 0.7893 -0.0094
vn 0.5575 0.7416 -0.3731
vn 0.4895 0.6746 -0.5525
vn 0.2088 0.7506 -0.6269
vn 0.9486 0.1818 -0.2589
vn 0.9832 0.1706 0.0645
vn 0.9679 -0.1309 -0.2144
vn 0.9842 -0.1492 0.0957
vn 0.7190 0.4598 -0.5211
vn 0.8258 0.4724 -0.3080
vn 0.8791 0.4760 0.0239
vn 0.8171 0.4050 0.4103
vn 0.8813 0.1551 0.4463
vn 0.8704 -0.1617 0.4650
vn 0.7756 -0.4470 0.4457
vn 0.8474 -0.5145 0.1312
vn 0.8444 -0.5089 -0.1672
vn 0.7820 -0.4824 -0.3947
vn 0.8583 -0.1214 -0.4987
vn 0.8209 0.2013 -0.5345
vn 0.1806 -0.9804 -0.0786
vn 0.1607 -0.9818 -0.1015
vn 0.1488 -0.9784 0.1435
vn 0.5095 -0.7887 -0.3441
vn 0.5440 -0.8308 -0.1171
vn 0.5063 -0.8464 0.1648
vn 0.4448 -0.7758 0.4475
vn 0.1542 -0.8626 0.4818
vn 0.1482 -0.9172 -0.3698
vn 0.3082 0.2745 -0.9109
vn 0.3444 -0.1614 -0.9248
vn 0.2408 0.5577 -0.7943
vn 0.4461 0.4620 -0.7665
vn 0.5707 0.2336 -0.7872
vn 0.6232 -0.1271 -0.7717
vn 0.5828 -0.4680 -0.6643
vn 0.2684 -0.6184 -0.7387
vn 0.1783 0.1347 0.9747
vn 0.1652 -0.1814 0.9694
vn 0.5146 0.4458 0.7324
vn 0.1947 0.4737 0.8589
vn 0.1626 -0.5423 0.8243
vn 0.4611 -0.5075 0.7279
vn 0.5466 -0.1746 0.8190
vn 0.5630 0.1438 0.8139
vn 0.6237 0.6945 0.3588
vn 0.2054 0.9587 0.1970
vn 0.2342 -0.9704 0.0593
vn 0.2294 -0.9532 -0.1969
vn 0.7590 -0.5596 -0.3328
vn 0.7777 0.5676 -0.2702
vn 0.2333 0.9694 -0.0761
vn 0.1733 -0.9807 -0.0902
vn 0.5619 -0.7793 -0.2774
vn 0.5057 0.6901 -0.5177
vn 0.1847 0.9817 -0.0463
vn 0.4871 0.2485 0.8373
vn 0.2266 0.8424 0.4889
vn 0.2909 -0.1748 0.9406
vn 0.0772 -0.8474 0.5254
vn 0.3791 0.8262 0.4167
vn 0.4315 -0.4389 0.7882
vn 0.1789 0.9819 0.0614
vn 0.1167 -0.9906 0.0715
vn -0.1687 -0.4091 -0.8967
vn -0.0194 0.4263 -0.9044
vn 0.7956 -0.3400 0.5014
vn -0.3237 -0.3773 -0.8677
vn -0.2560 0.8604 0.4406
vn 0.4523 0.4228 0.7853
vn -0.7965 0.4471 -0.4071
vn 0.2658 -0.7657 -0.5857
vn 0.8723 0.4500 0.1914
vn -0.8222 0.4015 -0.4034
vn -0.0899 -0.9910 0.0988
vn 0.8847 -0.3327 0.3266
vn -0.8582 -0.4496 -0.2475
vn -0.0210 0.9849 -0.1716
vn 0.5223 -0.0193 0.8526
vn -0.9782 -0.1619 0.1302
vn -0.4984 0.8241 0.2691
vn 0.2525 0.3258 0.9111
vn -0.6769 -0.0475 -0.7345
vn -0.1520 -0.6317 0.7601
vn 0.7897 0.5535 0.2645
vn 0.0041 -0.9694 0.2453
vn 0.8248 -0.1403 0.5477
vn -0.1272 0.9767 -0.1730
vn -0.9926 -0.1209 -0.0065
vn -0.3155 0.8875 -0.3359
vn 0.9811 0.0509 -0.1868
vn -0.9852 0.1358 -0.1044
vn -0.1567 -0.9875 -0.0161
vn 0.9751 -0.2076 -0.0783
vn -0.1340 0.8316 -0.5389
vn 0.9828 0.0174 -0.1841
vn -0.5311 -0.7593 0.3759
vn -0.5918 -0.7975 0.1174
vn -0.0032 -0.5942 -0.8043
vn 0.9874 0.1003 0.1224
vn -0.0549 0.8487 -0.5260
vn -0.9371 -0.2884 -0.1965
vn 0.2114 -0.1264 0.9692
vn 0.5591 0.6305 0.5384
vn 0.0350 -0.3801 0.9243
vn 0.4025 -0.1069 0.9092
vn -0.5312 -0.3459 -0.7734
vn -0.4954 0.0736 -0.8656
vn 0.0453 -0.9950 -0.0885
vn -0.9087 0.1355 -0.3949
vn 0.5935 0.7627 0.2569
vn 0.1980 0.9751 0.0997
vn -0.8768 -0.3146 -0.3636
vn 0.8562 -0.3680 0.3626
vn -0.1739 0.8069 0.5645
vn -0.2223 -0.4887 -0.8437
vn 0.7560 -0.2625 0.5996
vn 0.2775 -0.7336 -0.6203
vn -0.7731 0.4411 -0.4559
vn 0.4198 0.4087 0.8104
vn 0.6688 0.7253 -0.1633
vn 0.9944 0.0171 -0.1044
vn 0.4245 -0.9037 -0.0555
vn -0.7093 -0.7030 0.0525
vn -0.7073 -0.7029 0.0755
vn 1.0000 -0.0016 -0.0039
vn -0.9963 0.0855 0.0047
vn 0.9973 0.0068 -0.0736
vn -0.9853 -0.1505 0.0802
vn 0.9991 -0.0027 0.0434
vn 0.6573 0.7468 -0.1011
vn 0.4023 -0.9147 -0.0377
vn -0.6194 -0.1350 0.7734
vn -0.6485 0.0062 0.7612
vn -0.3143 -0.1800 0.9321
vn 0.3324 -0.9431 0.0088
vn 0.6316 0.7443 0.2172
vn 0.3588 0.9310 -0.0674
vn -0.7932 -0.5912 -0.1459
vn 0.9569 -0.0566 0.2850
vn -0.9992 0.0037 -0.0399
vn -0.9999 0.0009 -0.0101
vn 0.4993 0.8661 0.0252
vn 0.5400 -0.8376 -0.0830
vn -0.6167 0.7859 0.0452
vn -0.4999 -0.8639 -0.0617
vn -0.4785 -0.8758 -0.0629
vn -0.4968 0.8502 0.1742
vn 0.4762 -0.8606 -0.1802
vn 0.4945 0.8664 0.0695
vn -1.0000 -0.0000 0.0008
vn 0.9981 -0.0007 -0.0619
vn -0.3520 -0.5461 -0.7602
vn 0.1158 -0.9531 0.2795
vn 0.4407 0.7580 0.4809
vn 0.3424 0.7302 0.5912
vn 0.1257 -0.9885 -0.0839
vn 0.8793 -0.0885 0.4679
vn -0.0000 0.1680 -0.9858
vn 0.4988 -0.8649 -0.0566
vn 0.4981 0.8668 -0.0237
vn -0.4974 0.8672 -0.0236
vn -0.4999 -0.8643 -0.0564
vn 0.9992 -0.0006 -0.0407
vn 0.9981 -0.0027 -0.0622
vn -1.0000 0.0003 0.0008
vn 0.5267 0.8475 0.0653
vn 0.4846 -0.8560 -0.1799
vn -0.5175 0.8381 0.1726
vn -0.5122 -0.8566 -0.0615
vn 0.9981 -0.0018 -0.0621
vn 0.5427 0.8376 0.0631
vn 0.4808 -0.8581 -0.1801
vn -0.5260 0.8472 -0.0743
vn -0.5038 -0.8616 -0.0619
vn 0.2821 0.9563 0.0765
vn 0.1271 -0.9899 -0.0629
vn 0.7396 -0.3306 0.5863
vn 0.9025 -0.0807 0.4231
vn 0.8391 0.5429 0.0335
vn 0.5999 0.7948 0.0921
vn 0.5513 -0.8343 -0.0000
vn -0.2158 0.8929 -0.3952
vn -0.2309 0.9730 -0.0026
vn -0.2114 0.8407 0.4986
vn -0.5934 0.7171 0.3657
vn -0.6038 0.7971 0.0039
vn -0.5368 0.7678 -0.3497
vn -0.4895 0.6746 -0.5525
vn -0.2088 0.7506 -0.6269
vn -0.9488 0.1900 -0.2522
vn -0.9829 0.1719 0.0657
vn -0.9669 -0.1341 -0.2169
vn -0.9843 -0.1466 0.0981
vn -0.7198 0.4412 -0.5359
vn -0.8218 0.4872 -0.2955
vn -0.8739 0.4848 0.0339
vn -0.8171 0.4050 0.4103
vn -0.8793 0.1584 0.4492
vn -0.8717 -0.1659 0.4611
vn -0.7717 -0.4987 0.3948
vn -0.8452 -0.5193 0.1267
vn -0.8441 -0.5094 -0.1677
vn -0.7820 -0.4824 -0.3947
vn -0.8572 -0.1236 -0.4999
vn -0.8229 0.2097 -0.5281
vn -0.1607 -0.9818 -0.1015
vn -0.1806 -0.9804 -0.0786
vn -0.1564 -0.9765 0.1485
vn -0.4800 -0.7943 -0.3725
vn -0.5169 -0.8425 -0.1518
vn -0.4664 -0.8756 0.1262
vn -0.4448 -0.7758 0.4475
vn -0.1542 -0.8626 0.4818
vn -0.2261 -0.9220 -0.3144
vn -0.3148 0.2794 -0.9071
vn -0.3250 -0.1799 -0.9284
vn -0.2669 0.5681 -0.7785
vn -0.4934 0.5044 -0.7086
vn -0.5804 0.2495 -0.7751
vn -0.6137 -0.1420 -0.7766
vn -0.5175 -0.5489 -0.6564
vn -0.2684 -0.6184 -0.7387
vn -0.1733 0.1395 0.9749
vn -0.1703 -0.1865 0.9676
vn -0.5492 0.4099 0.7283
vn -0.1876 0.4801 0.8569
vn -0.1626 -0.5423 0.8243
vn -0.4611 -0.5075 0.7279
vn -0.5518 -0.1809 0.8141
vn -0.5611 0.1458 0.8148
vn -0.6237 0.6944 0.3589
vn 0.6237 -0.6944 -0.3588
vn -0.2302 0.9721 0.0443
vn -0.1753 -0.9827 -0.0601
vn -0.2285 -0.9534 -0.1970
vn -0.9196 -0.3125 -0.2381
vn -0.7691 0.5674 -0.2942
vn -0.2345 0.9689 -0.0785
vn -0.1708 -0.9811 -0.0913
vn -0.5465 -0.7878 -0.2840
vn -0.4823 0.6958 -0.5322
vn -0.2303 0.9626 -0.1430
vn -0.4887 0.2436 0.8377
vn -0.2255 0.8420 0.4901
vn -0.2885 -0.1789 0.9406
vn -0.0428 -0.8307 0.5550
vn -0.3749 0.8242 0.4245
vn -0.3891 -0.4227 0.8185
vn -0.1743 0.9827 0.0622
vn -0.1142 -0.9909 0.0717
vn 0.1813 -0.4087 -0.8945
vn -0.1339 0.3855 -0.9129
vn -0.8185 -0.3251 0.4737
vn 0.3918 -0.3636 -0.8452
vn 0.2223 0.8674 0.4452
vn -0.5101 0.4242 0.7482
vn 0.7877 0.4373 -0.4339
vn -0.2468 -0.8095 -0.5327
vn -0.8664 0.4390 0.2382
vn 0.8388 0.3513 -0.4159
vn -0.0345 -0.9974 0.0634
vn -0.8922 -0.3119 0.3265
vn 0.8484 -0.4310 -0.3073
vn 0.0165 0.9927 -0.1193
vn -0.4861 -0.0832 0.8699
vn 0.9810 -0.1788 0.0750
vn 0.5180 0.7965 0.3118
vn -0.6106 0.5720 0.5476
vn 0.6448 0.0061 -0.7643
vn 0.5359 -0.4692 0.7020
vn -0.7898 0.2646 0.5533
vn -0.0039 -0.9858 0.1679
vn -0.8665 -0.0660 0.4947
vn 0.2583 0.9092 -0.3264
vn 0.9902 -0.1272 -0.0585
vn 0.6860 0.6452 -0.3363
vn -0.9875 0.0726 -0.1400
vn 0.9655 0.2306 -0.1210
vn 0.1455 -0.9842 -0.1009
vn -0.9888 -0.1008 -0.1103
vn 0.1200 0.8708 -0.4767
vn -0.9894 0.0390 -0.1399
vn 0.5296 -0.8143 0.2375
vn 0.5459 -0.8379 -0.0000
vn 0.2122 -0.2493 -0.9449
vn -0.9803 0.0973 0.1721
vn 0.0416 0.8874 -0.4592
vn 0.9249 -0.2786 -0.2586
vn -0.2047 -0.1334 0.9697
vn -0.5591 0.6305 0.5384
vn -0.0365 -0.3822 0.9234
vn -0.4004 -0.1082 0.9099
vn 0.4783 -0.2792 -0.8326
vn 0.5886 -0.0161 -0.8083
vn -0.0460 -0.9960 -0.0761
vn 0.8542 0.4210 -0.3051
vn -0.7841 0.5008 0.3665
vn -0.0091 0.9974 -0.0720
vn 0.8862 -0.3191 -0.3359
vn -0.8615 -0.3695 0.3482
vn 0.1744 0.8390 0.5154
vn 0.3099 -0.4518 -0.8366
vn -0.7877 -0.2491 0.5635
vn -0.1939 -0.8048 -0.5610
vn 0.7536 0.4341 -0.4937
vn -0.4742 0.3946 0.7870
vn -0.5099 0.6781 -0.5292
vn -0.9942 -0.0910 -0.0573
vn -0.6423 -0.6774 0.3586
vn 0.4668 -0.7636 0.4461
vn 0.2554 -0.7851 -0.5643
vn 0.4718 0.6685 -0.5748
vn -0.4809 0.8414 -0.2466
vn -0.9957 0.0895 -0.0243
vn 0.9816 -0.1906 0.0138
vn -0.9991 0.0096 0.0421
vn -0.4271 0.8925 0.1449
vn -0.5168 -0.8556 -0.0295
vn 0.6459 0.1265 0.7529
vn 0.5630 -0.3767 0.7356
vn 0.5814 -0.2201 0.7833
vn -0.4892 -0.7853 -0.3795
vn -0.3094 0.6385 0.7046
vn 0.4971 0.8654 -0.0627
vn 0.2205 -0.8702 -0.4407
vn -0.9865 -0.0892 0.1374
vn 0.9995 0.0307 -0.0047
vn 0.9996 0.0282 -0.0076
vn -0.4987 0.2970 0.8143
vn -0.5000 -0.2139 -0.8392
vn 0.4999 0.2466 0.8302
vn 0.5000 -0.2334 -0.8340
vn 0.3176 -0.7098 0.6287
vn -0.3745 0.6498 -0.6615
vn -0.2599 -0.7062 0.6585
vn 0.4063 0.5255 -0.7475
vn -1.0000 -0.0008 0.0002
vn 0.9938 0.1060 -0.0345
vn -0.2594 -0.4438 -0.8577
vn -0.5050 -0.7618 -0.4058
vn 0.3490 0.8399 0.4157
vn -0.2827 0.7455 0.6036
vn -0.3106 -0.9471 -0.0803
vn -0.9005 -0.1096 0.4208
vn 0.0039 0.9977 -0.0682
vn 0.0537 0.9872 -0.1503
vn -0.0363 0.9886 -0.1463
vn -0.4790 -0.5806 -0.6584
vn -0.5179 0.5073 0.6888
vn 0.5537 0.4991 0.6666
vn 0.6370 -0.5098 -0.5782
vn -0.9995 0.0308 -0.0046
vn -0.9935 -0.0533 0.1006
vn -0.9997 0.0105 -0.0215
vn 0.0754 0.3768 -0.9232
vn -0.3237 -0.5224 0.7889
vn -0.0386 0.3773 -0.9253
vn 0.1835 -0.5121 0.8391
vn 1.0000 0.0050 0.0082
vn -1.0000 0.0002 -0.0006
vn 0.2392 0.3979 -0.8857
vn -0.1625 -0.5111 0.8440
vn -0.2015 0.4685 -0.8602
vn 0.0326 -0.5582 0.8291
vn -0.2691 0.9600 0.0768
vn -0.2759 -0.9362 -0.2178
vn -0.9150 -0.1023 0.3902
vn -0.8011 -0.3812 0.4614
vn -0.8391 0.5429 0.0335
vn -0.5488 0.8323 0.0777
vn -0.5513 -0.8343 -0.0000
vn -0.9874 0.0847 -0.1337
vn 0.7849 -0.1176 -0.6083
vn 0.0488 0.9870 -0.1530
vn 0.5047 0.8482 -0.1609
vt 0.500000 0.375000
vt 0.437500 0.437500
vt 0.437500 0.375000
vt 0.562500 0.437500
vt 0.500000 0.437500
vt 0.625000 0.375000
vt 0.562500 0.375000
vt 0.625000 0.500000
vt 0.562500 0.500000
vt 0.500000 0.500000
vt 0.437500 0.500000
vt 0.375000 0.500000
vt 0.375000 0.437500
vt 0.375000 0.375000
vt 0.437500 0.562500
vt 0.500000 0.625000
vt 0.437500 0.625000
vt 0.500000 0.562500
vt 0.562500 0.625000
vt 0.500000 0.687500
vt 0.437500 0.687500
vt 0.562500 0.687500
vt 0.375000 0.562500
vt 0.562500 0.562500
vt 0.625000 0.625000
vt 0.625000 0.687500
vt 0.625000 0.750000
vt 0.562500 0.750000
vt 0.500000 0.750000
vt 0.437500 0.750000
vt 0.375000 0.750000
vt 0.375000 0.687500
vt 0.375000 0.625000
vt 0.500000 0.875000
vt 0.468750 0.875000
vt 0.437500 0.875000
vt 0.500000 0.812500
vt 0.562500 0.875000
vt 0.437500 0.812500
vt 0.375000 0.812500
vt 0.562500 0.812500
vt 0.625000 0.812500
vt 0.375000 0.875000
vt 0.250000 0.562500
vt 0.312500 0.625000
vt 0.250000 0.625000
vt 0.312500 0.687500
vt 0.250000 0.687500
vt 0.250000 0.500000
vt 0.312500 0.562500
vt 0.312500 0.500000
vt 0.312500 0.750000
vt 0.250000 0.750000
vt 0.687500 0.562500
vt 0.750000 0.625000
vt 0.687500 0.625000
vt 0.750000 0.687500
vt 0.687500 0.687500
vt 0.625000 0.562500
vt 0.687500 0.500000
vt 0.750000 0.562500
vt 0.687500 0.750000
vt 1.000000 0.500000
vt 0.833333 1.000000
vt 0.833333 0.500000
vt 0.666667 1.000000
vt 0.666667 0.500000
vt 0.500000 1.000000
vt 0.500000 0.500000
vt 0.333333 0.500000
vt 0.042154 0.130000
vt 0.250000 0.010000
vt 0.457846 0.130000
vt 0.333333 1.000000
vt 0.166667 0.500000
vt 0.166667 1.000000
vt -0.000000 0.500000
vt 0.542154 0.130000
vt 0.542154 0.370000
vt 0.957846 0.370000
vt 1.000000 0.828637
vt 0.875000 1.000000
vt 0.875000 0.828637
vt 0.625000 0.828637
vt 0.500000 1.000000
vt 0.500000 0.828637
vt 0.625000 0.645722
vt 0.500000 0.500000
vt 0.750000 0.500000
vt 0.875000 0.645722
vt 0.875000 0.500000
vt 0.500000 0.645722
vt 0.750000 0.828637
vt 0.750000 0.645722
vt 1.000000 0.645722
vt 0.750000 1.000000
vt 1.000000 1.000000
vt 0.625000 1.000000
vt 0.749520 0.964446
vt 0.653402 0.965669
vt 0.844587 0.863513
vt 0.844268 0.965118
vt 0.647775 0.863148
vt 0.750840 0.864057
vt 0.749520 0.964446
vt 0.750840 0.864057
vt 0.647775 0.863149
vt 0.844587 0.863513
vt 0.844267 0.965117
vt 0.653402 0.965669
vt 0.749520 0.964446
vt 0.844268 0.965117
vt 0.750840 0.864057
vt 0.653402 0.965669
vt 0.844587 0.863513
vt 0.000000 0.000000
vt 0.833333 0.500000
vt -0.000000 1.000000
vt 0.500000 0.500000
vt 0.500000 0.500000
vt 0.166667 0.500000
vt -0.000000 0.500000
vt 0.833333 0.500000
vt 0.042154 0.370000
vt 0.457846 0.370000
vt 0.750000 0.010000
vt 0.333333 0.500000
vt 0.457846 0.250000
vt 0.625000 0.437500
vt 0.750000 0.500000
vt 0.957846 0.130000
vt 0.250000 0.490000
vt 0.625000 0.875000
vt 0.750000 0.750000
vt 0.250000 0.490000
vt 0.750000 0.490000
vt 0.750000 0.490000
s 0
f 26/1/1 28/2/1 25/3/1
f 26/1/2 30/4/2 29/5/2
f 7/6/3 30/4/3 27/7/3
f 30/4/4 4/8/4 9/9/4
f 29/5/5 9/9/5 10/10/5
f 28/2/6 10/10/6 11/11/6
f 28/2/7 3/12/7 5/13/7
f 25/3/8 5/13/8 6/14/8
f 31/15/9 35/16/9 34/17/9
f 32/18/10 36/19/10 35/16/10
f 34/17/11 38/20/11 37/21/11
f 35/16/12 39/22/12 38/20/12
f 3/12/13 31/15/13 14/23/13
f 11/11/14 32/18/14 31/15/14
f 10/10/15 33/24/15 32/18/15
f 4/8/16 33/24/16 9/9/16
f 33/24/17 16/25/17 36/19/17
f 36/19/18 17/26/18 39/22/18
f 39/22/19 2/27/19 18/28/19
f 38/20/20 18/28/20 19/29/20
f 37/21/21 19/29/21 20/30/21
f 37/21/22 1/31/22 12/32/22
f 13/33/23 37/21/23 12/32/23
f 14/23/24 34/17/24 13/33/24
f 44/34/25 58/35/25 43/36/25
f 41/37/26 45/38/26 44/34/26
f 1/31/27 40/39/27 22/40/27
f 20/30/28 41/37/28 40/39/28
f 19/29/29 42/41/29 41/37/29
f 2/27/30 42/41/30 18/28/30
f 23/42/31 45/38/31 42/41/31
f 22/40/32 43/36/32 21/43/32
f 46/44/33 49/45/33 48/46/33
f 48/46/34 51/47/34 50/48/34
f 6/49/35 47/50/35 46/44/35
f 5/51/36 14/23/36 47/50/36
f 47/50/37 13/33/37 49/45/37
f 49/45/38 12/32/38 51/47/38
f 51/47/39 1/31/39 22/52/39
f 51/47/40 21/53/40 50/48/40
f 52/54/41 55/55/41 54/56/41
f 54/56/42 57/57/42 56/58/42
f 4/8/43 52/54/43 15/59/43
f 8/60/44 53/61/44 52/54/44
f 57/57/45 23/62/45 56/58/45
f 56/58/46 2/27/46 17/26/46
f 16/25/47 56/58/47 17/26/47
f 15/59/48 54/56/48 16/25/48
f 59/63/49 62/64/49 61/65/49
f 61/65/50 64/66/50 63/67/50
f 63/67/51 66/68/51 65/69/51
f 66/68/52 67/70/52 65/69/52
f 68/71/53 66/72/53 64/73/53
f 68/74/54 69/75/54 67/70/54
f 70/76/55 59/77/55 69/75/55
f 67/78/56 69/79/56 61/80/56
f 86/81/57 97/82/57 99/83/57
f 100/84/58 80/85/58 90/86/58
f 84/87/59 79/88/59 77/8/59
f 75/89/60 84/87/60 77/8/60
f 82/90/61 75/89/61 73/91/61
f 71/63/62 82/90/62 73/91/62
f 100/84/63 85/92/63 84/87/63
f 101/93/64 84/87/64 83/94/64
f 99/83/65 83/94/65 82/90/65
f 81/95/66 99/83/66 82/90/66
f 97/82/67 93/96/67 96/96/67
f 72/97/68 92/82/68 97/82/68
f 98/98/69 93/96/69 94/98/69
f 80/85/70 94/98/70 95/85/70
f 76/99/71 97/82/71 96/96/71
f 78/100/72 96/96/72 98/98/72
f 87/101/73 97/82/73 74/102/73
f 78/100/74 100/84/74 89/103/74
f 89/103/75 101/93/75 88/104/75
f 87/101/76 101/93/76 99/83/76
f 150/105/77 104/100/77 103/99/77
f 151/106/78 107/103/78 152/107/78
f 154/108/79 102/102/79 105/101/79
f 150/105/80 102/102/80 153/109/80
f 151/106/81 105/101/81 106/104/81
f 152/107/82 104/100/82 149/110/82
f 155/111/83 108/102/83 156/112/83
f 158/113/84 111/101/84 112/104/84
f 160/114/85 113/103/85 110/100/85
f 155/111/86 110/100/86 109/99/86
f 158/113/87 113/103/87 159/107/87
f 156/112/88 111/101/88 157/115/88
f 110/100/89 115/99/89 109/99/89
f 112/104/90 133/103/90 113/103/90
f 108/102/91 117/101/91 111/101/91
f 108/102/92 115/99/92 114/102/92
f 111/101/93 118/104/93 112/104/93
f 110/100/94 119/103/94 116/100/94
f 114/102/95 121/99/95 120/102/95
f 117/101/96 124/104/96 118/104/96
f 119/103/97 122/100/97 116/100/97
f 115/99/98 122/100/98 121/99/98
f 119/103/99 124/104/99 125/103/99
f 117/101/100 120/102/100 123/101/100
f 124/104/101 131/103/101 125/103/101
f 123/101/102 126/102/102 129/101/102
f 121/99/103 126/102/103 120/102/103
f 124/104/104 129/101/104 130/104/104
f 125/103/105 128/100/105 122/100/105
f 121/99/106 128/100/106 127/99/106
f 132/104/107 137/103/107 133/103/107
f 118/104/108 132/104/108 112/104/108
f 119/103/109 134/104/109 118/104/109
f 119/103/110 133/103/110 135/103/110
f 139/103/111 141/103/111 143/103/111
f 135/103/112 137/103/112 139/103/112
f 135/103/113 138/104/113 134/104/113
f 134/104/114 136/104/114 132/104/114
f 141/103/115 142/104/115 143/103/115
f 139/103/116 142/104/116 138/104/116
f 138/104/117 140/104/117 136/104/117
f 136/104/118 141/103/118 137/103/118
f 94/98/119 146/96/119 147/98/119
f 91/97/120 145/82/120 92/82/120
f 94/98/121 148/85/121 95/85/121
f 92/82/122 146/96/122 93/96/122
f 128/100/123 130/104/123 127/99/123
f 127/99/124 129/101/124 126/102/124
f 89/103/125 149/110/125 78/100/125
f 88/104/126 154/108/126 151/106/126
f 74/102/127 150/105/127 153/109/127
f 87/101/128 153/109/128 154/108/128
f 88/104/129 152/107/129 89/103/129
f 78/100/130 150/105/130 76/99/130
f 102/102/131 157/115/131 105/101/131
f 106/104/132 159/107/132 107/103/132
f 103/99/133 160/114/133 155/111/133
f 104/100/134 159/107/134 160/114/134
f 106/104/135 157/115/135 158/113/135
f 103/99/136 156/112/136 102/102/136
f 162/97/137 163/65/137 161/63/137
f 163/65/138 166/66/138 165/67/138
f 165/67/139 168/68/139 167/69/139
f 168/68/140 169/70/140 167/69/140
f 170/74/141 175/68/141 176/74/141
f 368/74/142 369/75/142 416/116/142
f 170/74/143 171/75/143 169/70/143
f 190/67/144 185/65/144 191/117/144
f 177/76/145 182/74/145 183/76/145
f 164/64/146 174/66/146 166/66/146
f 164/64/147 172/97/147 173/64/147
f 166/66/148 175/68/148 168/68/148
f 182/71/149 181/72/149 180/73/149
f 174/66/150 181/68/150 175/68/150
f 173/64/151 178/97/151 179/64/151
f 177/76/152 178/118/152 172/118/152
f 175/68/153 182/74/153 176/74/153
f 173/64/154 180/66/154 174/66/154
f 188/70/155 210/75/155 209/70/155
f 192/75/156 188/70/156 193/70/156
f 191/117/157 184/63/157 194/63/157
f 190/67/158 187/69/158 186/67/158
f 192/75/159 184/77/159 189/75/159
f 193/70/160 187/69/160 195/119/160
f 221/70/161 195/119/161 219/120/161
f 218/121/162 194/122/162 192/75/162
f 217/67/163 195/119/163 190/67/163
f 222/63/164 191/117/164 194/63/164
f 218/121/165 193/70/165 221/70/165
f 220/123/166 190/67/166 191/117/166
f 183/76/167 178/118/167 200/116/167
f 182/116/168 197/116/168 196/116/168
f 181/116/169 198/116/169 197/116/169
f 196/116/170 183/124/170 182/71/170
f 199/116/171 178/116/171 200/116/171
f 199/116/172 201/116/172 179/116/172
f 198/116/173 202/116/173 203/116/173
f 179/125/174 202/73/174 180/73/174
f 206/80/175 208/126/175 210/79/175
f 187/69/176 207/67/176 186/67/176
f 185/65/177 205/63/177 184/63/177
f 189/75/178 205/77/178 210/75/178
f 187/69/179 209/70/179 208/69/179
f 186/67/180 206/65/180 185/65/180
f 163/65/181 214/67/181 211/123/181
f 171/75/182 212/127/182 169/70/182
f 161/63/183 211/123/183 213/63/183
f 165/67/184 216/69/184 214/67/184
f 161/77/185 215/121/185 171/75/185
f 169/70/186 216/69/186 167/69/186
f 211/123/187 217/67/187 220/123/187
f 215/121/165 221/70/165 212/127/165
f 213/63/188 220/123/188 222/63/188
f 214/67/189 219/120/189 217/67/189
f 215/121/190 222/77/190 218/121/190
f 212/127/191 219/120/191 216/69/191
f 204/116/192 73/116/192 201/116/192
f 203/116/193 77/116/193 79/116/193
f 201/125/194 73/125/194 75/128/194
f 145/82/195 225/96/195 146/96/195
f 146/96/196 226/98/196 147/98/196
f 145/82/197 223/97/197 224/82/197
f 147/98/198 227/85/198 148/85/198
f 248/2/199 26/1/199 25/3/199
f 26/1/200 250/4/200 27/7/200
f 250/4/201 7/6/201 27/7/201
f 250/4/202 231/8/202 233/129/202
f 249/5/203 234/9/203 250/4/203
f 248/2/204 235/10/204 249/5/204
f 230/12/205 248/2/205 232/13/205
f 232/13/206 25/3/206 6/14/206
f 251/15/207 255/16/207 252/18/207
f 252/18/208 256/19/208 253/24/208
f 254/17/209 258/20/209 255/16/209
f 255/16/210 259/22/210 256/19/210
f 230/12/211 251/15/211 236/11/211
f 236/11/212 252/18/212 235/10/212
f 235/10/213 253/24/213 234/9/213
f 253/24/214 231/8/214 234/9/214
f 253/24/215 241/25/215 240/59/215
f 256/19/216 242/26/216 241/25/216
f 259/22/217 229/27/217 242/26/217
f 258/20/218 243/28/218 259/22/218
f 257/21/219 244/29/219 258/20/219
f 228/31/220 257/21/220 237/32/220
f 238/33/221 257/21/221 254/17/221
f 239/23/222 254/17/222 251/15/222
f 261/37/223 45/38/223 262/41/223
f 228/31/224 260/39/224 245/30/224
f 245/30/225 261/37/225 244/29/225
f 244/29/226 262/41/226 243/28/226
f 262/41/227 229/27/227 243/28/227
f 45/38/228 247/42/228 262/41/228
f 246/40/229 43/36/229 260/39/229
f 46/44/230 264/45/230 263/50/230
f 48/46/231 265/47/231 264/45/231
f 6/49/232 263/50/232 232/51/232
f 232/51/233 239/23/233 230/12/233
f 263/50/234 238/33/234 239/23/234
f 264/45/235 237/32/235 238/33/235
f 265/47/236 228/31/236 237/32/236
f 21/53/237 265/47/237 50/48/237
f 266/54/238 55/55/238 53/61/238
f 267/56/239 57/57/239 55/55/239
f 231/8/240 266/54/240 233/60/240
f 233/60/241 53/61/241 7/130/241
f 247/62/242 57/57/242 268/58/242
f 229/27/243 268/58/243 242/26/243
f 241/25/244 268/58/244 267/56/244
f 240/59/245 267/56/245 266/54/245
f 269/63/246 272/64/246 270/97/246
f 271/65/247 274/66/247 272/64/247
f 273/67/248 276/68/248 274/66/248
f 277/70/249 276/68/249 275/69/249
f 278/71/250 280/124/250 274/73/250
f 279/75/251 278/74/251 277/70/251
f 269/77/252 280/76/252 279/75/252
f 271/80/253 277/78/253 273/131/253
f 86/81/254 297/82/254 72/97/254
f 300/84/255 80/85/255 298/98/255
f 79/88/256 289/87/256 285/8/256
f 283/89/257 289/87/257 288/94/257
f 283/89/258 287/90/258 281/91/258
f 71/63/259 287/90/259 81/95/259
f 85/92/260 300/84/260 289/87/260
f 289/87/261 301/93/261 288/94/261
f 288/94/262 299/83/262 287/90/262
f 81/95/263 299/83/263 86/81/263
f 294/96/264 297/82/264 296/96/264
f 293/82/265 72/97/265 297/82/265
f 298/98/266 294/96/266 296/96/266
f 80/85/267 295/98/267 298/98/267
f 284/99/268 297/82/268 282/102/268
f 286/100/269 296/96/269 284/99/269
f 297/82/270 290/101/270 282/102/270
f 300/84/271 286/100/271 292/103/271
f 301/93/272 292/103/272 291/104/272
f 290/101/273 301/93/273 291/104/273
f 348/105/274 304/100/274 347/110/274
f 307/103/275 349/106/275 350/107/275
f 352/108/276 302/102/276 351/109/276
f 302/102/277 348/105/277 351/109/277
f 349/106/278 305/101/278 352/108/278
f 304/100/279 350/107/279 347/110/279
f 308/102/280 353/111/280 354/112/280
f 356/113/281 311/101/281 355/115/281
f 358/114/282 313/103/282 357/107/282
f 353/111/283 310/100/283 358/114/283
f 313/103/284 356/113/284 357/107/284
f 311/101/285 354/112/285 355/115/285
f 315/99/286 310/100/286 309/99/286
f 333/103/287 312/104/287 313/103/287
f 317/101/288 308/102/288 311/101/288
f 308/102/289 315/99/289 309/99/289
f 318/104/290 311/101/290 312/104/290
f 310/100/291 319/103/291 313/103/291
f 314/102/292 321/99/292 315/99/292
f 324/104/293 317/101/293 318/104/293
f 322/100/294 319/103/294 316/100/294
f 315/99/295 322/100/295 316/100/295
f 319/103/296 324/104/296 318/104/296
f 317/101/297 320/102/297 314/102/297
f 331/103/298 324/104/298 325/103/298
f 323/101/299 326/102/299 320/102/299
f 326/102/300 321/99/300 320/102/300
f 324/104/301 329/101/301 323/101/301
f 328/100/302 325/103/302 322/100/302
f 321/99/303 328/100/303 322/100/303
f 337/103/304 332/104/304 333/103/304
f 332/104/305 318/104/305 312/104/305
f 334/104/306 319/103/306 318/104/306
f 319/103/307 333/103/307 313/103/307
f 339/103/308 341/103/308 337/103/308
f 335/103/309 337/103/309 333/103/309
f 338/104/310 335/103/310 334/104/310
f 336/104/311 334/104/311 332/104/311
f 341/103/312 342/104/312 340/104/312
f 342/104/313 339/103/313 338/104/313
f 340/104/314 338/104/314 336/104/314
f 341/103/315 336/104/315 337/103/315
f 295/98/316 345/96/316 294/96/316
f 344/82/317 91/97/317 293/82/317
f 148/85/318 295/98/318 95/85/318
f 345/96/319 293/82/319 294/96/319
f 328/100/320 330/104/320 331/103/320
f 327/99/321 329/101/321 330/104/321
f 347/110/322 292/103/322 286/100/322
f 291/104/323 352/108/323 290/101/323
f 282/102/324 348/105/324 284/99/324
f 290/101/325 351/109/325 282/102/325
f 350/107/326 291/104/326 292/103/326
f 348/105/327 286/100/327 284/99/327
f 355/115/328 302/102/328 305/101/328
f 357/107/329 306/104/329 307/103/329
f 303/99/330 358/114/330 304/100/330
f 304/100/331 357/107/331 307/103/331
f 306/104/332 355/115/332 305/101/332
f 354/112/333 303/99/333 302/102/333
f 361/65/334 360/97/334 359/63/334
f 361/65/335 364/66/335 362/64/335
f 363/67/336 366/68/336 364/66/336
f 367/70/337 366/68/337 365/69/337
f 368/74/338 373/68/338 366/68/338
f 416/116/339 359/63/339 360/97/339
f 162/97/340 171/75/340 415/116/340
f 381/65/341 386/67/341 387/117/341
f 177/76/342 379/74/342 374/74/342
f 372/66/343 362/64/343 364/66/343
f 362/64/344 370/97/344 360/97/344
f 373/68/345 364/66/345 366/68/345
f 379/71/346 183/124/346 375/132/346
f 378/68/347 372/66/347 373/68/347
f 371/64/348 375/97/348 370/97/348
f 375/118/349 177/76/349 370/118/349
f 379/74/350 373/68/350 374/74/350
f 377/66/351 371/64/351 372/66/351
f 384/70/352 399/75/352 385/75/352
f 384/70/353 388/75/353 389/70/353
f 380/63/354 387/117/354 390/63/354
f 386/67/355 383/69/355 391/119/355
f 388/75/356 380/77/356 390/122/356
f 383/69/357 389/70/357 391/119/357
f 391/119/358 410/70/358 408/120/358
f 407/121/359 390/122/359 411/77/359
f 406/67/360 391/119/360 408/120/360
f 411/63/361 387/117/361 409/123/361
f 389/70/362 407/121/362 410/70/362
f 409/123/363 386/67/363 406/67/363
f 183/76/364 200/116/364 375/118/364
f 197/116/365 379/116/365 196/116/365
f 198/116/366 378/116/366 197/116/366
f 196/116/367 379/71/367 183/124/367
f 199/116/368 375/116/368 376/116/368
f 392/116/369 199/116/369 376/116/369
f 198/116/370 393/116/370 377/116/370
f 393/73/371 376/125/371 377/73/371
f 399/79/372 397/126/372 395/80/372
f 396/67/373 383/69/373 382/67/373
f 394/63/374 381/65/374 380/63/374
f 385/75/375 394/77/375 380/77/375
f 383/69/376 398/70/376 384/70/376
f 395/65/377 382/67/377 381/65/377
f 361/65/378 403/67/378 363/67/378
f 401/127/379 369/75/379 367/70/379
f 359/63/380 400/123/380 361/65/380
f 363/67/381 405/69/381 365/69/381
f 404/121/382 359/77/382 369/75/382
f 405/69/383 367/70/383 365/69/383
f 400/123/384 406/67/384 403/67/384
f 410/70/385 404/121/385 401/127/385
f 402/63/386 409/123/386 400/123/386
f 403/67/387 408/120/387 405/69/387
f 404/121/388 411/77/388 402/77/388
f 408/120/389 401/127/389 405/69/389
f 281/116/390 204/116/390 392/116/390
f 203/116/391 285/116/391 393/116/391
f 283/128/392 281/125/392 392/125/392
f 413/96/393 344/82/393 345/96/393
f 414/98/394 345/96/394 346/98/394
f 344/82/395 223/97/395 144/97/395
f 227/85/396 346/98/396 148/85/396
f 415/116/397 176/74/397 177/76/397
f 416/116/398 374/74/398 368/74/398
f 172/118/399 415/116/399 177/76/399
f 416/116/400 370/118/400 177/76/400
f 26/1/401 29/5/401 28/2/401
f 26/1/402 27/7/402 30/4/402
f 7/6/403 8/129/403 30/4/403
f 30/4/404 8/129/404 4/8/404
f 29/5/405 30/4/405 9/9/405
f 28/2/406 29/5/406 10/10/406
f 28/2/407 11/11/407 3/12/407
f 25/3/408 28/2/408 5/13/408
f 31/15/409 32/18/409 35/16/409
f 32/18/410 33/24/410 36/19/410
f 34/17/411 35/16/411 38/20/411
f 35/16/412 36/19/412 39/22/412
f 3/12/413 11/11/413 31/15/413
f 11/11/414 10/10/414 32/18/414
f 10/10/415 9/9/415 33/24/415
f 4/8/416 15/59/416 33/24/416
f 33/24/417 15/59/417 16/25/417
f 36/19/418 16/25/418 17/26/418
f 39/22/419 17/26/419 2/27/419
f 38/20/420 39/22/420 18/28/420
f 37/21/421 38/20/421 19/29/421
f 37/21/422 20/30/422 1/31/422
f 13/33/423 34/17/423 37/21/423
f 14/23/424 31/15/424 34/17/424
f 43/36/425 40/39/425 44/34/425
f 40/39/426 41/37/426 44/34/426
f 41/37/427 42/41/427 45/38/427
f 1/31/428 20/30/428 40/39/428
f 20/30/429 19/29/429 41/37/429
f 19/29/430 18/28/430 42/41/430
f 2/27/431 23/42/431 42/41/431
f 23/42/432 24/133/432 45/38/432
f 22/40/433 40/39/433 43/36/433
f 46/44/434 47/50/434 49/45/434
f 48/46/435 49/45/435 51/47/435
f 6/49/436 5/51/436 47/50/436
f 5/51/437 3/12/437 14/23/437
f 47/50/438 14/23/438 13/33/438
f 49/45/439 13/33/439 12/32/439
f 51/47/440 12/32/440 1/31/440
f 51/47/441 22/52/441 21/53/441
f 52/54/442 53/61/442 55/55/442
f 54/56/443 55/55/443 57/57/443
f 4/8/444 8/60/444 52/54/444
f 8/60/445 7/130/445 53/61/445
f 57/57/446 24/134/446 23/62/446
f 56/58/447 23/62/447 2/27/447
f 16/25/448 54/56/448 56/58/448
f 15/59/449 52/54/449 54/56/449
f 59/63/450 60/97/450 62/64/450
f 61/65/50 62/64/50 64/66/50
f 63/67/51 64/66/51 66/68/51
f 66/68/52 68/74/52 67/70/52
f 64/73/53 62/125/53 68/71/53
f 62/125/53 60/135/53 70/124/53
f 68/71/53 62/125/53 70/124/53
f 68/74/54 70/76/54 69/75/54
f 70/76/55 60/118/55 59/77/55
f 69/79/56 59/136/56 61/80/56
f 61/80/56 63/131/56 67/78/56
f 63/131/56 65/126/56 67/78/56
f 86/81/451 72/97/451 97/82/451
f 100/84/452 98/98/452 80/85/452
f 84/87/453 85/92/453 79/88/453
f 75/89/454 83/94/454 84/87/454
f 82/90/455 83/94/455 75/89/455
f 71/63/456 81/95/456 82/90/456
f 100/84/457 90/86/457 85/92/457
f 101/93/458 100/84/458 84/87/458
f 99/83/459 101/93/459 83/94/459
f 81/95/460 86/81/460 99/83/460
f 97/82/461 92/82/461 93/96/461
f 72/97/462 91/97/462 92/82/462
f 98/98/463 96/96/463 93/96/463
f 80/85/464 98/98/464 94/98/464
f 76/99/465 74/102/465 97/82/465
f 78/100/466 76/99/466 96/96/466
f 87/101/467 99/83/467 97/82/467
f 78/100/468 98/98/468 100/84/468
f 89/103/469 100/84/469 101/93/469
f 87/101/470 88/104/470 101/93/470
f 150/105/471 149/110/471 104/100/471
f 151/106/472 106/104/472 107/103/472
f 154/108/473 153/109/473 102/102/473
f 150/105/474 103/99/474 102/102/474
f 151/106/475 154/108/475 105/101/475
f 152/107/476 107/103/476 104/100/476
f 155/111/477 109/99/477 108/102/477
f 158/113/478 157/115/478 111/101/478
f 160/114/479 159/107/479 113/103/479
f 155/111/480 160/114/480 110/100/480
f 158/113/481 112/104/481 113/103/481
f 156/112/482 108/102/482 111/101/482
f 110/100/483 116/100/483 115/99/483
f 112/104/484 132/104/484 133/103/484
f 108/102/485 114/102/485 117/101/485
f 108/102/486 109/99/486 115/99/486
f 111/101/487 117/101/487 118/104/487
f 110/100/488 113/103/488 119/103/488
f 114/102/489 115/99/489 121/99/489
f 117/101/96 123/101/96 124/104/96
f 119/103/490 125/103/490 122/100/490
f 115/99/491 116/100/491 122/100/491
f 119/103/99 118/104/99 124/104/99
f 117/101/492 114/102/492 120/102/492
f 124/104/493 130/104/493 131/103/493
f 123/101/494 120/102/494 126/102/494
f 121/99/495 127/99/495 126/102/495
f 124/104/496 123/101/496 129/101/496
f 125/103/497 131/103/497 128/100/497
f 121/99/498 122/100/498 128/100/498
f 132/104/107 136/104/107 137/103/107
f 118/104/499 134/104/499 132/104/499
f 119/103/500 135/103/500 134/104/500
f 119/103/501 113/103/501 133/103/501
f 139/103/502 137/103/502 141/103/502
f 135/103/112 133/103/112 137/103/112
f 135/103/113 139/103/113 138/104/113
f 134/104/114 138/104/114 136/104/114
f 141/103/503 140/104/503 142/104/503
f 139/103/504 143/103/504 142/104/504
f 138/104/505 142/104/505 140/104/505
f 136/104/506 140/104/506 141/103/506
f 94/98/507 93/96/507 146/96/507
f 91/97/508 144/97/508 145/82/508
f 94/98/509 147/98/509 148/85/509
f 92/82/510 145/82/510 146/96/510
f 128/100/511 131/103/511 130/104/511
f 127/99/512 130/104/512 129/101/512
f 89/103/513 152/107/513 149/110/513
f 88/104/514 87/101/514 154/108/514
f 74/102/515 76/99/515 150/105/515
f 87/101/516 74/102/516 153/109/516
f 88/104/517 151/106/517 152/107/517
f 78/100/518 149/110/518 150/105/518
f 102/102/519 156/112/519 157/115/519
f 106/104/520 158/113/520 159/107/520
f 103/99/521 104/100/521 160/114/521
f 104/100/522 107/103/522 159/107/522
f 106/104/523 105/101/523 157/115/523
f 103/99/524 155/111/524 156/112/524
f 162/97/525 164/64/525 163/65/525
f 163/65/526 164/64/526 166/66/526
f 165/67/527 166/66/527 168/68/527
f 168/68/528 170/74/528 169/70/528
f 170/74/529 168/68/529 175/68/529
f 368/74/530 367/70/530 369/75/530
f 170/74/531 415/116/531 171/75/531
f 190/67/532 186/67/532 185/65/532
f 177/76/533 176/74/533 182/74/533
f 164/64/534 173/64/534 174/66/534
f 164/64/535 162/97/535 172/97/535
f 166/66/536 174/66/536 175/68/536
f 180/73/537 179/125/537 182/71/537
f 179/125/538 178/132/538 182/71/538
f 178/132/539 183/124/539 182/71/539
f 174/66/540 180/66/540 181/68/540
f 173/64/541 172/97/541 178/97/541
f 177/76/542 183/76/542 178/118/542
f 175/68/543 181/68/543 182/74/543
f 173/64/544 179/64/544 180/66/544
f 188/70/545 189/75/545 210/75/545
f 192/75/546 189/75/546 188/70/546
f 191/117/547 185/65/547 184/63/547
f 190/67/548 195/119/548 187/69/548
f 192/75/549 194/122/549 184/77/549
f 193/70/550 188/70/550 187/69/550
f 221/70/551 193/70/551 195/119/551
f 218/121/552 222/77/552 194/122/552
f 217/67/553 219/120/553 195/119/553
f 222/63/554 220/123/554 191/117/554
f 218/121/555 192/75/555 193/70/555
f 220/123/556 217/67/556 190/67/556
f 182/116/557 181/116/557 197/116/557
f 181/116/558 180/116/558 198/116/558
f 199/116/559 179/116/559 178/116/559
f 199/116/560 204/116/560 201/116/560
f 198/116/561 180/116/561 202/116/561
f 179/125/562 201/125/562 202/73/562
f 210/79/563 205/137/563 206/80/563
f 206/80/175 207/131/175 208/126/175
f 208/126/175 209/78/175 210/79/175
f 187/69/564 208/69/564 207/67/564
f 185/65/565 206/65/565 205/63/565
f 189/75/566 184/77/566 205/77/566
f 187/69/567 188/70/567 209/70/567
f 186/67/568 207/67/568 206/65/568
f 163/65/569 165/67/569 214/67/569
f 171/75/570 215/121/570 212/127/570
f 161/63/571 163/65/571 211/123/571
f 165/67/572 167/69/572 216/69/572
f 161/77/573 213/77/573 215/121/573
f 169/70/574 212/127/574 216/69/574
f 211/123/575 214/67/575 217/67/575
f 215/121/570 218/121/570 221/70/570
f 213/63/576 211/123/576 220/123/576
f 214/67/577 216/69/577 219/120/577
f 215/121/578 213/77/578 222/77/578
f 212/127/579 221/70/579 219/120/579
f 204/116/580 71/116/580 73/116/580
f 203/116/581 202/116/581 77/116/581
f 77/73/582 202/73/582 75/128/582
f 202/73/583 201/125/583 75/128/583
f 145/82/584 224/82/584 225/96/584
f 146/96/196 225/96/196 226/98/196
f 145/82/585 144/97/585 223/97/585
f 147/98/586 226/98/586 227/85/586
f 248/2/587 249/5/587 26/1/587
f 26/1/588 249/5/588 250/4/588
f 250/4/589 233/129/589 7/6/589
f 250/4/590 234/9/590 231/8/590
f 249/5/591 235/10/591 234/9/591
f 248/2/592 236/11/592 235/10/592
f 230/12/593 236/11/593 248/2/593
f 232/13/594 248/2/594 25/3/594
f 251/15/595 254/17/595 255/16/595
f 252/18/596 255/16/596 256/19/596
f 254/17/597 257/21/597 258/20/597
f 255/16/598 258/20/598 259/22/598
f 230/12/599 239/23/599 251/15/599
f 236/11/600 251/15/600 252/18/600
f 235/10/601 252/18/601 253/24/601
f 253/24/602 240/59/602 231/8/602
f 253/24/603 256/19/603 241/25/603
f 256/19/604 259/22/604 242/26/604
f 259/22/605 243/28/605 229/27/605
f 258/20/606 244/29/606 243/28/606
f 257/21/607 245/30/607 244/29/607
f 228/31/608 245/30/608 257/21/608
f 238/33/609 237/32/609 257/21/609
f 239/23/610 238/33/610 254/17/610
f 261/37/611 260/39/611 44/34/611
f 260/39/612 43/36/612 44/34/612
f 261/37/613 44/34/613 45/38/613
f 228/31/614 246/40/614 260/39/614
f 245/30/615 260/39/615 261/37/615
f 244/29/616 261/37/616 262/41/616
f 262/41/617 247/42/617 229/27/617
f 45/38/618 24/133/618 247/42/618
f 246/40/619 21/43/619 43/36/619
f 46/44/620 48/46/620 264/45/620
f 48/46/621 50/48/621 265/47/621
f 6/49/622 46/44/622 263/50/622
f 232/51/623 263/50/623 239/23/623
f 263/50/624 264/45/624 238/33/624
f 264/45/625 265/47/625 237/32/625
f 265/47/626 246/52/626 228/31/626
f 21/53/627 246/52/627 265/47/627
f 266/54/628 267/56/628 55/55/628
f 267/56/629 268/58/629 57/57/629
f 231/8/630 240/59/630 266/54/630
f 233/60/631 266/54/631 53/61/631
f 247/62/632 24/134/632 57/57/632
f 229/27/633 247/62/633 268/58/633
f 241/25/634 242/26/634 268/58/634
f 240/59/635 241/25/635 267/56/635
f 269/63/636 271/65/636 272/64/636
f 271/65/247 273/67/247 274/66/247
f 273/67/248 275/69/248 276/68/248
f 277/70/637 278/74/637 276/68/637
f 270/135/250 272/125/250 280/124/250
f 272/125/250 274/73/250 280/124/250
f 274/73/250 276/72/250 278/71/250
f 279/75/251 280/76/251 278/74/251
f 269/77/252 270/118/252 280/76/252
f 271/80/253 269/136/253 279/79/253
f 279/79/253 277/78/253 271/80/253
f 277/78/253 275/126/253 273/131/253
f 86/81/638 299/83/638 297/82/638
f 300/84/639 90/86/639 80/85/639
f 79/88/640 85/92/640 289/87/640
f 283/89/641 285/8/641 289/87/641
f 283/89/642 288/94/642 287/90/642
f 71/63/643 281/91/643 287/90/643
f 85/92/644 90/86/644 300/84/644
f 289/87/645 300/84/645 301/93/645
f 288/94/646 301/93/646 299/83/646
f 81/95/647 287/90/647 299/83/647
f 294/96/648 293/82/648 297/82/648
f 293/82/649 91/97/649 72/97/649
f 298/98/650 295/98/650 294/96/650
f 80/85/651 95/85/651 295/98/651
f 284/99/652 296/96/652 297/82/652
f 286/100/653 298/98/653 296/96/653
f 297/82/654 299/83/654 290/101/654
f 300/84/655 298/98/655 286/100/655
f 301/93/656 300/84/656 292/103/656
f 290/101/657 299/83/657 301/93/657
f 348/105/658 303/99/658 304/100/658
f 307/103/659 306/104/659 349/106/659
f 352/108/660 305/101/660 302/102/660
f 302/102/661 303/99/661 348/105/661
f 349/106/662 306/104/662 305/101/662
f 304/100/663 307/103/663 350/107/663
f 308/102/664 309/99/664 353/111/664
f 356/113/665 312/104/665 311/101/665
f 358/114/666 310/100/666 313/103/666
f 353/111/667 309/99/667 310/100/667
f 313/103/668 312/104/668 356/113/668
f 311/101/669 308/102/669 354/112/669
f 315/99/670 316/100/670 310/100/670
f 333/103/671 332/104/671 312/104/671
f 317/101/672 314/102/672 308/102/672
f 308/102/673 314/102/673 315/99/673
f 318/104/674 317/101/674 311/101/674
f 310/100/675 316/100/675 319/103/675
f 314/102/676 320/102/676 321/99/676
f 324/104/293 323/101/293 317/101/293
f 322/100/677 325/103/677 319/103/677
f 315/99/678 321/99/678 322/100/678
f 319/103/296 325/103/296 324/104/296
f 317/101/679 323/101/679 320/102/679
f 331/103/680 330/104/680 324/104/680
f 323/101/681 329/101/681 326/102/681
f 326/102/682 327/99/682 321/99/682
f 324/104/683 330/104/683 329/101/683
f 328/100/684 331/103/684 325/103/684
f 321/99/685 327/99/685 328/100/685
f 337/103/304 336/104/304 332/104/304
f 332/104/686 334/104/686 318/104/686
f 334/104/687 335/103/687 319/103/687
f 319/103/688 335/103/688 333/103/688
f 339/103/689 343/103/689 341/103/689
f 335/103/309 339/103/309 337/103/309
f 338/104/310 339/103/310 335/103/310
f 336/104/311 338/104/311 334/104/311
f 341/103/690 343/103/690 342/104/690
f 342/104/691 343/103/691 339/103/691
f 340/104/692 342/104/692 338/104/692
f 341/103/693 340/104/693 336/104/693
f 295/98/694 346/98/694 345/96/694
f 344/82/695 144/97/695 91/97/695
f 148/85/696 346/98/696 295/98/696
f 345/96/697 344/82/697 293/82/697
f 328/100/698 327/99/698 330/104/698
f 327/99/699 326/102/699 329/101/699
f 347/110/700 350/107/700 292/103/700
f 291/104/701 349/106/701 352/108/701
f 282/102/702 351/109/702 348/105/702
f 290/101/703 352/108/703 351/109/703
f 350/107/704 349/106/704 291/104/704
f 348/105/705 347/110/705 286/100/705
f 355/115/706 354/112/706 302/102/706
f 357/107/707 356/113/707 306/104/707
f 303/99/708 353/111/708 358/114/708
f 304/100/709 358/114/709 357/107/709
f 306/104/710 356/113/710 355/115/710
f 354/112/711 353/111/711 303/99/711
f 361/65/712 362/64/712 360/97/712
f 361/65/713 363/67/713 364/66/713
f 363/67/714 365/69/714 366/68/714
f 367/70/715 368/74/715 366/68/715
f 368/74/716 374/74/716 373/68/716
f 416/116/717 369/75/717 359/63/717
f 162/97/718 161/63/718 171/75/718
f 381/65/719 382/67/719 386/67/719
f 177/76/720 183/76/720 379/74/720
f 372/66/721 371/64/721 362/64/721
f 362/64/722 371/64/722 370/97/722
f 373/68/723 372/66/723 364/66/723
f 375/132/724 376/125/724 379/71/724
f 376/125/725 377/73/725 379/71/725
f 377/73/726 378/72/726 379/71/726
f 378/68/727 377/66/727 372/66/727
f 371/64/728 376/64/728 375/97/728
f 375/118/729 183/76/729 177/76/729
f 379/74/730 378/68/730 373/68/730
f 377/66/731 376/64/731 371/64/731
f 384/70/732 398/70/732 399/75/732
f 384/70/733 385/75/733 388/75/733
f 380/63/734 381/65/734 387/117/734
f 386/67/735 382/67/735 383/69/735
f 388/75/736 385/75/736 380/77/736
f 383/69/737 384/70/737 389/70/737
f 391/119/738 389/70/738 410/70/738
f 407/121/739 388/75/739 390/122/739
f 406/67/740 386/67/740 391/119/740
f 411/63/741 390/63/741 387/117/741
f 389/70/742 388/75/742 407/121/742
f 409/123/743 387/117/743 386/67/743
f 197/116/744 378/116/744 379/116/744
f 198/116/745 377/116/745 378/116/745
f 199/116/746 200/116/746 375/116/746
f 392/116/747 204/116/747 199/116/747
f 198/116/748 203/116/748 393/116/748
f 393/73/749 392/125/749 376/125/749
f 395/80/750 394/137/750 399/79/750
f 399/79/751 398/78/751 397/126/751
f 397/126/752 396/131/752 395/80/752
f 396/67/753 397/69/753 383/69/753
f 394/63/754 395/65/754 381/65/754
f 385/75/755 399/75/755 394/77/755
f 383/69/756 397/69/756 398/70/756
f 395/65/757 396/67/757 382/67/757
f 361/65/758 400/123/758 403/67/758
f 401/127/759 404/121/759 369/75/759
f 359/63/760 402/63/760 400/123/760
f 363/67/761 403/67/761 405/69/761
f 404/121/762 402/77/762 359/77/762
f 405/69/763 401/127/763 367/70/763
f 400/123/764 409/123/764 406/67/764
f 410/70/765 407/121/765 404/121/765
f 402/63/766 411/63/766 409/123/766
f 403/67/767 406/67/767 408/120/767
f 404/121/768 407/121/768 411/77/768
f 408/120/769 410/70/769 401/127/769
f 281/116/770 71/116/770 204/116/770
f 203/116/771 79/116/771 285/116/771
f 392/125/772 393/73/772 283/128/772
f 393/73/773 285/73/773 283/128/773
f 413/96/774 412/82/774 344/82/774
f 414/98/394 413/96/394 345/96/394
f 344/82/775 412/82/775 223/97/775
f 227/85/776 414/98/776 346/98/776
f 415/116/777 170/74/777 176/74/777
f 416/116/778 177/76/778 374/74/778
f 172/118/779 162/97/779 415/116/779
f 416/116/780 360/97/780 370/118/780
o shirt1
v -0.000000 -0.247236 11.181787
v -0.025601 -0.262530 12.135326
v 0.206467 -0.284353 11.174879
v 0.998983 -0.316555 12.083011
v 0.256900 -0.419070 11.153446
v 1.087031 -0.432462 12.131293
v 0.194430 -0.540575 11.128654
v 0.910518 -0.533958 12.083569
v -0.000000 -0.590904 11.117446
v -0.002924 -0.635487 12.008093
v -0.000000 -0.262530 11.497274
v 0.297438 -0.300046 11.504880
v 0.388962 -0.431614 11.506511
v 0.274058 -0.551175 11.504258
v -0.000000 -0.600699 11.497273
v -0.024217 -0.233980 11.949757
v 0.749720 -0.308190 11.784762
v 0.828212 -0.431025 11.731922
v 0.763850 -0.554510 11.794642
v -0.003120 -0.678222 11.866117
v -0.000000 -0.288287 12.211439
v 0.192458 -0.329242 12.190184
v 0.257018 -0.438296 12.190687
v 0.230252 -0.547350 12.192705
v -0.003646 -0.592522 12.118940
v 1.074699 -0.431615 12.134998
v 0.420381 -0.306109 12.140181
v 0.466365 -0.551175 12.141901
v 0.578574 -0.299773 11.751505
v 0.509384 -0.633759 11.838135
v 0.742344 -0.431615 11.705537
v 1.156643 -0.385842 11.717360
v 1.000506 -0.433619 11.598206
v 1.146345 -0.488268 11.721139
v 1.018474 -0.383069 11.626649
v 1.002124 -0.495208 11.627665
v 1.189442 -0.434382 11.727108
v -0.000000 -0.295257 11.172656
v 0.182563 -0.321839 11.168144
v 0.218702 -0.418320 11.152979
v 0.174351 -0.505339 11.135055
v -0.000000 -0.541383 11.126577
v -0.011390 -0.332284 12.175778
v 0.167307 -0.361294 12.160320
v 0.200718 -0.438542 12.160221
v 0.192663 -0.515790 12.162193
v -0.004182 -0.547787 12.111002
v 1.228711 -0.433073 11.759055
v 0.949217 -0.546129 11.603235
v 0.977407 -0.323246 11.602025
v 1.193868 -0.535320 11.748829
v 0.965075 -0.431884 11.557908
v 1.188036 -0.327565 11.743641
v -0.208317 -0.284353 11.174889
v -1.080007 -0.316555 12.073531
v -0.259086 -0.419070 11.153279
v -1.131810 -0.432462 12.120270
v -0.195583 -0.540575 11.128661
v -0.946147 -0.533958 12.075048
v -0.303532 -0.300046 11.504196
v -0.397593 -0.431614 11.505165
v -0.278604 -0.551175 11.503634
v -0.782825 -0.308189 11.778897
v -0.864182 -0.431025 11.725079
v -0.795443 -0.554510 11.788511
v -0.312884 -0.329242 12.195576
v -0.270187 -0.438296 12.190002
v -0.238242 -0.547350 12.191768
v -1.121049 -0.431614 12.124138
v -0.703155 -0.306109 12.144144
v -0.481114 -0.551175 12.138878
v -0.602118 -0.299773 11.747854
v -0.526991 -0.633759 11.834898
v -0.772807 -0.431614 11.699837
v -1.194426 -0.385842 11.705346
v -1.036927 -0.433619 11.588821
v -1.184727 -0.488268 11.709256
v -1.055130 -0.383069 11.616961
v -1.038014 -0.495208 11.618217
v -1.227872 -0.434382 11.714531
v -0.184155 -0.321839 11.168182
v -0.220721 -0.418320 11.152925
v -0.175472 -0.505339 11.135082
v -0.243188 -0.361294 12.164104
v -0.214910 -0.438542 12.160162
v -0.201055 -0.515790 12.161666
v -1.267694 -0.433072 11.745785
v -0.984032 -0.546129 11.594646
v -1.013836 -0.323246 11.593036
v -1.232678 -0.535320 11.736172
v -1.001315 -0.431884 11.549168
v -1.225603 -0.327565 11.731124
vn 0.1307 0.9890 0.0693
vn 0.0983 -0.9530 0.2867
vn 0.2519 -0.9674 -0.0249
vn 0.8874 -0.4155 -0.1999
vn 0.8988 0.3731 -0.2300
vn 0.1783 0.9828 0.0476
vn 0.1752 -0.9199 -0.3510
vn 0.4466 -0.4143 -0.7930
vn 0.4659 0.3139 -0.8273
vn 0.1275 0.9810 -0.1464
vn 0.0627 0.2876 0.9557
vn 0.0666 0.7546 0.6528
vn 0.2097 -0.0334 0.9772
vn 0.0658 -0.9302 0.3610
vn 0.2759 0.5406 0.7947
vn 0.1270 -0.6004 0.7895
vn 0.0192 0.9997 0.0120
vn 0.2845 -0.9556 -0.0765
vn 0.2508 -0.5391 -0.8040
vn 0.1896 0.4877 -0.8522
vn 0.5406 0.0862 -0.8368
vn 0.5883 -0.3922 -0.7071
vn 0.7493 0.1019 -0.6544
vn 0.5581 0.0420 -0.8287
vn 0.5413 0.0529 -0.8391
vn 0.6519 -0.3561 -0.6695
vn 0.0029 0.1868 -0.9824
vn 0.0158 0.1940 -0.9809
vn 0.0091 0.1837 -0.9829
vn 0.0200 0.1644 -0.9862
vn -0.3251 0.1615 0.9318
vn -0.4654 -0.2024 0.8617
vn -0.5448 0.1490 0.8252
vn -0.0429 -0.6628 0.7476
vn 0.8808 -0.3337 0.3358
vn -0.7187 0.0216 -0.6950
vn 0.0412 0.9987 -0.0309
vn 0.6691 0.6547 0.3515
vn -0.7433 0.3224 -0.5862
vn 0.0494 -0.9977 0.0459
vn -0.0615 0.9866 0.1513
vn -0.0938 -0.9571 0.2742
vn -0.1761 -0.9821 -0.0668
vn -0.6799 -0.6729 -0.2916
vn -0.8948 0.3759 -0.2408
vn -0.1767 0.9831 0.0477
vn -0.1714 -0.9181 -0.3574
vn -0.4204 -0.4081 -0.8104
vn -0.4249 0.7400 -0.5215
vn -0.0896 0.9937 -0.0675
vn -0.0761 0.0951 0.9926
vn -0.0404 0.7600 0.6487
vn -0.0761 -0.2898 0.9540
vn -0.0645 -0.9294 0.3634
vn -0.3305 0.4763 0.8148
vn -0.2000 -0.6801 0.7053
vn -0.0278 0.9996 0.0004
vn -0.2707 -0.9599 -0.0735
vn -0.2270 -0.5420 -0.8091
vn -0.1698 0.4877 -0.8564
vn -0.5262 0.0924 -0.8453
vn -0.4385 -0.0659 -0.8963
vn -0.6920 0.2003 -0.6935
vn -0.5463 0.0426 -0.8365
vn -0.4948 -0.1266 -0.8597
vn -0.6401 -0.3658 -0.6756
vn 0.0011 0.1768 -0.9842
vn -0.0183 0.1893 -0.9817
vn -0.0090 0.1842 -0.9828
vn -0.0179 0.1649 -0.9861
vn 0.3218 0.1692 0.9316
vn 0.4586 0.1347 0.8784
vn 0.5297 0.1686 0.8312
vn 0.0442 -0.6359 0.7705
vn -0.3888 -0.8593 0.3322
vn 0.7171 0.0418 -0.6957
vn -0.0422 0.9990 -0.0142
vn -0.8066 0.4924 0.3271
vn 0.6280 -0.0767 -0.7744
vn -0.0493 -0.9977 0.0457
vn 0.0945 0.9838 0.1521
vn 0.0940 -0.9573 0.2736
vn 0.1791 -0.9816 -0.0657
vn 0.6942 -0.6618 -0.2832
vn 0.7906 0.5465 -0.2763
vn 0.1248 0.9921 0.0128
vn 0.0735 -0.9761 -0.2045
vn 0.4045 -0.7797 -0.4780
vn 0.4475 0.7340 -0.5109
vn 0.0895 0.9943 -0.0579
vn 0.2007 0.1233 0.9719
vn 0.2275 0.9431 0.2426
vn 0.0674 -0.2879 0.9553
vn 0.0632 -0.9293 0.3638
vn 0.0955 0.4614 0.8821
vn 0.1764 -0.6530 0.7365
vn 0.0426 0.9985 0.0336
vn 0.0728 -0.9598 0.2712
vn 0.0423 -0.5816 -0.8124
vn 0.2378 0.5697 -0.7867
vn 0.6047 0.2572 -0.7538
vn 0.4531 -0.0655 -0.8890
vn 0.7005 0.1988 -0.6854
vn 0.5482 0.0801 -0.8325
vn 0.5115 -0.1235 -0.8504
vn 0.7132 -0.2871 -0.6394
vn -0.0010 0.1775 -0.9841
vn 0.0203 0.1899 -0.9816
vn 0.0103 0.1813 -0.9834
vn 0.0152 0.1608 -0.9869
vn -0.2928 0.4611 0.8376
vn -0.5342 -0.3126 0.7854
vn -0.4749 0.0719 0.8771
vn -0.0460 -0.6218 0.7818
vn 0.3979 -0.8520 0.3403
vn -0.7792 -0.1347 -0.6122
vn 0.0434 0.9990 -0.0082
vn 0.8643 0.3811 0.3283
vn -0.6272 -0.0670 -0.7760
vn 0.0445 -0.9990 -0.0006
vn -0.1090 0.9940 -0.0119
vn -0.0980 -0.9529 0.2870
vn -0.2505 -0.9678 -0.0250
vn -0.8836 -0.4198 -0.2075
vn -0.7802 0.5557 -0.2873
vn -0.1224 0.9924 0.0119
vn -0.0706 -0.9761 -0.2057
vn -0.3823 -0.7877 -0.4831
vn -0.4383 0.3071 -0.8447
vn -0.1247 0.9802 -0.1539
vn -0.1360 -0.1036 0.9853
vn -0.1390 0.9229 0.3591
vn -0.2119 -0.0463 0.9762
vn -0.0673 -0.9304 0.3602
vn -0.1766 0.4484 0.8762
vn -0.1305 -0.6011 0.7884
vn -0.0458 0.9989 0.0043
vn -0.0728 -0.9596 0.2717
vn -0.0310 -0.5811 -0.8133
vn -0.2157 0.5684 -0.7940
vn -0.5904 0.2624 -0.7633
vn -0.5761 -0.3910 -0.7177
vn -0.7424 0.1013 -0.6623
vn -0.5350 0.0856 -0.8405
vn -0.5250 0.0489 -0.8497
vn -0.7043 -0.2956 -0.6454
vn -0.0031 0.1868 -0.9824
vn -0.0129 0.1944 -0.9808
vn -0.0104 0.1813 -0.9834
vn -0.0123 0.1607 -0.9869
vn 0.2906 0.4585 0.8398
vn 0.4716 0.1281 0.8725
vn 0.4729 0.1019 0.8752
vn 0.0432 -0.6505 0.7583
vn -0.8860 -0.3337 0.3220
vn 0.7829 -0.1243 -0.6097
vn -0.0404 0.9987 -0.0307
vn -0.8661 0.3891 0.3137
vn 0.7460 0.3215 -0.5832
vn -0.0438 -0.9990 -0.0006
vt 1.000000 0.828637
vt 0.875000 1.000000
vt 0.875000 0.828637
vt 0.625000 0.828637
vt 0.500000 1.000000
vt 0.500000 0.828637
vt 0.625000 0.500000
vt 0.500000 0.645722
vt 0.500000 0.500000
vt 0.750000 0.500000
vt 0.625000 0.645722
vt 0.875000 0.645722
vt 0.875000 0.500000
vt 1.000000 0.645722
vt 1.000000 0.500000
vt 0.750000 0.828637
vt 0.750000 0.645722
vt 0.750000 1.000000
vt 1.000000 1.000000
vt 0.625000 1.000000
vt 0.844268 0.965118
vt 0.749520 0.964446
vt 0.653402 0.965669
vt 0.844587 0.863513
vt 0.647775 0.863148
vt 0.750840 0.864057
vt 0.749520 0.964446
vt 0.844267 0.965117
vt 0.653402 0.965669
vt 0.750840 0.864057
vt 0.844587 0.863513
vt 0.647775 0.863148
s 0
f 432/138/781 443/139/781 445/140/781
f 446/141/782 426/142/782 436/143/782
f 423/144/783 431/145/783 425/146/783
f 421/147/784 430/148/784 423/144/784
f 428/149/785 421/147/785 419/150/785
f 427/151/786 419/150/786 417/152/786
f 446/141/787 431/145/787 430/148/787
f 447/153/788 430/148/788 429/154/788
f 428/149/789 447/153/789 429/154/789
f 427/151/790 445/140/790 428/149/790
f 443/139/791 439/155/791 442/155/791
f 418/156/792 438/139/792 443/139/792
f 444/157/793 439/155/793 440/157/793
f 426/142/794 440/157/794 441/142/794
f 420/158/795 442/155/795 422/159/795
f 424/160/796 442/155/796 444/157/796
f 433/161/797 443/139/797 420/158/797
f 424/160/798 446/141/798 435/162/798
f 435/162/799 447/153/799 434/163/799
f 434/163/800 445/140/800 433/161/800
f 464/164/801 448/165/801 469/165/801
f 464/164/802 450/166/802 453/164/802
f 468/167/803 451/168/803 449/167/803
f 469/165/804 451/168/804 466/168/804
f 467/166/805 452/169/805 450/166/805
f 468/167/806 452/169/806 465/169/806
f 417/152/807 455/150/807 454/152/807
f 421/147/808 457/144/808 456/147/808
f 425/146/809 457/144/809 423/144/809
f 421/147/810 455/150/810 419/150/810
f 440/157/811 463/142/811 441/142/811
f 439/155/812 460/139/812 461/155/812
f 439/155/813 462/157/813 440/157/813
f 438/139/814 459/156/814 460/139/814
f 422/159/815 467/166/815 464/164/815
f 434/163/816 465/169/816 435/162/816
f 433/161/817 469/165/817 466/168/817
f 422/159/818 469/165/818 420/158/818
f 434/163/819 466/168/819 468/167/819
f 435/162/820 467/166/820 424/160/820
f 432/138/821 486/139/821 418/156/821
f 489/141/822 426/142/822 487/157/822
f 474/144/823 431/145/823 478/148/823
f 472/147/824 478/148/824 477/154/824
f 472/147/825 476/149/825 470/150/825
f 470/150/826 427/151/826 417/152/826
f 431/145/827 489/141/827 478/148/827
f 478/148/828 490/153/828 477/154/828
f 476/149/829 490/153/829 488/140/829
f 427/151/830 488/140/830 432/138/830
f 483/155/831 486/139/831 485/155/831
f 482/139/832 418/156/832 486/139/832
f 487/157/833 483/155/833 485/155/833
f 426/142/834 484/157/834 487/157/834
f 485/155/835 471/158/835 473/159/835
f 475/160/836 485/155/836 473/159/836
f 486/139/837 479/161/837 471/158/837
f 489/141/838 475/160/838 481/162/838
f 490/153/839 481/162/839 480/163/839
f 488/140/840 480/163/840 479/161/840
f 491/165/841 503/164/841 508/165/841
f 503/164/842 493/166/842 506/166/842
f 507/167/843 494/168/843 505/168/843
f 494/168/844 508/165/844 505/168/844
f 506/166/845 495/169/845 504/169/845
f 495/169/846 507/167/846 504/169/846
f 417/152/847 497/150/847 470/150/847
f 472/147/848 499/144/848 474/144/848
f 499/144/849 425/146/849 474/144/849
f 497/150/850 472/147/850 470/150/850
f 463/142/851 484/157/851 441/142/851
f 483/155/852 500/139/852 482/139/852
f 502/157/853 483/155/853 484/157/853
f 482/139/854 459/156/854 437/156/854
f 473/159/855 506/166/855 475/160/855
f 504/169/856 480/163/856 481/162/856
f 479/161/857 508/165/857 471/158/857
f 508/165/858 473/159/858 471/158/858
f 480/163/859 505/168/859 479/161/859
f 506/166/860 481/162/860 475/160/860
f 432/138/861 418/156/861 443/139/861
f 446/141/862 444/157/862 426/142/862
f 423/144/863 430/148/863 431/145/863
f 421/147/864 429/154/864 430/148/864
f 428/149/865 429/154/865 421/147/865
f 427/151/866 428/149/866 419/150/866
f 446/141/867 436/143/867 431/145/867
f 447/153/868 446/141/868 430/148/868
f 428/149/869 445/140/869 447/153/869
f 427/151/870 432/138/870 445/140/870
f 443/139/871 438/139/871 439/155/871
f 418/156/872 437/156/872 438/139/872
f 444/157/873 442/155/873 439/155/873
f 426/142/874 444/157/874 440/157/874
f 420/158/875 443/139/875 442/155/875
f 424/160/876 422/159/876 442/155/876
f 433/161/877 445/140/877 443/139/877
f 424/160/878 444/157/878 446/141/878
f 435/162/879 446/141/879 447/153/879
f 434/163/880 447/153/880 445/140/880
f 464/164/881 453/164/881 448/165/881
f 464/164/882 467/166/882 450/166/882
f 468/167/883 466/168/883 451/168/883
f 469/165/884 448/165/884 451/168/884
f 467/166/885 465/169/885 452/169/885
f 468/167/886 449/167/886 452/169/886
f 417/152/887 419/150/887 455/150/887
f 421/147/888 423/144/888 457/144/888
f 425/146/889 458/146/889 457/144/889
f 421/147/890 456/147/890 455/150/890
f 440/157/891 462/157/891 463/142/891
f 439/155/892 438/139/892 460/139/892
f 439/155/893 461/155/893 462/157/893
f 438/139/894 437/156/894 459/156/894
f 422/159/895 424/160/895 467/166/895
f 434/163/896 468/167/896 465/169/896
f 433/161/897 420/158/897 469/165/897
f 422/159/898 464/164/898 469/165/898
f 434/163/899 433/161/899 466/168/899
f 435/162/900 465/169/900 467/166/900
f 432/138/901 488/140/901 486/139/901
f 489/141/902 436/143/902 426/142/902
f 474/144/903 425/146/903 431/145/903
f 472/147/904 474/144/904 478/148/904
f 472/147/905 477/154/905 476/149/905
f 470/150/906 476/149/906 427/151/906
f 431/145/907 436/143/907 489/141/907
f 478/148/908 489/141/908 490/153/908
f 476/149/909 477/154/909 490/153/909
f 427/151/910 476/149/910 488/140/910
f 483/155/911 482/139/911 486/139/911
f 482/139/912 437/156/912 418/156/912
f 487/157/913 484/157/913 483/155/913
f 426/142/914 441/142/914 484/157/914
f 485/155/915 486/139/915 471/158/915
f 475/160/916 487/157/916 485/155/916
f 486/139/917 488/140/917 479/161/917
f 489/141/918 487/157/918 475/160/918
f 490/153/919 489/141/919 481/162/919
f 488/140/920 490/153/920 480/163/920
f 491/165/921 496/164/921 503/164/921
f 503/164/922 496/164/922 493/166/922
f 507/167/923 492/167/923 494/168/923
f 494/168/924 491/165/924 508/165/924
f 506/166/925 493/166/925 495/169/925
f 495/169/926 492/167/926 507/167/926
f 417/152/927 454/152/927 497/150/927
f 472/147/928 498/147/928 499/144/928
f 499/144/929 458/146/929 425/146/929
f 497/150/930 498/147/930 472/147/930
f 463/142/931 502/157/931 484/157/931
f 483/155/932 501/155/932 500/139/932
f 502/157/933 501/155/933 483/155/933
f 482/139/934 500/139/934 459/156/934
f 473/159/935 503/164/935 506/166/935
f 504/169/936 507/167/936 480/163/936
f 479/161/937 505/168/937 508/165/937
f 508/165/938 503/164/938 473/159/938
f 480/163/939 507/167/939 505/168/939
f 506/166/940 504/169/940 481/162/940
o shoes
v 0.126950 -0.225787 8.662382
v 0.238075 -0.289677 8.654503
v 0.238075 -0.417456 8.638743
v 0.126950 -0.481345 8.630864
v 0.015825 -0.417456 8.638743
v 0.015825 -0.289677 8.654503
v 0.126950 -0.208070 8.310645
v 0.234811 -0.270337 8.296385
v 0.234811 -0.404230 8.298774
v 0.019090 -0.568658 8.293547
v 0.019090 -0.404230 8.298774
v 0.019090 -0.270337 8.296385
v 0.015825 -0.285362 8.610409
v 0.015825 -0.413327 8.578478
v 0.126950 -0.477309 8.573833
v 0.238075 -0.413327 8.578478
v 0.238075 -0.285362 8.610409
v 0.126950 -0.221379 8.620708
v 0.234811 -0.733086 8.288320
v 0.126950 -0.795353 8.289514
v 0.019090 -0.733086 8.288320
v 0.126950 -0.775354 8.421398
v 0.031425 -0.728529 8.365775
v 0.222476 -0.728529 8.365775
v 0.126950 -0.206994 8.242689
v 0.234811 -0.269261 8.228430
v 0.234811 -0.403154 8.230818
v 0.126950 -0.465421 8.232013
v 0.019090 -0.403154 8.230818
v 0.019090 -0.269261 8.228430
v 0.234811 -0.732010 8.220364
v 0.126950 -0.794277 8.221559
v 0.019090 -0.732010 8.220364
v 0.031425 -0.584081 8.400783
v 0.126950 -0.595926 8.472152
v 0.222476 -0.584081 8.400783
v 0.234811 -0.568658 8.293547
v 0.126950 -0.629849 8.226785
v 0.019090 -0.567582 8.225591
v 0.234811 -0.567582 8.225591
v 0.031425 -0.659665 8.402465
v 0.222476 -0.659665 8.402465
v 0.126950 -0.715887 8.224050
v 0.019090 -0.654697 8.290811
v 0.126950 -0.689067 8.459051
v 0.234811 -0.654697 8.290811
v 0.019090 -0.653620 8.222856
v 0.234811 -0.653620 8.222856
v 0.126950 -0.237123 8.660224
v 0.228163 -0.295314 8.653047
v 0.228163 -0.411695 8.638694
v 0.126950 -0.469885 8.631517
v 0.025737 -0.411695 8.638694
v 0.025737 -0.295314 8.653047
v 0.126950 -0.237123 8.788574
v 0.228163 -0.295313 8.781398
v 0.228163 -0.411695 8.767045
v 0.126950 -0.469885 8.759869
v 0.025737 -0.411695 8.767045
v 0.025737 -0.295313 8.781398
v 0.126950 -0.226896 8.839570
v 0.237057 -0.290200 8.831762
v 0.237057 -0.416808 8.816148
v 0.126950 -0.480112 8.808341
v 0.016843 -0.416808 8.816148
v 0.016843 -0.290200 8.831762
v 0.238075 -0.441014 8.710508
v 0.126950 -0.504903 8.702629
v 0.015825 -0.441014 8.710508
v 0.228163 -0.435253 8.710459
v 0.126950 -0.493443 8.703282
v 0.025737 -0.435253 8.710459
v 0.126950 -0.254360 8.836183
v 0.213172 -0.303932 8.830069
v 0.213172 -0.403076 8.817842
v 0.126950 -0.452648 8.811728
v 0.040728 -0.403076 8.817842
v 0.040728 -0.303932 8.830069
v -0.126950 -5.056078 5.443052
v -0.238075 -5.070986 5.380428
v -0.238075 -5.129946 4.918418
v -0.126950 -5.164228 4.577252
v -0.015825 -5.135079 4.859099
v -0.015825 -5.081763 5.274722
v -0.126950 -4.849802 4.134876
v -0.234811 -4.853894 4.018792
v -0.234811 -4.964090 2.908864
v -0.019090 -4.985687 2.519973
v -0.019090 -4.956259 3.002899
v -0.019090 -4.855611 4.001595
v -0.015825 -5.044133 5.212363
v -0.015825 -5.085484 4.743771
v -0.126950 -5.117256 4.457811
v -0.238075 -5.077022 4.841942
v -0.238075 -5.031203 5.339209
v -0.126950 -5.020832 5.383924
v -0.234811 -4.988601 2.355487
v -0.126950 -4.992874 2.293355
v -0.019090 -4.988600 2.355487
v -0.126950 -5.123607 2.319853
v -0.031425 -5.065735 2.363870
v -0.222476 -5.065735 2.363870
v -0.126950 -4.788289 4.080712
v -0.234811 -4.793238 3.952240
v -0.234811 -4.898170 2.884636
v -0.126950 -4.919122 2.620039
v -0.019090 -4.894705 2.926702
v -0.019090 -4.796363 3.920694
v -0.234811 -4.920674 2.353200
v -0.126950 -4.924948 2.291069
v -0.019090 -4.920674 2.353200
v -0.031425 -5.078610 2.747497
v -0.126950 -5.144309 2.838399
v -0.222476 -5.082429 2.686761
v -0.234811 -4.985687 2.519973
v -0.126950 -4.922034 2.455554
v -0.019090 -4.917762 2.517686
v -0.234811 -4.917762 2.517686
v -0.031425 -5.097229 2.466916
v -0.222476 -5.098535 2.442628
v -0.126950 -4.923559 2.369486
v -0.019090 -4.987211 2.433904
v -0.126950 -5.155132 2.443267
v -0.234811 -4.987211 2.433904
v -0.019090 -4.919285 2.431617
v -0.234811 -4.919285 2.431617
v -0.126950 -5.058012 5.431676
v -0.228163 -5.071589 5.374638
v -0.228163 -5.124249 4.968166
v -0.126950 -5.158254 4.630966
v -0.025737 -5.129174 4.911713
v -0.025737 -5.079830 5.293257
v -0.126950 -5.178297 5.476458
v -0.228163 -5.191874 5.419419
v -0.228163 -5.219028 5.305344
v -0.126950 -5.242814 5.123911
v -0.025737 -5.222053 5.271335
v -0.025737 -5.191874 5.419419
v -0.126950 -5.222520 5.503834
v -0.237057 -5.237289 5.441783
v -0.237057 -5.266829 5.317683
v -0.126950 -5.286864 5.191098
v -0.016843 -5.267512 5.310028
v -0.016843 -5.237290 5.441783
v -0.238075 -5.208672 4.875928
v -0.126950 -5.235734 4.617976
v -0.015825 -5.212402 4.831926
v -0.228163 -5.207087 4.878819
v -0.126950 -5.232291 4.639645
v -0.025737 -5.210728 4.836207
v -0.126950 -5.228928 5.476913
v -0.213172 -5.240493 5.428323
v -0.213172 -5.263626 5.331143
v -0.126950 -5.278404 5.244674
v -0.040728 -5.263714 5.330169
v -0.040728 -5.240493 5.428323
vn -0.9999 0.0029 -0.0116
vn 1.0000 -0.0000 -0.0000
vn -0.5895 -0.3231 0.7404
vn 0.5012 0.8645 0.0371
vn -0.5032 0.8634 0.0361
vn -0.4998 -0.8660 -0.0137
vn 0.9999 -0.0002 -0.0104
vn -0.5007 -0.8634 -0.0611
vn -0.5011 0.8613 0.0843
vn 0.5032 0.8594 0.0909
vn 0.5000 -0.8640 -0.0592
vn -1.0000 -0.0000 -0.0000
vn 0.4968 -0.8581 0.1296
vn -0.4965 -0.8582 0.1301
vn 0.9875 -0.0050 0.1576
vn -0.5013 0.8652 0.0137
vn -0.9926 -0.0571 0.1071
vn 0.5552 -0.3911 0.7340
vn -0.0000 -0.0178 -0.9998
vn 0.0294 0.0318 -0.9991
vn -0.0294 0.0317 -0.9991
vn 0.4998 -0.8660 -0.0137
vn 0.5013 0.8652 0.0137
vn -0.0294 0.0318 -0.9991
vn 0.3689 -0.6862 0.6270
vn -0.9970 -0.0764 -0.0141
vn 0.9935 -0.0036 0.1138
vn -0.5438 -0.5462 0.6372
vn 0.5970 0.0178 0.8020
vn -0.9939 0.0024 0.1099
vn -0.5327 -0.1179 0.8380
vn -0.0379 -0.1869 0.9816
vn 0.0378 -0.1869 0.9816
vn 0.4823 0.8323 0.2732
vn -0.0759 -0.1220 0.9896
vn 0.0759 -0.1220 0.9896
vn -0.4941 0.8260 0.2712
vn -0.4984 0.8669 -0.0000
vn -0.4984 -0.8669 -0.0000
vn 0.4984 -0.8669 -0.0000
vn 0.4984 0.8669 -0.0000
vn -0.9842 0.0217 -0.1760
vn 0.4999 -0.8474 -0.1788
vn 0.4818 0.8592 -0.1723
vn -0.4818 0.8592 -0.1723
vn -0.4999 -0.8474 -0.1788
vn 0.9842 0.0217 -0.1760
vn 0.0380 -0.0569 0.9977
vn -0.0380 -0.0569 0.9977
vn 0.4941 -0.8260 -0.2712
vn 0.4941 0.8260 0.2712
vn -0.4941 -0.8260 -0.2712
vn -0.4823 0.8323 0.2732
vn -0.0000 -0.1224 0.9925
vn 0.9999 0.0115 -0.0010
vn 0.5462 -0.8011 -0.2448
vn -0.1455 0.9802 0.1342
vn 0.3850 0.9144 0.1252
vn 0.4998 -0.0291 -0.8656
vn -0.9999 0.0112 -0.0010
vn 0.7608 -0.6039 -0.2375
vn 0.7001 0.6113 0.3689
vn -0.4385 0.6467 0.6241
vn -0.8158 -0.5382 -0.2117
vn -0.4965 -0.1724 -0.8508
vn 0.4965 -0.1724 -0.8508
vn -0.9924 -0.1137 -0.0473
vn 0.6937 0.4760 0.5406
vn 0.9918 -0.1224 -0.0374
vn -0.4781 -0.8108 -0.3377
vn 0.0001 0.9952 -0.0978
vn -0.0294 0.9994 -0.0177
vn 0.0294 0.9994 -0.0177
vn -0.4998 -0.0291 -0.8656
vn -0.6399 0.5078 0.5767
vn 0.0631 0.9966 -0.0532
vn -0.0659 0.9962 -0.0562
vn -0.3408 -0.9401 -0.0001
vn 0.9965 -0.0836 -0.0081
vn -0.9959 -0.0907 -0.0070
vn 0.2881 -0.9576 -0.0055
vn -0.6004 -0.7979 0.0526
vn 0.9920 -0.1262 0.0022
vn -0.9924 -0.1228 0.0022
vn 0.5996 -0.7985 0.0530
vn 0.0378 -0.9852 0.1673
vn 0.3579 0.9290 0.0945
vn -0.9484 -0.2325 0.2156
vn -0.0650 -0.9899 0.1263
vn 0.0841 -0.9884 0.1268
vn 0.8961 -0.3255 0.3018
vn 0.7304 0.5107 0.4536
vn 0.6011 -0.7877 -0.1351
vn -0.6667 -0.7346 -0.1260
vn -0.4984 0.3025 0.8125
vn 0.9858 0.1644 -0.0335
vn -0.7627 -0.5408 -0.3546
vn -0.4818 0.4612 0.7451
vn 0.4818 0.4612 0.7451
vn 0.6963 -0.6002 -0.3935
vn -0.9842 0.1725 -0.0411
vn -0.0944 -0.9832 0.1562
vn 0.1229 -0.9801 0.1557
vn -0.9312 0.1731 -0.3207
vn -0.8786 -0.3244 0.3504
vn 0.9174 0.1319 -0.3754
vn 0.9613 -0.1871 0.2021
vn -0.0000 -0.9728 0.2316
vn -0.0000 -0.9728 0.2315
vn -0.0121 -0.9851 0.1715
vn 0.0047 -0.9747 0.2236
vn 0.0296 -0.9830 0.1813
vn -0.9999 -0.0002 -0.0104
vn -0.5552 -0.3911 0.7340
vn 0.5032 0.8634 0.0361
vn -0.5012 0.8645 0.0371
vn 0.9999 0.0029 -0.0116
vn -0.5000 -0.8640 -0.0592
vn -0.5032 0.8594 0.0909
vn 0.5011 0.8613 0.0843
vn 0.5007 -0.8634 -0.0611
vn 0.4965 -0.8582 0.1301
vn -0.4968 -0.8581 0.1296
vn 0.9926 -0.0571 0.1071
vn -0.9875 -0.0050 0.1576
vn 0.5895 -0.3231 0.7404
vn -0.0000 0.2232 -0.9748
vn -0.0000 -0.0192 -0.9998
vn 0.0294 0.0317 -0.9991
vn 0.5438 -0.5462 0.6372
vn -0.9935 -0.0036 0.1138
vn 0.9970 -0.0764 -0.0141
vn -0.3689 -0.6862 0.6270
vn 0.5327 -0.1179 0.8380
vn 0.9939 0.0024 0.1099
vn -0.5970 0.0178 0.8020
vn -0.0378 -0.1869 0.9816
vn 0.0379 -0.1869 0.9816
vn 0.9999 0.0105 -0.0011
vn 0.5740 -0.7934 -0.2027
vn -0.1775 0.9754 0.1305
vn 0.2357 0.9603 0.1489
vn -0.9999 0.0106 -0.0011
vn 0.7879 -0.5658 -0.2433
vn 0.6965 0.6164 0.3674
vn -0.2752 0.8258 0.4923
vn -0.9148 -0.3321 -0.2299
vn -0.4968 -0.1719 -0.8507
vn 0.4968 -0.1719 -0.8507
vn -0.9875 -0.1576 0.0028
vn 0.6837 0.5887 0.4312
vn 0.9875 -0.1576 0.0028
vn -0.5740 -0.7934 -0.2027
vn 0.0079 0.9990 -0.0451
vn 0.0032 0.9951 -0.0985
vn -0.0006 0.9969 -0.0792
vn -0.6415 0.5670 0.5167
vn -0.5590 -0.8290 0.0138
vn 0.9934 -0.1147 0.0070
vn -0.9933 -0.1156 0.0064
vn 0.5754 -0.8177 0.0137
vn -0.5097 -0.8600 0.0236
vn 0.9940 -0.1093 0.0073
vn -0.9940 -0.1096 0.0072
vn 0.5140 -0.8575 0.0235
vn 0.0378 -0.9852 0.1674
vn 0.0165 -0.9857 0.1675
vn -0.1777 -0.4674 0.8660
vn 0.0147 -0.9916 0.1285
vn 0.0464 -0.9907 0.1281
vn 0.9217 0.0452 0.3853
vn 0.4984 0.3025 0.8125
vn 0.4905 -0.8438 -0.2179
vn -0.5796 -0.7845 -0.2205
vn 0.9841 0.1732 -0.0397
vn -0.7564 -0.0280 -0.6535
vn 0.7110 -0.3699 -0.5980
vn -0.0977 -0.9826 0.1581
vn 0.1129 -0.9820 0.1513
vn -0.9058 -0.2097 -0.3682
vn -0.8902 0.0530 0.4525
vn 0.8715 -0.2427 -0.4262
vn 0.3315 -0.3128 0.8901
vn 0.0136 -0.9877 0.1560
vn 0.0394 -0.9724 0.2300
vn -0.0129 -0.9877 0.1560
vt 0.166667 0.500000
vt 0.333333 0.500000
vt 0.333333 0.500000
vt 0.833333 0.500000
vt 0.666667 0.500000
vt 0.500000 0.500000
vt 0.833333 0.500000
vt 1.000000 0.500000
vt -0.000000 0.500000
vt 0.166667 0.500000
vt 0.666667 0.500000
vt 0.333333 0.500000
vt 0.542154 0.130000
vt 0.542154 0.370000
vt 0.957846 0.370000
vt 0.750000 0.010000
vt 0.957846 0.130000
vt 0.957846 0.130000
vt 0.333333 0.500000
vt 0.666667 0.500000
vt 0.750000 0.490000
s 0
f 521/170/941 519/171/941 522/172/941
f 516/173/942 535/174/942 534/173/942
f 553/175/943 531/172/943 530/175/943
f 525/176/944 515/177/944 526/177/944
f 521/170/945 515/178/945 520/179/945
f 529/171/946 540/175/946 528/175/946
f 525/176/947 517/174/947 516/173/947
f 510/173/942 524/174/942 525/176/942
f 513/171/948 523/175/948 512/175/948
f 509/178/949 521/170/949 514/179/949
f 509/177/950 525/176/950 526/177/950
f 511/174/951 523/175/951 524/174/951
f 514/179/952 522/172/952 513/171/952
f 532/174/953 528/175/953 527/174/953
f 531/172/954 528/175/954 530/175/954
f 554/180/955 532/174/955 527/174/955
f 520/179/956 533/178/956 538/179/956
f 552/171/957 531/172/957 549/181/957
f 553/175/958 532/174/958 550/174/958
f 537/182/959 538/183/959 534/184/959
f 551/185/960 541/182/960 555/182/960
f 551/185/961 539/186/961 540/185/961
f 520/179/952 537/171/952 519/171/952
f 554/180/942 539/174/942 556/174/942
f 527/174/962 540/175/962 539/174/962
f 516/173/963 533/177/963 515/177/963
f 519/171/952 547/171/952 518/171/952
f 518/171/952 555/171/952 552/171/952
f 517/174/942 548/174/942 535/174/942
f 536/185/964 548/187/964 546/185/964
f 536/185/960 547/182/960 537/182/960
f 523/175/965 544/174/965 524/174/965
f 519/171/966 542/188/966 522/172/966
f 517/174/967 544/174/967 545/189/967
f 523/175/968 542/188/968 543/175/968
f 552/171/952 541/171/952 529/171/952
f 545/189/942 556/174/942 548/174/942
f 546/185/964 556/186/964 551/185/964
f 546/185/960 555/182/960 547/182/960
f 543/175/969 550/174/969 544/174/969
f 542/188/970 552/171/970 549/181/970
f 544/174/967 554/180/967 545/189/967
f 543/175/971 549/181/971 553/175/971
f 509/177/972 558/173/972 510/173/972
f 509/178/973 562/179/973 557/178/973
f 511/174/974 578/174/974 575/174/974
f 510/173/975 559/174/975 511/174/975
f 514/179/976 561/171/976 562/179/976
f 560/175/977 578/174/977 559/174/977
f 557/178/978 568/179/978 563/178/978
f 561/171/979 566/175/979 567/171/979
f 558/173/942 565/174/942 559/174/942
f 562/179/952 567/171/952 568/179/952
f 559/174/980 566/175/980 560/175/980
f 557/177/981 564/173/981 558/173/981
f 568/179/982 573/171/982 574/179/982
f 565/174/983 572/175/983 566/175/983
f 563/177/984 570/173/984 564/173/984
f 563/178/985 574/179/985 569/178/985
f 567/171/986 572/175/986 573/171/986
f 564/173/987 571/174/987 565/174/987
f 577/171/988 579/175/988 580/171/988
f 575/174/989 579/175/989 576/175/989
f 512/175/990 575/174/990 576/175/990
f 560/175/991 580/171/991 579/175/991
f 512/175/992 577/171/992 513/171/992
f 513/171/993 580/171/993 561/171/993
f 569/177/994 582/173/994 570/173/994
f 569/178/994 586/179/994 581/178/994
f 572/175/994 585/171/994 573/171/994
f 570/173/994 583/174/994 571/174/994
f 573/171/994 586/179/994 574/179/994
f 572/175/994 583/174/994 584/175/994
f 597/171/995 599/170/995 600/172/995
f 594/173/952 613/174/952 595/174/952
f 631/175/996 609/172/996 627/181/996
f 593/177/997 603/176/997 604/177/997
f 599/170/998 593/178/998 604/178/998
f 618/175/999 607/171/999 606/175/999
f 603/176/1000 595/174/1000 602/174/1000
f 588/173/952 602/174/952 589/174/952
f 601/175/1001 591/171/1001 590/175/1001
f 599/170/1002 587/178/1002 592/179/1002
f 587/177/1003 603/176/1003 588/173/1003
f 589/174/1004 601/175/1004 590/175/1004
f 600/172/942 592/179/942 591/171/942
f 610/174/1005 606/175/1005 608/175/1005
f 606/175/1006 609/172/1006 608/175/1006
f 632/180/1007 610/174/1007 628/174/1007
f 598/179/1008 611/178/1008 593/178/1008
f 609/172/1009 630/171/1009 627/181/1009
f 610/174/1010 631/175/1010 628/174/1010
f 613/186/1011 612/184/1011 616/183/1011
f 619/182/1012 629/185/1012 633/182/1012
f 629/185/1013 617/186/1013 634/186/1013
f 615/171/942 598/179/942 597/171/942
f 632/180/952 617/174/952 605/174/952
f 605/174/1014 618/175/1014 606/175/1014
f 611/177/1015 594/173/1015 593/177/1015
f 625/171/942 597/171/942 596/171/942
f 633/171/942 596/171/942 630/171/942
f 595/174/952 626/174/952 623/189/952
f 614/185/1016 626/187/1016 613/186/1016
f 625/182/1017 614/185/1017 615/182/1017
f 622/174/1018 601/175/1018 602/174/1018
f 620/188/1019 597/171/1019 600/172/1019
f 595/174/1020 622/174/1020 602/174/1020
f 601/175/1021 620/188/1021 600/172/1021
f 619/171/942 630/171/942 607/171/942
f 623/189/952 634/174/952 632/180/952
f 624/185/1013 634/186/1013 626/187/1013
f 633/182/1012 624/185/1012 625/182/1012
f 628/174/1022 621/175/1022 622/174/1022
f 620/188/1023 630/171/1023 596/171/1023
f 632/180/1024 622/174/1024 623/189/1024
f 621/175/1025 627/181/1025 620/188/1025
f 636/173/1026 587/177/1026 588/173/1026
f 587/178/1027 640/179/1027 592/179/1027
f 589/174/1028 656/174/1028 637/174/1028
f 637/174/1029 588/173/1029 589/174/1029
f 592/179/1030 639/171/1030 591/171/1030
f 656/174/1031 638/175/1031 637/174/1031
f 635/178/1032 646/179/1032 640/179/1032
f 639/171/1033 644/175/1033 638/175/1033
f 643/174/952 636/173/952 637/174/952
f 640/179/942 645/171/942 639/171/942
f 644/175/1034 637/174/1034 638/175/1034
f 642/173/1035 635/177/1035 636/173/1035
f 646/179/1036 651/171/1036 645/171/1036
f 650/175/1037 643/174/1037 644/175/1037
f 648/173/1038 641/177/1038 642/173/1038
f 641/178/1039 652/179/1039 646/179/1039
f 645/171/1040 650/175/1040 644/175/1040
f 649/174/1041 642/173/1041 643/174/1041
f 655/171/1042 657/175/1042 654/175/1042
f 657/175/1043 653/174/1043 654/175/1043
f 590/175/1044 653/174/1044 589/174/1044
f 638/175/1045 658/171/1045 639/171/1045
f 655/171/1046 590/175/1046 591/171/1046
f 658/171/1047 591/171/1047 639/171/1047
f 660/173/1048 647/177/1048 648/173/1048
f 647/178/1049 664/179/1049 652/179/1049
f 663/171/1050 650/175/1050 651/171/1050
f 649/174/1048 660/173/1048 648/173/1048
f 664/179/1051 651/171/1051 652/179/1051
f 650/175/1052 661/174/1052 649/174/1052
f 521/170/1053 520/179/1053 519/171/1053
f 516/173/942 517/174/942 535/174/942
f 553/175/1054 549/181/1054 531/172/1054
f 525/176/1055 516/173/1055 515/177/1055
f 521/170/1056 526/178/1056 515/178/1056
f 529/171/946 541/171/946 540/175/946
f 525/176/1057 524/174/1057 517/174/1057
f 510/173/942 511/174/942 524/174/942
f 513/171/1058 522/172/1058 523/175/1058
f 509/178/1059 526/178/1059 521/170/1059
f 509/177/1060 510/173/1060 525/176/1060
f 511/174/1061 512/175/1061 523/175/1061
f 514/179/952 521/170/952 522/172/952
f 532/174/1062 530/175/1062 528/175/1062
f 531/172/1063 529/171/1063 528/175/1063
f 554/180/1064 550/174/1064 532/174/1064
f 520/179/956 515/178/956 533/178/956
f 552/171/1065 529/171/1065 531/172/1065
f 553/175/1066 530/175/1066 532/174/1066
f 538/183/1067 533/190/1067 534/184/1067
f 534/184/959 535/186/959 537/182/959
f 535/186/1068 536/185/1068 537/182/1068
f 551/185/1069 540/185/1069 541/182/1069
f 551/185/964 556/186/964 539/186/964
f 520/179/952 538/179/952 537/171/952
f 554/180/942 527/174/942 539/174/942
f 527/174/962 528/175/962 540/175/962
f 516/173/963 534/173/963 533/177/963
f 519/171/952 537/171/952 547/171/952
f 518/171/952 547/171/952 555/171/952
f 517/174/942 545/189/942 548/174/942
f 536/185/964 535/186/964 548/187/964
f 536/185/960 546/185/960 547/182/960
f 523/175/1070 543/175/1070 544/174/1070
f 519/171/1071 518/171/1071 542/188/1071
f 517/174/1072 524/174/1072 544/174/1072
f 523/175/1073 522/172/1073 542/188/1073
f 552/171/952 555/171/952 541/171/952
f 545/189/942 554/180/942 556/174/942
f 546/185/964 548/187/964 556/186/964
f 546/185/960 551/185/960 555/182/960
f 543/175/1074 553/175/1074 550/174/1074
f 542/188/1071 518/171/1071 552/171/1071
f 544/174/1075 550/174/1075 554/180/1075
f 543/175/1076 542/188/1076 549/181/1076
f 509/177/1077 557/177/1077 558/173/1077
f 509/178/1078 514/179/1078 562/179/1078
f 511/174/974 559/174/974 578/174/974
f 510/173/975 558/173/975 559/174/975
f 514/179/976 513/171/976 561/171/976
f 560/175/977 579/175/977 578/174/977
f 557/178/978 562/179/978 568/179/978
f 561/171/979 560/175/979 566/175/979
f 558/173/942 564/173/942 565/174/942
f 562/179/952 561/171/952 567/171/952
f 559/174/980 565/174/980 566/175/980
f 557/177/981 563/177/981 564/173/981
f 568/179/982 567/171/982 573/171/982
f 565/174/983 571/174/983 572/175/983
f 563/177/984 569/177/984 570/173/984
f 563/178/985 568/179/985 574/179/985
f 567/171/986 566/175/986 572/175/986
f 564/173/987 570/173/987 571/174/987
f 577/171/988 576/175/988 579/175/988
f 575/174/989 578/174/989 579/175/989
f 512/175/990 511/174/990 575/174/990
f 560/175/991 561/171/991 580/171/991
f 512/175/992 576/175/992 577/171/992
f 513/171/993 577/171/993 580/171/993
f 569/177/994 581/177/994 582/173/994
f 569/178/994 574/179/994 586/179/994
f 572/175/994 584/175/994 585/171/994
f 570/173/994 582/173/994 583/174/994
f 573/171/994 585/171/994 586/179/994
f 572/175/994 571/174/994 583/174/994
f 597/171/1079 598/179/1079 599/170/1079
f 594/173/952 612/173/952 613/174/952
f 631/175/1080 608/175/1080 609/172/1080
f 593/177/1081 594/173/1081 603/176/1081
f 599/170/1082 598/179/1082 593/178/1082
f 618/175/999 619/171/999 607/171/999
f 603/176/1083 594/173/1083 595/174/1083
f 588/173/952 603/176/952 602/174/952
f 601/175/1084 600/172/1084 591/171/1084
f 599/170/1085 604/178/1085 587/178/1085
f 587/177/1086 604/177/1086 603/176/1086
f 589/174/1087 602/174/1087 601/175/1087
f 600/172/942 599/170/942 592/179/942
f 610/174/1088 605/174/1088 606/175/1088
f 606/175/1089 607/171/1089 609/172/1089
f 632/180/1090 605/174/1090 610/174/1090
f 598/179/1091 616/179/1091 611/178/1091
f 609/172/1092 607/171/1092 630/171/1092
f 610/174/1093 608/175/1093 631/175/1093
f 612/184/1094 611/190/1094 616/183/1094
f 616/183/1095 615/182/1095 613/186/1095
f 615/182/1096 614/185/1096 613/186/1096
f 619/182/1012 618/185/1012 629/185/1012
f 629/185/1013 618/185/1013 617/186/1013
f 615/171/942 616/179/942 598/179/942
f 632/180/952 634/174/952 617/174/952
f 605/174/1014 617/174/1014 618/175/1014
f 611/177/1097 612/173/1097 594/173/1097
f 625/171/942 615/171/942 597/171/942
f 633/171/942 625/171/942 596/171/942
f 595/174/952 613/174/952 626/174/952
f 614/185/1013 624/185/1013 626/187/1013
f 625/182/1012 624/185/1012 614/185/1012
f 622/174/1098 621/175/1098 601/175/1098
f 620/188/1099 596/171/1099 597/171/1099
f 595/174/1100 623/189/1100 622/174/1100
f 601/175/1101 621/175/1101 620/188/1101
f 619/171/942 633/171/942 630/171/942
f 623/189/952 626/174/952 634/174/952
f 624/185/1013 629/185/1013 634/186/1013
f 633/182/1012 629/185/1012 624/185/1012
f 628/174/1102 631/175/1102 621/175/1102
f 620/188/1103 627/181/1103 630/171/1103
f 632/180/1104 628/174/1104 622/174/1104
f 621/175/1105 631/175/1105 627/181/1105
f 636/173/1106 635/177/1106 587/177/1106
f 587/178/1107 635/178/1107 640/179/1107
f 589/174/1108 653/174/1108 656/174/1108
f 637/174/1109 636/173/1109 588/173/1109
f 592/179/1110 640/179/1110 639/171/1110
f 656/174/1111 657/175/1111 638/175/1111
f 635/178/1112 641/178/1112 646/179/1112
f 639/171/1113 645/171/1113 644/175/1113
f 643/174/952 642/173/952 636/173/952
f 640/179/942 646/179/942 645/171/942
f 644/175/1114 643/174/1114 637/174/1114
f 642/173/1035 641/177/1035 635/177/1035
f 646/179/1115 652/179/1115 651/171/1115
f 650/175/1116 649/174/1116 643/174/1116
f 648/173/1038 647/177/1038 641/177/1038
f 641/178/1039 647/178/1039 652/179/1039
f 645/171/1117 651/171/1117 650/175/1117
f 649/174/1041 648/173/1041 642/173/1041
f 655/171/1118 658/171/1118 657/175/1118
f 657/175/1119 656/174/1119 653/174/1119
f 590/175/1120 654/175/1120 653/174/1120
f 638/175/1121 657/175/1121 658/171/1121
f 655/171/1122 654/175/1122 590/175/1122
f 658/171/1123 655/171/1123 591/171/1123
f 660/173/1048 659/177/1048 647/177/1048
f 647/178/1048 659/178/1048 664/179/1048
f 663/171/1124 662/175/1124 650/175/1124
f 649/174/1048 661/174/1048 660/173/1048
f 664/179/1125 663/171/1125 651/171/1125
f 650/175/1126 662/175/1126 661/174/1126
o pants
v -0.679938 0.014416 9.985639
v 0.609894 0.158985 10.128629
v -0.683539 0.469608 10.090201
v -0.008294 0.666519 10.137115
v 0.505538 0.653104 6.943815
v 0.518655 1.020462 8.512466
v 0.917845 0.397386 6.937156
v 1.107630 0.557695 8.784737
v 0.917845 -0.085809 6.951057
v 1.109309 -0.021558 8.705577
v 0.505516 -0.321820 6.963382
v 0.511786 -0.295599 8.552557
v 0.093100 -0.070930 6.965342
v 0.083794 0.085190 8.590691
v 0.093232 0.421505 6.959535
v -0.000000 1.237267 8.354639
v 0.510128 1.080408 8.872854
v 1.097583 0.554450 9.015816
v 1.099858 -0.034814 8.926381
v 0.514300 -0.288208 8.677175
v 0.074507 0.123204 8.691420
v -0.000000 1.287899 8.695129
v 0.401939 1.107337 9.091543
v 0.936555 0.520394 9.549716
v 0.933031 -0.088833 9.440532
v 0.436996 -0.281034 8.982172
v 0.071483 0.196874 8.824558
v -0.000000 1.306158 8.836655
v 0.415765 0.723534 4.178754
v 0.718071 0.549729 4.162799
v 0.718071 0.202119 4.130888
v 0.415765 0.028313 4.114933
v 0.113460 0.202119 4.130888
v 0.113460 0.549729 4.162799
v 0.870885 0.033802 6.192770
v 0.870885 0.482956 6.204909
v 0.092645 0.433988 6.204909
v 0.092645 -0.015165 6.192770
v 0.481765 0.780983 6.251785
v 0.481765 -0.256064 6.586599
v -0.000000 0.319512 8.821975
v -0.000000 -0.074759 9.005966
v -0.000000 -0.234957 9.368187
v -0.000000 0.994473 9.592457
v -0.000000 1.236881 9.233574
v 0.743410 0.465409 9.902310
v 0.739445 -0.143489 9.794646
v -0.000000 -0.259224 9.724010
v -0.000000 0.680205 9.949079
v 0.909355 0.412855 6.804781
v 0.093018 -0.060849 6.825676
v 0.501241 0.676222 6.818710
v 0.909355 -0.064186 6.813974
v 0.093126 0.423274 6.823355
v 0.501222 -0.309933 6.895268
v 0.899109 -0.038087 6.648519
v 0.092998 0.426127 6.658634
v 0.496040 -0.295585 6.813055
v 0.899109 0.431526 6.645008
v 0.092918 -0.048681 6.657104
v 0.496053 0.704125 6.667712
v -0.008294 -0.245243 9.923409
v 0.663349 -0.137873 9.990979
v 0.666950 0.456756 10.092861
v -0.505538 0.108932 6.617556
v -0.518655 1.455466 8.295419
v -0.917845 0.052263 6.699476
v -1.107630 1.230374 8.594156
v -0.917845 -0.230672 6.866813
v -1.109309 0.663233 8.693648
v -0.505516 -0.610669 6.804780
v -0.511786 0.337555 8.634097
v -0.093100 -0.481484 6.719612
v -0.083794 0.547365 8.585383
v -0.093233 -0.167350 6.623047
v -0.510128 1.534420 8.656720
v -1.097583 1.210505 8.838655
v -1.099858 0.660300 8.909334
v -0.514300 0.312356 8.748525
v -0.074507 0.488195 8.686840
v -0.401939 1.485304 8.920473
v -0.936555 0.615243 9.527141
v -0.933031 0.359666 9.427463
v -0.436996 0.212662 9.031361
v -0.071483 0.391011 8.821814
v -0.415765 -0.534811 4.724789
v -0.678935 -0.574584 4.578146
v -0.678935 -0.654128 4.284860
v -0.415765 -0.693901 4.138216
v -0.152596 -0.654128 4.284860
v -0.152596 -0.574584 4.578146
v -0.870885 -2.651084 4.824693
v -0.870885 -2.505754 5.249858
v -0.092645 -2.522838 5.203967
v -0.092645 -2.649097 4.790094
v -0.481765 -2.424034 5.549444
v -0.481765 -2.776916 4.933727
v -0.743410 0.477567 9.899728
v -0.739446 0.000394 9.790871
v -0.909355 -1.443263 6.017555
v -0.093018 -1.604749 5.941466
v -0.501241 -1.206891 6.143711
v -0.909355 -0.975059 6.303943
v -0.093126 -1.393273 6.051836
v -0.501222 -1.081186 6.410069
v -0.899109 -2.301548 5.384853
v -0.092998 -2.162634 5.644193
v -0.496040 -1.712917 5.888889
v -0.899109 -2.279178 5.594429
v -0.092918 -2.304349 5.387255
v -0.496053 -2.020544 5.832482
v 0.434077 0.584369 4.165979
v 0.615355 0.480147 4.156411
v 0.615355 0.271701 4.137276
v 0.434077 0.167478 4.127708
v 0.252799 0.271701 4.137276
v 0.252799 0.480147 4.156411
v -0.418487 -0.566657 4.607372
v -0.576297 -0.590507 4.519438
v -0.576297 -0.638206 4.343568
v -0.418487 -0.662056 4.255633
v -0.260677 -0.638206 4.343568
v -0.260677 -0.590507 4.519438
v -0.492097 0.098990 9.995010
v -0.494691 0.387879 10.075109
v -0.008294 0.526134 10.109342
v -0.008294 -0.110353 9.952918
v 0.475508 -0.053291 10.004077
v 0.478102 0.375036 10.077465
vn 0.5141 0.8342 -0.1996
vn 0.9941 -0.0031 -0.1084
vn 0.4970 -0.8677 0.0124
vn -0.5196 -0.8543 0.0161
vn -0.6644 -0.7174 0.2095
vn -1.0000 0.0002 -0.0057
vn -0.4449 0.7598 -0.4740
vn 0.9972 0.0020 -0.0746
vn -0.9979 -0.0644 0.0083
vn 0.9991 -0.0029 0.0426
vn -0.9979 -0.0639 0.0095
vn 0.6612 0.7492 0.0393
vn 0.4067 -0.9124 0.0459
vn 0.4145 0.8993 -0.1398
vn -0.6146 -0.2202 0.7575
vn 0.3543 -0.9285 0.1116
vn 0.6203 0.7484 0.2348
vn 0.3982 0.9134 0.0845
vn -0.6297 -0.6857 0.3651
vn 0.9516 -0.0425 0.3043
vn -0.9999 0.0003 -0.0101
vn 0.6044 0.7956 -0.0413
vn 0.4998 -0.8595 -0.1072
vn -0.4997 0.8651 0.0439
vn -0.4571 -0.8849 -0.0896
vn -0.4841 -0.8666 -0.1207
vn -0.6664 0.7455 0.0134
vn 0.4758 -0.8638 -0.1657
vn 0.6127 0.7806 0.1232
vn -1.0000 0.0002 0.0006
vn 0.9980 0.0017 -0.0638
vn -0.3538 -0.9214 -0.1608
vn -0.5695 -0.3476 -0.7449
vn -0.4132 -0.8328 -0.3683
vn 0.0615 0.0148 -0.9980
vn 0.4215 0.7514 0.5076
vn 0.4335 0.8235 0.3659
vn 0.1605 -0.9847 -0.0672
vn 0.8797 -0.0888 0.4672
vn 0.9979 -0.0012 -0.0641
vn -1.0000 0.0003 0.0006
vn 0.5405 0.8305 0.1349
vn 0.4843 -0.8591 -0.1655
vn -0.4894 0.8720 0.0117
vn -0.5167 -0.8484 -0.1155
vn 0.9979 -0.0005 -0.0641
vn 0.5604 0.8176 0.1318
vn 0.4821 -0.8604 -0.1656
vn -0.5266 0.8500 0.0151
vn -0.5025 -0.8565 -0.1178
vn 0.9294 -0.0701 0.3622
vn -0.3137 -0.9354 0.1632
vn 0.2832 0.9462 0.1566
vn -0.2257 0.7589 -0.6108
vn -0.9957 -0.0131 -0.0916
vn -0.4176 -0.8327 0.3637
vn 0.3496 -0.8313 0.4321
vn 0.4152 -0.8903 -0.1869
vn 1.0000 -0.0010 -0.0045
vn 0.4612 0.6768 -0.5738
vn -0.9956 0.0884 -0.0302
vn 0.9919 -0.0915 -0.0881
vn -0.9990 0.0107 0.0439
vn 0.9639 -0.1821 -0.1944
vn -0.4306 0.8838 -0.1830
vn -0.4842 -0.8522 -0.1983
vn 0.3973 0.9077 -0.1350
vn 0.1909 -0.0308 0.9811
vn -0.5348 -0.8321 -0.1471
vn -0.3805 0.8685 0.3178
vn 0.4392 0.8910 -0.1150
vn 0.2343 -0.7864 -0.5715
vn -0.9427 0.0463 0.3304
vn 0.9996 0.0279 -0.0085
vn -0.6182 0.3325 0.7122
vn 0.1432 -0.3571 -0.9230
vn 0.6765 0.2747 0.6834
vn -0.2247 -0.3414 -0.9126
vn -0.0551 -0.6674 0.7426
vn -0.1800 0.5606 -0.8083
vn 0.0441 -0.6670 0.7437
vn -0.1962 0.8119 -0.5499
vn -1.0000 -0.0058 0.0029
vn 0.9952 0.0969 -0.0103
vn -0.4290 -0.8899 -0.1553
vn -0.3879 -0.3898 -0.8352
vn -0.5300 -0.7755 -0.3430
vn 0.0171 0.0149 -0.9997
vn -0.3167 0.6657 0.6757
vn -0.3576 0.8004 0.4811
vn -0.4975 -0.7347 -0.4613
vn -0.9261 -0.1481 0.3469
vn -1.0000 -0.0050 -0.0085
vn 1.0000 0.0003 -0.0003
vn -0.2313 0.4025 -0.8857
vn -0.4325 -0.5818 0.6888
vn 0.2830 0.4051 -0.8694
vn 0.3381 -0.6030 0.7225
vn 0.9938 -0.0578 0.0945
vn 1.0000 0.0012 -0.0014
vn 0.0141 0.4517 -0.8921
vn -0.3438 -0.5993 0.7230
vn 0.0149 0.4681 -0.8835
vn 0.0699 -0.6345 0.7698
vn -0.2832 0.9574 0.0572
vn 0.1500 -0.9858 0.0754
vn -0.9522 -0.0756 0.2961
vn -0.0000 0.9651 -0.2618
vn -0.0000 0.0914 -0.9958
vn -0.0073 -0.1688 0.9856
vn 0.0264 -0.1679 0.9855
vn -0.0387 -0.2673 0.9628
vn -0.0139 -0.1941 0.9809
vn 0.0040 -0.1941 0.9810
vn -0.0779 -0.2131 0.9739
vn 0.6494 0.7490 -0.1317
vn 0.9945 0.0170 -0.1036
vn 0.4195 -0.9077 -0.0125
vn -0.6598 -0.7484 0.0681
vn -0.6607 -0.7484 0.0577
vn -0.9968 -0.0769 -0.0216
vn 0.4307 0.8779 -0.2092
vn 0.9973 0.0067 -0.0734
vn -0.9979 -0.0639 0.0127
vn 0.9991 -0.0027 0.0434
vn -0.9946 -0.0846 -0.0598
vn 0.6451 0.7560 -0.1105
vn 0.4102 -0.9113 -0.0372
vn 0.4166 0.8992 -0.1337
vn -0.6058 -0.1370 0.7838
vn -0.6445 0.0097 0.7645
vn -0.5506 -0.0446 0.8335
vn 0.3493 -0.9369 0.0149
vn 0.6219 0.7530 0.2149
vn 0.4088 0.9051 -0.1168
vn -0.7531 -0.6340 -0.1760
vn 0.9569 -0.0566 0.2850
vn -0.9999 0.0009 -0.0101
vn 0.4981 0.8671 -0.0089
vn 0.5187 -0.8477 -0.1114
vn -0.6656 0.7463 0.0005
vn -0.4999 -0.8608 -0.0958
vn -0.4785 -0.8758 -0.0629
vn -0.5622 0.8096 0.1689
vn 0.4762 -0.8606 -0.1802
vn 0.5615 0.8252 0.0604
vn -1.0000 -0.0000 0.0008
vn 0.9981 -0.0005 -0.0619
vn -0.2735 -0.4834 -0.8316
vn 0.1296 -0.9566 0.2609
vn 0.4091 0.7631 0.5002
vn 0.2502 0.7264 0.6401
vn 0.1593 -0.9851 -0.0650
vn 0.8793 -0.0885 0.4679
vn 0.9981 -0.0018 -0.0621
vn -1.0000 0.0002 0.0008
vn 0.5267 0.8475 0.0653
vn 0.4846 -0.8560 -0.1799
vn -0.5175 0.8381 0.1726
vn -0.5122 -0.8566 -0.0615
vn 0.9981 -0.0012 -0.0620
vn 0.5427 0.8376 0.0631
vn 0.4808 -0.8581 -0.1801
vn -0.5038 -0.8616 -0.0619
vn 0.9269 -0.0688 0.3688
vn -0.3560 -0.9331 0.0506
vn 0.3006 0.9502 0.0824
vn -0.5166 0.7030 -0.4888
vn -0.9956 -0.0479 -0.0809
vn -0.6001 -0.7110 0.3665
vn 0.4360 -0.7890 0.4329
vn 0.2587 -0.8239 -0.5042
vn 0.9934 -0.1090 0.0349
vn 0.3714 0.7255 -0.5794
vn -0.9957 0.0892 -0.0242
vn 0.9969 -0.0780 0.0101
vn -0.9991 0.0095 0.0418
vn 0.9956 -0.0929 0.0138
vn -0.4592 0.8837 0.0907
vn -0.5087 -0.8609 0.0106
vn 0.4384 0.8758 -0.2017
vn 0.6464 0.1274 0.7523
vn 0.5566 -0.2952 0.7765
vn 0.5655 -0.2276 0.7927
vn -0.4911 -0.8127 -0.3134
vn -0.3421 0.6698 0.6591
vn 0.4076 0.9132 0.0029
vn 0.2222 -0.8989 -0.3776
vn -0.9836 -0.0772 0.1633
vn 0.9996 0.0283 -0.0077
vn -0.4971 0.3287 0.8030
vn -0.4994 -0.1810 -0.8472
vn 0.4993 0.2789 0.8203
vn 0.4998 -0.1985 -0.8431
vn 0.4247 -0.7840 0.4528
vn -0.3436 0.7267 -0.5949
vn -0.3883 -0.7905 0.4737
vn 0.4477 0.5241 -0.7245
vn -1.0000 -0.0016 0.0005
vn 0.9644 0.2502 -0.0855
vn -0.3071 -0.3903 -0.8679
vn -0.5176 -0.7762 -0.3601
vn 0.0759 0.8263 0.5581
vn -0.2411 0.7281 0.6417
vn -0.3357 -0.9398 -0.0641
vn -0.8982 -0.1048 0.4269
vn -0.9991 -0.0223 0.0364
vn -1.0000 0.0035 -0.0076
vn 0.0940 0.3376 -0.9366
vn -0.3424 -0.5692 0.7475
vn -0.0571 0.3381 -0.9394
vn 0.2086 -0.5569 0.8039
vn 0.9999 0.0130 -0.0014
vn -1.0000 -0.0000 -0.0003
vn 0.3055 0.3419 -0.8887
vn -0.1903 -0.5601 0.8063
vn -0.2972 0.3395 -0.8924
vn 0.0643 -0.6197 0.7822
vn -0.2686 0.9552 0.1243
vn 0.1462 -0.9856 0.0848
vn -0.9521 -0.0755 0.2963
vn -0.0075 -0.2137 0.9769
vn 0.0519 -0.2232 0.9734
vn -0.0091 -0.2020 0.9793
vn -0.0538 -0.2685 0.9618
vt 1.000000 1.000000
vt 0.833333 0.500000
vt 1.000000 0.500000
vt 0.666667 1.000000
vt 0.666667 0.500000
vt 0.500000 1.000000
vt 0.500000 0.500000
vt 0.333333 0.500000
vt 0.333333 1.000000
vt 0.166667 0.500000
vt 0.166667 1.000000
vt -0.000000 0.500000
vt 0.833333 0.500000
vt 0.833333 1.000000
vt -0.000000 1.000000
vt 0.042154 0.130000
vt 0.250000 0.010000
vt 0.457846 0.130000
vt 0.500000 0.500000
vt 0.500000 0.500000
vt 0.166667 0.500000
vt -0.000000 0.500000
vt 0.833333 0.500000
vt 0.000000 0.000000
vt 0.042154 0.370000
vt 0.457846 0.370000
vt 0.333333 0.500000
vt 0.250000 0.490000
s 0
f 670/191/1127 671/192/1127 669/193/1127
f 671/192/1128 674/194/1128 673/195/1128
f 673/195/1129 676/196/1129 675/197/1129
f 676/196/1130 677/198/1130 675/197/1130
f 678/199/1131 684/196/1131 685/199/1131
f 678/199/1132 679/200/1132 677/198/1132
f 680/201/1133 669/202/1133 679/200/1133
f 699/195/1134 694/192/1134 700/203/1134
f 686/201/1135 691/199/1135 692/201/1135
f 672/204/1136 683/194/1136 674/194/1136
f 680/201/1137 685/199/1137 686/201/1137
f 672/204/1138 681/191/1138 682/204/1138
f 674/194/1139 684/196/1139 676/196/1139
f 670/205/1140 686/201/1140 681/205/1140
f 691/206/1141 690/207/1141 689/208/1141
f 683/194/1142 690/196/1142 684/196/1142
f 682/204/1143 687/191/1143 688/204/1143
f 681/205/1144 692/201/1144 687/205/1144
f 684/196/1145 691/199/1145 685/199/1145
f 682/204/1146 689/194/1146 683/194/1146
f 701/200/1147 697/198/1147 702/198/1147
f 700/203/1148 693/193/1148 703/193/1148
f 699/195/1149 696/197/1149 695/195/1149
f 701/200/1150 693/202/1150 698/200/1150
f 702/198/1151 696/197/1151 704/209/1151
f 724/198/1152 704/209/1152 722/210/1152
f 721/211/1153 703/212/1153 701/200/1153
f 720/195/1154 704/209/1154 699/195/1154
f 725/193/1155 700/203/1155 703/193/1155
f 721/211/1156 702/198/1156 724/198/1156
f 723/213/1157 699/195/1157 700/203/1157
f 692/201/1158 687/205/1158 709/214/1158
f 691/214/1159 706/214/1159 705/214/1159
f 690/214/1160 707/214/1160 706/214/1160
f 705/214/1161 692/215/1161 691/206/1161
f 708/214/1162 687/214/1162 709/214/1162
f 708/214/1163 710/214/1163 688/214/1163
f 707/214/1164 711/214/1164 712/214/1164
f 688/216/1165 711/208/1165 689/208/1165
f 671/192/1166 717/195/1166 714/213/1166
f 679/200/1167 715/217/1167 677/198/1167
f 669/193/1168 714/213/1168 716/193/1168
f 673/195/1169 719/197/1169 717/195/1169
f 669/202/1170 718/211/1170 679/200/1170
f 677/198/1171 719/197/1171 675/197/1171
f 714/213/1172 720/195/1172 723/213/1172
f 718/211/1156 724/198/1156 715/217/1156
f 716/193/1173 723/213/1173 725/193/1173
f 717/195/1174 722/210/1174 720/195/1174
f 716/202/1175 721/211/1175 718/211/1175
f 715/217/1176 722/210/1176 719/197/1176
f 710/216/1177 727/208/1177 711/208/1177
f 712/214/1178 665/214/1178 763/214/1178
f 713/214/1179 728/214/1179 710/214/1179
f 731/192/1180 730/191/1180 729/193/1180
f 731/192/1181 734/194/1181 732/204/1181
f 733/195/1182 736/196/1182 734/194/1182
f 737/198/1183 736/196/1183 735/197/1183
f 738/199/1184 743/196/1184 736/196/1184
f 739/200/1185 738/199/1185 737/198/1185
f 729/202/1186 680/201/1186 739/200/1186
f 751/192/1187 756/195/1187 757/203/1187
f 686/201/1188 749/199/1188 744/199/1188
f 742/194/1189 732/204/1189 734/194/1189
f 680/201/1190 744/199/1190 738/199/1190
f 732/204/1191 740/191/1191 730/191/1191
f 743/196/1192 734/194/1192 736/196/1192
f 730/205/1193 686/201/1193 680/201/1193
f 749/206/1194 692/215/1194 745/218/1194
f 748/196/1195 742/194/1195 743/196/1195
f 741/204/1196 745/191/1196 740/191/1196
f 740/205/1197 692/201/1197 686/201/1197
f 749/199/1198 743/196/1198 744/199/1198
f 747/194/1199 741/204/1199 742/194/1199
f 754/198/1200 758/200/1200 759/198/1200
f 750/193/1201 757/203/1201 760/193/1201
f 756/195/1202 753/197/1202 761/209/1202
f 758/200/1203 750/202/1203 760/212/1203
f 753/197/1204 759/198/1204 761/209/1204
f 761/209/1205 774/198/1205 772/210/1205
f 771/211/1206 760/212/1206 775/202/1206
f 770/195/1207 761/209/1207 772/210/1207
f 775/193/1208 757/203/1208 773/213/1208
f 759/198/1209 771/211/1209 774/198/1209
f 773/213/1210 756/195/1210 770/195/1210
f 692/201/1211 709/214/1211 745/205/1211
f 706/214/1212 749/214/1212 705/214/1212
f 707/214/1213 748/214/1213 706/214/1213
f 705/214/1214 749/206/1214 692/215/1214
f 708/214/1215 745/214/1215 746/214/1215
f 762/214/1216 708/214/1216 746/214/1216
f 707/214/1217 763/214/1217 747/214/1217
f 763/208/1218 746/216/1218 747/208/1218
f 731/192/1219 767/195/1219 733/195/1219
f 765/217/1220 739/200/1220 737/198/1220
f 729/193/1221 764/213/1221 731/192/1221
f 733/195/1222 769/197/1222 735/197/1222
f 768/211/1223 729/202/1223 739/200/1223
f 769/197/1224 737/198/1224 735/197/1224
f 764/213/1225 770/195/1225 767/195/1225
f 774/198/1226 768/211/1226 765/217/1226
f 766/193/1227 773/213/1227 764/213/1227
f 767/195/1228 772/210/1228 769/197/1228
f 771/211/1229 766/202/1229 768/211/1229
f 772/210/1230 765/217/1230 769/197/1230
f 713/214/1231 667/214/1231 668/214/1231
f 712/214/1232 727/214/1232 726/214/1232
f 762/216/1233 665/208/1233 667/216/1233
f 752/195/1234 785/197/1234 753/197/1234
f 696/197/1235 780/198/1235 779/197/1235
f 694/192/1235 776/193/1235 693/193/1235
f 753/197/1234 786/198/1234 754/198/1234
f 697/198/1235 781/200/1235 780/198/1235
f 751/192/1234 782/193/1234 783/192/1234
f 695/195/1235 777/192/1235 694/192/1235
f 754/198/1234 787/200/1234 755/200/1234
f 693/202/1235 781/200/1235 698/200/1235
f 751/192/1234 784/195/1234 752/195/1234
f 695/195/1235 779/197/1235 778/195/1235
f 750/202/1234 787/200/1234 782/202/1234
f 728/216/1236 792/208/1236 727/208/1236
f 726/214/1237 788/214/1237 665/214/1237
f 667/216/1238 788/208/1238 789/216/1238
f 668/214/1239 789/214/1239 790/214/1239
f 668/214/1240 793/214/1240 728/214/1240
f 726/214/1241 792/214/1241 791/214/1241
f 670/191/1242 672/204/1242 671/192/1242
f 671/192/1243 672/204/1243 674/194/1243
f 673/195/1244 674/194/1244 676/196/1244
f 676/196/1245 678/199/1245 677/198/1245
f 678/199/1246 676/196/1246 684/196/1246
f 678/199/1247 680/201/1247 679/200/1247
f 680/201/1248 670/205/1248 669/202/1248
f 699/195/1249 695/195/1249 694/192/1249
f 686/201/1250 685/199/1250 691/199/1250
f 672/204/1251 682/204/1251 683/194/1251
f 680/201/1252 678/199/1252 685/199/1252
f 672/204/1253 670/191/1253 681/191/1253
f 674/194/1254 683/194/1254 684/196/1254
f 670/205/1255 680/201/1255 686/201/1255
f 689/208/1256 688/216/1256 691/206/1256
f 688/216/1257 687/218/1257 691/206/1257
f 687/218/1258 692/215/1258 691/206/1258
f 683/194/1259 689/194/1259 690/196/1259
f 682/204/1260 681/191/1260 687/191/1260
f 681/205/1261 686/201/1261 692/201/1261
f 684/196/1262 690/196/1262 691/199/1262
f 682/204/1263 688/204/1263 689/194/1263
f 701/200/1264 698/200/1264 697/198/1264
f 700/203/1265 694/192/1265 693/193/1265
f 699/195/1266 704/209/1266 696/197/1266
f 701/200/1267 703/212/1267 693/202/1267
f 702/198/1268 697/198/1268 696/197/1268
f 724/198/1269 702/198/1269 704/209/1269
f 721/211/1270 725/202/1270 703/212/1270
f 720/195/1271 722/210/1271 704/209/1271
f 725/193/1272 723/213/1272 700/203/1272
f 721/211/1273 701/200/1273 702/198/1273
f 723/213/1274 720/195/1274 699/195/1274
f 691/214/1275 690/214/1275 706/214/1275
f 690/214/1276 689/214/1276 707/214/1276
f 708/214/1277 688/214/1277 687/214/1277
f 708/214/1278 713/214/1278 710/214/1278
f 707/214/1279 689/214/1279 711/214/1279
f 688/216/1280 710/216/1280 711/208/1280
f 671/192/1281 673/195/1281 717/195/1281
f 679/200/1282 718/211/1282 715/217/1282
f 669/193/1283 671/192/1283 714/213/1283
f 673/195/1284 675/197/1284 719/197/1284
f 669/202/1285 716/202/1285 718/211/1285
f 677/198/1286 715/217/1286 719/197/1286
f 714/213/1287 717/195/1287 720/195/1287
f 718/211/1282 721/211/1282 724/198/1282
f 716/193/1288 714/213/1288 723/213/1288
f 717/195/1289 719/197/1289 722/210/1289
f 716/202/1270 725/202/1270 721/211/1270
f 715/217/1290 724/198/1290 722/210/1290
f 710/216/1291 728/216/1291 727/208/1291
f 712/214/1292 726/214/1292 665/214/1292
f 713/214/1293 668/214/1293 728/214/1293
f 731/192/1294 732/204/1294 730/191/1294
f 731/192/1295 733/195/1295 734/194/1295
f 733/195/1296 735/197/1296 736/196/1296
f 737/198/1297 738/199/1297 736/196/1297
f 738/199/1298 744/199/1298 743/196/1298
f 739/200/1299 680/201/1299 738/199/1299
f 729/202/1300 730/205/1300 680/201/1300
f 751/192/1301 752/195/1301 756/195/1301
f 686/201/1302 692/201/1302 749/199/1302
f 742/194/1303 741/204/1303 732/204/1303
f 680/201/1304 686/201/1304 744/199/1304
f 732/204/1305 741/204/1305 740/191/1305
f 743/196/1306 742/194/1306 734/194/1306
f 730/205/1307 740/205/1307 686/201/1307
f 745/218/1308 746/216/1308 749/206/1308
f 746/216/1309 747/208/1309 749/206/1309
f 747/208/1310 748/207/1310 749/206/1310
f 748/196/1311 747/194/1311 742/194/1311
f 741/204/1312 746/204/1312 745/191/1312
f 740/205/1313 745/205/1313 692/201/1313
f 749/199/1314 748/196/1314 743/196/1314
f 747/194/1315 746/204/1315 741/204/1315
f 754/198/1316 755/200/1316 758/200/1316
f 750/193/1317 751/192/1317 757/203/1317
f 756/195/1318 752/195/1318 753/197/1318
f 758/200/1319 755/200/1319 750/202/1319
f 753/197/1320 754/198/1320 759/198/1320
f 761/209/1321 759/198/1321 774/198/1321
f 771/211/1322 758/200/1322 760/212/1322
f 770/195/1323 756/195/1323 761/209/1323
f 775/193/1324 760/193/1324 757/203/1324
f 759/198/1325 758/200/1325 771/211/1325
f 773/213/1326 757/203/1326 756/195/1326
f 706/214/1327 748/214/1327 749/214/1327
f 707/214/1328 747/214/1328 748/214/1328
f 708/214/1329 709/214/1329 745/214/1329
f 762/214/1330 713/214/1330 708/214/1330
f 707/214/1331 712/214/1331 763/214/1331
f 763/208/1332 762/216/1332 746/216/1332
f 731/192/1333 764/213/1333 767/195/1333
f 765/217/1334 768/211/1334 739/200/1334
f 729/193/1335 766/193/1335 764/213/1335
f 733/195/1336 767/195/1336 769/197/1336
f 768/211/1337 766/202/1337 729/202/1337
f 769/197/1338 765/217/1338 737/198/1338
f 764/213/1339 773/213/1339 770/195/1339
f 774/198/1340 771/211/1340 768/211/1340
f 766/193/1341 775/193/1341 773/213/1341
f 767/195/1342 770/195/1342 772/210/1342
f 771/211/1343 775/202/1343 766/202/1343
f 772/210/1344 774/198/1344 765/217/1344
f 713/214/1345 762/214/1345 667/214/1345
f 712/214/1346 711/214/1346 727/214/1346
f 762/216/1347 763/208/1347 665/208/1347
f 752/195/1234 784/195/1234 785/197/1234
f 696/197/1235 697/198/1235 780/198/1235
f 694/192/1235 777/192/1235 776/193/1235
f 753/197/1234 785/197/1234 786/198/1234
f 697/198/1235 698/200/1235 781/200/1235
f 751/192/1234 750/193/1234 782/193/1234
f 695/195/1235 778/195/1235 777/192/1235
f 754/198/1234 786/198/1234 787/200/1234
f 693/202/1235 776/202/1235 781/200/1235
f 751/192/1234 783/192/1234 784/195/1234
f 695/195/1235 696/197/1235 779/197/1235
f 750/202/1234 755/200/1234 787/200/1234
f 728/216/1236 793/216/1236 792/208/1236
f 726/214/1348 791/214/1348 788/214/1348
f 667/216/1349 665/208/1349 788/208/1349
f 668/214/1350 667/214/1350 789/214/1350
f 668/214/1240 790/214/1240 793/214/1240
f 726/214/1351 727/214/1351 792/214/1351
o hair5
v 0.589199 -0.843802 14.368166
v 0.582221 0.534628 14.479477
v -0.000000 0.728348 14.629770
v 0.329380 0.661804 14.579712
v 0.656888 0.611247 14.208084
v 0.673636 0.600559 13.804490
v 0.665231 0.484393 13.370839
v 0.682761 0.241418 14.568694
v 0.737509 -0.176081 14.605687
v 0.695261 -0.577516 14.545134
v 0.682098 -0.825266 14.154913
v 0.350033 -0.931638 14.439791
v -0.000000 -1.097475 14.283975
v -0.000000 0.847083 13.302992
v -0.000000 0.953627 13.804710
v -0.000000 0.955846 14.260939
v 0.334014 0.761026 13.340679
v 0.326528 0.863453 13.808395
v 0.333922 0.862841 14.238811
v 0.893074 0.165392 13.787992
v 0.859308 0.236704 14.221725
v 0.972705 -0.140028 13.765741
v 0.934707 -0.200245 14.228179
v 0.835282 -0.672785 13.747426
v 0.874791 -0.619460 14.190652
v 0.366330 0.292516 14.778547
v -0.000000 0.328334 14.850356
v 0.395758 -0.157589 14.837726
v -0.000000 -0.147655 14.916141
v 0.377653 -0.592305 14.757140
v -0.000000 -0.755598 14.734485
v 0.933113 0.045411 13.853945
v 0.579362 -0.704929 14.219078
v 0.653018 -0.661676 14.059736
v 0.401327 -0.771505 14.266803
v -0.000000 -0.926752 14.098689
v 0.806676 -0.042310 13.780571
v 0.842930 -0.246367 12.925661
v 0.722329 -0.614566 12.739034
v 0.665599 0.398399 12.974315
v -0.000000 0.840761 12.857220
v 0.336142 0.743588 12.974462
v 0.757584 -0.664634 13.762258
v 0.722352 -0.238216 12.940492
v 0.626449 -0.606414 12.704976
v 0.899359 0.056748 13.312293
v 0.893074 0.165392 13.787992
v 0.933113 0.045411 13.853945
v 0.832809 -0.159292 12.887144
v 0.738421 0.106785 13.347352
v 0.732136 0.165998 13.823048
v 0.600419 0.240422 12.974315
v 0.772176 0.046016 13.889002
v 0.671871 -0.089993 12.922202
v -0.000000 0.682784 12.857220
v 0.369721 0.585610 12.974463
v 0.567814 0.438534 13.373385
v 0.368754 0.690587 13.331104
v -0.000000 0.706203 13.303529
v -0.589199 -0.843802 14.368166
v -0.582221 0.534628 14.479477
v -0.329380 0.661804 14.579712
v -0.656888 0.611247 14.208084
v -0.673636 0.600559 13.804490
v -0.665231 0.484393 13.370839
v -0.682762 0.241418 14.568694
v -0.737509 -0.176081 14.605687
v -0.695261 -0.577516 14.545134
v -0.682099 -0.825266 14.154913
v -0.350034 -0.931638 14.439791
v -0.334014 0.761026 13.340679
v -0.326528 0.863453 13.808395
v -0.333923 0.862841 14.238811
v -0.893074 0.165392 13.787992
v -0.859308 0.236704 14.221725
v -0.972705 -0.140028 13.765741
v -0.934707 -0.200245 14.228179
v -0.835282 -0.672785 13.747426
v -0.874791 -0.619460 14.190652
v -0.366331 0.292516 14.778547
v -0.395758 -0.157589 14.837726
v -0.377653 -0.592305 14.757140
v -0.933113 0.045411 13.853945
v -0.579363 -0.704929 14.219078
v -0.653018 -0.661676 14.059736
v -0.401327 -0.771505 14.266803
v -0.806676 -0.042310 13.780571
v -0.842930 -0.246367 12.925661
v -0.722329 -0.614566 12.739034
v -0.665599 0.398399 12.974315
v -0.336142 0.743588 12.974462
v -0.757584 -0.664634 13.762258
v -0.722352 -0.238216 12.940492
v -0.626449 -0.606414 12.704976
v -0.899359 0.056748 13.312293
v -0.893074 0.165392 13.787992
v -0.933113 0.045411 13.853945
v -0.832809 -0.159292 12.887144
v -0.738421 0.106785 13.347352
v -0.732136 0.165998 13.823048
v -0.600419 0.240422 12.974315
v -0.772176 0.046016 13.889002
v -0.671871 -0.089993 12.922202
v -0.369722 0.585610 12.974463
v -0.567814 0.438534 13.373385
v -0.368754 0.690587 13.331104
vn 0.5518 -0.1809 0.8141
vn 0.1864 -0.1866 0.9646
vn 0.6038 0.7971 0.0039
vn 0.4878 -0.7080 -0.5107
vn 0.1958 0.1404 0.9705
vn 0.2137 0.4796 0.8511
vn 0.8717 -0.1659 0.4611
vn 0.9817 0.1612 0.1017
vn 0.9872 -0.1467 0.0620
vn 0.6379 0.7407 -0.2108
vn 0.5934 0.7171 0.3657
vn 0.2623 0.8213 0.5066
vn 0.4589 -0.6113 0.6448
vn 0.8928 0.4504 -0.0045
vn 0.2489 -0.6723 0.6972
vn 0.5611 0.1458 0.8148
vn 0.2629 0.9438 -0.2004
vn 0.8823 0.4501 -0.1377
vn 0.8793 0.1584 0.4492
vn 0.7284 -0.6850 0.0175
vn 0.0886 -0.7259 -0.6820
vn 0.5492 0.4099 0.7283
vn 0.6875 -0.6854 0.2399
vn -0.7787 -0.4131 -0.4721
vn 0.8176 0.4547 0.3533
vn 0.9450 0.3263 0.0199
vn 0.9794 0.1706 0.1078
vn -0.7930 -0.4710 -0.3864
vn 0.2662 0.9639 -0.0032
vn 0.6424 0.7656 -0.0327
vn 0.2821 0.9593 -0.0136
vn -0.0505 -0.9898 0.1331
vn -0.3331 -0.4450 0.8313
vn 0.1127 0.9926 0.0447
vn -0.8890 -0.3379 -0.3091
vn -0.9625 0.2442 0.1178
vn -0.0000 -0.0000 1.0000
vn -0.1898 -0.4545 0.8703
vn 0.9937 -0.0760 -0.0820
vn -0.2609 -0.8435 0.4695
vn -0.1837 -0.5199 -0.8343
vn -0.2476 -0.9453 0.2126
vn -0.0006 -0.0001 -1.0000
vn 0.3293 -0.0000 -0.9442
vn -0.1619 0.1195 -0.9795
vn -0.9349 -0.2430 0.2588
vn -0.8140 -0.5441 0.2036
vn -0.2688 -0.9619 0.0505
vn 0.8992 0.3168 -0.3017
vn 0.5466 -0.1746 0.8190
vn 0.0662 -0.2857 0.9560
vn 0.6140 0.7893 -0.0094
vn 0.5450 -0.6166 -0.5681
vn 0.2032 0.1340 0.9699
vn 0.2247 0.4705 0.8533
vn 0.8704 -0.1617 0.4650
vn 0.9672 -0.2476 -0.0564
vn 0.5945 0.7874 -0.1629
vn 0.5362 0.7239 0.4341
vn 0.2437 0.8340 0.4951
vn 0.4262 -0.6362 0.6431
vn 0.8791 0.4760 0.0239
vn 0.1077 -0.7920 0.6010
vn 0.5630 0.1438 0.8139
vn 0.2657 0.9426 -0.2022
vn 0.8669 0.4883 -0.1001
vn 0.8813 0.1551 0.4463
vn 0.0734 -0.7426 -0.6657
vn 0.5146 0.4458 0.7324
vn 0.7076 -0.5644 0.4252
vn 0.8171 0.4050 0.4103
vn 0.2680 0.9634 -0.0047
vn 0.7155 0.6829 -0.1474
vn 0.2540 0.9662 -0.0445
vn -0.4755 -0.8450 0.2448
vn 0.0763 -0.4706 0.8791
vn 0.0682 0.9966 0.0464
vn -0.1710 -0.9000 -0.4010
vn -0.9599 0.2525 0.1221
vn 0.9766 -0.1709 -0.1305
vn -0.1792 -0.8818 0.4362
vn 0.0232 -0.9920 0.1238
vn -0.0004 0.0002 -1.0000
vn 0.3177 0.0675 -0.9458
vn -0.2135 0.0881 -0.9730
vn -0.8731 -0.4614 0.1577
vn -0.7869 -0.5926 0.1723
vn -0.0616 -0.9575 0.2817
vn 0.8661 0.4886 -0.1052
vn -0.5518 -0.1809 0.8141
vn -0.1864 -0.1866 0.9646
vn -0.6038 0.7971 0.0039
vn -0.4878 -0.7080 -0.5107
vn -0.1958 0.1404 0.9705
vn -0.2137 0.4796 0.8511
vn -0.8717 -0.1659 0.4611
vn -0.9817 0.1612 0.1017
vn -0.9872 -0.1467 0.0620
vn -0.6379 0.7407 -0.2108
vn -0.5934 0.7171 0.3657
vn -0.2623 0.8213 0.5066
vn -0.4589 -0.6113 0.6448
vn -0.8928 0.4504 -0.0045
vn -0.2489 -0.6723 0.6972
vn -0.5611 0.1458 0.8148
vn -0.2629 0.9438 -0.2004
vn -0.8823 0.4501 -0.1377
vn -0.8793 0.1584 0.4492
vn -0.7284 -0.6850 0.0175
vn -0.0886 -0.7259 -0.6820
vn -0.5492 0.4099 0.7283
vn -0.6875 -0.6854 0.2399
vn 0.7787 -0.4131 -0.4721
vn -0.8176 0.4547 0.3533
vn -0.9450 0.3263 0.0199
vn -0.9794 0.1706 0.1078
vn 0.7930 -0.4710 -0.3864
vn -0.2662 0.9639 -0.0032
vn -0.6424 0.7656 -0.0327
vn -0.2821 0.9593 -0.0136
vn 0.0505 -0.9898 0.1331
vn 0.3331 -0.4450 0.8313
vn -0.1127 0.9926 0.0447
vn 0.8890 -0.3379 -0.3091
vn 0.9625 0.2442 0.1178
vn 0.1898 -0.4545 0.8703
vn -0.9937 -0.0760 -0.0820
vn 0.2609 -0.8435 0.4695
vn 0.1837 -0.5199 -0.8343
vn 0.2476 -0.9453 0.2126
vn 0.0006 -0.0001 -1.0000
vn -0.3293 -0.0000 -0.9442
vn 0.1619 0.1195 -0.9795
vn 0.9349 -0.2430 0.2588
vn 0.8140 -0.5441 0.2036
vn 0.2688 -0.9619 0.0505
vn -0.8992 0.3168 -0.3017
vn -0.5466 -0.1746 0.8190
vn -0.0662 -0.2857 0.9560
vn -0.6140 0.7893 -0.0094
vn -0.5450 -0.6166 -0.5681
vn -0.2032 0.1340 0.9699
vn -0.2247 0.4705 0.8533
vn -0.8704 -0.1617 0.4650
vn -0.9672 -0.2476 -0.0564
vn -0.5945 0.7874 -0.1629
vn -0.5362 0.7239 0.4341
vn -0.2437 0.8340 0.4951
vn -0.4262 -0.6362 0.6431
vn -0.8791 0.4760 0.0239
vn -0.1077 -0.7920 0.6010
vn -0.5630 0.1438 0.8139
vn -0.2657 0.9426 -0.2022
vn -0.8669 0.4883 -0.1001
vn -0.8813 0.1551 0.4463
vn -0.0734 -0.7426 -0.6657
vn -0.5146 0.4458 0.7324
vn -0.7076 -0.5644 0.4252
vn -0.8171 0.4050 0.4103
vn -0.2680 0.9634 -0.0047
vn -0.7155 0.6829 -0.1474
vn -0.2540 0.9662 -0.0445
vn 0.4755 -0.8450 0.2448
vn -0.0763 -0.4706 0.8791
vn -0.0682 0.9966 0.0464
vn 0.1710 -0.9000 -0.4010
vn 0.9599 0.2525 0.1221
vn -0.9766 -0.1709 -0.1305
vn 0.1792 -0.8818 0.4362
vn -0.0232 -0.9920 0.1238
vn 0.0004 0.0002 -1.0000
vn -0.3177 0.0675 -0.9458
vn 0.2135 0.0881 -0.9730
vn 0.8731 -0.4614 0.1577
vn 0.7869 -0.5926 0.1723
vn 0.0616 -0.9575 0.2817
vn -0.8661 0.4886 -0.1052
vt 0.625000 0.625000
vt 0.687500 0.687500
vt 0.625000 0.687500
vt 0.750000 0.625000
vt 0.687500 0.625000
vt 0.500000 0.437500
vt 0.562500 0.500000
vt 0.500000 0.500000
vt 0.687500 0.750000
vt 0.750000 0.750000
vt 0.687500 0.562500
vt 0.687500 0.500000
vt 0.750000 0.562500
vt 0.562500 0.625000
vt 0.562500 0.687500
vt 0.500000 0.625000
vt 0.500000 0.593750
vt 0.437500 0.437500
vt 0.437500 0.500000
vt 0.562500 0.437500
vt 0.625000 0.500000
vt 0.625000 0.375000
vt 0.562500 0.375000
vt 0.625000 0.750000
vt 0.562500 0.562500
vt 0.500000 0.562500
vt 0.750000 0.687500
vt 0.625000 0.562500
vt 0.437500 0.375000
vt 0.500000 0.375000
vt 0.562500 0.750000
vt 0.500000 0.687500
vt 0.000000 0.000000
vt 0.437500 0.562500
vt 0.750000 0.500000
vt 0.625000 0.437500
s 0
f 802/219/1352 823/220/1352 803/221/1352
f 822/222/1353 823/220/1353 821/223/1353
f 811/224/1354 798/225/1354 799/226/1354
f 805/227/1355 829/228/1355 828/227/1355
f 819/229/1356 822/222/1356 821/223/1356
f 797/230/1357 820/231/1357 819/229/1357
f 816/232/1358 803/221/1358 818/233/1358
f 816/232/1359 815/234/1359 825/235/1359
f 818/233/1360 815/234/1360 816/232/1360
f 810/236/1361 799/226/1361 800/237/1361
f 812/238/1362 795/239/1362 798/225/1362
f 796/240/1363 812/238/1363 809/241/1363
f 823/220/1364 794/242/1364 803/221/1364
f 799/226/1365 814/243/1365 813/244/1365
f 824/245/1366 805/227/1366 823/220/1366
f 801/246/1367 821/223/1367 802/219/1367
f 811/224/1368 807/247/1368 808/248/1368
f 840/244/1369 800/237/1369 799/226/1369
f 814/243/1370 802/219/1370 816/232/1370
f 818/233/1371 804/249/1371 817/250/1371
f 794/242/1372 828/227/1372 826/242/1372
f 795/239/1373 819/229/1373 801/246/1373
f 818/233/1374 794/242/1374 804/249/1374
f 804/249/1375 826/242/1375 827/249/1375
f 795/239/1376 814/243/1376 798/225/1376
f 825/235/1377 813/244/1377 814/243/1377
f 814/243/1378 816/232/1378 825/235/1378
f 804/249/1379 794/242/1379 826/242/1379
f 808/248/1380 812/238/1380 811/224/1380
f 800/237/1381 835/236/1381 810/236/1381
f 807/247/1382 835/236/1382 834/247/1382
f 815/251/1383 837/251/1383 831/251/1383
f 832/251/1384 837/251/1384 838/251/1384
f 832/251/1385 836/251/1385 817/251/1385
f 836/251/1386 804/251/1386 827/251/1386
f 831/251/1387 817/251/1387 815/251/1387
f 813/244/1388 841/235/1388 840/244/1388
f 841/251/1389 830/251/1389 815/251/1389
f 836/251/1390 837/251/1390 830/251/1390
f 839/252/1391 847/252/1391 842/252/1391
f 840/244/1392 846/235/1392 844/244/1392
f 840/244/1393 843/252/1393 839/252/1393
f 833/237/1394 849/236/1394 835/236/1394
f 835/236/1395 848/247/1395 834/247/1395
f 845/237/1396 842/252/1396 847/252/1396
f 843/252/1397 845/237/1397 847/252/1397
f 850/251/1398 849/236/1398 845/237/1398
f 849/236/1399 852/251/1399 848/247/1399
f 833/237/1400 839/252/1400 842/252/1400
f 802/219/1401 821/223/1401 823/220/1401
f 822/222/1402 824/245/1402 823/220/1402
f 811/224/1403 812/238/1403 798/225/1403
f 805/227/1404 806/228/1404 829/228/1404
f 819/229/1405 820/231/1405 822/222/1405
f 797/230/1406 796/253/1406 820/231/1406
f 816/232/1407 802/219/1407 803/221/1407
f 818/233/1408 817/250/1408 815/234/1408
f 810/236/1409 811/224/1409 799/226/1409
f 812/238/1410 797/254/1410 795/239/1410
f 796/240/1411 797/254/1411 812/238/1411
f 823/220/1412 805/227/1412 794/242/1412
f 799/226/1413 798/225/1413 814/243/1413
f 824/245/1414 806/228/1414 805/227/1414
f 801/246/1415 819/229/1415 821/223/1415
f 811/224/1416 810/236/1416 807/247/1416
f 840/244/1417 839/252/1417 800/237/1417
f 814/243/1418 801/246/1418 802/219/1418
f 794/242/1419 805/227/1419 828/227/1419
f 795/239/1420 797/230/1420 819/229/1420
f 818/233/1421 803/221/1421 794/242/1421
f 795/239/1422 801/246/1422 814/243/1422
f 808/248/1423 809/241/1423 812/238/1423
f 800/237/1424 833/237/1424 835/236/1424
f 807/247/1425 810/236/1425 835/236/1425
f 815/251/1426 830/251/1426 837/251/1426
f 832/251/1427 831/251/1427 837/251/1427
f 832/251/1428 838/251/1428 836/251/1428
f 836/251/1429 817/251/1429 804/251/1429
f 831/251/1430 832/251/1430 817/251/1430
f 813/244/1388 825/235/1388 841/235/1388
f 836/251/1431 838/251/1431 837/251/1431
f 839/252/1432 843/252/1432 847/252/1432
f 840/244/1392 841/235/1392 846/235/1392
f 840/244/1433 844/244/1433 843/252/1433
f 833/237/1434 845/237/1434 849/236/1434
f 835/236/1435 849/236/1435 848/247/1435
f 845/237/1436 833/237/1436 842/252/1436
f 843/252/1437 850/251/1437 845/237/1437
f 850/251/1438 851/251/1438 849/236/1438
f 849/236/1439 851/251/1439 852/251/1439
f 833/237/1440 800/237/1440 839/252/1440
f 860/219/1441 861/221/1441 875/220/1441
f 822/222/1442 874/223/1442 875/220/1442
f 865/224/1443 857/226/1443 856/225/1443
f 863/227/1444 879/227/1444 829/228/1444
f 873/229/1445 874/223/1445 822/222/1445
f 855/230/1446 873/229/1446 820/231/1446
f 870/232/1447 872/233/1447 861/221/1447
f 870/232/1448 876/235/1448 869/234/1448
f 872/233/1449 870/232/1449 869/234/1449
f 864/236/1450 858/237/1450 857/226/1450
f 866/238/1451 856/225/1451 854/239/1451
f 796/240/1452 809/241/1452 866/238/1452
f 875/220/1453 861/221/1453 853/242/1453
f 857/226/1454 867/244/1454 868/243/1454
f 824/245/1455 875/220/1455 863/227/1455
f 859/246/1456 860/219/1456 874/223/1456
f 865/224/1457 808/248/1457 807/247/1457
f 889/244/1458 857/226/1458 858/237/1458
f 868/243/1459 870/232/1459 860/219/1459
f 872/233/1460 871/250/1460 862/249/1460
f 853/242/1461 877/242/1461 879/227/1461
f 854/239/1462 859/246/1462 873/229/1462
f 872/233/1463 862/249/1463 853/242/1463
f 862/249/1464 878/249/1464 877/242/1464
f 854/239/1465 856/225/1465 868/243/1465
f 876/235/1466 868/243/1466 867/244/1466
f 868/243/1467 876/235/1467 870/232/1467
f 862/249/1468 877/242/1468 853/242/1468
f 808/248/1469 865/224/1469 866/238/1469
f 858/237/1470 864/236/1470 884/236/1470
f 807/247/1471 834/247/1471 884/236/1471
f 869/251/1472 881/251/1472 886/251/1472
f 882/251/1473 887/251/1473 886/251/1473
f 882/251/1474 871/251/1474 885/251/1474
f 885/251/1475 878/251/1475 862/251/1475
f 881/251/1476 869/251/1476 871/251/1476
f 867/244/1388 889/244/1388 890/235/1388
f 890/251/1477 869/251/1477 880/251/1477
f 885/251/1478 880/251/1478 886/251/1478
f 888/252/1479 891/252/1479 896/252/1479
f 889/244/1480 893/244/1480 895/235/1480
f 889/244/1481 888/252/1481 892/252/1481
f 883/237/1482 884/236/1482 897/236/1482
f 884/236/1483 834/247/1483 848/247/1483
f 894/237/1484 896/252/1484 891/252/1484
f 892/252/1485 896/252/1485 894/237/1485
f 898/251/1486 894/237/1486 897/236/1486
f 897/236/1487 848/247/1487 852/251/1487
f 883/237/1488 891/252/1488 888/252/1488
f 860/219/1489 875/220/1489 874/223/1489
f 822/222/1490 875/220/1490 824/245/1490
f 865/224/1491 856/225/1491 866/238/1491
f 863/227/1492 829/228/1492 806/228/1492
f 873/229/1493 822/222/1493 820/231/1493
f 855/230/1494 820/231/1494 796/253/1494
f 870/232/1495 861/221/1495 860/219/1495
f 872/233/1496 869/234/1496 871/250/1496
f 864/236/1497 857/226/1497 865/224/1497
f 866/238/1498 854/239/1498 855/254/1498
f 796/240/1499 866/238/1499 855/254/1499
f 875/220/1500 853/242/1500 863/227/1500
f 857/226/1501 868/243/1501 856/225/1501
f 824/245/1502 863/227/1502 806/228/1502
f 859/246/1503 874/223/1503 873/229/1503
f 865/224/1504 807/247/1504 864/236/1504
f 889/244/1505 858/237/1505 888/252/1505
f 868/243/1506 860/219/1506 859/246/1506
f 853/242/1507 879/227/1507 863/227/1507
f 854/239/1508 873/229/1508 855/230/1508
f 872/233/1509 853/242/1509 861/221/1509
f 854/239/1510 868/243/1510 859/246/1510
f 808/248/1511 866/238/1511 809/241/1511
f 858/237/1512 884/236/1512 883/237/1512
f 807/247/1513 884/236/1513 864/236/1513
f 869/251/1514 886/251/1514 880/251/1514
f 882/251/1515 886/251/1515 881/251/1515
f 882/251/1516 885/251/1516 887/251/1516
f 885/251/1517 862/251/1517 871/251/1517
f 881/251/1518 871/251/1518 882/251/1518
f 867/244/1388 890/235/1388 876/235/1388
f 885/251/1519 886/251/1519 887/251/1519
f 888/252/1520 896/252/1520 892/252/1520
f 889/244/1480 895/235/1480 890/235/1480
f 889/244/1521 892/252/1521 893/244/1521
f 883/237/1522 897/236/1522 894/237/1522
f 884/236/1523 848/247/1523 897/236/1523
f 894/237/1524 891/252/1524 883/237/1524
f 892/252/1525 894/237/1525 898/251/1525
f 898/251/1526 897/236/1526 899/251/1526
f 897/236/1527 852/251/1527 899/251/1527
f 883/237/1528 888/252/1528 858/237/1528
l 830 846
l 800 850
l 810 851
l 807 852
l 880 895
l 858 898
l 864 899
