# Blender 5.0.0
# www.blender.org
o body
v 0.496492 -0.836496 13.330304
v 0.583336 -0.739346 14.601241
v 0.476577 0.278155 13.397562
v 0.565221 0.486406 14.636952
v 0.246627 0.341088 13.301672
v -0.000000 0.369679 13.246992
v -0.000000 0.658669 14.770597
v 0.340386 0.599495 14.726084
v 0.631619 0.554539 14.395617
v 0.646511 0.545034 14.036729
v 0.576865 0.424383 13.664949
v 0.562963 -0.631520 13.244207
v 0.591550 -0.317049 13.215504
v 0.550611 0.022594 13.286601
v 0.654626 0.225672 14.716288
v 0.703310 -0.145584 14.749183
v 0.665741 -0.502555 14.695337
v 0.654036 -0.830153 14.348338
v 0.671875 -0.892059 13.975660
v 0.600616 -0.885222 13.596167
v -0.000000 -0.970373 13.164409
v 0.267098 -0.925011 13.223470
v 0.358752 -0.817453 14.689044
v -0.000000 -0.856363 14.734232
v -0.000000 0.674132 13.618230
v -0.000000 0.858995 14.036925
v -0.000000 0.860968 14.442619
v 0.290903 0.614872 13.644182
v 0.337850 0.778809 14.040201
v 0.344425 0.778264 14.422943
v 0.749642 0.108478 13.624634
v 0.841644 0.194318 14.022057
v 0.811618 0.221480 14.407749
v 0.812126 -0.260920 13.581480
v 0.912852 -0.205321 14.002270
v 0.878665 -0.167071 14.413489
v 0.764291 -0.610047 13.584160
v 0.857600 -0.587271 13.985984
v 0.825385 -0.539852 14.380118
v 0.317045 -1.052687 13.560107
v 0.365526 -1.074153 13.844369
v 0.369003 -0.996871 14.367795
v -0.000000 -1.112858 13.582289
v -0.000000 -1.133465 13.839440
v -0.000000 -1.050112 14.387393
v -0.000000 0.004889 12.980813
v 0.255090 0.002209 13.066314
v -0.000000 -0.369841 12.865401
v 0.272938 -0.355472 12.964549
v -0.000000 -0.709899 12.931297
v 0.266506 -0.681006 13.018983
v 0.373244 0.271110 14.902895
v -0.000000 0.302961 14.966752
v 0.399412 -0.129140 14.955522
v -0.000000 -0.120306 15.025249
v 0.383312 -0.515706 14.883860
v -0.000000 -0.530811 14.948427
v -0.000000 -1.256592 13.650551
v 0.899103 0.129189 14.011399
v 0.964296 0.059744 14.032486
v 0.972883 0.157159 13.829042
v 1.038076 0.087714 13.850126
v 0.910948 0.053345 13.585901
v 0.976141 -0.016099 13.606985
v 0.775233 -0.078439 13.525116
v 0.840426 -0.147884 13.546203
v 0.701452 -0.106409 13.707473
v 0.766645 -0.175854 13.728559
v 0.763387 -0.002596 13.950617
v 0.828580 -0.072041 13.971703
v 0.000000 0.608115 10.394062
v -0.000581 0.615306 12.538462
v 0.504716 0.474076 10.208444
v 1.666337 0.534215 12.002165
v 0.598099 0.170519 10.166142
v 1.813494 0.356990 12.299127
v 0.495931 -0.153393 10.119349
v 1.634172 0.001143 12.244975
v -0.000000 -0.261992 10.255156
v -0.001457 -0.525808 12.223321
v -0.000000 0.657830 11.027120
v 0.656039 0.511756 11.020776
v 0.929051 0.139952 11.008106
v 0.654735 -0.251516 11.027756
v -0.000000 -0.421473 11.027120
v -0.002146 0.701777 12.096638
v 1.474592 0.563207 11.579703
v 1.490991 0.267775 11.468858
v 1.444250 -0.054858 11.638568
v -0.002790 -0.508913 11.880466
v -0.000000 0.515979 12.713395
v 0.553174 0.436949 12.649594
v 0.715377 0.121638 12.649747
v 0.503432 -0.186815 12.658558
v -0.000000 -0.334731 12.505780
v 1.788225 0.353506 12.314419
v 1.184178 0.545394 12.263229
v 1.001976 -0.185893 12.503026
v 0.973948 0.569860 11.544344
v 0.936482 -0.254739 11.777225
v 1.406399 0.249131 11.470476
v 2.649029 0.562967 10.196108
v 2.763044 0.431078 10.214731
v 2.644058 0.191647 10.281050
v 2.219716 0.509861 10.058090
v 2.231843 0.428627 9.974280
v 2.232805 0.154931 10.125172
v 3.354050 0.432787 8.587184
v 3.419689 0.296071 8.632314
v 3.352483 0.149651 8.698199
v 3.048045 0.405920 8.514970
v 2.994734 0.259350 8.523521
v 3.047028 0.121601 8.622613
v 3.380011 0.470437 8.488324
v 3.469374 0.301827 8.615312
v 3.398319 0.033128 8.678486
v 3.226044 0.411022 8.348255
v 3.196624 0.230264 8.404875
v 3.225630 -0.070183 8.524581
v 3.653685 0.391372 8.068734
v 3.710723 0.139839 8.155695
v 3.652951 -0.157480 8.272290
v 3.493223 0.263982 7.930830
v 3.463803 0.083224 7.987450
v 3.492809 -0.217223 8.107156
v 3.593693 0.114973 7.550880
v 3.605178 -0.068110 7.576741
v 3.594377 -0.265601 7.692543
v 3.503407 0.066102 7.633471
v 3.477280 -0.040812 7.649478
v 3.503244 -0.246936 7.747606
v 2.985451 0.141047 8.338613
v 3.017150 0.026710 8.433599
v 3.180369 0.133544 8.286187
v 3.201194 -0.121519 8.394642
v 3.038281 0.021411 8.154831
v 3.064255 -0.072277 8.232662
v 3.197995 0.015263 8.111873
v 3.215059 -0.193734 8.200740
v 3.114125 -0.104447 7.961929
v 3.125090 -0.170092 8.020693
v 3.231922 -0.099661 7.957240
v 3.241390 -0.247822 8.022962
v -0.000000 0.404501 12.843939
v 0.158780 0.287953 12.815543
v 0.252719 0.101461 12.752022
v 0.182110 -0.006844 12.752023
v -0.000000 -0.116120 12.713995
v 2.432036 0.014509 10.502321
v 2.533301 0.247091 10.477545
v 2.007252 0.222242 10.176069
v 2.055347 -0.004285 10.287030
v 2.436450 0.402454 10.446041
v 2.046878 0.372369 10.241633
v 3.014159 0.636276 9.948428
v 2.921720 0.783167 9.906414
v 2.545474 0.784768 9.768211
v 2.493000 0.641851 9.749198
v 2.530905 0.418272 9.898064
v 2.901844 0.412486 10.039610
v 0.508210 0.411892 7.457703
v 0.519509 0.686453 8.729144
v 0.863355 0.189364 7.410922
v 1.026829 0.072049 9.010529
v 0.863355 -0.089966 7.370369
v 1.028275 -0.404763 8.848519
v 0.508191 -0.283833 7.345007
v 0.513592 -0.579849 8.668761
v 0.152952 -0.067682 7.387360
v 0.144936 -0.045283 8.709864
v 0.153066 0.219161 7.434138
v 0.512164 0.730238 9.044888
v 1.018175 0.088975 9.205658
v 1.020134 -0.419398 9.040072
v 0.515757 -0.546478 8.769500
v 0.136937 0.088382 8.773287
v -0.000000 1.324617 8.746303
v 0.418974 0.814483 9.209663
v 0.879472 0.425393 9.665874
v 0.876436 -0.308993 9.516958
v 0.449170 -0.429338 9.085112
v 0.134332 0.324027 8.846202
v -0.000000 1.302307 8.915041
v 0.430883 1.008622 5.126866
v 0.691277 0.862494 5.091537
v 0.691277 0.570238 5.020875
v 0.430883 0.423958 4.985469
v 0.170489 0.569302 5.020437
v 0.170489 0.862494 5.091537
v 0.822906 0.238895 6.767301
v 0.822906 0.481532 6.813468
v 0.152560 0.439801 6.807345
v 0.152560 0.195966 6.760939
v 0.487733 0.690984 6.885133
v 0.487733 -0.072720 7.062520
v -0.000000 0.586322 8.889740
v -0.000000 0.227323 9.105596
v -0.000000 -0.050041 9.473175
v -0.000000 0.965240 9.707251
v -0.000000 1.196263 9.249705
v 0.713104 0.429361 9.970949
v 0.709689 -0.172373 9.860647
v -0.000000 -0.136455 9.875545
v -0.000000 0.628045 10.145060
v 0.430883 0.616049 3.291562
v 0.625711 0.489313 3.223231
v 0.625711 -0.135580 2.940258
v 0.430883 -0.246610 2.877532
v 0.236055 -0.046137 2.984322
v 0.236055 0.469842 3.215427
v 0.856043 0.283017 7.308387
v 0.152881 0.008723 7.280227
v 0.504509 0.501179 7.357665
v 0.856043 -0.018688 7.264320
v 0.152975 0.286636 7.325350
v 0.504493 -0.242745 7.294875
v 0.847217 0.087378 7.139970
v 0.152864 0.344937 7.189515
v 0.500029 -0.190139 7.235125
v 0.847217 0.357567 7.179334
v 0.152796 0.075491 7.145490
v 0.500040 0.542358 7.228576
v -0.000000 0.330200 13.484840
v 0.182652 0.209765 13.484840
v 0.252719 0.101461 13.484840
v 0.182110 -0.006843 13.484840
v -0.000000 -0.127186 13.429768
v -0.496493 -0.836496 13.330304
v -0.583336 -0.739346 14.601241
v -0.476577 0.278155 13.397562
v -0.565221 0.486406 14.636952
v -0.246627 0.341088 13.301672
v -0.340386 0.599495 14.726084
v -0.631619 0.554539 14.395617
v -0.646511 0.545034 14.036729
v -0.576865 0.424383 13.664949
v -0.562963 -0.631520 13.244207
v -0.591550 -0.317049 13.215504
v -0.550611 0.022594 13.286601
v -0.654626 0.225672 14.716288
v -0.703310 -0.145584 14.749183
v -0.665741 -0.502555 14.695337
v -0.654036 -0.830153 14.348338
v -0.671875 -0.892059 13.975660
v -0.600616 -0.885222 13.596167
v -0.267098 -0.925011 13.223470
v -0.358752 -0.817453 14.689044
v -0.290903 0.614872 13.644182
v -0.337850 0.778809 14.040201
v -0.344425 0.778264 14.422943
v -0.749642 0.108478 13.624634
v -0.841644 0.194318 14.022057
v -0.811618 0.221480 14.407749
v -0.812126 -0.260920 13.581480
v -0.912852 -0.205321 14.002270
v -0.878665 -0.167071 14.413489
v -0.764291 -0.610047 13.584160
v -0.857600 -0.587271 13.985984
v -0.825386 -0.539852 14.380118
v -0.317045 -1.052687 13.560107
v -0.365526 -1.074153 13.844369
v -0.369003 -0.996871 14.367795
v -0.255090 0.002209 13.066314
v -0.272938 -0.355472 12.964549
v -0.266506 -0.681006 13.018983
v -0.373244 0.271110 14.902895
v -0.399412 -0.129140 14.955522
v -0.383312 -0.515706 14.883860
v -0.899103 0.129189 14.011399
v -0.964296 0.059744 14.032486
v -0.972883 0.157159 13.829042
v -1.038076 0.087714 13.850126
v -0.910948 0.053345 13.585901
v -0.976141 -0.016099 13.606985
v -0.775233 -0.078439 13.525116
v -0.840426 -0.147884 13.546203
v -0.701452 -0.106409 13.707473
v -0.766645 -0.175854 13.728559
v -0.763387 -0.002596 13.950617
v -0.828580 -0.072041 13.971703
v -0.504526 0.476275 10.274242
v -1.703364 -0.017753 12.005925
v -0.598793 0.169840 10.231540
v -1.852859 -0.271001 12.249101
v -0.495657 -0.054294 10.167902
v -1.675800 -0.542011 12.129406
v -0.658493 0.479526 11.027287
v -0.933487 0.083050 11.002122
v -0.656934 -0.281998 11.016127
v -1.507916 0.145583 11.604858
v -1.523021 -0.119045 11.431617
v -1.476432 -0.455942 11.532299
v -0.560990 0.342505 12.652579
v -0.718558 0.056518 12.644919
v -0.507193 -0.242945 12.648638
v -1.829641 -0.259806 12.265516
v -1.203823 0.206533 12.278598
v -1.018978 -0.387737 12.458977
v -0.988944 0.382631 11.567789
v -0.952651 -0.434164 11.722734
v -1.434806 -0.093898 11.437396
v -2.599739 0.352434 10.287856
v -2.706839 0.211090 10.273332
v -2.594667 -0.029664 10.266960
v -2.174068 0.342629 10.135796
v -2.165675 0.259444 10.039212
v -2.183779 -0.023291 10.103861
v -3.261849 0.608155 8.774437
v -3.327655 0.464266 8.775681
v -3.260055 0.304327 8.787775
v -2.959386 0.605763 8.684506
v -2.907950 0.464255 8.642941
v -2.958294 0.301908 8.694299
v -3.291160 0.675804 8.694255
v -3.377887 0.475271 8.763576
v -3.308357 0.200508 8.733409
v -3.143780 0.664748 8.536103
v -3.114807 0.475362 8.529939
v -3.143470 0.152375 8.547192
v -3.582441 0.737104 8.283643
v -3.639689 0.471028 8.286944
v -3.581729 0.151911 8.298589
v -3.429491 0.661023 8.105285
v -3.400517 0.471636 8.099120
v -3.429181 0.148650 8.116374
v -3.547180 0.643119 7.702187
v -3.560333 0.461533 7.667928
v -3.547859 0.237180 7.713090
v -3.454415 0.570046 7.760633
v -3.429255 0.463676 7.740091
v -3.454342 0.236917 7.767313
v -2.907778 0.412156 8.429497
v -2.937362 0.273265 8.483669
v -3.104715 0.422243 8.385777
v -3.124981 0.145830 8.406721
v -2.969637 0.358499 8.219320
v -2.993878 0.244693 8.263708
v -3.131006 0.366765 8.183496
v -3.147613 0.140274 8.200658
v -3.054945 0.301933 7.999488
v -3.064533 0.220815 8.034281
v -3.172751 0.308111 8.001598
v -3.181788 0.146665 8.016226
v -0.158780 0.287953 12.815543
v -0.252719 0.101461 12.752022
v -0.182110 -0.006844 12.752023
v -2.434546 -0.193054 10.414006
v -2.534443 0.037100 10.448405
v -1.998566 0.080808 10.158640
v -2.050816 -0.162968 10.206782
v -2.439321 0.197915 10.457176
v -2.045225 0.217500 10.257086
v -2.892929 0.396664 10.108544
v -2.801390 0.550900 10.110934
v -2.421538 0.583827 9.968233
v -2.366174 0.446947 9.903514
v -2.410183 0.198866 9.976055
v -2.786482 0.163188 10.121105
v -0.508053 0.263441 7.199646
v -0.519458 1.962679 8.042579
v -0.866564 0.276337 7.283195
v -1.031588 2.018965 8.303213
v -0.866564 0.242951 7.437518
v -1.033048 1.619179 8.581613
v -0.508034 -0.119442 7.543710
v -0.513485 1.332515 8.651302
v -0.149427 -0.064668 7.435688
v -0.141336 1.334143 8.528490
v -0.149542 0.029516 7.308419
v -0.512044 2.012493 8.367882
v -1.022851 1.959522 8.548777
v -1.024829 1.606210 8.766343
v -0.515671 1.262638 8.750194
v -0.133260 1.172357 8.642152
v -0.417970 1.867978 8.683245
v -0.882834 0.688618 9.632935
v -0.879769 0.962251 9.368157
v -0.448453 1.017496 9.012517
v -0.130631 0.902927 8.800900
v -0.429993 -1.635266 5.884093
v -0.658826 -1.729437 5.791429
v -0.658826 -1.917778 5.606098
v -0.429993 -2.011949 5.513434
v -0.201160 -1.917778 5.606098
v -0.201160 -1.729437 5.791428
v -0.825732 -3.125757 6.931908
v -0.825732 -2.938625 7.098676
v -0.149031 -2.971577 7.071711
v -0.149031 -3.133731 6.905012
v -0.487381 -2.769770 7.265521
v -0.487381 -3.086238 7.069369
v -0.714889 0.462267 10.023295
v -0.711441 0.225980 9.858547
v -0.429993 -0.919232 4.263618
v -0.608102 -0.990733 4.157175
v -0.608102 -1.323428 3.741958
v -0.429993 -1.393458 3.644199
v -0.251883 -1.287026 3.791127
v -0.251883 -0.998836 4.147692
v -0.859182 -1.453901 7.320274
v -0.149356 -1.485347 7.326945
v -0.504316 -1.198106 7.324528
v -0.859182 -0.715433 7.328120
v -0.149450 -1.390982 7.328306
v -0.504300 -0.743574 7.447826
v -0.850273 -2.427908 7.204587
v -0.149338 -2.329846 7.298176
v -0.499794 -1.587406 7.327376
v -0.850273 -2.468015 7.303030
v -0.149269 -2.427416 7.207641
v -0.499806 -2.163277 7.369712
v -0.182652 0.209765 13.484840
v -0.252719 0.101461 13.484840
v -0.182110 -0.006843 13.484840
v 0.213411 0.998054 8.614632
v -0.199640 1.697359 8.271109
vn 0.2171 0.8930 -0.3943
vn 0.2309 0.9730 -0.0026
vn 0.2282 0.8287 0.5111
vn 0.5934 0.7171 0.3657
vn 0.6038 0.7971 0.0039
vn 0.5368 0.7678 -0.3497
vn 0.4335 0.6757 -0.5962
vn 0.2244 0.7535 -0.6180
vn 0.9488 0.1900 -0.2522
vn 0.9829 0.1719 0.0657
vn 0.9669 -0.1341 -0.2169
vn 0.9843 -0.1466 0.0981
vn 0.7198 0.4412 -0.5359
vn 0.8218 0.4872 -0.2955
vn 0.8740 0.4848 0.0339
vn 0.8176 0.4547 0.3533
vn 0.8793 0.1584 0.4492
vn 0.8717 -0.1659 0.4611
vn 0.7717 -0.4987 0.3948
vn 0.8452 -0.5193 0.1267
vn 0.8441 -0.5094 -0.1677
vn 0.7852 -0.4383 -0.4373
vn 0.8572 -0.1236 -0.4999
vn 0.8229 0.2097 -0.5281
vn 1.0000 -0.0000 -0.0000
vn 0.1564 -0.9765 0.1485
vn 0.4800 -0.7943 -0.3725
vn 0.5169 -0.8425 -0.1518
vn 0.4664 -0.8756 0.1262
vn 0.4808 -0.7739 0.4123
vn 0.1500 -0.8611 0.4857
vn 0.2261 -0.9220 -0.3144
vn 0.3148 0.2794 -0.9071
vn 0.3250 -0.1799 -0.9284
vn 0.2669 0.5681 -0.7785
vn 0.4934 0.5044 -0.7086
vn 0.5804 0.2495 -0.7751
vn 0.6137 -0.1420 -0.7766
vn 0.5175 -0.5489 -0.6564
vn 0.3026 -0.6356 -0.7102
vn 0.1733 0.1395 0.9749
vn 0.1703 -0.1865 0.9676
vn 0.5492 0.4099 0.7283
vn 0.1876 0.4801 0.8569
vn 0.1601 -0.5446 0.8233
vn 0.5064 -0.4648 0.7263
vn 0.5518 -0.1809 0.8141
vn 0.5611 0.1458 0.8148
vn 0.6237 0.6944 0.3589
vn 0.7220 0.5506 -0.4190
vn 0.3616 0.0569 -0.9306
vn -0.6237 -0.6944 -0.3589
vn 0.6532 -0.7421 0.1505
vn -0.7220 -0.5506 0.4190
vn -0.3616 -0.0569 0.9306
vn -0.6532 0.7421 -0.1505
vn 0.1313 0.9913 -0.0047
vn 0.2559 -0.9655 -0.0486
vn 0.1762 -0.9749 -0.1361
vn 0.9433 -0.2695 -0.1940
vn 0.9311 0.3126 -0.1879
vn 0.2257 0.9703 -0.0870
vn 0.2501 -0.9632 -0.0982
vn 0.6612 -0.4918 -0.5665
vn 0.6981 0.5290 -0.4826
vn 0.2092 0.9498 -0.2325
vn 0.1208 0.5927 0.7963
vn 0.1686 0.8424 0.5118
vn 0.2935 -0.1748 0.9398
vn 0.0733 -0.8262 0.5585
vn 0.2134 0.8153 0.5383
vn 0.4414 -0.3554 0.8239
vn 0.0483 0.9977 0.0465
vn 0.3599 -0.9326 -0.0266
vn 0.0876 -0.4737 -0.8763
vn 0.0710 0.3138 -0.9468
vn 0.8095 -0.2559 0.5285
vn -0.3255 -0.4708 -0.8200
vn -0.2441 0.8723 0.4236
vn 0.5060 0.4630 0.7277
vn -0.7868 0.3824 -0.4845
vn 0.2828 -0.8626 -0.4195
vn 0.8237 0.5535 0.1229
vn -0.8528 0.2846 -0.4379
vn 0.0391 -0.9780 0.2048
vn 0.9022 -0.2589 0.3449
vn -0.8964 -0.3407 -0.2835
vn 0.0968 0.9628 -0.2523
vn 0.2809 0.2837 0.9169
vn -0.9518 -0.1860 0.2438
vn -0.0756 0.9959 -0.0502
vn 0.6369 0.6499 0.4148
vn -0.4888 0.1274 -0.8630
vn -0.5078 -0.3341 0.7940
vn 0.8144 0.3458 0.4660
vn -0.8465 -0.0288 -0.5317
vn 0.1010 -0.8748 0.4738
vn 0.8866 0.0090 0.4624
vn -0.8520 -0.2627 -0.4528
vn -0.2670 0.8426 -0.4677
vn -0.9944 -0.1041 -0.0203
vn -0.6962 0.5864 -0.4141
vn 0.9691 0.1528 -0.1938
vn -0.9685 0.2189 -0.1189
vn 0.1952 -0.9675 0.1607
vn 0.9825 -0.1311 -0.1320
vn -0.9462 -0.3169 -0.0657
vn -0.1874 0.8317 -0.5227
vn 0.9865 0.0313 -0.1606
vn -0.5235 -0.7542 0.3964
vn -0.5501 -0.8181 0.1674
vn -0.5749 -0.7793 0.2491
vn 0.9947 0.0962 0.0353
vn -0.1208 0.8157 -0.5657
vn -0.2540 -0.4057 -0.8780
vn 0.9843 0.1308 0.1187
vn -0.1238 0.8081 -0.5759
vn -0.9316 -0.3473 -0.1071
vn 0.2065 -0.1346 0.9691
vn 0.1693 0.4987 0.8501
vn -0.0171 -0.6896 0.7240
vn 0.2101 0.1085 0.9716
vn -0.5153 -0.4124 -0.7513
vn -0.6229 -0.1476 -0.7683
vn 0.1285 -0.9904 0.0512
vn -0.8542 0.3803 -0.3545
vn 0.7681 0.5465 0.3338
vn -0.0019 0.9899 -0.1420
vn -0.9066 -0.0860 -0.4131
vn 0.8142 -0.4635 0.3497
vn -0.2612 0.8297 0.4933
vn -0.2332 -0.4701 -0.8512
vn 0.7700 -0.1321 0.6243
vn 0.1938 -0.8181 -0.5414
vn -0.7592 0.3516 -0.5478
vn 0.4282 0.4784 0.7667
vn 0.5039 0.8434 -0.1866
vn 0.9941 0.0156 -0.1076
vn 0.4807 -0.8553 -0.1932
vn -0.5269 -0.8299 -0.1834
vn -0.6112 -0.3689 0.7003
vn 0.9910 0.0878 -0.1006
vn -1.0000 0.0014 -0.0061
vn 0.9972 0.0139 -0.0732
vn -0.9907 -0.1348 -0.0178
vn 0.9991 -0.0111 0.0416
vn 0.7872 0.6165 -0.0186
vn 0.2102 -0.9294 0.3034
vn -0.6999 -0.0670 0.7111
vn 0.0443 -0.9335 0.3558
vn 0.7502 0.6208 -0.2277
vn 0.7370 0.6719 0.0733
vn -0.4431 -0.2695 0.8550
vn 0.9466 -0.0965 0.3076
vn -0.9992 0.0167 -0.0372
vn -0.9999 0.0019 -0.0099
vn 0.5454 0.8277 0.1319
vn 0.5004 -0.8429 -0.1976
vn -0.5000 0.8421 0.2022
vn -0.5062 -0.8418 -0.1874
vn -0.4517 -0.7523 -0.4796
vn -0.6166 0.7639 0.1901
vn 0.4432 -0.8199 -0.3623
vn 0.5505 0.7732 0.3149
vn -1.0000 0.0001 0.0007
vn 0.9980 0.0119 -0.0623
vn -0.6679 -0.7094 -0.2248
vn -0.7889 -0.3166 -0.5266
vn -0.7668 -0.5124 -0.3867
vn -0.2470 0.0342 -0.9684
vn 0.6505 0.6780 0.3423
vn 0.5130 0.8151 0.2692
vn -0.0538 -0.9763 -0.2097
vn 0.8795 -0.0981 0.4657
vn -0.0032 0.4259 -0.9048
vn 0.4420 -0.8536 0.2756
vn 0.4616 0.8675 -0.1855
vn -0.5406 0.8195 -0.1904
vn -0.6315 -0.7389 0.2351
vn 0.9993 0.0089 -0.0368
vn 0.9980 0.0092 -0.0628
vn -1.0000 0.0003 0.0008
vn 0.4893 0.6596 0.5706
vn 0.4245 -0.7376 -0.5251
vn -0.4444 0.7611 0.4724
vn -0.4854 -0.6934 -0.5325
vn 0.9980 0.0092 -0.0630
vn -1.0000 0.0002 0.0007
vn 0.4823 0.8393 0.2510
vn 0.3825 -0.6894 -0.6152
vn -0.4931 0.7993 0.3435
vn -0.4640 -0.6818 -0.5656
vn 0.2832 0.9566 0.0684
vn 0.1210 -0.9425 -0.3117
vn 0.7571 0.1441 0.6372
vn 0.8931 0.4499 -0.0000
vn 0.8377 -0.5461 -0.0000
vn 0.5488 0.8323 0.0777
vn 0.5165 -0.8562 -0.0132
vn -0.2171 0.8930 -0.3943
vn -0.2332 0.9724 -0.0047
vn -0.2282 0.8287 0.5111
vn -0.5362 0.7239 0.4341
vn -0.6140 0.7893 -0.0094
vn -0.5575 0.7416 -0.3731
vn -0.4335 0.6757 -0.5962
vn -0.2244 0.7535 -0.6180
vn -0.9486 0.1818 -0.2589
vn -0.9832 0.1706 0.0645
vn -0.9679 -0.1309 -0.2144
vn -0.9842 -0.1492 0.0957
vn -0.7191 0.4598 -0.5211
vn -0.8258 0.4724 -0.3080
vn -0.8791 0.4760 0.0239
vn -0.8176 0.4547 0.3533
vn -0.8813 0.1551 0.4463
vn -0.8704 -0.1617 0.4650
vn -0.7756 -0.4470 0.4457
vn -0.8474 -0.5145 0.1312
vn -0.8444 -0.5089 -0.1672
vn -0.7852 -0.4383 -0.4373
vn -0.8583 -0.1214 -0.4987
vn -0.8209 0.2013 -0.5345
vn -0.1488 -0.9784 0.1435
vn -0.5095 -0.7887 -0.3441
vn -0.5440 -0.8308 -0.1171
vn -0.5063 -0.8464 0.1648
vn -0.4808 -0.7739 0.4123
vn -0.1500 -0.8611 0.4857
vn -0.1482 -0.9172 -0.3699
vn -0.3082 0.2745 -0.9109
vn -0.3445 -0.1614 -0.9248
vn -0.2408 0.5577 -0.7944
vn -0.4461 0.4620 -0.7665
vn -0.5707 0.2336 -0.7872
vn -0.6232 -0.1271 -0.7717
vn -0.5828 -0.4680 -0.6643
vn -0.3026 -0.6356 -0.7102
vn -0.1783 0.1347 0.9747
vn -0.1652 -0.1814 0.9694
vn -0.5146 0.4458 0.7324
vn -0.1947 0.4737 0.8589
vn -0.1601 -0.5446 0.8233
vn -0.5064 -0.4648 0.7263
vn -0.5466 -0.1746 0.8190
vn -0.5630 0.1438 0.8139
vn -0.6237 0.6945 0.3588
vn -0.7220 0.5506 -0.4190
vn -0.3616 0.0569 -0.9306
vn 0.6237 -0.6944 -0.3589
vn -0.6532 -0.7421 0.1505
vn 0.7220 -0.5506 0.4190
vn 0.3616 -0.0569 0.9306
vn 0.6532 0.7421 -0.1505
vn -0.3512 0.9186 0.1810
vn -0.1226 -0.9911 0.0515
vn -0.3227 -0.8970 -0.3021
vn -0.7299 -0.5676 -0.3809
vn -0.9303 0.3129 -0.1916
vn -0.2606 0.9625 -0.0756
vn -0.1946 -0.9390 -0.2836
vn -0.5088 -0.4144 -0.7545
vn -0.7546 0.5464 -0.3634
vn -0.2881 0.9568 -0.0399
vn -0.4050 0.5224 0.7504
vn -0.3650 0.8786 0.3079
vn -0.2590 -0.2186 0.9408
vn 0.0208 -0.8209 0.5707
vn -0.5514 0.7238 0.4148
vn -0.2958 -0.5410 0.7873
vn -0.4645 0.8759 0.1304
vn 0.0830 -0.9899 -0.1150
vn 0.1383 -0.2660 -0.9540
vn -0.1021 0.5489 -0.8296
vn -0.8078 -0.4134 0.4202
vn 0.4053 -0.2600 -0.8764
vn 0.2282 0.8171 0.5294
vn -0.5529 0.2843 0.7833
vn 0.7984 0.5068 -0.3253
vn -0.2538 -0.7725 -0.5821
vn -0.8214 0.4828 0.3037
vn 0.8099 0.4841 -0.3311
vn 0.0544 -0.9932 -0.1031
vn -0.8810 -0.3871 0.2720
vn 0.8768 -0.2716 -0.3968
vn -0.0691 0.9965 0.0460
vn -0.2400 -0.0281 0.9704
vn 0.9579 -0.2559 0.1300
vn 0.0882 0.9584 0.2713
vn -0.2112 0.1050 0.9718
vn 0.4559 0.3994 -0.7954
vn 0.1748 -0.7920 0.5850
vn -0.7714 0.4786 0.4194
vn 0.8241 0.1439 -0.5478
vn -0.0951 -0.9810 0.1694
vn -0.8035 -0.2620 0.5345
vn 0.8294 -0.1029 -0.5491
vn 0.1322 0.9898 0.0540
vn 0.9911 -0.0930 -0.0950
vn 0.3127 0.9405 -0.1331
vn -0.9737 0.2083 -0.0927
vn 0.9818 0.1538 -0.1116
vn -0.2030 -0.9672 -0.1526
vn -0.9800 -0.1810 -0.0831
vn 0.9380 -0.2796 -0.2047
vn 0.1787 0.9559 -0.2332
vn -0.9916 0.0827 -0.0999
vn 0.5365 -0.8275 0.1658
vn 0.5861 -0.8044 -0.0968
vn 0.5728 -0.8187 -0.0408
vn -0.9910 0.0807 0.1067
vn 0.1102 0.9548 -0.2762
vn -0.0369 -0.3902 -0.9200
vn -0.9767 0.0865 0.1963
vn 0.1127 0.9508 -0.2884
vn 0.9214 -0.2950 -0.2531
vn -0.2095 -0.1359 0.9683
vn -0.2533 0.5369 0.8048
vn 0.0789 -0.6875 0.7219
vn -0.2322 0.1020 0.9673
vn 0.4950 -0.1573 -0.8545
vn 0.4607 0.2721 -0.8448
vn -0.0751 -0.9831 -0.1668
vn 0.9169 0.1807 -0.3559
vn -0.6164 0.7035 0.3537
vn -0.2595 0.9320 0.2531
vn 0.9182 0.0086 -0.3960
vn -0.7800 -0.5951 0.1934
vn 0.2506 0.7124 0.6555
vn 0.2966 -0.2309 -0.9267
vn -0.7692 -0.3721 0.5195
vn -0.2651 -0.6694 -0.6940
vn 0.7646 0.5197 -0.3812
vn -0.4707 0.2704 0.8398
vn -0.1894 0.4353 -0.8801
vn -0.9958 -0.0496 -0.0764
vn -0.4255 -0.6084 0.6699
vn 0.3153 -0.5748 0.7551
vn -0.1846 -0.8007 -0.5699
vn 0.7111 0.3163 -0.6279
vn 0.7220 0.5599 -0.4064
vn -0.9956 0.0621 -0.0697
vn 0.7802 -0.3119 -0.5423
vn -0.9982 0.0363 0.0470
vn 0.0312 0.9879 -0.1520
vn -0.3473 -0.7622 -0.5463
vn -0.5455 -0.0605 0.8359
vn -0.4870 -0.6969 -0.5265
vn 0.0484 0.9134 0.4041
vn 0.7893 0.6124 0.0452
vn -0.3416 -0.4796 -0.8083
vn -0.7606 0.3435 0.5509
vn 0.9995 0.0211 -0.0215
vn 0.9996 0.0210 -0.0204
vn -0.5718 0.6455 0.5063
vn 0.3085 -0.7881 -0.5327
vn 0.6368 0.5827 0.5050
vn -0.3676 -0.7589 -0.5375
vn -0.0711 -0.1698 0.9829
vn -0.1210 0.1657 -0.9787
vn 0.0603 -0.1689 0.9838
vn -0.1627 0.3858 -0.9081
vn -1.0000 -0.0000 -0.0007
vn 0.9995 0.0303 0.0124
vn -0.7467 -0.6341 -0.2009
vn -0.5544 -0.4289 -0.7133
vn -0.7884 -0.4911 -0.3706
vn 0.6077 0.0280 -0.7937
vn -0.2673 0.6661 0.6963
vn -0.2890 0.7690 0.5702
vn -0.5528 -0.5458 -0.6297
vn -0.6731 -0.5104 -0.5352
vn 0.0015 0.7868 -0.6172
vn -0.4603 -0.8421 -0.2810
vn -0.4752 0.8048 0.3556
vn 0.4752 0.8048 0.3556
vn 0.4649 -0.8322 -0.3022
vn -0.9995 0.0211 -0.0215
vn -1.0000 -0.0075 -0.0016
vn 1.0000 0.0001 -0.0008
vn -0.2277 -0.0218 -0.9735
vn -0.4094 -0.1409 0.9014
vn 0.2823 -0.0134 -0.9592
vn 0.3054 -0.1428 0.9415
vn 0.9964 -0.0009 0.0843
vn 1.0000 0.0011 -0.0081
vn -0.0003 0.0170 -0.9999
vn -0.3263 -0.1353 0.9355
vn -0.0148 -0.0468 -0.9988
vn 0.0423 -0.1410 0.9891
vn -0.2481 0.9563 0.1546
vn -0.3972 -0.8007 -0.4484
vn -0.7621 0.1466 0.6307
vn -0.8931 0.4499 -0.0000
vn -0.8377 -0.5461 -0.0000
vn -0.5999 0.7948 0.0921
vn -0.5165 -0.8562 -0.0132
vn -0.6143 -0.0852 -0.7844
vn -0.0449 0.5728 0.8185
vn 0.7882 0.5881 -0.1812
vn 0.7258 0.6553 0.2091
vn 0.2158 0.8929 -0.3952
vn 0.2332 0.9724 -0.0047
vn 0.2114 0.8407 0.4986
vn 0.5362 0.7239 0.4341
vn 0.6140 0.7893 -0.0094
vn 0.5575 0.7416 -0.3731
vn 0.4895 0.6746 -0.5525
vn 0.2088 0.7506 -0.6269
vn 0.9486 0.1818 -0.2589
vn 0.9832 0.1706 0.0645
vn 0.9679 -0.1309 -0.2144
vn 0.9842 -0.1492 0.0957
vn 0.7191 0.4598 -0.5211
vn 0.8258 0.4724 -0.3080
vn 0.8791 0.4760 0.0239
vn 0.8171 0.4050 0.4103
vn 0.8813 0.1551 0.4463
vn 0.8704 -0.1617 0.4650
vn 0.7756 -0.4470 0.4457
vn 0.8474 -0.5145 0.1312
vn 0.8444 -0.5089 -0.1672
vn 0.7820 -0.4824 -0.3947
vn 0.8583 -0.1214 -0.4987
vn 0.8209 0.2013 -0.5345
vn 0.1806 -0.9804 -0.0786
vn 0.1607 -0.9818 -0.1015
vn 0.1488 -0.9784 0.1435
vn 0.5095 -0.7887 -0.3441
vn 0.5440 -0.8308 -0.1171
vn 0.5063 -0.8464 0.1648
vn 0.4448 -0.7758 0.4475
vn 0.1542 -0.8626 0.4818
vn 0.1482 -0.9172 -0.3699
vn 0.3082 0.2745 -0.9109
vn 0.3445 -0.1614 -0.9248
vn 0.2408 0.5577 -0.7944
vn 0.4461 0.4620 -0.7665
vn 0.5707 0.2336 -0.7872
vn 0.6232 -0.1271 -0.7717
vn 0.5828 -0.4680 -0.6643
vn 0.2683 -0.6184 -0.7387
vn 0.1783 0.1347 0.9747
vn 0.1652 -0.1814 0.9694
vn 0.5146 0.4458 0.7324
vn 0.1947 0.4737 0.8589
vn 0.1626 -0.5423 0.8243
vn 0.4611 -0.5075 0.7279
vn 0.5466 -0.1746 0.8190
vn 0.5630 0.1438 0.8139
vn 0.6237 0.6945 0.3588
vn 0.1019 0.9763 0.1907
vn 0.3045 -0.9504 0.0627
vn 0.2466 -0.9491 -0.1961
vn 0.7677 -0.5541 -0.3219
vn 0.7689 0.5742 -0.2814
vn 0.2160 0.9734 -0.0764
vn 0.2499 -0.9633 -0.0979
vn 0.6323 -0.7363 -0.2409
vn 0.4133 0.6933 -0.5904
vn 0.1112 0.9930 -0.0406
vn 0.4753 0.2449 0.8450
vn 0.1783 0.8559 0.4854
vn 0.3235 -0.1446 0.9351
vn 0.1543 -0.8583 0.4895
vn 0.2406 0.8813 0.4067
vn 0.5170 -0.3774 0.7683
vn 0.0111 0.9995 0.0308
vn 0.3065 -0.9498 0.0624
vn -0.0460 -0.4878 -0.8718
vn -0.0939 0.3452 -0.9338
vn 0.7963 -0.2902 0.5307
vn -0.3235 -0.4577 -0.8282
vn -0.2571 0.8977 0.3579
vn 0.4519 0.4954 0.7419
vn -0.7973 0.4056 -0.4469
vn 0.2667 -0.8170 -0.5112
vn 0.8717 0.4673 0.1478
vn -0.8230 0.3606 -0.4390
vn -0.0884 -0.9775 0.1916
vn 0.8853 -0.2992 0.3560
vn -0.8576 -0.4722 -0.2037
vn -0.0225 0.9644 -0.2635
vn 0.5226 0.0617 0.8503
vn -0.9779 -0.1504 0.1453
vn -0.4995 0.8451 0.1907
vn 0.2523 0.4104 0.8763
vn -0.6771 -0.1174 -0.7265
vn -0.1508 -0.5577 0.8163
vn 0.7890 0.5770 0.2109
vn 0.0056 -0.9421 0.3354
vn 0.8252 -0.0870 0.5581
vn -0.1287 0.9559 -0.2640
vn -0.9925 -0.1225 0.0054
vn -0.3170 0.8515 -0.4177
vn 0.9809 0.0345 -0.1912
vn -0.9855 0.1240 -0.1163
vn -0.1553 -0.9849 0.0769
vn 0.9754 -0.2126 -0.0589
vn -0.1354 0.7771 -0.6147
vn 0.9827 0.0014 -0.1854
vn -0.5299 -0.7214 0.4459
vn -0.5906 -0.7838 0.1922
vn -0.0025 -0.6672 -0.7449
vn 0.9873 0.1127 0.1119
vn -0.0563 0.7954 -0.6035
vn -0.9368 -0.3069 -0.1681
vn 0.2193 -0.1231 0.9679
vn 0.5591 0.6305 0.5384
vn 0.0455 -0.3952 0.9175
vn 0.4171 -0.0977 0.9036
vn -0.5310 -0.4178 -0.7372
vn -0.4958 -0.0089 -0.8684
vn 0.0565 -0.9983 -0.0118
vn -0.9095 0.1009 -0.4034
vn 0.5837 0.7911 0.1829
vn 0.1595 0.9872 -0.0046
vn -0.8740 -0.3505 -0.3367
vn 0.8586 -0.3322 0.3905
vn -0.1749 0.8562 0.4861
vn -0.2219 -0.5662 -0.7938
vn 0.7566 -0.2039 0.6213
vn 0.2784 -0.7883 -0.5487
vn -0.7739 0.3951 -0.4950
vn 0.4194 0.4837 0.7682
vn 0.7782 0.6272 -0.0335
vn 0.9944 0.0366 -0.0989
vn 0.3852 -0.8929 -0.2331
vn -0.8230 -0.5680 0.0046
vn -0.7983 -0.5663 0.2048
vn 1.0000 -0.0032 -0.0033
vn -0.9978 0.0662 0.0074
vn 0.9973 0.0174 -0.0719
vn -0.9528 -0.0993 0.2868
vn 0.9989 -0.0109 0.0452
vn 0.7843 0.6168 -0.0673
vn 0.2748 -0.9595 -0.0616
vn -0.7250 -0.1340 0.6756
vn -0.7332 -0.0753 0.6758
vn -0.6757 -0.1437 0.7230
vn 0.0355 -0.9712 0.2355
vn 0.7666 0.6326 0.1102
vn 0.7281 0.6796 0.0899
vn -0.9164 -0.3975 -0.0458
vn 0.9392 -0.0719 0.3357
vn -0.9993 0.0089 -0.0368
vn -0.9999 0.0024 -0.0099
vn 0.4993 0.8533 0.1506
vn 0.5622 -0.8007 -0.2069
vn -0.6155 0.7719 0.1593
vn -0.4978 -0.8469 -0.1868
vn -0.4446 -0.8549 -0.2675
vn -0.4914 0.7928 0.3607
vn 0.4379 -0.7285 -0.5268
vn 0.4823 0.8389 0.2522
vn -1.0000 -0.0001 0.0008
vn 0.9981 0.0090 -0.0615
vn -0.7037 -0.4646 -0.5376
vn -0.2687 -0.8257 0.4960
vn 0.5204 0.8335 0.1856
vn 0.3468 0.7431 0.5723
vn -0.2863 -0.9299 0.2308
vn 0.8737 -0.0925 0.4776
vn -0.0057 0.4678 -0.8838
vn 0.0581 0.4118 -0.9094
vn -0.0794 0.4075 -0.9098
vn 0.4069 -0.8705 0.2769
vn 0.4886 0.8521 -0.1874
vn -0.4616 0.8675 -0.1855
vn -0.4471 -0.8601 0.2456
vn 0.9992 0.0168 -0.0372
vn 0.9980 0.0091 -0.0627
vn -1.0000 0.0002 0.0010
vn 0.4892 0.6611 0.5689
vn 0.4176 -0.6874 -0.5942
vn -0.4555 0.6557 0.6021
vn -0.4874 -0.7110 -0.5068
vn -1.0000 0.0001 0.0009
vn 0.5232 0.7529 0.3992
vn 0.3791 -0.6803 -0.6273
vn -0.5191 0.8089 0.2760
vn -0.4959 -0.7782 -0.3853
vn 0.2821 0.9563 0.0765
vn -0.0498 -0.9982 0.0320
vn 0.7198 -0.3163 0.6179
vn 0.9027 -0.0825 0.4224
vn 0.8391 0.5429 0.0335
vn 0.5999 0.7948 0.0921
vn 0.5513 -0.8343 -0.0000
vn -0.2158 0.8929 -0.3952
vn -0.2309 0.9730 -0.0026
vn -0.2114 0.8407 0.4986
vn -0.5934 0.7171 0.3657
vn -0.6038 0.7971 0.0039
vn -0.5368 0.7678 -0.3497
vn -0.4895 0.6746 -0.5525
vn -0.2088 0.7506 -0.6269
vn -0.9488 0.1900 -0.2522
vn -0.9829 0.1719 0.0657
vn -0.9669 -0.1341 -0.2169
vn -0.9843 -0.1466 0.0981
vn -0.7198 0.4412 -0.5359
vn -0.8218 0.4872 -0.2955
vn -0.8739 0.4848 0.0339
vn -0.8171 0.4050 0.4103
vn -0.8793 0.1584 0.4492
vn -0.8717 -0.1659 0.4611
vn -0.7717 -0.4987 0.3948
vn -0.8452 -0.5193 0.1267
vn -0.8441 -0.5094 -0.1677
vn -0.7820 -0.4824 -0.3947
vn -0.8572 -0.1236 -0.4999
vn -0.8229 0.2097 -0.5281
vn -0.1607 -0.9818 -0.1015
vn -0.1806 -0.9804 -0.0786
vn -0.1564 -0.9765 0.1485
vn -0.4800 -0.7943 -0.3725
vn -0.5169 -0.8425 -0.1518
vn -0.4664 -0.8756 0.1262
vn -0.4448 -0.7758 0.4475
vn -0.1542 -0.8626 0.4818
vn -0.2261 -0.9220 -0.3144
vn -0.3148 0.2794 -0.9071
vn -0.3250 -0.1799 -0.9284
vn -0.2669 0.5681 -0.7785
vn -0.4934 0.5044 -0.7086
vn -0.5804 0.2495 -0.7751
vn -0.6137 -0.1420 -0.7766
vn -0.5175 -0.5489 -0.6564
vn -0.2683 -0.6184 -0.7387
vn -0.1733 0.1395 0.9749
vn -0.1703 -0.1865 0.9676
vn -0.5492 0.4099 0.7283
vn -0.1876 0.4801 0.8569
vn -0.1626 -0.5423 0.8243
vn -0.4611 -0.5075 0.7279
vn -0.5518 -0.1809 0.8141
vn -0.5611 0.1458 0.8148
vn -0.6237 0.6944 0.3589
vn -0.3628 0.9242 0.1193
vn -0.0703 -0.9963 -0.0488
vn -0.2004 -0.9595 -0.1982
vn -0.9026 -0.3407 -0.2631
vn -0.7814 0.5595 -0.2764
vn -0.2406 0.9692 -0.0534
vn -0.0612 -0.9929 -0.1019
vn -0.3942 -0.8505 -0.3481
vn -0.6032 0.6789 -0.4187
vn -0.2613 0.9652 0.0132
vn -0.5262 0.2683 0.8069
vn -0.3068 0.8272 0.4707
vn -0.2920 -0.1945 0.9364
vn 0.0079 -0.8283 0.5603
vn -0.5753 0.7638 0.2927
vn -0.2751 -0.5352 0.7987
vn -0.4073 0.9076 0.1017
vn 0.1903 -0.9786 0.0788
vn 0.3386 -0.2748 -0.8999
vn -0.2828 0.4902 -0.8245
vn -0.8197 -0.3930 0.4167
vn 0.3921 -0.2288 -0.8910
vn 0.2235 0.7872 0.5748
vn -0.5102 0.3040 0.8045
vn 0.7892 0.4976 -0.3600
vn -0.2478 -0.7164 -0.6522
vn -0.8658 0.3986 0.3026
vn 0.8401 0.4098 -0.3554
vn -0.0366 -0.9951 -0.0923
vn -0.8933 -0.3569 0.2733
vn 0.8480 -0.3799 -0.3697
vn 0.0187 0.9992 0.0364
vn -0.4874 -0.2162 0.8460
vn 0.9806 -0.1904 0.0473
vn 0.5192 0.7373 0.4323
vn -0.6102 0.4814 0.6292
vn 0.6458 0.1233 -0.7534
vn 0.5340 -0.5737 0.6211
vn -0.7900 0.1773 0.5869
vn -0.0062 -0.9999 0.0127
vn -0.8673 -0.1401 0.4776
vn 0.2606 0.9483 -0.1810
vn 0.9900 -0.1187 -0.0766
vn 0.6878 0.6881 -0.2314
vn -0.9871 0.0957 -0.1280
vn 0.9661 0.2445 -0.0828
vn 0.1436 -0.9569 -0.2523
vn -0.9888 -0.0803 -0.1255
vn 0.1223 0.9340 -0.3356
vn -0.9891 0.0624 -0.1331
vn 0.5276 -0.8425 0.1087
vn 0.5441 -0.8289 -0.1296
vn 0.2129 -0.1000 -0.9719
vn -0.9803 0.0716 0.1841
vn 0.0441 0.9478 -0.3157
vn 0.9247 -0.2371 -0.2978
vn -0.2090 -0.1363 0.9684
vn -0.5591 0.6305 0.5384
vn -0.0274 -0.3690 0.9290
vn -0.3865 -0.1169 0.9148
vn 0.4788 -0.1476 -0.8654
vn 0.5896 0.1083 -0.8004
vn -0.0325 -0.9788 -0.2023
vn 0.8502 0.4662 -0.2444
vn -0.7854 0.4408 0.4346
vn -0.0188 0.9980 0.0607
vn 0.8891 -0.2644 -0.3736
vn -0.8595 -0.4172 0.2953
vn 0.1754 0.7484 0.6396
vn 0.3101 -0.3171 -0.8963
vn -0.7889 -0.3319 0.5172
vn -0.1948 -0.7075 -0.6793
vn 0.7551 0.5038 -0.4196
vn -0.4745 0.2686 0.8383
vn -0.3673 0.4437 -0.8175
vn -0.9945 -0.1020 -0.0221
vn -0.6477 -0.4636 0.6046
vn 0.2539 -0.5964 0.7615
vn -0.3448 -0.5511 -0.7599
vn 0.5115 0.4410 -0.7375
vn -0.4594 0.8690 -0.1836
vn -0.9957 0.0650 -0.0661
vn 0.9530 -0.3004 -0.0397
vn -0.9985 0.0323 0.0433
vn -0.0172 0.9716 0.2358
vn -0.5598 -0.8280 -0.0332
vn 0.6738 0.2838 0.6822
vn -0.5154 -0.5929 -0.6187
vn -0.5972 -0.2478 -0.7628
vn -0.4204 -0.6683 -0.6137
vn -0.0723 0.6427 0.7627
vn 0.7854 0.6136 0.0811
vn -0.5631 -0.6708 -0.4826
vn -0.5634 -0.5712 -0.5969
vn 0.9995 0.0242 -0.0195
vn 0.9996 0.0205 -0.0208
vn -0.4987 0.6671 0.5534
vn -0.5000 -0.6079 -0.6168
vn 0.4999 0.6317 0.5925
vn 0.5000 -0.6221 -0.6025
vn 0.3644 -0.3667 0.8560
vn -0.3234 0.3148 -0.8924
vn -0.3160 -0.3549 0.8799
vn 0.3689 0.1647 -0.9148
vn -1.0000 -0.0007 0.0007
vn 0.9885 0.1005 -0.1128
vn -0.6029 -0.4219 -0.6771
vn -0.5064 -0.5121 -0.6937
vn 0.6358 0.6890 0.3479
vn -0.2764 0.7614 0.5864
vn -0.4422 -0.8769 -0.1883
vn -0.9364 -0.2098 0.2813
vn 0.0039 0.8271 -0.5620
vn 0.0537 0.7766 -0.6277
vn -0.0363 0.7799 -0.6249
vn -0.4790 -0.8334 -0.2757
vn -0.5179 0.7854 0.3390
vn 0.5537 0.7672 0.3239
vn 0.6370 -0.7318 -0.2421
vn -0.9995 0.0243 -0.0195
vn -0.9913 -0.0014 0.1319
vn -0.9995 -0.0005 -0.0329
vn 0.0730 -0.0847 -0.9937
vn -0.3255 -0.1097 0.9392
vn -0.0357 -0.0852 -0.9957
vn 0.1772 -0.0751 0.9813
vn 1.0000 0.0087 0.0036
vn -1.0000 -0.0001 -0.0007
vn 0.2240 -0.0445 -0.9736
vn -0.1721 -0.0718 0.9825
vn -0.1855 0.0315 -0.9821
vn 0.0378 -0.1255 0.9914
vn -0.2691 0.9600 0.0768
vn -0.3241 -0.8982 -0.2970
vn -0.9470 -0.1930 0.2569
vn -0.8691 -0.4550 0.1940
vn -0.8391 0.5429 0.0335
vn -0.5488 0.8323 0.0777
vn -0.5513 -0.8343 -0.0000
vn -0.9753 0.0443 -0.2163
vn 0.7750 -0.2965 -0.5581
vn 0.7254 0.6839 -0.0780
vn 0.6850 0.7176 -0.1255
vt 0.500000 0.375000
vt 0.437500 0.437500
vt 0.437500 0.375000
vt 0.562500 0.437500
vt 0.500000 0.437500
vt 0.625000 0.375000
vt 0.562500 0.375000
vt 0.625000 0.500000
vt 0.562500 0.500000
vt 0.500000 0.500000
vt 0.437500 0.500000
vt 0.375000 0.500000
vt 0.375000 0.437500
vt 0.375000 0.375000
vt 0.437500 0.562500
vt 0.500000 0.625000
vt 0.437500 0.625000
vt 0.500000 0.562500
vt 0.562500 0.625000
vt 0.500000 0.687500
vt 0.437500 0.687500
vt 0.562500 0.687500
vt 0.375000 0.562500
vt 0.562500 0.562500
vt 0.625000 0.625000
vt 0.625000 0.687500
vt 0.625000 0.750000
vt 0.562500 0.750000
vt 0.500000 0.750000
vt 0.437500 0.750000
vt 0.375000 0.750000
vt 0.375000 0.687500
vt 0.375000 0.625000
vt 0.500000 0.875000
vt 0.468750 0.875000
vt 0.437500 0.875000
vt 0.500000 0.812500
vt 0.562500 0.875000
vt 0.437500 0.812500
vt 0.375000 0.812500
vt 0.562500 0.812500
vt 0.625000 0.812500
vt 0.375000 0.875000
vt 0.250000 0.562500
vt 0.312500 0.625000
vt 0.250000 0.625000
vt 0.312500 0.687500
vt 0.250000 0.687500
vt 0.250000 0.500000
vt 0.312500 0.562500
vt 0.312500 0.500000
vt 0.312500 0.750000
vt 0.250000 0.750000
vt 0.687500 0.562500
vt 0.750000 0.625000
vt 0.687500 0.625000
vt 0.750000 0.687500
vt 0.687500 0.687500
vt 0.625000 0.562500
vt 0.687500 0.500000
vt 0.750000 0.562500
vt 0.687500 0.750000
vt 1.000000 0.500000
vt 0.833333 1.000000
vt 0.833333 0.500000
vt 0.666667 1.000000
vt 0.666667 0.500000
vt 0.500000 1.000000
vt 0.500000 0.500000
vt 0.333333 0.500000
vt 0.042154 0.130000
vt 0.250000 0.010000
vt 0.457846 0.130000
vt 0.333333 1.000000
vt 0.166667 0.500000
vt 0.166667 1.000000
vt -0.000000 0.500000
vt 0.542154 0.130000
vt 0.542154 0.370000
vt 0.957846 0.370000
vt 1.000000 0.828637
vt 0.875000 1.000000
vt 0.875000 0.828637
vt 0.625000 0.828637
vt 0.500000 1.000000
vt 0.500000 0.828637
vt 0.625000 0.645722
vt 0.500000 0.500000
vt 0.750000 0.500000
vt 0.875000 0.645722
vt 0.875000 0.500000
vt 0.500000 0.645722
vt 0.750000 0.828637
vt 0.750000 0.645722
vt 1.000000 0.645722
vt 0.750000 1.000000
vt 1.000000 1.000000
vt 0.625000 1.000000
vt 0.749520 0.964446
vt 0.653402 0.965669
vt 0.844587 0.863513
vt 0.844268 0.965118
vt 0.647775 0.863148
vt 0.750840 0.864057
vt 0.749520 0.964446
vt 0.750840 0.864057
vt 0.647775 0.863149
vt 0.844587 0.863513
vt 0.844267 0.965117
vt 0.653402 0.965669
vt 0.749520 0.964446
vt 0.844268 0.965117
vt 0.750840 0.864057
vt 0.653402 0.965669
vt 0.844587 0.863513
vt 0.000000 0.000000
vt 0.833333 0.500000
vt -0.000000 1.000000
vt 0.500000 0.500000
vt 0.500000 0.500000
vt 0.166667 0.500000
vt -0.000000 0.500000
vt 0.833333 0.500000
vt 0.042154 0.370000
vt 0.457846 0.370000
vt 0.750000 0.010000
vt 0.333333 0.500000
vt 0.457846 0.250000
vt 0.625000 0.437500
vt 0.750000 0.500000
vt 0.957846 0.130000
vt 0.250000 0.490000
vt 0.625000 0.875000
vt 0.750000 0.750000
vt 0.250000 0.490000
vt 0.750000 0.490000
vt 0.750000 0.490000
s 0
f 26/1/1 28/2/1 25/3/1
f 26/1/2 30/4/2 29/5/2
f 7/6/3 30/4/3 27/7/3
f 30/4/4 4/8/4 9/9/4
f 29/5/5 9/9/5 10/10/5
f 28/2/6 10/10/6 11/11/6
f 28/2/7 3/12/7 5/13/7
f 25/3/8 5/13/8 6/14/8
f 31/15/9 35/16/9 34/17/9
f 32/18/10 36/19/10 35/16/10
f 34/17/11 38/20/11 37/21/11
f 35/16/12 39/22/12 38/20/12
f 3/12/13 31/15/13 14/23/13
f 11/11/14 32/18/14 31/15/14
f 10/10/15 33/24/15 32/18/15
f 4/8/16 33/24/16 9/9/16
f 33/24/17 16/25/17 36/19/17
f 36/19/18 17/26/18 39/22/18
f 39/22/19 2/27/19 18/28/19
f 38/20/20 18/28/20 19/29/20
f 37/21/21 19/29/21 20/30/21
f 37/21/22 1/31/22 12/32/22
f 13/33/23 37/21/23 12/32/23
f 14/23/24 34/17/24 13/33/24
f 44/34/25 58/35/25 43/36/25
f 41/37/26 45/38/26 44/34/26
f 1/31/27 40/39/27 22/40/27
f 20/30/28 41/37/28 40/39/28
f 19/29/29 42/41/29 41/37/29
f 2/27/30 42/41/30 18/28/30
f 23/42/31 45/38/31 42/41/31
f 22/40/32 43/36/32 21/43/32
f 46/44/33 49/45/33 48/46/33
f 48/46/34 51/47/34 50/48/34
f 6/49/35 47/50/35 46/44/35
f 5/51/36 14/23/36 47/50/36
f 47/50/37 13/33/37 49/45/37
f 49/45/38 12/32/38 51/47/38
f 51/47/39 1/31/39 22/52/39
f 51/47/40 21/53/40 50/48/40
f 52/54/41 55/55/41 54/56/41
f 54/56/42 57/57/42 56/58/42
f 4/8/43 52/54/43 15/59/43
f 8/60/44 53/61/44 52/54/44
f 57/57/45 23/62/45 56/58/45
f 56/58/46 2/27/46 17/26/46
f 16/25/47 56/58/47 17/26/47
f 15/59/48 54/56/48 16/25/48
f 59/63/49 62/64/49 61/65/49
f 61/65/50 64/66/50 63/67/50
f 63/67/51 66/68/51 65/69/51
f 66/68/52 67/70/52 65/69/52
f 68/71/53 66/72/53 64/73/53
f 68/74/54 69/75/54 67/70/54
f 70/76/55 59/77/55 69/75/55
f 67/78/56 69/79/56 61/80/56
f 86/81/57 97/82/57 99/83/57
f 100/84/58 80/85/58 90/86/58
f 84/87/59 79/88/59 77/8/59
f 75/89/60 84/87/60 77/8/60
f 82/90/61 75/89/61 73/91/61
f 71/63/62 82/90/62 73/91/62
f 100/84/63 85/92/63 84/87/63
f 101/93/64 84/87/64 83/94/64
f 99/83/65 83/94/65 82/90/65
f 81/95/66 99/83/66 82/90/66
f 97/82/67 93/96/67 96/96/67
f 72/97/68 92/82/68 97/82/68
f 98/98/69 93/96/69 94/98/69
f 80/85/70 94/98/70 95/85/70
f 76/99/71 97/82/71 96/96/71
f 78/100/72 96/96/72 98/98/72
f 87/101/73 97/82/73 74/102/73
f 78/100/74 100/84/74 89/103/74
f 89/103/75 101/93/75 88/104/75
f 87/101/76 101/93/76 99/83/76
f 150/105/77 104/100/77 103/99/77
f 151/106/78 107/103/78 152/107/78
f 154/108/79 102/102/79 105/101/79
f 150/105/80 102/102/80 153/109/80
f 151/106/81 105/101/81 106/104/81
f 152/107/82 104/100/82 149/110/82
f 155/111/83 108/102/83 156/112/83
f 158/113/84 111/101/84 112/104/84
f 160/114/85 113/103/85 110/100/85
f 155/111/86 110/100/86 109/99/86
f 158/113/87 113/103/87 159/107/87
f 156/112/88 111/101/88 157/115/88
f 110/100/89 115/99/89 109/99/89
f 112/104/90 133/103/90 113/103/90
f 108/102/91 117/101/91 111/101/91
f 108/102/92 115/99/92 114/102/92
f 111/101/93 118/104/93 112/104/93
f 110/100/94 119/103/94 116/100/94
f 114/102/95 121/99/95 120/102/95
f 117/101/96 124/104/96 118/104/96
f 119/103/97 122/100/97 116/100/97
f 115/99/98 122/100/98 121/99/98
f 119/103/99 124/104/99 125/103/99
f 117/101/100 120/102/100 123/101/100
f 124/104/101 131/103/101 125/103/101
f 123/101/102 126/102/102 129/101/102
f 121/99/103 126/102/103 120/102/103
f 124/104/104 129/101/104 130/104/104
f 125/103/105 128/100/105 122/100/105
f 121/99/106 128/100/106 127/99/106
f 132/104/107 137/103/107 133/103/107
f 118/104/108 132/104/108 112/104/108
f 119/103/109 134/104/109 118/104/109
f 119/103/110 133/103/110 135/103/110
f 139/103/111 141/103/111 143/103/111
f 135/103/112 137/103/112 139/103/112
f 135/103/113 138/104/113 134/104/113
f 134/104/114 136/104/114 132/104/114
f 141/103/115 142/104/115 143/103/115
f 139/103/116 142/104/116 138/104/116
f 138/104/117 140/104/117 136/104/117
f 136/104/118 141/103/118 137/103/118
f 94/98/119 146/96/119 147/98/119
f 91/97/120 145/82/120 92/82/120
f 94/98/121 148/85/121 95/85/121
f 92/82/122 146/96/122 93/96/122
f 128/100/123 130/104/123 127/99/123
f 127/99/124 129/101/124 126/102/124
f 89/103/125 149/110/125 78/100/125
f 88/104/126 154/108/126 151/106/126
f 74/102/127 150/105/127 153/109/127
f 87/101/128 153/109/128 154/108/128
f 88/104/129 152/107/129 89/103/129
f 78/100/130 150/105/130 76/99/130
f 102/102/131 157/115/131 105/101/131
f 106/104/132 159/107/132 107/103/132
f 103/99/133 160/114/133 155/111/133
f 104/100/134 159/107/134 160/114/134
f 106/104/135 157/115/135 158/113/135
f 103/99/136 156/112/136 102/102/136
f 162/97/137 163/65/137 161/63/137
f 163/65/138 166/66/138 165/67/138
f 165/67/139 168/68/139 167/69/139
f 168/68/140 169/70/140 167/69/140
f 170/74/141 175/68/141 176/74/141
f 368/74/142 369/75/142 416/116/142
f 170/74/143 171/75/143 169/70/143
f 190/67/144 185/65/144 191/117/144
f 177/76/145 182/74/145 183/76/145
f 164/64/146 174/66/146 166/66/146
f 164/64/147 172/97/147 173/64/147
f 166/66/148 175/68/148 168/68/148
f 182/71/149 181/72/149 180/73/149
f 174/66/150 181/68/150 175/68/150
f 173/64/151 178/97/151 179/64/151
f 177/76/152 178/118/152 172/118/152
f 175/68/153 182/74/153 176/74/153
f 173/64/154 180/66/154 174/66/154
f 188/70/155 210/75/155 209/70/155
f 192/75/156 188/70/156 193/70/156
f 191/117/157 184/63/157 194/63/157
f 190/67/158 187/69/158 186/67/158
f 192/75/159 184/77/159 189/75/159
f 193/70/160 187/69/160 195/119/160
f 221/70/161 195/119/161 219/120/161
f 218/121/162 194/122/162 192/75/162
f 217/67/163 195/119/163 190/67/163
f 222/63/164 191/117/164 194/63/164
f 218/121/165 193/70/165 221/70/165
f 220/123/166 190/67/166 191/117/166
f 183/76/167 178/118/167 200/116/167
f 182/116/168 197/116/168 196/116/168
f 181/116/169 198/116/169 197/116/169
f 196/116/170 183/124/170 182/71/170
f 199/116/171 178/116/171 200/116/171
f 199/116/172 201/116/172 179/116/172
f 198/116/173 202/116/173 203/116/173
f 179/125/174 202/73/174 180/73/174
f 206/80/175 208/126/175 210/79/175
f 187/69/176 207/67/176 186/67/176
f 185/65/177 205/63/177 184/63/177
f 189/75/178 205/77/178 210/75/178
f 187/69/179 209/70/179 208/69/179
f 186/67/180 206/65/180 185/65/180
f 163/65/181 214/67/181 211/123/181
f 171/75/182 212/127/182 169/70/182
f 161/63/183 211/123/183 213/63/183
f 165/67/184 216/69/184 214/67/184
f 161/77/185 215/121/185 171/75/185
f 169/70/186 216/69/186 167/69/186
f 211/123/187 217/67/187 220/123/187
f 215/121/188 221/70/188 212/127/188
f 213/63/189 220/123/189 222/63/189
f 214/67/190 219/120/190 217/67/190
f 215/121/191 222/77/191 218/121/191
f 212/127/192 219/120/192 216/69/192
f 204/116/193 73/116/193 201/116/193
f 203/116/194 77/116/194 79/116/194
f 201/125/195 73/125/195 75/128/195
f 145/82/196 225/96/196 146/96/196
f 146/96/197 226/98/197 147/98/197
f 145/82/198 223/97/198 224/82/198
f 147/98/199 227/85/199 148/85/199
f 248/2/200 26/1/200 25/3/200
f 26/1/201 250/4/201 27/7/201
f 250/4/202 7/6/202 27/7/202
f 250/4/203 231/8/203 233/129/203
f 249/5/204 234/9/204 250/4/204
f 248/2/205 235/10/205 249/5/205
f 230/12/206 248/2/206 232/13/206
f 232/13/207 25/3/207 6/14/207
f 251/15/208 255/16/208 252/18/208
f 252/18/209 256/19/209 253/24/209
f 254/17/210 258/20/210 255/16/210
f 255/16/211 259/22/211 256/19/211
f 230/12/212 251/15/212 236/11/212
f 236/11/213 252/18/213 235/10/213
f 235/10/214 253/24/214 234/9/214
f 253/24/215 231/8/215 234/9/215
f 253/24/216 241/25/216 240/59/216
f 256/19/217 242/26/217 241/25/217
f 259/22/218 229/27/218 242/26/218
f 258/20/219 243/28/219 259/22/219
f 257/21/220 244/29/220 258/20/220
f 228/31/221 257/21/221 237/32/221
f 238/33/222 257/21/222 254/17/222
f 239/23/223 254/17/223 251/15/223
f 261/37/224 45/38/224 262/41/224
f 228/31/225 260/39/225 245/30/225
f 245/30/226 261/37/226 244/29/226
f 244/29/227 262/41/227 243/28/227
f 262/41/228 229/27/228 243/28/228
f 45/38/229 247/42/229 262/41/229
f 246/40/230 43/36/230 260/39/230
f 46/44/231 264/45/231 263/50/231
f 48/46/232 265/47/232 264/45/232
f 6/49/233 263/50/233 232/51/233
f 232/51/234 239/23/234 230/12/234
f 263/50/235 238/33/235 239/23/235
f 264/45/236 237/32/236 238/33/236
f 265/47/237 228/31/237 237/32/237
f 21/53/238 265/47/238 50/48/238
f 266/54/239 55/55/239 53/61/239
f 267/56/240 57/57/240 55/55/240
f 231/8/241 266/54/241 233/60/241
f 233/60/242 53/61/242 7/130/242
f 247/62/243 57/57/243 268/58/243
f 229/27/244 268/58/244 242/26/244
f 241/25/245 268/58/245 267/56/245
f 240/59/246 267/56/246 266/54/246
f 269/63/247 272/64/247 270/97/247
f 271/65/248 274/66/248 272/64/248
f 273/67/249 276/68/249 274/66/249
f 277/70/250 276/68/250 275/69/250
f 278/71/251 280/124/251 274/73/251
f 279/75/252 278/74/252 277/70/252
f 269/77/253 280/76/253 279/75/253
f 271/80/254 277/78/254 273/131/254
f 86/81/255 297/82/255 72/97/255
f 300/84/256 80/85/256 298/98/256
f 79/88/257 289/87/257 285/8/257
f 283/89/258 289/87/258 288/94/258
f 283/89/259 287/90/259 281/91/259
f 71/63/260 287/90/260 81/95/260
f 85/92/261 300/84/261 289/87/261
f 289/87/262 301/93/262 288/94/262
f 288/94/263 299/83/263 287/90/263
f 81/95/264 299/83/264 86/81/264
f 294/96/265 297/82/265 296/96/265
f 293/82/266 72/97/266 297/82/266
f 298/98/267 294/96/267 296/96/267
f 80/85/268 295/98/268 298/98/268
f 284/99/269 297/82/269 282/102/269
f 286/100/270 296/96/270 284/99/270
f 297/82/271 290/101/271 282/102/271
f 300/84/272 286/100/272 292/103/272
f 301/93/273 292/103/273 291/104/273
f 290/101/274 301/93/274 291/104/274
f 348/105/275 304/100/275 347/110/275
f 307/103/276 349/106/276 350/107/276
f 352/108/277 302/102/277 351/109/277
f 302/102/278 348/105/278 351/109/278
f 349/106/279 305/101/279 352/108/279
f 304/100/280 350/107/280 347/110/280
f 308/102/281 353/111/281 354/112/281
f 356/113/282 311/101/282 355/115/282
f 358/114/283 313/103/283 357/107/283
f 353/111/284 310/100/284 358/114/284
f 313/103/285 356/113/285 357/107/285
f 311/101/286 354/112/286 355/115/286
f 315/99/287 310/100/287 309/99/287
f 333/103/288 312/104/288 313/103/288
f 317/101/289 308/102/289 311/101/289
f 308/102/290 315/99/290 309/99/290
f 318/104/291 311/101/291 312/104/291
f 310/100/292 319/103/292 313/103/292
f 314/102/293 321/99/293 315/99/293
f 324/104/294 317/101/294 318/104/294
f 322/100/295 319/103/295 316/100/295
f 315/99/296 322/100/296 316/100/296
f 319/103/297 324/104/297 318/104/297
f 317/101/298 320/102/298 314/102/298
f 331/103/299 324/104/299 325/103/299
f 323/101/300 326/102/300 320/102/300
f 326/102/301 321/99/301 320/102/301
f 324/104/302 329/101/302 323/101/302
f 328/100/303 325/103/303 322/100/303
f 321/99/304 328/100/304 322/100/304
f 337/103/305 332/104/305 333/103/305
f 332/104/306 318/104/306 312/104/306
f 334/104/307 319/103/307 318/104/307
f 319/103/308 333/103/308 313/103/308
f 339/103/309 341/103/309 337/103/309
f 335/103/310 337/103/310 333/103/310
f 338/104/311 335/103/311 334/104/311
f 336/104/312 334/104/312 332/104/312
f 341/103/313 342/104/313 340/104/313
f 342/104/314 339/103/314 338/104/314
f 340/104/315 338/104/315 336/104/315
f 341/103/316 336/104/316 337/103/316
f 295/98/317 345/96/317 294/96/317
f 344/82/318 91/97/318 293/82/318
f 148/85/319 295/98/319 95/85/319
f 345/96/320 293/82/320 294/96/320
f 328/100/321 330/104/321 331/103/321
f 327/99/322 329/101/322 330/104/322
f 347/110/323 292/103/323 286/100/323
f 291/104/324 352/108/324 290/101/324
f 282/102/325 348/105/325 284/99/325
f 290/101/326 351/109/326 282/102/326
f 350/107/327 291/104/327 292/103/327
f 348/105/328 286/100/328 284/99/328
f 355/115/329 302/102/329 305/101/329
f 357/107/330 306/104/330 307/103/330
f 303/99/331 358/114/331 304/100/331
f 304/100/332 357/107/332 307/103/332
f 306/104/333 355/115/333 305/101/333
f 354/112/334 303/99/334 302/102/334
f 361/65/335 360/97/335 359/63/335
f 361/65/336 364/66/336 362/64/336
f 363/67/337 366/68/337 364/66/337
f 367/70/338 366/68/338 365/69/338
f 368/74/339 373/68/339 366/68/339
f 416/116/340 359/63/340 360/97/340
f 162/97/341 171/75/341 415/116/341
f 381/65/342 386/67/342 387/117/342
f 177/76/343 379/74/343 374/74/343
f 372/66/344 362/64/344 364/66/344
f 362/64/345 370/97/345 360/97/345
f 373/68/346 364/66/346 366/68/346
f 379/71/347 183/124/347 375/132/347
f 378/68/348 372/66/348 373/68/348
f 371/64/349 375/97/349 370/97/349
f 375/118/350 177/76/350 370/118/350
f 379/74/351 373/68/351 374/74/351
f 377/66/352 371/64/352 372/66/352
f 384/70/353 399/75/353 385/75/353
f 384/70/354 388/75/354 389/70/354
f 380/63/355 387/117/355 390/63/355
f 386/67/356 383/69/356 391/119/356
f 388/75/357 380/77/357 390/122/357
f 383/69/358 389/70/358 391/119/358
f 391/119/359 410/70/359 408/120/359
f 407/121/360 390/122/360 411/77/360
f 406/67/361 391/119/361 408/120/361
f 411/63/362 387/117/362 409/123/362
f 389/70/363 407/121/363 410/70/363
f 409/123/364 386/67/364 406/67/364
f 183/76/365 200/116/365 375/118/365
f 197/116/366 379/116/366 196/116/366
f 198/116/367 378/116/367 197/116/367
f 196/116/368 379/71/368 183/124/368
f 199/116/369 375/116/369 376/116/369
f 392/116/370 199/116/370 376/116/370
f 198/116/371 393/116/371 377/116/371
f 393/73/372 376/125/372 377/73/372
f 399/79/373 397/126/373 395/80/373
f 396/67/374 383/69/374 382/67/374
f 394/63/375 381/65/375 380/63/375
f 385/75/376 394/77/376 380/77/376
f 383/69/377 398/70/377 384/70/377
f 395/65/378 382/67/378 381/65/378
f 361/65/379 403/67/379 363/67/379
f 401/127/380 369/75/380 367/70/380
f 359/63/381 400/123/381 361/65/381
f 363/67/382 405/69/382 365/69/382
f 404/121/383 359/77/383 369/75/383
f 405/69/384 367/70/384 365/69/384
f 400/123/385 406/67/385 403/67/385
f 410/70/386 404/121/386 401/127/386
f 402/63/387 409/123/387 400/123/387
f 403/67/388 408/120/388 405/69/388
f 404/121/389 411/77/389 402/77/389
f 408/120/390 401/127/390 405/69/390
f 281/116/391 204/116/391 392/116/391
f 203/116/392 285/116/392 393/116/392
f 283/128/393 281/125/393 392/125/393
f 413/96/394 344/82/394 345/96/394
f 414/98/395 345/96/395 346/98/395
f 344/82/396 223/97/396 144/97/396
f 227/85/397 346/98/397 148/85/397
f 415/116/398 176/74/398 177/76/398
f 416/116/399 374/74/399 368/74/399
f 172/118/400 415/116/400 177/76/400
f 416/116/401 370/118/401 177/76/401
f 26/1/402 29/5/402 28/2/402
f 26/1/403 27/7/403 30/4/403
f 7/6/404 8/129/404 30/4/404
f 30/4/405 8/129/405 4/8/405
f 29/5/406 30/4/406 9/9/406
f 28/2/407 29/5/407 10/10/407
f 28/2/408 11/11/408 3/12/408
f 25/3/409 28/2/409 5/13/409
f 31/15/410 32/18/410 35/16/410
f 32/18/411 33/24/411 36/19/411
f 34/17/412 35/16/412 38/20/412
f 35/16/413 36/19/413 39/22/413
f 3/12/414 11/11/414 31/15/414
f 11/11/415 10/10/415 32/18/415
f 10/10/416 9/9/416 33/24/416
f 4/8/417 15/59/417 33/24/417
f 33/24/418 15/59/418 16/25/418
f 36/19/419 16/25/419 17/26/419
f 39/22/420 17/26/420 2/27/420
f 38/20/421 39/22/421 18/28/421
f 37/21/422 38/20/422 19/29/422
f 37/21/423 20/30/423 1/31/423
f 13/33/424 34/17/424 37/21/424
f 14/23/425 31/15/425 34/17/425
f 43/36/426 40/39/426 44/34/426
f 40/39/427 41/37/427 44/34/427
f 41/37/428 42/41/428 45/38/428
f 1/31/429 20/30/429 40/39/429
f 20/30/430 19/29/430 41/37/430
f 19/29/431 18/28/431 42/41/431
f 2/27/432 23/42/432 42/41/432
f 23/42/433 24/133/433 45/38/433
f 22/40/434 40/39/434 43/36/434
f 46/44/435 47/50/435 49/45/435
f 48/46/436 49/45/436 51/47/436
f 6/49/437 5/51/437 47/50/437
f 5/51/438 3/12/438 14/23/438
f 47/50/439 14/23/439 13/33/439
f 49/45/440 13/33/440 12/32/440
f 51/47/441 12/32/441 1/31/441
f 51/47/442 22/52/442 21/53/442
f 52/54/443 53/61/443 55/55/443
f 54/56/444 55/55/444 57/57/444
f 4/8/445 8/60/445 52/54/445
f 8/60/446 7/130/446 53/61/446
f 57/57/447 24/134/447 23/62/447
f 56/58/448 23/62/448 2/27/448
f 16/25/449 54/56/449 56/58/449
f 15/59/450 52/54/450 54/56/450
f 59/63/451 60/97/451 62/64/451
f 61/65/50 62/64/50 64/66/50
f 63/67/51 64/66/51 66/68/51
f 66/68/52 68/74/52 67/70/52
f 64/73/53 62/125/53 68/71/53
f 62/125/53 60/135/53 70/124/53
f 68/71/53 62/125/53 70/124/53
f 68/74/54 70/76/54 69/75/54
f 70/76/55 60/118/55 59/77/55
f 69/79/56 59/136/56 61/80/56
f 61/80/56 63/131/56 67/78/56
f 63/131/56 65/126/56 67/78/56
f 86/81/452 72/97/452 97/82/452
f 100/84/453 98/98/453 80/85/453
f 84/87/454 85/92/454 79/88/454
f 75/89/455 83/94/455 84/87/455
f 82/90/456 83/94/456 75/89/456
f 71/63/457 81/95/457 82/90/457
f 100/84/458 90/86/458 85/92/458
f 101/93/459 100/84/459 84/87/459
f 99/83/460 101/93/460 83/94/460
f 81/95/461 86/81/461 99/83/461
f 97/82/462 92/82/462 93/96/462
f 72/97/463 91/97/463 92/82/463
f 98/98/464 96/96/464 93/96/464
f 80/85/465 98/98/465 94/98/465
f 76/99/466 74/102/466 97/82/466
f 78/100/467 76/99/467 96/96/467
f 87/101/468 99/83/468 97/82/468
f 78/100/469 98/98/469 100/84/469
f 89/103/470 100/84/470 101/93/470
f 87/101/471 88/104/471 101/93/471
f 150/105/472 149/110/472 104/100/472
f 151/106/473 106/104/473 107/103/473
f 154/108/474 153/109/474 102/102/474
f 150/105/475 103/99/475 102/102/475
f 151/106/476 154/108/476 105/101/476
f 152/107/477 107/103/477 104/100/477
f 155/111/478 109/99/478 108/102/478
f 158/113/479 157/115/479 111/101/479
f 160/114/480 159/107/480 113/103/480
f 155/111/481 160/114/481 110/100/481
f 158/113/482 112/104/482 113/103/482
f 156/112/483 108/102/483 111/101/483
f 110/100/484 116/100/484 115/99/484
f 112/104/485 132/104/485 133/103/485
f 108/102/486 114/102/486 117/101/486
f 108/102/487 109/99/487 115/99/487
f 111/101/488 117/101/488 118/104/488
f 110/100/489 113/103/489 119/103/489
f 114/102/490 115/99/490 121/99/490
f 117/101/96 123/101/96 124/104/96
f 119/103/491 125/103/491 122/100/491
f 115/99/492 116/100/492 122/100/492
f 119/103/99 118/104/99 124/104/99
f 117/101/493 114/102/493 120/102/493
f 124/104/494 130/104/494 131/103/494
f 123/101/495 120/102/495 126/102/495
f 121/99/496 127/99/496 126/102/496
f 124/104/497 123/101/497 129/101/497
f 125/103/498 131/103/498 128/100/498
f 121/99/499 122/100/499 128/100/499
f 132/104/107 136/104/107 137/103/107
f 118/104/500 134/104/500 132/104/500
f 119/103/501 135/103/501 134/104/501
f 119/103/502 113/103/502 133/103/502
f 139/103/503 137/103/503 141/103/503
f 135/103/112 133/103/112 137/103/112
f 135/103/113 139/103/113 138/104/113
f 134/104/114 138/104/114 136/104/114
f 141/103/504 140/104/504 142/104/504
f 139/103/505 143/103/505 142/104/505
f 138/104/506 142/104/506 140/104/506
f 136/104/507 140/104/507 141/103/507
f 94/98/508 93/96/508 146/96/508
f 91/97/509 144/97/509 145/82/509
f 94/98/510 147/98/510 148/85/510
f 92/82/511 145/82/511 146/96/511
f 128/100/512 131/103/512 130/104/512
f 127/99/513 130/104/513 129/101/513
f 89/103/514 152/107/514 149/110/514
f 88/104/515 87/101/515 154/108/515
f 74/102/516 76/99/516 150/105/516
f 87/101/517 74/102/517 153/109/517
f 88/104/518 151/106/518 152/107/518
f 78/100/519 149/110/519 150/105/519
f 102/102/520 156/112/520 157/115/520
f 106/104/521 158/113/521 159/107/521
f 103/99/522 104/100/522 160/114/522
f 104/100/523 107/103/523 159/107/523
f 106/104/524 105/101/524 157/115/524
f 103/99/525 155/111/525 156/112/525
f 162/97/526 164/64/526 163/65/526
f 163/65/527 164/64/527 166/66/527
f 165/67/528 166/66/528 168/68/528
f 168/68/529 170/74/529 169/70/529
f 170/74/530 168/68/530 175/68/530
f 368/74/531 367/70/531 369/75/531
f 170/74/532 415/116/532 171/75/532
f 190/67/533 186/67/533 185/65/533
f 177/76/534 176/74/534 182/74/534
f 164/64/535 173/64/535 174/66/535
f 164/64/536 162/97/536 172/97/536
f 166/66/537 174/66/537 175/68/537
f 180/73/538 179/125/538 182/71/538
f 179/125/539 178/132/539 182/71/539
f 178/132/540 183/124/540 182/71/540
f 174/66/541 180/66/541 181/68/541
f 173/64/542 172/97/542 178/97/542
f 177/76/543 183/76/543 178/118/543
f 175/68/544 181/68/544 182/74/544
f 173/64/545 179/64/545 180/66/545
f 188/70/546 189/75/546 210/75/546
f 192/75/547 189/75/547 188/70/547
f 191/117/548 185/65/548 184/63/548
f 190/67/549 195/119/549 187/69/549
f 192/75/550 194/122/550 184/77/550
f 193/70/551 188/70/551 187/69/551
f 221/70/552 193/70/552 195/119/552
f 218/121/553 222/77/553 194/122/553
f 217/67/554 219/120/554 195/119/554
f 222/63/555 220/123/555 191/117/555
f 218/121/556 192/75/556 193/70/556
f 220/123/557 217/67/557 190/67/557
f 182/116/558 181/116/558 197/116/558
f 181/116/559 180/116/559 198/116/559
f 199/116/560 179/116/560 178/116/560
f 199/116/561 204/116/561 201/116/561
f 198/116/562 180/116/562 202/116/562
f 179/125/563 201/125/563 202/73/563
f 210/79/564 205/137/564 206/80/564
f 206/80/565 207/131/565 208/126/565
f 208/126/566 209/78/566 210/79/566
f 187/69/567 208/69/567 207/67/567
f 185/65/568 206/65/568 205/63/568
f 189/75/569 184/77/569 205/77/569
f 187/69/570 188/70/570 209/70/570
f 186/67/571 207/67/571 206/65/571
f 163/65/572 165/67/572 214/67/572
f 171/75/573 215/121/573 212/127/573
f 161/63/574 163/65/574 211/123/574
f 165/67/575 167/69/575 216/69/575
f 161/77/576 213/77/576 215/121/576
f 169/70/577 212/127/577 216/69/577
f 211/123/187 214/67/187 217/67/187
f 215/121/578 218/121/578 221/70/578
f 213/63/579 211/123/579 220/123/579
f 214/67/580 216/69/580 219/120/580
f 215/121/581 213/77/581 222/77/581
f 212/127/582 221/70/582 219/120/582
f 204/116/583 71/116/583 73/116/583
f 203/116/584 202/116/584 77/116/584
f 77/73/585 202/73/585 75/128/585
f 202/73/586 201/125/586 75/128/586
f 145/82/587 224/82/587 225/96/587
f 146/96/197 225/96/197 226/98/197
f 145/82/588 144/97/588 223/97/588
f 147/98/589 226/98/589 227/85/589
f 248/2/590 249/5/590 26/1/590
f 26/1/591 249/5/591 250/4/591
f 250/4/592 233/129/592 7/6/592
f 250/4/593 234/9/593 231/8/593
f 249/5/594 235/10/594 234/9/594
f 248/2/595 236/11/595 235/10/595
f 230/12/596 236/11/596 248/2/596
f 232/13/597 248/2/597 25/3/597
f 251/15/598 254/17/598 255/16/598
f 252/18/599 255/16/599 256/19/599
f 254/17/600 257/21/600 258/20/600
f 255/16/601 258/20/601 259/22/601
f 230/12/602 239/23/602 251/15/602
f 236/11/603 251/15/603 252/18/603
f 235/10/604 252/18/604 253/24/604
f 253/24/605 240/59/605 231/8/605
f 253/24/606 256/19/606 241/25/606
f 256/19/607 259/22/607 242/26/607
f 259/22/608 243/28/608 229/27/608
f 258/20/609 244/29/609 243/28/609
f 257/21/610 245/30/610 244/29/610
f 228/31/611 245/30/611 257/21/611
f 238/33/612 237/32/612 257/21/612
f 239/23/613 238/33/613 254/17/613
f 261/37/614 260/39/614 44/34/614
f 260/39/615 43/36/615 44/34/615
f 261/37/616 44/34/616 45/38/616
f 228/31/617 246/40/617 260/39/617
f 245/30/618 260/39/618 261/37/618
f 244/29/619 261/37/619 262/41/619
f 262/41/620 247/42/620 229/27/620
f 45/38/621 24/133/621 247/42/621
f 246/40/622 21/43/622 43/36/622
f 46/44/623 48/46/623 264/45/623
f 48/46/624 50/48/624 265/47/624
f 6/49/625 46/44/625 263/50/625
f 232/51/626 263/50/626 239/23/626
f 263/50/627 264/45/627 238/33/627
f 264/45/628 265/47/628 237/32/628
f 265/47/629 246/52/629 228/31/629
f 21/53/630 246/52/630 265/47/630
f 266/54/631 267/56/631 55/55/631
f 267/56/632 268/58/632 57/57/632
f 231/8/633 240/59/633 266/54/633
f 233/60/634 266/54/634 53/61/634
f 247/62/635 24/134/635 57/57/635
f 229/27/636 247/62/636 268/58/636
f 241/25/637 242/26/637 268/58/637
f 240/59/638 241/25/638 267/56/638
f 269/63/639 271/65/639 272/64/639
f 271/65/248 273/67/248 274/66/248
f 273/67/249 275/69/249 276/68/249
f 277/70/250 278/74/250 276/68/250
f 270/135/251 272/125/251 280/124/251
f 272/125/251 274/73/251 280/124/251
f 274/73/251 276/72/251 278/71/251
f 279/75/252 280/76/252 278/74/252
f 269/77/253 270/118/253 280/76/253
f 271/80/254 269/136/254 279/79/254
f 279/79/254 277/78/254 271/80/254
f 277/78/254 275/126/254 273/131/254
f 86/81/640 299/83/640 297/82/640
f 300/84/641 90/86/641 80/85/641
f 79/88/642 85/92/642 289/87/642
f 283/89/643 285/8/643 289/87/643
f 283/89/644 288/94/644 287/90/644
f 71/63/645 281/91/645 287/90/645
f 85/92/646 90/86/646 300/84/646
f 289/87/647 300/84/647 301/93/647
f 288/94/648 301/93/648 299/83/648
f 81/95/649 287/90/649 299/83/649
f 294/96/650 293/82/650 297/82/650
f 293/82/651 91/97/651 72/97/651
f 298/98/652 295/98/652 294/96/652
f 80/85/653 95/85/653 295/98/653
f 284/99/654 296/96/654 297/82/654
f 286/100/655 298/98/655 296/96/655
f 297/82/656 299/83/656 290/101/656
f 300/84/657 298/98/657 286/100/657
f 301/93/658 300/84/658 292/103/658
f 290/101/659 299/83/659 301/93/659
f 348/105/660 303/99/660 304/100/660
f 307/103/661 306/104/661 349/106/661
f 352/108/662 305/101/662 302/102/662
f 302/102/663 303/99/663 348/105/663
f 349/106/664 306/104/664 305/101/664
f 304/100/665 307/103/665 350/107/665
f 308/102/666 309/99/666 353/111/666
f 356/113/667 312/104/667 311/101/667
f 358/114/668 310/100/668 313/103/668
f 353/111/669 309/99/669 310/100/669
f 313/103/670 312/104/670 356/113/670
f 311/101/671 308/102/671 354/112/671
f 315/99/672 316/100/672 310/100/672
f 333/103/673 332/104/673 312/104/673
f 317/101/674 314/102/674 308/102/674
f 308/102/675 314/102/675 315/99/675
f 318/104/676 317/101/676 311/101/676
f 310/100/677 316/100/677 319/103/677
f 314/102/678 320/102/678 321/99/678
f 324/104/294 323/101/294 317/101/294
f 322/100/679 325/103/679 319/103/679
f 315/99/680 321/99/680 322/100/680
f 319/103/297 325/103/297 324/104/297
f 317/101/681 323/101/681 320/102/681
f 331/103/682 330/104/682 324/104/682
f 323/101/683 329/101/683 326/102/683
f 326/102/684 327/99/684 321/99/684
f 324/104/685 330/104/685 329/101/685
f 328/100/686 331/103/686 325/103/686
f 321/99/687 327/99/687 328/100/687
f 337/103/305 336/104/305 332/104/305
f 332/104/688 334/104/688 318/104/688
f 334/104/689 335/103/689 319/103/689
f 319/103/690 335/103/690 333/103/690
f 339/103/691 343/103/691 341/103/691
f 335/103/310 339/103/310 337/103/310
f 338/104/311 339/103/311 335/103/311
f 336/104/312 338/104/312 334/104/312
f 341/103/692 343/103/692 342/104/692
f 342/104/693 343/103/693 339/103/693
f 340/104/694 342/104/694 338/104/694
f 341/103/695 340/104/695 336/104/695
f 295/98/696 346/98/696 345/96/696
f 344/82/697 144/97/697 91/97/697
f 148/85/698 346/98/698 295/98/698
f 345/96/699 344/82/699 293/82/699
f 328/100/700 327/99/700 330/104/700
f 327/99/701 326/102/701 329/101/701
f 347/110/702 350/107/702 292/103/702
f 291/104/703 349/106/703 352/108/703
f 282/102/704 351/109/704 348/105/704
f 290/101/705 352/108/705 351/109/705
f 350/107/706 349/106/706 291/104/706
f 348/105/707 347/110/707 286/100/707
f 355/115/708 354/112/708 302/102/708
f 357/107/709 356/113/709 306/104/709
f 303/99/710 353/111/710 358/114/710
f 304/100/711 358/114/711 357/107/711
f 306/104/712 356/113/712 355/115/712
f 354/112/713 353/111/713 303/99/713
f 361/65/714 362/64/714 360/97/714
f 361/65/715 363/67/715 364/66/715
f 363/67/716 365/69/716 366/68/716
f 367/70/717 368/74/717 366/68/717
f 368/74/718 374/74/718 373/68/718
f 416/116/719 369/75/719 359/63/719
f 162/97/720 161/63/720 171/75/720
f 381/65/721 382/67/721 386/67/721
f 177/76/722 183/76/722 379/74/722
f 372/66/723 371/64/723 362/64/723
f 362/64/724 371/64/724 370/97/724
f 373/68/725 372/66/725 364/66/725
f 375/132/726 376/125/726 379/71/726
f 376/125/727 377/73/727 379/71/727
f 377/73/728 378/72/728 379/71/728
f 378/68/729 377/66/729 372/66/729
f 371/64/730 376/64/730 375/97/730
f 375/118/731 183/76/731 177/76/731
f 379/74/732 378/68/732 373/68/732
f 377/66/733 376/64/733 371/64/733
f 384/70/734 398/70/734 399/75/734
f 384/70/735 385/75/735 388/75/735
f 380/63/736 381/65/736 387/117/736
f 386/67/737 382/67/737 383/69/737
f 388/75/738 385/75/738 380/77/738
f 383/69/739 384/70/739 389/70/739
f 391/119/740 389/70/740 410/70/740
f 407/121/741 388/75/741 390/122/741
f 406/67/742 386/67/742 391/119/742
f 411/63/743 390/63/743 387/117/743
f 389/70/744 388/75/744 407/121/744
f 409/123/745 387/117/745 386/67/745
f 197/116/746 378/116/746 379/116/746
f 198/116/747 377/116/747 378/116/747
f 199/116/748 200/116/748 375/116/748
f 392/116/749 204/116/749 199/116/749
f 198/116/750 203/116/750 393/116/750
f 393/73/751 392/125/751 376/125/751
f 395/80/752 394/137/752 399/79/752
f 399/79/753 398/78/753 397/126/753
f 397/126/754 396/131/754 395/80/754
f 396/67/755 397/69/755 383/69/755
f 394/63/756 395/65/756 381/65/756
f 385/75/757 399/75/757 394/77/757
f 383/69/758 397/69/758 398/70/758
f 395/65/759 396/67/759 382/67/759
f 361/65/760 400/123/760 403/67/760
f 401/127/761 404/121/761 369/75/761
f 359/63/762 402/63/762 400/123/762
f 363/67/763 403/67/763 405/69/763
f 404/121/764 402/77/764 359/77/764
f 405/69/765 401/127/765 367/70/765
f 400/123/766 409/123/766 406/67/766
f 410/70/767 407/121/767 404/121/767
f 402/63/768 411/63/768 409/123/768
f 403/67/769 406/67/769 408/120/769
f 404/121/770 407/121/770 411/77/770
f 408/120/771 410/70/771 401/127/771
f 281/116/772 71/116/772 204/116/772
f 203/116/773 79/116/773 285/116/773
f 392/125/774 393/73/774 283/128/774
f 393/73/775 285/73/775 283/128/775
f 413/96/776 412/82/776 344/82/776
f 414/98/395 413/96/395 345/96/395
f 344/82/777 412/82/777 223/97/777
f 227/85/778 414/98/778 346/98/778
f 415/116/779 170/74/779 176/74/779
f 416/116/780 177/76/780 374/74/780
f 172/118/781 162/97/781 415/116/781
f 416/116/782 360/97/782 370/118/782
o shirt1
v -0.000000 -0.247236 11.377768
v -0.025726 -0.274379 12.328549
v 0.206502 -0.279559 11.371801
v 1.000370 -0.101719 12.307125
v 0.256972 -0.410850 11.351700
v 1.088712 -0.194875 12.367846
v 0.194461 -0.537385 11.325737
v 0.911995 -0.342759 12.320209
v -0.000000 -0.590904 11.313427
v -0.003050 -0.641927 12.200150
v -0.000000 -0.262530 11.693254
v 0.297604 -0.276432 11.704839
v 0.389260 -0.394513 11.711107
v 0.274240 -0.530621 11.706117
v -0.000000 -0.600699 11.693254
v -0.024372 -0.247103 12.142237
v 0.750664 -0.168164 12.001711
v 0.829443 -0.270198 11.961354
v 0.765087 -0.406446 12.028041
v -0.003298 -0.686909 12.056326
v -0.000000 -0.288287 12.407421
v 0.192575 -0.310836 12.388477
v 0.257201 -0.412076 12.391005
v 0.230480 -0.517301 12.394793
v -0.003765 -0.598925 12.311330
v 1.076354 -0.197398 12.370829
v 0.420760 -0.246155 12.343475
v 0.466936 -0.477132 12.353556
v 0.579191 -0.208020 11.961087
v 0.510128 -0.548613 12.057758
v 0.743380 -0.297075 11.929884
v 1.158187 -0.176573 11.953135
v 1.001977 -0.248098 11.836065
v 1.148019 -0.280851 11.965758
v 1.019903 -0.192926 11.860489
v 1.003659 -0.310448 11.869833
v 1.191087 -0.220372 11.968069
v -0.000000 -0.295257 11.368637
v 0.182594 -0.317880 11.364985
v 0.218758 -0.411896 11.350722
v 0.174379 -0.502408 11.331984
v -0.000000 -0.541383 11.322557
v -0.011447 -0.337543 12.370411
v 0.167404 -0.346491 12.358356
v 0.200835 -0.421905 12.358983
v 0.192831 -0.493171 12.362566
v -0.004299 -0.554222 12.303562
v 1.230366 -0.216007 11.999731
v 0.950745 -0.370943 11.847678
v 0.978721 -0.139011 11.830121
v 1.195671 -0.318813 11.999186
v 0.966530 -0.250040 11.795748
v 1.189512 -0.114912 11.974088
v -0.208414 -0.292463 11.368185
v -1.083988 -0.679399 12.173548
v -0.259260 -0.432370 11.343698
v -1.136187 -0.811339 12.199906
v -0.195657 -0.545837 11.322042
v -0.949837 -0.837211 12.164309
v -0.303976 -0.338616 11.688501
v -0.398335 -0.491230 11.678975
v -0.279037 -0.583917 11.685544
v -0.785379 -0.535429 11.910343
v -0.867303 -0.689180 11.831618
v -0.798449 -0.790189 11.891415
v -0.313789 -0.412372 12.370119
v -0.270710 -0.483965 12.372269
v -0.238830 -0.596257 12.371089
v -1.125373 -0.806146 12.205363
v -0.705539 -0.526090 12.284117
v -0.482547 -0.669147 12.293514
v -0.603798 -0.449594 11.901548
v -0.528762 -0.768704 11.973952
v -0.775428 -0.647675 11.820304
v -1.198354 -0.717262 11.792279
v -1.040567 -0.728001 11.676914
v -1.188819 -0.815334 11.781893
v -1.058750 -0.685467 11.710816
v -1.041731 -0.787242 11.699411
v -1.231977 -0.772220 11.791965
v -0.184237 -0.328553 11.361793
v -0.220859 -0.428869 11.344523
v -0.175540 -0.510218 11.328773
v -0.243822 -0.418530 12.344542
v -0.215274 -0.470193 12.346587
v -0.201506 -0.553743 12.345095
v -1.271838 -0.775692 11.823004
v -0.987660 -0.822588 11.673962
v -1.017253 -0.617755 11.697496
v -1.237017 -0.875284 11.797663
v -1.004904 -0.720708 11.638002
v -1.229465 -0.665022 11.826189
vn -0.0396 0.9958 0.0829
vn 0.2483 -0.9247 0.2888
vn 0.2667 -0.9635 -0.0248
vn 0.8960 -0.4056 -0.1807
vn 0.8911 0.3804 -0.2473
vn 0.1558 0.9866 0.0478
vn 0.2512 -0.9433 -0.2168
vn 0.5562 -0.4442 -0.7024
vn 0.4412 0.2975 -0.8467
vn 0.0565 0.9474 -0.3150
vn -0.0640 0.3326 0.9409
vn -0.0686 0.7215 0.6890
vn 0.1732 -0.0085 0.9848
vn 0.1923 -0.9149 0.3551
vn 0.0728 0.5921 0.8026
vn 0.2227 -0.5355 0.8146
vn -0.2425 0.9701 -0.0127
vn 0.4818 -0.8748 -0.0516
vn 0.4330 -0.5529 -0.7119
vn 0.1097 0.4377 -0.8924
vn 0.5453 0.0078 -0.8382
vn 0.6013 -0.4018 -0.6906
vn 0.7489 0.0492 -0.6608
vn 0.5662 -0.0315 -0.8237
vn 0.5575 -0.0306 -0.8296
vn 0.6808 -0.3623 -0.6366
vn 0.0035 0.1868 -0.9824
vn 0.0198 0.1934 -0.9809
vn 0.0120 0.1825 -0.9831
vn 0.0243 0.1604 -0.9868
vn -0.3788 0.1540 0.9126
vn -0.4583 -0.1960 0.8669
vn -0.5734 0.1744 0.8005
vn 0.0184 -0.6528 0.7573
vn 0.8843 -0.3003 0.3575
vn -0.6942 -0.0242 -0.7194
vn -0.1199 0.9927 0.0093
vn 0.5853 0.7523 0.3026
vn -0.7580 0.2674 -0.5949
vn 0.2052 -0.9726 0.1088
vn -0.3518 0.9266 0.1331
vn 0.1089 -0.9534 0.2813
vn -0.0564 -0.9916 -0.1168
vn -0.5592 -0.7454 -0.3628
vn -0.9046 0.3668 -0.2170
vn -0.2139 0.9757 0.0473
vn -0.0343 -0.8277 -0.5601
vn -0.2072 -0.3319 -0.9203
vn -0.5740 0.6828 -0.4521
vn -0.3111 0.9491 -0.0495
vn -0.2010 0.0260 0.9792
vn -0.3377 0.8355 0.4335
vn -0.0578 -0.3339 0.9408
vn 0.1333 -0.8961 0.4233
vn -0.5537 0.3683 0.7469
vn 0.0233 -0.7468 0.6646
vn -0.3899 0.9189 0.0603
vn 0.1118 -0.9878 -0.1082
vn 0.0975 -0.4569 -0.8841
vn -0.3007 0.5567 -0.7744
vn -0.5219 0.2235 -0.8232
vn -0.4077 0.0887 -0.9088
vn -0.6939 0.2961 -0.6564
vn -0.5382 0.1674 -0.8260
vn -0.4398 -0.0264 -0.8977
vn -0.5785 -0.3568 -0.7335
vn 0.0065 0.1786 -0.9839
vn -0.0016 0.1866 -0.9824
vn -0.0004 0.1859 -0.9826
vn -0.0020 0.1731 -0.9849
vn 0.2447 0.1688 0.9548
vn 0.3519 0.2389 0.9050
vn 0.4683 0.1238 0.8749
vn 0.1517 -0.6160 0.7730
vn -0.1013 -0.9783 0.1809
vn 0.7411 0.1134 -0.6617
vn -0.3052 0.9376 0.1666
vn -0.8374 0.4047 0.3675
vn 0.6720 0.0209 -0.7402
vn 0.2018 -0.9778 -0.0565
vn -0.0672 0.9873 0.1440
vn 0.2424 -0.9344 0.2612
vn 0.2490 -0.9679 -0.0350
vn 0.7448 -0.6204 -0.2459
vn 0.7599 0.5736 -0.3058
vn 0.0475 0.9986 -0.0224
vn 0.2542 -0.9415 -0.2212
vn 0.5556 -0.7235 -0.4097
vn 0.3142 0.7726 -0.5516
vn -0.0760 0.9964 -0.0384
vn 0.1577 0.1251 0.9795
vn 0.1280 0.9830 0.1316
vn 0.0915 -0.2586 0.9616
vn 0.2139 -0.9188 0.3316
vn -0.0738 0.5114 0.8561
vn 0.3013 -0.5990 0.7419
vn -0.2271 0.9739 0.0030
vn 0.2968 -0.9174 0.2650
vn 0.2572 -0.6167 -0.7440
vn 0.1351 0.5401 -0.8307
vn 0.6034 0.1891 -0.7747
vn 0.4800 -0.1574 -0.8630
vn 0.6998 0.1400 -0.7005
vn 0.5566 -0.0005 -0.8308
vn 0.5447 -0.1761 -0.8199
vn 0.7202 -0.3153 -0.6180
vn -0.0009 0.1757 -0.9844
vn 0.0244 0.1893 -0.9816
vn 0.0126 0.1813 -0.9833
vn 0.0209 0.1578 -0.9872
vn -0.3831 0.4668 0.7971
vn -0.5165 -0.3098 0.7983
vn -0.5046 0.0998 0.8576
vn 0.0081 -0.6019 0.7985
vn 0.5206 -0.7522 0.4039
vn -0.7474 -0.1774 -0.6403
vn -0.1266 0.9857 -0.1109
vn 0.8539 0.4223 0.3043
vn -0.5846 -0.1350 -0.8000
vn 0.2003 -0.9797 0.0133
vn -0.3615 0.9281 0.0894
vn 0.1013 -0.9496 0.2968
vn -0.2254 -0.9739 -0.0251
vn -0.8650 -0.4382 -0.2443
vn -0.8171 0.5206 -0.2475
vn -0.2433 0.9677 0.0669
vn 0.1843 -0.9567 -0.2255
vn -0.0488 -0.8212 -0.5685
vn -0.4480 0.3289 -0.8313
vn -0.2421 0.9573 0.1580
vn -0.1901 -0.0850 0.9781
vn -0.3816 0.8809 0.2798
vn -0.2779 -0.0889 0.9565
vn 0.0810 -0.9294 0.3600
vn -0.3884 0.3416 0.8558
vn 0.0475 -0.6884 0.7238
vn -0.4237 0.9033 0.0679
vn 0.2652 -0.9308 0.2516
vn 0.2928 -0.4644 -0.8358
vn -0.3603 0.6038 -0.7110
vn -0.5914 0.3659 -0.7186
vn -0.5490 -0.3751 -0.7470
vn -0.7410 0.1954 -0.6425
vn -0.5284 0.2179 -0.8205
vn -0.5074 0.1866 -0.8413
vn -0.6916 -0.2445 -0.6797
vn 0.0027 0.1868 -0.9824
vn 0.0036 0.1920 -0.9814
vn -0.0026 0.1813 -0.9834
vn 0.0059 0.1675 -0.9858
vn 0.1911 0.3844 0.9032
vn 0.3600 0.2347 0.9030
vn 0.4093 0.0512 0.9110
vn 0.1790 -0.7257 0.6643
vn -0.8813 -0.3797 0.2813
vn 0.8183 -0.0631 -0.5713
vn -0.2646 0.9608 -0.0834
vn -0.8791 0.3266 0.3473
vn 0.7084 0.4149 -0.5710
vn 0.1953 -0.9804 -0.0239
vt 1.000000 0.828637
vt 0.875000 1.000000
vt 0.875000 0.828637
vt 0.625000 0.828637
vt 0.500000 1.000000
vt 0.500000 0.828637
vt 0.625000 0.500000
vt 0.500000 0.645722
vt 0.500000 0.500000
vt 0.750000 0.500000
vt 0.625000 0.645722
vt 0.875000 0.645722
vt 0.875000 0.500000
vt 1.000000 0.645722
vt 1.000000 0.500000
vt 0.750000 0.828637
vt 0.750000 0.645722
vt 0.750000 1.000000
vt 1.000000 1.000000
vt 0.625000 1.000000
vt 0.844268 0.965118
vt 0.749520 0.964446
vt 0.653402 0.965669
vt 0.844587 0.863513
vt 0.647775 0.863148
vt 0.750840 0.864057
vt 0.749520 0.964446
vt 0.844267 0.965117
vt 0.653402 0.965669
vt 0.750840 0.864057
vt 0.844587 0.863513
vt 0.647775 0.863148
s 0
f 432/138/783 443/139/783 445/140/783
f 446/141/784 426/142/784 436/143/784
f 423/144/785 431/145/785 425/146/785
f 421/147/786 430/148/786 423/144/786
f 428/149/787 421/147/787 419/150/787
f 427/151/788 419/150/788 417/152/788
f 446/141/789 431/145/789 430/148/789
f 447/153/790 430/148/790 429/154/790
f 428/149/791 447/153/791 429/154/791
f 427/151/792 445/140/792 428/149/792
f 443/139/793 439/155/793 442/155/793
f 418/156/794 438/139/794 443/139/794
f 444/157/795 439/155/795 440/157/795
f 426/142/796 440/157/796 441/142/796
f 420/158/797 442/155/797 422/159/797
f 424/160/798 442/155/798 444/157/798
f 433/161/799 443/139/799 420/158/799
f 424/160/800 446/141/800 435/162/800
f 435/162/801 447/153/801 434/163/801
f 434/163/802 445/140/802 433/161/802
f 464/164/803 448/165/803 469/165/803
f 464/164/804 450/166/804 453/164/804
f 468/167/805 451/168/805 449/167/805
f 469/165/806 451/168/806 466/168/806
f 467/166/807 452/169/807 450/166/807
f 468/167/808 452/169/808 465/169/808
f 417/152/809 455/150/809 454/152/809
f 421/147/810 457/144/810 456/147/810
f 425/146/811 457/144/811 423/144/811
f 421/147/812 455/150/812 419/150/812
f 440/157/813 463/142/813 441/142/813
f 439/155/814 460/139/814 461/155/814
f 439/155/815 462/157/815 440/157/815
f 438/139/816 459/156/816 460/139/816
f 422/159/817 467/166/817 464/164/817
f 434/163/818 465/169/818 435/162/818
f 433/161/819 469/165/819 466/168/819
f 422/159/820 469/165/820 420/158/820
f 434/163/821 466/168/821 468/167/821
f 435/162/822 467/166/822 424/160/822
f 432/138/823 486/139/823 418/156/823
f 489/141/824 426/142/824 487/157/824
f 474/144/825 431/145/825 478/148/825
f 472/147/826 478/148/826 477/154/826
f 472/147/827 476/149/827 470/150/827
f 470/150/828 427/151/828 417/152/828
f 431/145/829 489/141/829 478/148/829
f 478/148/830 490/153/830 477/154/830
f 476/149/831 490/153/831 488/140/831
f 427/151/832 488/140/832 432/138/832
f 483/155/833 486/139/833 485/155/833
f 482/139/834 418/156/834 486/139/834
f 487/157/835 483/155/835 485/155/835
f 426/142/836 484/157/836 487/157/836
f 485/155/837 471/158/837 473/159/837
f 475/160/838 485/155/838 473/159/838
f 486/139/839 479/161/839 471/158/839
f 489/141/840 475/160/840 481/162/840
f 490/153/841 481/162/841 480/163/841
f 488/140/842 480/163/842 479/161/842
f 491/165/843 503/164/843 508/165/843
f 503/164/844 493/166/844 506/166/844
f 507/167/845 494/168/845 505/168/845
f 494/168/846 508/165/846 505/168/846
f 506/166/847 495/169/847 504/169/847
f 495/169/848 507/167/848 504/169/848
f 417/152/849 497/150/849 470/150/849
f 472/147/850 499/144/850 474/144/850
f 499/144/851 425/146/851 474/144/851
f 497/150/852 472/147/852 470/150/852
f 463/142/853 484/157/853 441/142/853
f 483/155/854 500/139/854 482/139/854
f 502/157/855 483/155/855 484/157/855
f 482/139/856 459/156/856 437/156/856
f 473/159/857 506/166/857 475/160/857
f 504/169/858 480/163/858 481/162/858
f 479/161/859 508/165/859 471/158/859
f 508/165/860 473/159/860 471/158/860
f 480/163/861 505/168/861 479/161/861
f 506/166/862 481/162/862 475/160/862
f 432/138/863 418/156/863 443/139/863
f 446/141/864 444/157/864 426/142/864
f 423/144/865 430/148/865 431/145/865
f 421/147/866 429/154/866 430/148/866
f 428/149/867 429/154/867 421/147/867
f 427/151/868 428/149/868 419/150/868
f 446/141/869 436/143/869 431/145/869
f 447/153/870 446/141/870 430/148/870
f 428/149/871 445/140/871 447/153/871
f 427/151/872 432/138/872 445/140/872
f 443/139/873 438/139/873 439/155/873
f 418/156/874 437/156/874 438/139/874
f 444/157/875 442/155/875 439/155/875
f 426/142/876 444/157/876 440/157/876
f 420/158/877 443/139/877 442/155/877
f 424/160/878 422/159/878 442/155/878
f 433/161/879 445/140/879 443/139/879
f 424/160/880 444/157/880 446/141/880
f 435/162/881 446/141/881 447/153/881
f 434/163/882 447/153/882 445/140/882
f 464/164/883 453/164/883 448/165/883
f 464/164/884 467/166/884 450/166/884
f 468/167/885 466/168/885 451/168/885
f 469/165/886 448/165/886 451/168/886
f 467/166/887 465/169/887 452/169/887
f 468/167/888 449/167/888 452/169/888
f 417/152/889 419/150/889 455/150/889
f 421/147/890 423/144/890 457/144/890
f 425/146/891 458/146/891 457/144/891
f 421/147/892 456/147/892 455/150/892
f 440/157/893 462/157/893 463/142/893
f 439/155/894 438/139/894 460/139/894
f 439/155/895 461/155/895 462/157/895
f 438/139/896 437/156/896 459/156/896
f 422/159/897 424/160/897 467/166/897
f 434/163/898 468/167/898 465/169/898
f 433/161/899 420/158/899 469/165/899
f 422/159/900 464/164/900 469/165/900
f 434/163/901 433/161/901 466/168/901
f 435/162/902 465/169/902 467/166/902
f 432/138/903 488/140/903 486/139/903
f 489/141/904 436/143/904 426/142/904
f 474/144/905 425/146/905 431/145/905
f 472/147/906 474/144/906 478/148/906
f 472/147/907 477/154/907 476/149/907
f 470/150/908 476/149/908 427/151/908
f 431/145/909 436/143/909 489/141/909
f 478/148/910 489/141/910 490/153/910
f 476/149/911 477/154/911 490/153/911
f 427/151/912 476/149/912 488/140/912
f 483/155/913 482/139/913 486/139/913
f 482/139/914 437/156/914 418/156/914
f 487/157/915 484/157/915 483/155/915
f 426/142/916 441/142/916 484/157/916
f 485/155/917 486/139/917 471/158/917
f 475/160/918 487/157/918 485/155/918
f 486/139/919 488/140/919 479/161/919
f 489/141/920 487/157/920 475/160/920
f 490/153/921 489/141/921 481/162/921
f 488/140/922 490/153/922 480/163/922
f 491/165/923 496/164/923 503/164/923
f 503/164/924 496/164/924 493/166/924
f 507/167/925 492/167/925 494/168/925
f 494/168/926 491/165/926 508/165/926
f 506/166/927 493/166/927 495/169/927
f 495/169/928 492/167/928 507/167/928
f 417/152/929 454/152/929 497/150/929
f 472/147/930 498/147/930 499/144/930
f 499/144/931 458/146/931 425/146/931
f 497/150/932 498/147/932 472/147/932
f 463/142/933 502/157/933 484/157/933
f 483/155/934 501/155/934 500/139/934
f 502/157/935 501/155/935 483/155/935
f 482/139/936 500/139/936 459/156/936
f 473/159/937 503/164/937 506/166/937
f 504/169/938 507/167/938 480/163/938
f 479/161/939 505/168/939 508/165/939
f 508/165/940 503/164/940 473/159/940
f 480/163/941 507/167/941 505/168/941
f 506/166/942 504/169/942 481/162/942
o shoes
v 0.126950 -0.418741 8.775524
v 0.238075 -0.480810 8.758454
v 0.277021 -0.763620 8.595037
v 0.238379 -0.710285 8.551674
v 0.062999 -0.796481 8.570132
v 0.015825 -0.624331 8.687199
v 0.126950 -1.856827 7.692803
v 0.234811 -1.974314 7.626021
v 0.272731 -3.081208 7.023008
v 0.626755 0.102700 8.079374
v 0.079894 -2.785377 7.150990
v 0.019089 -1.998513 7.613943
v 0.015825 -0.672900 8.614782
v 0.074325 -0.834114 8.471405
v 0.283106 -0.538506 8.525681
v 0.282966 -0.783094 8.511802
v 0.238075 -0.494523 8.703347
v 0.126950 -0.474455 8.702733
v 0.931839 0.436415 8.226384
v 0.830864 0.364088 8.235623
v 0.717780 0.415719 8.243303
v 0.839329 0.384121 8.367230
v 0.735680 0.421512 8.319582
v 0.925258 0.439842 8.304598
v 0.126950 -1.885438 7.605079
v 0.234811 -2.015880 7.531240
v 0.268568 -3.091872 6.946836
v 0.143415 -3.497933 6.753255
v 0.060556 -2.969278 7.002917
v 0.019089 -2.060913 7.508721
v 0.926387 0.437422 8.158647
v 0.825412 0.365095 8.167886
v 0.712329 0.416726 8.175566
v 0.630768 0.270278 8.305285
v 0.732505 0.382968 8.432719
v 0.828385 0.250733 8.263445
v 0.844183 0.141307 8.071430
v 0.810085 0.528770 8.174183
v 0.608320 0.022263 7.982306
v 0.816619 0.002358 7.954266
v 0.721466 0.470585 8.358094
v 0.920686 0.506786 8.341770
v 0.818105 0.443126 8.170887
v 0.708951 0.484308 8.242823
v 0.824248 0.451811 8.406746
v 0.923234 0.506340 8.226442
v 0.692236 0.415502 8.149282
v 0.912619 0.475110 8.146974
v 0.126950 -0.429644 8.771744
v 0.228163 -0.486176 8.756196
v 0.259175 -0.754194 8.607587
v 0.169520 -1.085084 8.433965
v 0.065570 -0.779321 8.585506
v 0.025737 -0.598601 8.700283
v 0.126950 -0.448276 8.898735
v 0.228163 -0.504808 8.883187
v 0.228163 -0.617873 8.852092
v 0.126950 -0.828456 8.756237
v 0.025737 -0.666026 8.827408
v 0.025737 -0.504808 8.883187
v 0.126950 -0.445560 8.950675
v 0.237057 -0.507060 8.933761
v 0.237057 -0.630060 8.899933
v 0.126950 -0.772043 8.841011
v 0.016843 -0.645012 8.892269
v 0.016843 -0.507060 8.933761
v 0.285055 -0.802834 8.649969
v 0.205753 -0.906639 8.572803
v 0.065887 -0.847569 8.625239
v 0.275118 -0.800432 8.649287
v 0.199081 -0.924394 8.568069
v 0.075657 -0.843725 8.625289
v 0.126950 -0.472242 8.943336
v 0.213172 -0.520401 8.930092
v 0.213172 -0.616719 8.903602
v 0.126950 -0.712610 8.865639
v 0.040728 -0.622749 8.900523
v 0.040728 -0.520401 8.930092
v -0.126950 -4.700098 8.291414
v -0.238075 -4.744553 8.244856
v -0.238075 -5.028471 7.875641
v -0.126950 -5.230135 7.598330
v -0.015825 -5.062822 7.827007
v -0.015825 -4.807170 8.159013
v -0.126950 -5.181730 7.057759
v -0.234811 -5.243810 6.959583
v -0.234811 -5.898736 6.056725
v -0.019090 -6.113516 5.731805
v -0.019089 -5.844551 6.133975
v -0.019089 -5.253965 6.945599
v -0.015825 -4.806126 8.086187
v -0.015825 -5.078159 7.702407
v -0.126950 -5.249814 7.471503
v -0.238075 -5.021341 7.782911
v -0.238075 -4.730989 8.189198
v -0.126950 -4.699481 8.222581
v -0.234811 -6.198987 5.591239
v -0.126950 -6.234013 5.539743
v -0.019090 -6.198987 5.591239
v -0.126950 -6.333539 5.628558
v -0.031425 -6.261367 5.637380
v -0.222476 -6.261367 5.637380
v -0.126950 -5.155930 6.979965
v -0.234811 -5.224997 6.871523
v -0.234811 -5.854033 6.002558
v -0.126950 -6.005569 5.784642
v -0.019089 -5.829825 6.037135
v -0.019089 -5.243604 6.845860
v -0.234811 -6.141487 5.555008
v -0.126950 -6.176511 5.503511
v -0.019090 -6.141486 5.555008
v -0.031425 -6.079008 5.975138
v -0.126950 -6.089895 6.086768
v -0.222476 -6.112937 5.924619
v -0.234811 -6.113517 5.731805
v -0.126950 -6.091040 5.644077
v -0.019090 -6.056015 5.695573
v -0.234811 -6.056015 5.695573
v -0.031425 -6.236592 5.742244
v -0.222476 -6.249969 5.721931
v -0.126950 -6.135763 5.570524
v -0.019090 -6.158240 5.658253
v -0.126950 -6.298519 5.751025
v -0.234811 -6.158240 5.658252
v -0.019090 -6.100738 5.622021
v -0.234811 -6.100738 5.622021
v -0.126950 -4.707504 8.282565
v -0.228163 -4.747993 8.240160
v -0.228163 -4.998464 7.915725
v -0.126950 -5.197888 7.641700
v -0.025737 -5.031187 7.869461
v -0.025737 -4.796153 8.174043
v -0.126950 -4.788786 8.381899
v -0.228163 -4.829276 8.339493
v -0.228163 -4.910256 8.254682
v -0.126950 -5.022299 8.110008
v -0.025737 -4.930021 8.226840
v -0.025737 -4.829277 8.339493
v -0.126950 -4.813167 8.427841
v -0.237057 -4.857215 8.381708
v -0.237057 -4.945311 8.289445
v -0.126950 -5.026451 8.190242
v -0.016843 -4.949759 8.283178
v -0.016843 -4.857215 8.381708
v -0.238075 -5.117881 7.878655
v -0.126950 -5.271345 7.669559
v -0.015825 -5.143294 7.842540
v -0.228163 -5.115055 7.880351
v -0.126950 -5.257443 7.686533
v -0.025737 -5.139690 7.845392
v -0.126950 -4.832277 8.407826
v -0.213172 -4.866770 8.371701
v -0.213172 -4.935755 8.299452
v -0.126950 -4.992126 8.232238
v -0.040728 -4.936323 8.298656
v -0.040728 -4.866770 8.371701
vn 0.4397 -0.5025 0.7444
vn 0.9990 0.0411 -0.0180
vn -0.5044 -0.5164 0.6920
vn 0.1103 0.5863 -0.8025
vn -0.2031 0.5897 -0.7817
vn -0.4141 -0.9100 0.0198
vn 0.9713 0.1386 -0.1933
vn 0.9821 0.1830 -0.0455
vn -0.0350 -0.1406 -0.9894
vn -0.7380 0.5604 -0.3759
vn 0.1452 0.7857 -0.6013
vn -0.9974 0.0047 -0.0723
vn -0.9666 -0.2558 -0.0134
vn 0.5853 -0.8064 0.0846
vn -0.4003 -0.9018 0.1630
vn 0.9895 0.1217 0.0779
vn -0.6863 0.6256 -0.3710
vn -0.9440 -0.3236 0.0640
vn 0.6502 -0.3344 0.6822
vn -0.0103 0.4861 -0.8738
vn 0.2344 -0.9628 -0.1343
vn -0.1108 0.0278 -0.9934
vn -0.7009 -0.4011 0.5897
vn 0.9348 0.2700 -0.2310
vn 0.5778 -0.8141 -0.0586
vn 0.6448 0.7267 -0.2370
vn 0.9841 -0.1721 -0.0443
vn 0.9797 -0.1986 -0.0290
vn -0.9859 0.1646 0.0308
vn 0.3193 -0.3619 0.8758
vn 0.3674 -0.3495 0.8619
vn -0.4903 0.0497 -0.8701
vn 0.8046 -0.3312 0.4929
vn -0.9477 0.2374 -0.2133
vn 0.8495 -0.4432 -0.2863
vn -0.9889 -0.1268 0.0777
vn -0.9791 0.2031 -0.0105
vn -0.2497 0.0139 -0.9682
vn 0.2181 -0.4205 0.8807
vn -0.6048 0.4242 -0.6740
vn 0.9152 -0.3764 -0.1442
vn -0.9191 0.3050 -0.2494
vn 0.2450 -0.6106 -0.7531
vn -0.0379 -0.3274 0.9441
vn -0.1192 -0.3253 0.9381
vn 0.1586 0.8144 0.5582
vn 0.3561 -0.4303 0.8295
vn 0.1772 -0.4995 0.8480
vn -0.9174 0.0408 0.3960
vn -0.4984 0.8577 0.1258
vn -0.8148 -0.5649 0.1304
vn 0.9938 0.0653 0.0897
vn -1.0000 -0.0000 -0.0000
vn 0.7673 -0.4485 0.4585
vn 0.4984 0.8577 0.1258
vn -0.9840 0.0514 -0.1708
vn 0.7702 -0.5310 0.3534
vn 0.4818 0.8751 -0.0458
vn -0.4818 0.8751 -0.0458
vn -0.7257 -0.6774 0.1200
vn 0.9842 0.0470 -0.1710
vn 0.1543 -0.4037 0.9018
vn 0.7697 -0.1221 -0.6267
vn 0.8027 -0.1941 -0.5639
vn 0.0564 0.6336 -0.7716
vn 0.2735 -0.6982 -0.6616
vn -0.9796 -0.0309 0.1984
vn -0.0000 -0.2652 0.9642
vn 0.0157 -0.3624 0.9319
vn -0.0138 -0.2880 0.9575
vn 0.0190 -0.3827 0.9237
vn 0.9999 0.0095 -0.0067
vn 0.5462 -0.8152 0.1926
vn -0.1455 0.9141 -0.3785
vn 0.3850 0.8527 -0.3530
vn 0.4998 -0.4617 -0.7328
vn -0.9999 0.0092 -0.0065
vn 0.7608 -0.6413 0.0995
vn 0.7001 0.7140 0.0102
vn -0.4385 0.8732 0.2128
vn -0.8158 -0.5715 0.0887
vn 1.0000 -0.0000 -0.0000
vn -0.4965 -0.5780 -0.6477
vn 0.4965 -0.5780 -0.6477
vn -0.9924 -0.1220 0.0165
vn 0.6937 0.6837 0.2267
vn 0.9918 -0.1246 0.0294
vn -0.4781 -0.8704 0.1173
vn 0.0001 0.8100 -0.5864
vn -0.0294 0.8541 -0.5193
vn 0.0294 0.8541 -0.5193
vn -0.4998 -0.4617 -0.7328
vn -0.6400 0.7294 0.2419
vn 0.0631 0.8337 -0.5486
vn -0.0659 0.8319 -0.5509
vn -0.3408 -0.8119 0.4741
vn 0.9965 -0.0763 0.0352
vn -0.9959 -0.0818 0.0397
vn 0.2881 -0.8297 0.4782
vn -0.6004 -0.6625 0.4479
vn 0.9920 -0.1079 0.0656
vn -0.9924 -0.1049 0.0638
vn 0.5996 -0.6628 0.4485
vn 0.0379 -0.7664 0.6413
vn 0.3574 0.8498 -0.3874
vn -0.9484 -0.0921 0.3034
vn -0.0651 -0.7910 0.6083
vn 0.0841 -0.7895 0.6079
vn 0.8961 -0.1289 0.4248
vn 0.7304 0.6698 0.1341
vn 0.6011 -0.7483 0.2806
vn -0.6667 -0.6979 0.2617
vn -0.4984 0.6709 0.5490
vn 0.9858 0.1250 -0.1118
vn -0.7627 -0.6459 -0.0334
vn -0.4818 0.7741 0.4108
vn 0.4818 0.7741 0.4108
vn 0.6963 -0.7168 -0.0371
vn -0.9842 0.1283 -0.1225
vn -0.0944 -0.7702 0.6308
vn 0.1229 -0.7678 0.6288
vn -0.9312 -0.0123 -0.3642
vn -0.8786 -0.1034 0.4661
vn 0.9174 -0.0754 -0.3907
vn 0.9613 -0.0596 0.2689
vn -0.0000 -0.7233 0.6906
vn -0.0120 -0.7642 0.6449
vn 0.0048 -0.7289 0.6846
vn 0.0297 -0.7573 0.6523
vn -0.8710 -0.2974 0.3910
vn 0.9956 0.0690 -0.0641
vn -0.4228 -0.6321 0.6494
vn 0.1389 0.5827 -0.8008
vn -0.3828 0.5450 -0.7460
vn -0.0833 0.5421 -0.8362
vn 0.9928 0.1107 0.0450
vn 0.7491 -0.5858 0.3093
vn -0.6838 0.5795 -0.4435
vn 0.4507 0.8662 -0.2156
vn 0.5383 -0.2614 -0.8012
vn -0.6785 -0.6101 0.4092
vn 0.5850 -0.8065 0.0851
vn -0.4007 -0.9017 0.1625
vn 0.9982 0.0560 0.0218
vn -0.7148 0.6648 -0.2168
vn -0.9641 -0.1225 0.2355
vn 0.6722 -0.2558 0.6947
vn 0.0451 0.4779 -0.8773
vn 0.0087 0.4281 -0.9037
vn -0.0525 0.0335 -0.9981
vn -0.1232 -0.3344 -0.9343
vn -0.9969 -0.0679 0.0403
vn 0.9895 0.1218 -0.0778
vn 0.6398 0.7038 -0.3086
vn 0.9611 -0.2273 0.1568
vn 0.9795 -0.2006 -0.0198
vn -0.9860 0.1618 0.0401
vn -0.7531 -0.0793 0.6531
vn -0.1051 -0.3154 0.9431
vn -0.7197 0.2872 -0.6321
vn 0.9604 -0.2316 0.1547
vn -0.8176 0.3156 -0.4816
vn 0.7622 -0.4535 -0.4619
vn -0.6497 -0.5523 0.5224
vn -0.9805 0.1881 0.0570
vn 0.0434 -0.3847 0.9220
vn 0.1577 0.0527 -0.9861
vn -0.6247 0.7090 -0.3273
vn 0.9382 -0.2857 0.1953
vn -0.9383 0.3450 -0.0221
vn 0.8546 -0.2701 -0.4435
vn -0.0378 -0.3274 0.9441
vn -0.3836 0.5317 -0.7550
vn 0.6426 0.6234 0.4455
vn 0.0596 -0.4788 0.8759
vn -0.3665 -0.5898 0.7196
vn -0.2950 0.6436 -0.7062
vn -0.7583 0.5801 -0.2975
vn -0.8916 -0.4043 0.2042
vn -0.9830 -0.1621 -0.0860
vn 0.7453 -0.5377 0.3943
vn -0.9869 0.0527 -0.1524
vn 0.8113 -0.5124 -0.2814
vn -0.6874 -0.6046 0.4024
vn -0.2088 0.3245 -0.9226
vn -0.1718 -0.4640 0.8690
vn -0.5087 -0.7342 -0.4497
vn 0.9561 0.2470 0.1575
vn -0.3653 -0.0394 -0.9301
vn -0.2777 0.6972 0.6609
vn -0.0252 -0.3827 0.9235
vn -0.0731 -0.2768 0.9581
vn -0.0510 -0.3488 0.9358
vn 0.9999 0.0085 -0.0062
vn 0.5740 -0.7873 0.2251
vn -0.1775 0.9081 -0.3792
vn 0.2357 0.9044 -0.3558
vn -0.9999 0.0086 -0.0062
vn 0.7879 -0.6112 0.0752
vn 0.6965 0.7175 0.0064
vn -0.2752 0.9614 0.0086
vn -0.9148 -0.4027 -0.0310
vn -0.4968 -0.5775 -0.6479
vn 0.4968 -0.5775 -0.6479
vn -0.9875 -0.1347 0.0819
vn 0.6837 0.7258 0.0754
vn 0.9875 -0.1347 0.0819
vn -0.5740 -0.7873 0.2251
vn 0.0079 0.8399 -0.5427
vn 0.0032 0.8097 -0.5869
vn -0.0006 0.8209 -0.5711
vn -0.6415 0.7502 0.1603
vn -0.5590 -0.7089 0.4301
vn 0.9934 -0.0956 0.0639
vn -0.9933 -0.0966 0.0638
vn 0.5754 -0.6992 0.4242
vn -0.5097 -0.7308 0.4541
vn 0.9940 -0.0907 0.0614
vn -0.9940 -0.0910 0.0615
vn 0.5140 -0.7286 0.4527
vn 0.0378 -0.7663 0.6414
vn 0.0166 -0.7667 0.6418
vn -0.1778 0.0332 0.9835
vn 0.0148 -0.7915 0.6110
vn 0.0463 -0.7908 0.6103
vn 0.9217 0.2333 0.3099
vn 0.4984 0.6709 0.5490
vn 0.4905 -0.8385 0.2374
vn -0.5796 -0.7886 0.2052
vn 0.9841 0.1295 -0.1216
vn -0.7564 -0.3537 -0.5502
vn 0.7110 -0.6211 -0.3298
vn -0.0977 -0.7687 0.6321
vn 0.1129 -0.7717 0.6259
vn -0.9058 -0.3668 -0.2122
vn -0.8902 0.2740 0.3640
vn 0.8715 -0.4245 -0.2456
vn 0.3315 0.1788 0.9263
vn -0.0000 -0.7232 0.6906
vn 0.0136 -0.7742 0.6328
vn 0.0394 -0.7236 0.6890
vn -0.0129 -0.7742 0.6328
vt 0.166667 0.500000
vt 0.333333 0.500000
vt 0.333333 0.500000
vt 0.833333 0.500000
vt 0.666667 0.500000
vt 0.500000 0.500000
vt 0.833333 0.500000
vt 1.000000 0.500000
vt -0.000000 0.500000
vt 0.166667 0.500000
vt 0.666667 0.500000
vt 0.333333 0.500000
vt 0.542154 0.130000
vt 0.542154 0.370000
vt 0.957846 0.370000
vt 0.750000 0.010000
vt 0.957846 0.130000
vt 0.957846 0.130000
vt 0.333333 0.500000
vt 0.666667 0.500000
vt 0.750000 0.490000
s 0
f 521/170/943 519/171/943 522/172/943
f 516/173/944 535/174/944 534/173/944
f 553/175/945 531/172/945 530/175/945
f 525/176/946 515/177/946 526/177/946
f 521/170/947 515/178/947 520/179/947
f 529/171/948 540/175/948 528/175/948
f 525/176/949 517/174/949 516/173/949
f 510/173/950 524/174/950 525/176/950
f 513/171/951 523/175/951 512/175/951
f 509/178/952 521/170/952 514/179/952
f 509/177/953 525/176/953 526/177/953
f 511/174/954 523/175/954 524/174/954
f 514/179/955 522/172/955 513/171/955
f 532/174/956 528/175/956 527/174/956
f 531/172/957 528/175/957 530/175/957
f 554/180/958 532/174/958 527/174/958
f 520/179/959 533/178/959 538/179/959
f 552/171/960 531/172/960 549/181/960
f 553/175/961 532/174/961 550/174/961
f 537/182/962 538/183/962 534/184/962
f 551/185/963 541/182/963 555/182/963
f 551/185/964 539/186/964 540/185/964
f 520/179/965 537/171/965 519/171/965
f 554/180/966 539/174/966 556/174/966
f 527/174/967 540/175/967 539/174/967
f 516/173/968 533/177/968 515/177/968
f 519/171/969 547/171/969 518/171/969
f 518/171/970 555/171/970 552/171/970
f 517/174/971 548/174/971 535/174/971
f 536/185/972 548/187/972 546/185/972
f 536/185/973 547/182/973 537/182/973
f 523/175/974 544/174/974 524/174/974
f 519/171/975 542/188/975 522/172/975
f 517/174/976 544/174/976 545/189/976
f 523/175/977 542/188/977 543/175/977
f 552/171/978 541/171/978 529/171/978
f 545/189/979 556/174/979 548/174/979
f 546/185/980 556/186/980 551/185/980
f 546/185/981 555/182/981 547/182/981
f 543/175/982 550/174/982 544/174/982
f 542/188/983 552/171/983 549/181/983
f 544/174/984 554/180/984 545/189/984
f 543/175/985 549/181/985 553/175/985
f 509/177/986 558/173/986 510/173/986
f 509/178/987 562/179/987 557/178/987
f 511/174/988 578/174/988 575/174/988
f 510/173/989 559/174/989 511/174/989
f 514/179/990 561/171/990 562/179/990
f 560/175/991 578/174/991 559/174/991
f 557/178/992 568/179/992 563/178/992
f 561/171/993 566/175/993 567/171/993
f 558/173/994 565/174/994 559/174/994
f 562/179/995 567/171/995 568/179/995
f 559/174/996 566/175/996 560/175/996
f 557/177/997 564/173/997 558/173/997
f 568/179/998 573/171/998 574/179/998
f 565/174/999 572/175/999 566/175/999
f 563/177/1000 570/173/1000 564/173/1000
f 563/178/1001 574/179/1001 569/178/1001
f 567/171/1002 572/175/1002 573/171/1002
f 564/173/1003 571/174/1003 565/174/1003
f 577/171/1004 579/175/1004 580/171/1004
f 575/174/1005 579/175/1005 576/175/1005
f 512/175/1006 575/174/1006 576/175/1006
f 560/175/1007 580/171/1007 579/175/1007
f 512/175/1008 577/171/1008 513/171/1008
f 513/171/1009 580/171/1009 561/171/1009
f 569/177/1010 582/173/1010 570/173/1010
f 569/178/1010 586/179/1010 581/178/1010
f 572/175/1011 585/171/1011 573/171/1011
f 570/173/1010 583/174/1010 571/174/1010
f 573/171/1012 586/179/1012 574/179/1012
f 572/175/1013 583/174/1013 584/175/1013
f 597/171/1014 599/170/1014 600/172/1014
f 594/173/995 613/174/995 595/174/995
f 631/175/1015 609/172/1015 627/181/1015
f 593/177/1016 603/176/1016 604/177/1016
f 599/170/1017 593/178/1017 604/178/1017
f 618/175/1018 607/171/1018 606/175/1018
f 603/176/1019 595/174/1019 602/174/1019
f 588/173/995 602/174/995 589/174/995
f 601/175/1020 591/171/1020 590/175/1020
f 599/170/1021 587/178/1021 592/179/1021
f 587/177/1022 603/176/1022 588/173/1022
f 589/174/1023 601/175/1023 590/175/1023
f 600/172/1024 592/179/1024 591/171/1024
f 610/174/1025 606/175/1025 608/175/1025
f 606/175/1026 609/172/1026 608/175/1026
f 632/180/1027 610/174/1027 628/174/1027
f 598/179/1028 611/178/1028 593/178/1028
f 609/172/1029 630/171/1029 627/181/1029
f 610/174/1030 631/175/1030 628/174/1030
f 613/186/1031 612/184/1031 616/183/1031
f 619/182/1032 629/185/1032 633/182/1032
f 629/185/1033 617/186/1033 634/186/1033
f 615/171/1024 598/179/1024 597/171/1024
f 632/180/995 617/174/995 605/174/995
f 605/174/1034 618/175/1034 606/175/1034
f 611/177/1035 594/173/1035 593/177/1035
f 625/171/1024 597/171/1024 596/171/1024
f 633/171/1024 596/171/1024 630/171/1024
f 595/174/995 626/174/995 623/189/995
f 614/185/1036 626/187/1036 613/186/1036
f 625/182/1037 614/185/1037 615/182/1037
f 622/174/1038 601/175/1038 602/174/1038
f 620/188/1039 597/171/1039 600/172/1039
f 595/174/1040 622/174/1040 602/174/1040
f 601/175/1041 620/188/1041 600/172/1041
f 619/171/1024 630/171/1024 607/171/1024
f 623/189/995 634/174/995 632/180/995
f 624/185/1033 634/186/1033 626/187/1033
f 633/182/1032 624/185/1032 625/182/1032
f 628/174/1042 621/175/1042 622/174/1042
f 620/188/1043 630/171/1043 596/171/1043
f 632/180/1044 622/174/1044 623/189/1044
f 621/175/1045 627/181/1045 620/188/1045
f 636/173/1046 587/177/1046 588/173/1046
f 587/178/1047 640/179/1047 592/179/1047
f 589/174/1048 656/174/1048 637/174/1048
f 637/174/1049 588/173/1049 589/174/1049
f 592/179/1050 639/171/1050 591/171/1050
f 656/174/1051 638/175/1051 637/174/1051
f 635/178/1052 646/179/1052 640/179/1052
f 639/171/1053 644/175/1053 638/175/1053
f 643/174/995 636/173/995 637/174/995
f 640/179/1024 645/171/1024 639/171/1024
f 644/175/1054 637/174/1054 638/175/1054
f 642/173/1055 635/177/1055 636/173/1055
f 646/179/1056 651/171/1056 645/171/1056
f 650/175/1057 643/174/1057 644/175/1057
f 648/173/1058 641/177/1058 642/173/1058
f 641/178/1059 652/179/1059 646/179/1059
f 645/171/1060 650/175/1060 644/175/1060
f 649/174/1061 642/173/1061 643/174/1061
f 655/171/1062 657/175/1062 654/175/1062
f 657/175/1063 653/174/1063 654/175/1063
f 590/175/1064 653/174/1064 589/174/1064
f 638/175/1065 658/171/1065 639/171/1065
f 655/171/1066 590/175/1066 591/171/1066
f 658/171/1067 591/171/1067 639/171/1067
f 660/173/1068 647/177/1068 648/173/1068
f 647/178/1068 664/179/1068 652/179/1068
f 663/171/1069 650/175/1069 651/171/1069
f 649/174/1068 660/173/1068 648/173/1068
f 664/179/1070 651/171/1070 652/179/1070
f 650/175/1071 661/174/1071 649/174/1071
f 521/170/1072 520/179/1072 519/171/1072
f 516/173/1073 517/174/1073 535/174/1073
f 553/175/1074 549/181/1074 531/172/1074
f 525/176/1075 516/173/1075 515/177/1075
f 521/170/1076 526/178/1076 515/178/1076
f 529/171/948 541/171/948 540/175/948
f 525/176/1077 524/174/1077 517/174/1077
f 510/173/1078 511/174/1078 524/174/1078
f 513/171/1079 522/172/1079 523/175/1079
f 509/178/1080 526/178/1080 521/170/1080
f 509/177/1081 510/173/1081 525/176/1081
f 511/174/1082 512/175/1082 523/175/1082
f 514/179/1083 521/170/1083 522/172/1083
f 532/174/1084 530/175/1084 528/175/1084
f 531/172/1085 529/171/1085 528/175/1085
f 554/180/1086 550/174/1086 532/174/1086
f 520/179/1087 515/178/1087 533/178/1087
f 552/171/1088 529/171/1088 531/172/1088
f 553/175/1089 530/175/1089 532/174/1089
f 538/183/962 533/190/962 534/184/962
f 534/184/1090 535/186/1090 537/182/1090
f 535/186/1091 536/185/1091 537/182/1091
f 551/185/1092 540/185/1092 541/182/1092
f 551/185/1093 556/186/1093 539/186/1093
f 520/179/1094 538/179/1094 537/171/1094
f 554/180/1095 527/174/1095 539/174/1095
f 527/174/967 528/175/967 540/175/967
f 516/173/1096 534/173/1096 533/177/1096
f 519/171/1097 537/171/1097 547/171/1097
f 518/171/1098 547/171/1098 555/171/1098
f 517/174/1099 545/189/1099 548/174/1099
f 536/185/1100 535/186/1100 548/187/1100
f 536/185/1101 546/185/1101 547/182/1101
f 523/175/1102 543/175/1102 544/174/1102
f 519/171/1103 518/171/1103 542/188/1103
f 517/174/1104 524/174/1104 544/174/1104
f 523/175/1105 522/172/1105 542/188/1105
f 552/171/1106 555/171/1106 541/171/1106
f 545/189/1107 554/180/1107 556/174/1107
f 546/185/1108 548/187/1108 556/186/1108
f 546/185/1109 551/185/1109 555/182/1109
f 543/175/1110 553/175/1110 550/174/1110
f 542/188/1111 518/171/1111 552/171/1111
f 544/174/1112 550/174/1112 554/180/1112
f 543/175/1113 542/188/1113 549/181/1113
f 509/177/1114 557/177/1114 558/173/1114
f 509/178/1115 514/179/1115 562/179/1115
f 511/174/1116 559/174/1116 578/174/1116
f 510/173/1117 558/173/1117 559/174/1117
f 514/179/1118 513/171/1118 561/171/1118
f 560/175/1119 579/175/1119 578/174/1119
f 557/178/1120 562/179/1120 568/179/1120
f 561/171/1121 560/175/1121 566/175/1121
f 558/173/1024 564/173/1024 565/174/1024
f 562/179/1122 561/171/1122 567/171/1122
f 559/174/1123 565/174/1123 566/175/1123
f 557/177/997 563/177/997 564/173/997
f 568/179/1124 567/171/1124 573/171/1124
f 565/174/1125 571/174/1125 572/175/1125
f 563/177/1000 569/177/1000 570/173/1000
f 563/178/1001 568/179/1001 574/179/1001
f 567/171/1126 566/175/1126 572/175/1126
f 564/173/1003 570/173/1003 571/174/1003
f 577/171/1127 576/175/1127 579/175/1127
f 575/174/1128 578/174/1128 579/175/1128
f 512/175/1129 511/174/1129 575/174/1129
f 560/175/1130 561/171/1130 580/171/1130
f 512/175/1131 576/175/1131 577/171/1131
f 513/171/1132 577/171/1132 580/171/1132
f 569/177/1010 581/177/1010 582/173/1010
f 569/178/1010 574/179/1010 586/179/1010
f 572/175/1133 584/175/1133 585/171/1133
f 570/173/1010 582/173/1010 583/174/1010
f 573/171/1134 585/171/1134 586/179/1134
f 572/175/1135 571/174/1135 583/174/1135
f 597/171/1136 598/179/1136 599/170/1136
f 594/173/995 612/173/995 613/174/995
f 631/175/1137 608/175/1137 609/172/1137
f 593/177/1138 594/173/1138 603/176/1138
f 599/170/1139 598/179/1139 593/178/1139
f 618/175/1018 619/171/1018 607/171/1018
f 603/176/1140 594/173/1140 595/174/1140
f 588/173/995 603/176/995 602/174/995
f 601/175/1141 600/172/1141 591/171/1141
f 599/170/1142 604/178/1142 587/178/1142
f 587/177/1143 604/177/1143 603/176/1143
f 589/174/1144 602/174/1144 601/175/1144
f 600/172/1024 599/170/1024 592/179/1024
f 610/174/1145 605/174/1145 606/175/1145
f 606/175/1146 607/171/1146 609/172/1146
f 632/180/1147 605/174/1147 610/174/1147
f 598/179/1148 616/179/1148 611/178/1148
f 609/172/1149 607/171/1149 630/171/1149
f 610/174/1150 608/175/1150 631/175/1150
f 612/184/1151 611/190/1151 616/183/1151
f 616/183/1152 615/182/1152 613/186/1152
f 615/182/1153 614/185/1153 613/186/1153
f 619/182/1032 618/185/1032 629/185/1032
f 629/185/1033 618/185/1033 617/186/1033
f 615/171/1024 616/179/1024 598/179/1024
f 632/180/995 634/174/995 617/174/995
f 605/174/1034 617/174/1034 618/175/1034
f 611/177/1154 612/173/1154 594/173/1154
f 625/171/1024 615/171/1024 597/171/1024
f 633/171/1024 625/171/1024 596/171/1024
f 595/174/995 613/174/995 626/174/995
f 614/185/1033 624/185/1033 626/187/1033
f 625/182/1032 624/185/1032 614/185/1032
f 622/174/1155 621/175/1155 601/175/1155
f 620/188/1156 596/171/1156 597/171/1156
f 595/174/1157 623/189/1157 622/174/1157
f 601/175/1158 621/175/1158 620/188/1158
f 619/171/1024 633/171/1024 630/171/1024
f 623/189/995 626/174/995 634/174/995
f 624/185/1033 629/185/1033 634/186/1033
f 633/182/1032 629/185/1032 624/185/1032
f 628/174/1159 631/175/1159 621/175/1159
f 620/188/1160 627/181/1160 630/171/1160
f 632/180/1161 628/174/1161 622/174/1161
f 621/175/1162 631/175/1162 627/181/1162
f 636/173/1163 635/177/1163 587/177/1163
f 587/178/1164 635/178/1164 640/179/1164
f 589/174/1165 653/174/1165 656/174/1165
f 637/174/1166 636/173/1166 588/173/1166
f 592/179/1167 640/179/1167 639/171/1167
f 656/174/1168 657/175/1168 638/175/1168
f 635/178/1169 641/178/1169 646/179/1169
f 639/171/1170 645/171/1170 644/175/1170
f 643/174/995 642/173/995 636/173/995
f 640/179/1024 646/179/1024 645/171/1024
f 644/175/1171 643/174/1171 637/174/1171
f 642/173/1055 641/177/1055 635/177/1055
f 646/179/1172 652/179/1172 651/171/1172
f 650/175/1173 649/174/1173 643/174/1173
f 648/173/1058 647/177/1058 641/177/1058
f 641/178/1059 647/178/1059 652/179/1059
f 645/171/1174 651/171/1174 650/175/1174
f 649/174/1061 648/173/1061 642/173/1061
f 655/171/1175 658/171/1175 657/175/1175
f 657/175/1176 656/174/1176 653/174/1176
f 590/175/1177 654/175/1177 653/174/1177
f 638/175/1178 657/175/1178 658/171/1178
f 655/171/1179 654/175/1179 590/175/1179
f 658/171/1180 655/171/1180 591/171/1180
f 660/173/1181 659/177/1181 647/177/1181
f 647/178/1181 659/178/1181 664/179/1181
f 663/171/1182 662/175/1182 650/175/1182
f 649/174/1068 661/174/1068 660/173/1068
f 664/179/1183 663/171/1183 651/171/1183
f 650/175/1184 662/175/1184 661/174/1184
o pants
v -0.679938 0.206158 10.099608
v 0.609894 0.158984 10.324609
v -0.683539 0.484699 10.276441
v -0.008294 0.666518 10.333096
v 0.505538 0.587903 7.202553
v 0.518655 0.780047 8.678391
v 0.917845 0.331285 7.148691
v 1.107630 0.120296 8.991527
v 0.917845 -0.151351 7.071593
v 1.109309 -0.433260 8.803439
v 0.505516 -0.378438 7.042047
v 0.511786 -0.644306 8.596792
v 0.093100 -0.128539 7.091165
v 0.083794 -0.106785 8.654908
v 0.093232 0.361607 7.175069
v 0.000000 1.508049 8.168670
v 0.510128 0.830493 9.041108
v 1.097583 0.130867 9.217037
v 1.099858 -0.455695 9.025209
v 0.514300 -0.616204 8.716163
v 0.074507 0.021757 8.736665
v 0.000000 1.443023 8.612397
v 0.401939 0.915281 9.232111
v 0.936555 0.462410 9.744670
v 0.933031 -0.360398 9.575145
v 0.436996 -0.505745 9.030683
v 0.071483 0.253783 8.835192
v -0.000000 1.432604 8.784329
v 0.415765 1.171389 4.477198
v 0.718070 1.001741 4.436181
v 0.718070 0.662445 4.354147
v 0.415765 0.492670 4.313062
v 0.113460 0.661653 4.353762
v 0.113460 1.001741 4.436181
v 0.870885 0.196599 6.369755
v 0.870885 0.639232 6.446967
v 0.092645 0.590784 6.439858
v 0.092645 0.147145 6.362389
v 0.481765 0.926548 6.536687
v 0.481765 -0.160772 6.712712
v -0.000000 0.554188 8.798554
v -0.000000 0.120480 9.052367
v -0.000000 -0.128719 9.479548
v -0.000000 1.043069 9.703118
v -0.000000 1.336585 9.230451
v 0.743410 0.460106 10.098068
v 0.739445 -0.228657 9.971121
v -0.000000 -0.210862 9.878019
v -0.000000 0.680205 10.145060
v 0.909355 0.424933 7.025740
v 0.093018 -0.051980 6.966177
v 0.501241 0.679083 7.083177
v 0.909355 -0.076821 6.948062
v 0.093126 0.429784 7.045601
v 0.501222 -0.336050 6.983580
v 0.899109 0.029957 6.802874
v 0.092998 0.488953 6.885695
v 0.496040 -0.282465 6.913835
v 0.899109 0.501970 6.873446
v 0.092918 0.016634 6.809305
v 0.496053 0.761998 6.937961
v -0.008294 -0.194598 10.074214
v 0.663349 -0.228219 10.167106
v 0.666950 0.451157 10.288578
v -0.505538 0.209073 6.903516
v -0.518655 1.966684 7.904355
v -0.917845 0.178351 6.996958
v -1.107630 1.994876 8.214735
v -0.917845 -0.021865 7.262481
v -1.109309 1.531407 8.536278
v -0.505516 -0.385223 7.377021
v -0.511786 1.203693 8.615903
v -0.093100 -0.295382 7.248978
v -0.083794 1.222380 8.483035
v -0.093233 -0.037536 7.029912
v -0.510128 2.057920 8.266192
v -1.097583 1.960414 8.484572
v -1.099858 1.539124 8.740334
v -0.514300 1.147179 8.721922
v -0.074507 1.072093 8.600006
v -0.401939 1.936842 8.612976
v -0.936555 0.725160 9.647473
v -0.933031 0.925674 9.385308
v -0.436996 0.927014 9.003001
v -0.071483 0.815030 8.762264
v -0.415765 -1.158181 5.390966
v -0.678935 -1.266482 5.284397
v -0.678935 -1.483083 5.071259
v -0.415765 -1.591384 4.964690
v -0.152596 -1.483083 5.071259
v -0.152596 -1.266482 5.284397
v -0.870885 -2.935219 6.544539
v -0.870885 -2.595300 6.838378
v -0.092645 -2.633196 6.807367
v -0.092645 -2.952189 6.514715
v -0.481765 -2.374432 7.057270
v -0.481765 -3.013961 6.720266
v -0.743410 0.491808 10.086409
v -0.739445 0.182181 9.910988
v -0.909355 -1.373190 7.065047
v -0.093018 -1.576587 7.073833
v -0.501241 -1.100492 7.068692
v -0.909355 -0.890434 7.103488
v -0.093126 -1.315503 7.073433
v -0.501222 -0.951260 7.245198
v -0.899109 -2.402468 6.896456
v -0.092998 -2.138960 7.053660
v -0.496040 -1.707525 7.076255
v -0.899109 -2.258099 7.061551
v -0.092918 -2.404536 6.900341
v -0.496053 -1.917345 7.150104
v 0.434077 1.035553 4.444356
v 0.615355 0.933823 4.419760
v 0.615355 0.730364 4.370568
v 0.434077 0.628504 4.345909
v 0.252799 0.729565 4.370197
v 0.252799 0.933823 4.419760
v -0.418487 -1.244897 5.305637
v -0.576297 -1.309840 5.241733
v -0.576297 -1.439725 5.113924
v -0.418487 -1.504668 5.050019
v -0.260677 -1.439725 5.113924
v -0.260677 -1.309840 5.241733
v -0.492097 0.288884 10.104228
v -0.494691 0.403108 10.261743
v -0.008294 0.526134 10.305323
v -0.008294 -0.061389 10.101587
v 0.475508 -0.144196 10.182394
v 0.478102 0.369474 10.273057
vn 0.5140 0.8500 -0.1152
vn 0.9941 0.0171 -0.1071
vn 0.4852 -0.8616 -0.1493
vn -0.5253 -0.8391 -0.1414
vn -0.6243 -0.4509 0.6380
vn -1.0000 0.0013 -0.0060
vn -0.2879 0.6137 -0.7352
vn 0.9972 0.0128 -0.0735
vn -0.9982 -0.0607 -0.0037
vn 0.9991 -0.0111 0.0415
vn -0.9986 -0.0530 -0.0078
vn 0.7653 0.6436 0.0039
vn 0.2578 -0.9417 0.2163
vn 0.7891 0.6107 -0.0664
vn -0.7072 -0.1633 0.6879
vn 0.0735 -0.9352 0.3465
vn 0.7332 0.6538 -0.1871
vn 0.7325 0.6706 0.1172
vn -0.4702 -0.3501 0.8102
vn 0.9478 -0.0958 0.3041
vn -0.9999 0.0017 -0.0099
vn 0.6035 0.7939 0.0750
vn 0.5001 -0.8346 -0.2308
vn -0.4997 0.8495 0.1691
vn -0.4768 -0.8514 -0.2187
vn -0.4610 -0.7734 -0.4352
vn -0.6676 0.7257 0.1663
vn 0.4508 -0.8229 -0.3460
vn 0.6111 0.7397 0.2816
vn -1.0000 0.0001 0.0006
vn 0.9980 0.0109 -0.0625
vn -0.7154 -0.6831 -0.1470
vn -0.8593 -0.2583 -0.4414
vn -0.7840 -0.5362 -0.3128
vn 0.4061 -0.0148 -0.9137
vn 0.6641 0.6351 0.3944
vn 0.4974 0.8221 0.2772
vn 0.0019 -0.9794 -0.2019
vn 0.8805 -0.0993 0.4635
vn 0.9981 0.0095 -0.0616
vn -1.0000 0.0001 0.0007
vn 0.5047 0.6947 0.5125
vn 0.4379 -0.7561 -0.4863
vn -0.4590 0.7860 0.4143
vn -0.4945 -0.7206 -0.4861
vn 0.9980 0.0093 -0.0624
vn 0.5409 0.7386 0.4024
vn 0.4058 -0.7224 -0.5599
vn -0.5175 0.8024 0.2973
vn -0.4753 -0.7144 -0.5136
vn 0.9297 -0.0719 0.3612
vn -0.4458 -0.8596 0.2499
vn 0.2895 0.9436 0.1605
vn -0.2277 0.4805 -0.8469
vn -0.9956 -0.0511 -0.0789
vn -0.4220 -0.6054 0.6748
vn 0.3542 -0.5741 0.7382
vn -0.1075 -0.8763 -0.4697
vn 1.0000 -0.0029 -0.0040
vn 0.5099 0.4901 -0.7070
vn -0.9956 0.0611 -0.0707
vn 0.9372 -0.1782 -0.2998
vn -0.9984 0.0348 0.0449
vn -0.5715 -0.5257 -0.6301
vn -0.0812 0.9669 -0.2419
vn -0.3857 -0.8104 -0.4411
vn 0.6252 0.7722 0.1132
vn -0.3804 0.0110 0.9247
vn -0.5091 -0.7400 -0.4396
vn -0.0305 0.9407 0.3379
vn 0.7580 0.6511 0.0395
vn -0.3095 -0.5101 -0.8025
vn -0.8065 0.3100 0.5034
vn 0.9996 0.0197 -0.0215
vn -0.6184 0.6462 0.4472
vn 0.1244 -0.7732 -0.6219
vn 0.6767 0.5817 0.4514
vn -0.2078 -0.7562 -0.6205
vn -0.0342 -0.2631 0.9642
vn -0.1263 0.1936 -0.9729
vn 0.0225 -0.2626 0.9646
vn -0.2588 0.5180 -0.8153
vn 1.0000 -0.0006 0.0016
vn 0.9864 0.1237 -0.1082
vn -0.7508 -0.6457 -0.1390
vn -0.8147 -0.2929 -0.5005
vn -0.8383 -0.4710 -0.2748
vn 0.4092 -0.0148 -0.9123
vn -0.2744 0.6915 0.6682
vn -0.2980 0.7823 0.5470
vn -0.5799 -0.5656 -0.5864
vn -0.8007 -0.4706 -0.3707
vn -0.9999 -0.0086 -0.0065
vn 1.0000 0.0001 -0.0005
vn -0.2177 -0.0440 -0.9750
vn -0.4277 -0.2081 0.8796
vn 0.2750 -0.0327 -0.9609
vn 0.3315 -0.2116 0.9194
vn 0.9930 -0.0094 0.1174
vn 1.0000 0.0004 -0.0014
vn 0.0062 0.0040 -1.0000
vn -0.3483 -0.2066 0.9143
vn 0.0243 0.0240 -0.9994
vn 0.0763 -0.2169 0.9732
vn -0.2641 0.9627 0.0584
vn -0.0609 -0.9949 0.0799
vn -0.9375 -0.1950 0.2881
vn -0.0000 0.7014 -0.7128
vn 0.0008 0.2350 -0.9720
vn -0.0000 0.2350 -0.9720
vn -0.0003 0.2358 -0.9718
vn 0.0001 0.2351 -0.9720
vn 0.0014 -0.1760 0.9844
vn 0.0019 -0.0601 0.9982
vn -0.2920 -0.7765 0.5583
vn -0.0388 -0.1939 0.9802
vn 0.0030 -0.1934 0.9811
vn -0.1943 -0.1974 0.9609
vn 0.7461 0.6658 -0.0006
vn 0.9945 0.0364 -0.0983
vn 0.3846 -0.9034 -0.1896
vn -0.7821 -0.6232 0.0040
vn -0.7631 -0.6253 0.1633
vn -0.9979 -0.0594 -0.0252
vn 0.8370 0.5417 -0.0780
vn 0.9973 0.0173 -0.0716
vn -0.9960 -0.0455 0.0766
vn 0.9989 -0.0108 0.0450
vn -0.9981 -0.0583 -0.0217
vn 0.7608 0.6451 -0.0718
vn 0.3040 -0.9491 -0.0831
vn 0.7800 0.6192 0.0907
vn -0.7010 -0.1410 0.6991
vn -0.7165 -0.0591 0.6951
vn -0.7540 -0.0174 0.6567
vn 0.0755 -0.9784 0.1924
vn 0.7431 0.6565 0.1295
vn 0.7540 0.6557 0.0397
vn -0.8929 -0.4459 -0.0629
vn 0.9403 -0.0725 0.3326
vn -0.9999 0.0024 -0.0099
vn 0.4981 0.8592 0.1170
vn 0.5367 -0.8103 -0.2354
vn -0.6648 0.7390 0.1092
vn -0.4984 -0.8386 -0.2200
vn -0.4526 -0.8560 -0.2497
vn -0.5582 0.7605 0.3317
vn 0.4480 -0.7505 -0.4859
vn 0.5534 0.8028 0.2218
vn -1.0000 -0.0001 0.0008
vn 0.9981 0.0092 -0.0615
vn -0.7068 -0.4750 -0.5242
vn -0.2580 -0.8487 0.4617
vn 0.5088 0.8355 0.2075
vn 0.2597 0.7463 0.6128
vn -0.2549 -0.9480 0.1908
vn 0.8740 -0.0930 0.4770
vn 0.9980 0.0100 -0.0626
vn -1.0000 0.0001 0.0009
vn 0.5035 0.7037 0.5013
vn 0.4329 -0.7144 -0.5497
vn -0.4729 0.6919 0.5455
vn -0.4960 -0.7406 -0.4533
vn 0.9980 0.0098 -0.0632
vn -1.0000 -0.0000 0.0008
vn 0.5298 0.7707 0.3542
vn 0.4018 -0.7115 -0.5765
vn -0.5438 0.7203 0.4307
vn -0.4992 -0.7940 -0.3470
vn 0.9269 -0.0708 0.3687
vn -0.5104 -0.8585 0.0496
vn 0.3078 0.9479 0.0826
vn -0.3896 0.4844 -0.7833
vn -0.9955 -0.0758 -0.0572
vn -0.6062 -0.4905 0.6260
vn 0.2591 -0.6103 0.7486
vn -0.3074 -0.5962 -0.7416
vn 0.9807 -0.1508 0.1244
vn 0.6620 0.3746 -0.6491
vn -0.9957 0.0648 -0.0659
vn 0.9934 -0.1147 -0.0070
vn -0.9987 0.0303 0.0411
vn 0.9802 -0.1959 -0.0287
vn -0.1151 0.9848 0.1301
vn -0.5541 -0.8305 0.0571
vn 0.8026 0.5737 -0.1636
vn 0.6700 0.2884 0.6840
vn -0.4780 -0.6946 -0.5377
vn -0.5862 -0.2762 -0.7616
vn -0.4305 -0.7070 -0.5611
vn -0.1121 0.6734 0.7308
vn 0.7866 0.6168 -0.0300
vn -0.5139 -0.7382 -0.4369
vn -0.8379 -0.4280 -0.3386
vn 0.9996 0.0206 -0.0209
vn -0.4971 0.6888 0.5276
vn -0.4994 -0.5836 -0.6403
vn 0.4993 0.6545 0.5677
vn 0.4998 -0.5966 -0.6279
vn 0.4637 -0.5099 0.7245
vn -0.2682 0.4295 -0.8623
vn -0.4375 -0.5116 0.7395
vn 0.3946 0.1947 -0.8980
vn -1.0000 -0.0016 0.0017
vn 0.8777 0.3134 -0.3626
vn -0.5875 -0.3626 -0.7234
vn -0.5202 -0.5208 -0.6768
vn 0.4166 0.7723 0.4796
vn -0.2388 0.7505 0.6162
vn -0.4680 -0.8655 -0.1784
vn -0.9319 -0.1877 0.3103
vn -0.9990 -0.0035 0.0443
vn -0.9999 -0.0004 -0.0102
vn 0.0919 -0.1243 -0.9880
vn -0.3459 -0.1722 0.9223
vn -0.0544 -0.1251 -0.9906
vn 0.2041 -0.1326 0.9699
vn 0.9999 0.0116 -0.0102
vn -1.0000 -0.0001 -0.0003
vn 0.2881 -0.0932 -0.9530
vn -0.2014 -0.1342 0.9703
vn -0.2817 -0.0969 -0.9546
vn 0.0723 -0.2045 0.9762
vn -0.2526 0.9607 0.1155
vn -0.0232 -0.9997 -0.0068
vn -0.9287 -0.1917 0.3174
vn 0.0003 0.2347 -0.9721
vn 0.0003 0.2355 -0.9719
vn 0.0001 0.2350 -0.9720
vn -0.0058 -0.1738 0.9848
vn -0.1390 -0.1993 0.9700
vn 0.2096 -0.5221 0.8267
vn -0.0212 -0.2247 0.9742
vn 0.0026 -0.1941 0.9810
vn -0.1437 -0.4789 0.8660
vt 1.000000 1.000000
vt 0.833333 0.500000
vt 1.000000 0.500000
vt 0.666667 1.000000
vt 0.666667 0.500000
vt 0.500000 1.000000
vt 0.500000 0.500000
vt 0.333333 0.500000
vt 0.333333 1.000000
vt 0.166667 0.500000
vt 0.166667 1.000000
vt -0.000000 0.500000
vt 0.833333 0.500000
vt 0.833333 1.000000
vt -0.000000 1.000000
vt 0.042154 0.130000
vt 0.250000 0.010000
vt 0.457846 0.130000
vt 0.500000 0.500000
vt 0.500000 0.500000
vt 0.166667 0.500000
vt -0.000000 0.500000
vt 0.833333 0.500000
vt 0.000000 0.000000
vt 0.042154 0.370000
vt 0.457846 0.370000
vt 0.333333 0.500000
vt 0.250000 0.490000
s 0
f 670/191/1185 671/192/1185 669/193/1185
f 671/192/1186 674/194/1186 673/195/1186
f 673/195/1187 676/196/1187 675/197/1187
f 676/196/1188 677/198/1188 675/197/1188
f 678/199/1189 684/196/1189 685/199/1189
f 678/199/1190 679/200/1190 677/198/1190
f 680/201/1191 669/202/1191 679/200/1191
f 699/195/1192 694/192/1192 700/203/1192
f 686/201/1193 691/199/1193 692/201/1193
f 672/204/1194 683/194/1194 674/194/1194
f 680/201/1195 685/199/1195 686/201/1195
f 672/204/1196 681/191/1196 682/204/1196
f 674/194/1197 684/196/1197 676/196/1197
f 670/205/1198 686/201/1198 681/205/1198
f 691/206/1199 690/207/1199 689/208/1199
f 683/194/1200 690/196/1200 684/196/1200
f 682/204/1201 687/191/1201 688/204/1201
f 681/205/1202 692/201/1202 687/205/1202
f 684/196/1203 691/199/1203 685/199/1203
f 682/204/1204 689/194/1204 683/194/1204
f 701/200/1205 697/198/1205 702/198/1205
f 700/203/1206 693/193/1206 703/193/1206
f 699/195/1207 696/197/1207 695/195/1207
f 701/200/1208 693/202/1208 698/200/1208
f 702/198/1209 696/197/1209 704/209/1209
f 724/198/1210 704/209/1210 722/210/1210
f 721/211/1211 703/212/1211 701/200/1211
f 720/195/1212 704/209/1212 699/195/1212
f 725/193/1213 700/203/1213 703/193/1213
f 721/211/1214 702/198/1214 724/198/1214
f 723/213/1215 699/195/1215 700/203/1215
f 692/201/1216 687/205/1216 709/214/1216
f 691/214/1217 706/214/1217 705/214/1217
f 690/214/1218 707/214/1218 706/214/1218
f 705/214/1219 692/215/1219 691/206/1219
f 708/214/1220 687/214/1220 709/214/1220
f 708/214/1221 710/214/1221 688/214/1221
f 707/214/1222 711/214/1222 712/214/1222
f 688/216/1223 711/208/1223 689/208/1223
f 671/192/1224 717/195/1224 714/213/1224
f 679/200/1225 715/217/1225 677/198/1225
f 669/193/1226 714/213/1226 716/193/1226
f 673/195/1227 719/197/1227 717/195/1227
f 669/202/1228 718/211/1228 679/200/1228
f 677/198/1229 719/197/1229 675/197/1229
f 714/213/1230 720/195/1230 723/213/1230
f 718/211/1225 724/198/1225 715/217/1225
f 716/193/1231 723/213/1231 725/193/1231
f 717/195/1232 722/210/1232 720/195/1232
f 716/202/1233 721/211/1233 718/211/1233
f 715/217/1234 722/210/1234 719/197/1234
f 710/216/1235 727/208/1235 711/208/1235
f 712/214/1236 665/214/1236 763/214/1236
f 713/214/1237 728/214/1237 710/214/1237
f 731/192/1238 730/191/1238 729/193/1238
f 731/192/1239 734/194/1239 732/204/1239
f 733/195/1240 736/196/1240 734/194/1240
f 737/198/1241 736/196/1241 735/197/1241
f 738/199/1242 743/196/1242 736/196/1242
f 739/200/1243 738/199/1243 737/198/1243
f 729/202/1244 680/201/1244 739/200/1244
f 751/192/1245 756/195/1245 757/203/1245
f 686/201/1246 749/199/1246 744/199/1246
f 742/194/1247 732/204/1247 734/194/1247
f 680/201/1248 744/199/1248 738/199/1248
f 732/204/1249 740/191/1249 730/191/1249
f 743/196/1250 734/194/1250 736/196/1250
f 730/205/1251 686/201/1251 680/201/1251
f 749/206/1252 692/215/1252 745/218/1252
f 748/196/1253 742/194/1253 743/196/1253
f 741/204/1254 745/191/1254 740/191/1254
f 740/205/1255 692/201/1255 686/201/1255
f 749/199/1256 743/196/1256 744/199/1256
f 747/194/1257 741/204/1257 742/194/1257
f 754/198/1258 758/200/1258 759/198/1258
f 750/193/1259 757/203/1259 760/193/1259
f 756/195/1260 753/197/1260 761/209/1260
f 758/200/1261 750/202/1261 760/212/1261
f 753/197/1262 759/198/1262 761/209/1262
f 761/209/1263 774/198/1263 772/210/1263
f 771/211/1264 760/212/1264 775/202/1264
f 770/195/1265 761/209/1265 772/210/1265
f 775/193/1266 757/203/1266 773/213/1266
f 759/198/1267 771/211/1267 774/198/1267
f 773/213/1268 756/195/1268 770/195/1268
f 692/201/1269 709/214/1269 745/205/1269
f 706/214/1270 749/214/1270 705/214/1270
f 707/214/1271 748/214/1271 706/214/1271
f 705/214/1272 749/206/1272 692/215/1272
f 708/214/1273 745/214/1273 746/214/1273
f 762/214/1274 708/214/1274 746/214/1274
f 707/214/1275 763/214/1275 747/214/1275
f 763/208/1276 746/216/1276 747/208/1276
f 731/192/1277 767/195/1277 733/195/1277
f 765/217/1278 739/200/1278 737/198/1278
f 729/193/1279 764/213/1279 731/192/1279
f 733/195/1280 769/197/1280 735/197/1280
f 768/211/1281 729/202/1281 739/200/1281
f 769/197/1282 737/198/1282 735/197/1282
f 764/213/1283 770/195/1283 767/195/1283
f 774/198/1284 768/211/1284 765/217/1284
f 766/193/1285 773/213/1285 764/213/1285
f 767/195/1286 772/210/1286 769/197/1286
f 771/211/1287 766/202/1287 768/211/1287
f 772/210/1288 765/217/1288 769/197/1288
f 713/214/1289 667/214/1289 668/214/1289
f 712/214/1290 727/214/1290 726/214/1290
f 762/216/1291 665/208/1291 667/216/1291
f 752/195/1292 785/197/1292 753/197/1292
f 696/197/1293 780/198/1293 779/197/1293
f 694/192/1294 776/193/1294 693/193/1294
f 753/197/1292 786/198/1292 754/198/1292
f 697/198/1295 781/200/1295 780/198/1295
f 751/192/1292 782/193/1292 783/192/1292
f 695/195/1294 777/192/1294 694/192/1294
f 754/198/1292 787/200/1292 755/200/1292
f 693/202/1294 781/200/1294 698/200/1294
f 751/192/1292 784/195/1292 752/195/1292
f 695/195/1296 779/197/1296 778/195/1296
f 750/202/1292 787/200/1292 782/202/1292
f 728/216/1297 792/208/1297 727/208/1297
f 726/214/1298 788/214/1298 665/214/1298
f 667/216/1299 788/208/1299 789/216/1299
f 668/214/1300 789/214/1300 790/214/1300
f 668/214/1301 793/214/1301 728/214/1301
f 726/214/1302 792/214/1302 791/214/1302
f 670/191/1303 672/204/1303 671/192/1303
f 671/192/1304 672/204/1304 674/194/1304
f 673/195/1305 674/194/1305 676/196/1305
f 676/196/1306 678/199/1306 677/198/1306
f 678/199/1307 676/196/1307 684/196/1307
f 678/199/1308 680/201/1308 679/200/1308
f 680/201/1309 670/205/1309 669/202/1309
f 699/195/1310 695/195/1310 694/192/1310
f 686/201/1311 685/199/1311 691/199/1311
f 672/204/1312 682/204/1312 683/194/1312
f 680/201/1313 678/199/1313 685/199/1313
f 672/204/1314 670/191/1314 681/191/1314
f 674/194/1315 683/194/1315 684/196/1315
f 670/205/1316 680/201/1316 686/201/1316
f 689/208/1317 688/216/1317 691/206/1317
f 688/216/1318 687/218/1318 691/206/1318
f 687/218/1319 692/215/1319 691/206/1319
f 683/194/1320 689/194/1320 690/196/1320
f 682/204/1321 681/191/1321 687/191/1321
f 681/205/1322 686/201/1322 692/201/1322
f 684/196/1323 690/196/1323 691/199/1323
f 682/204/1324 688/204/1324 689/194/1324
f 701/200/1325 698/200/1325 697/198/1325
f 700/203/1326 694/192/1326 693/193/1326
f 699/195/1327 704/209/1327 696/197/1327
f 701/200/1328 703/212/1328 693/202/1328
f 702/198/1329 697/198/1329 696/197/1329
f 724/198/1330 702/198/1330 704/209/1330
f 721/211/1331 725/202/1331 703/212/1331
f 720/195/1332 722/210/1332 704/209/1332
f 725/193/1333 723/213/1333 700/203/1333
f 721/211/1334 701/200/1334 702/198/1334
f 723/213/1335 720/195/1335 699/195/1335
f 691/214/1336 690/214/1336 706/214/1336
f 690/214/1337 689/214/1337 707/214/1337
f 708/214/1338 688/214/1338 687/214/1338
f 708/214/1339 713/214/1339 710/214/1339
f 707/214/1340 689/214/1340 711/214/1340
f 688/216/1341 710/216/1341 711/208/1341
f 671/192/1342 673/195/1342 717/195/1342
f 679/200/1343 718/211/1343 715/217/1343
f 669/193/1344 671/192/1344 714/213/1344
f 673/195/1345 675/197/1345 719/197/1345
f 669/202/1346 716/202/1346 718/211/1346
f 677/198/1347 715/217/1347 719/197/1347
f 714/213/1348 717/195/1348 720/195/1348
f 718/211/1349 721/211/1349 724/198/1349
f 716/193/1350 714/213/1350 723/213/1350
f 717/195/1351 719/197/1351 722/210/1351
f 716/202/1352 725/202/1352 721/211/1352
f 715/217/1353 724/198/1353 722/210/1353
f 710/216/1354 728/216/1354 727/208/1354
f 712/214/1355 726/214/1355 665/214/1355
f 713/214/1356 668/214/1356 728/214/1356
f 731/192/1357 732/204/1357 730/191/1357
f 731/192/1358 733/195/1358 734/194/1358
f 733/195/1359 735/197/1359 736/196/1359
f 737/198/1360 738/199/1360 736/196/1360
f 738/199/1361 744/199/1361 743/196/1361
f 739/200/1362 680/201/1362 738/199/1362
f 729/202/1363 730/205/1363 680/201/1363
f 751/192/1364 752/195/1364 756/195/1364
f 686/201/1365 692/201/1365 749/199/1365
f 742/194/1366 741/204/1366 732/204/1366
f 680/201/1367 686/201/1367 744/199/1367
f 732/204/1368 741/204/1368 740/191/1368
f 743/196/1369 742/194/1369 734/194/1369
f 730/205/1370 740/205/1370 686/201/1370
f 745/218/1371 746/216/1371 749/206/1371
f 746/216/1372 747/208/1372 749/206/1372
f 747/208/1373 748/207/1373 749/206/1373
f 748/196/1374 747/194/1374 742/194/1374
f 741/204/1375 746/204/1375 745/191/1375
f 740/205/1376 745/205/1376 692/201/1376
f 749/199/1377 748/196/1377 743/196/1377
f 747/194/1378 746/204/1378 741/204/1378
f 754/198/1379 755/200/1379 758/200/1379
f 750/193/1380 751/192/1380 757/203/1380
f 756/195/1381 752/195/1381 753/197/1381
f 758/200/1382 755/200/1382 750/202/1382
f 753/197/1383 754/198/1383 759/198/1383
f 761/209/1384 759/198/1384 774/198/1384
f 771/211/1385 758/200/1385 760/212/1385
f 770/195/1386 756/195/1386 761/209/1386
f 775/193/1387 760/193/1387 757/203/1387
f 759/198/1388 758/200/1388 771/211/1388
f 773/213/1389 757/203/1389 756/195/1389
f 706/214/1390 748/214/1390 749/214/1390
f 707/214/1391 747/214/1391 748/214/1391
f 708/214/1392 709/214/1392 745/214/1392
f 762/214/1393 713/214/1393 708/214/1393
f 707/214/1394 712/214/1394 763/214/1394
f 763/208/1395 762/216/1395 746/216/1395
f 731/192/1396 764/213/1396 767/195/1396
f 765/217/1397 768/211/1397 739/200/1397
f 729/193/1398 766/193/1398 764/213/1398
f 733/195/1399 767/195/1399 769/197/1399
f 768/211/1400 766/202/1400 729/202/1400
f 769/197/1401 765/217/1401 737/198/1401
f 764/213/1402 773/213/1402 770/195/1402
f 774/198/1403 771/211/1403 768/211/1403
f 766/193/1404 775/193/1404 773/213/1404
f 767/195/1405 770/195/1405 772/210/1405
f 771/211/1406 775/202/1406 766/202/1406
f 772/210/1407 774/198/1407 765/217/1407
f 713/214/1408 762/214/1408 667/214/1408
f 712/214/1409 711/214/1409 727/214/1409
f 762/216/1410 763/208/1410 665/208/1410
f 752/195/1292 784/195/1292 785/197/1292
f 696/197/1411 697/198/1411 780/198/1411
f 694/192/1294 777/192/1294 776/193/1294
f 753/197/1292 785/197/1292 786/198/1292
f 697/198/1412 698/200/1412 781/200/1412
f 751/192/1292 750/193/1292 782/193/1292
f 695/195/1294 778/195/1294 777/192/1294
f 754/198/1292 786/198/1292 787/200/1292
f 693/202/1294 776/202/1294 781/200/1294
f 751/192/1292 783/192/1292 784/195/1292
f 695/195/1413 696/197/1413 779/197/1413
f 750/202/1292 755/200/1292 787/200/1292
f 728/216/1414 793/216/1414 792/208/1414
f 726/214/1415 791/214/1415 788/214/1415
f 667/216/1416 665/208/1416 788/208/1416
f 668/214/1417 667/214/1417 789/214/1417
f 668/214/1418 790/214/1418 793/214/1418
f 726/214/1419 727/214/1419 792/214/1419
o hair5
v 0.589199 -0.843802 14.564147
v 0.582221 0.534628 14.675458
v -0.000000 0.728348 14.825751
v 0.329380 0.661803 14.775693
v 0.656888 0.611247 14.404065
v 0.673636 0.600559 14.000471
v 0.665231 0.484393 13.566820
v 0.682761 0.241418 14.764675
v 0.737509 -0.176081 14.801668
v 0.695261 -0.577516 14.741117
v 0.682098 -0.825266 14.350894
v 0.350033 -0.931638 14.635772
v -0.000000 -1.097476 14.479957
v -0.000000 0.847083 13.498973
v -0.000000 0.953627 14.000692
v -0.000000 0.955845 14.456920
v 0.334014 0.761026 13.536661
v 0.326528 0.863452 14.004376
v 0.333922 0.862841 14.434791
v 0.893074 0.165393 13.983972
v 0.859308 0.236704 14.417705
v 0.972705 -0.140028 13.961720
v 0.934707 -0.200245 14.424160
v 0.835282 -0.672785 13.943407
v 0.874791 -0.619460 14.386633
v 0.366330 0.292516 14.974528
v -0.000000 0.328334 15.046337
v 0.395758 -0.157589 15.033709
v -0.000000 -0.147655 15.112122
v 0.377653 -0.592306 14.953123
v -0.000000 -0.755598 14.930466
v 0.933113 0.045411 14.049926
v 0.579362 -0.704929 14.415059
v 0.653018 -0.661676 14.255717
v 0.401327 -0.771505 14.462784
v -0.000000 -0.926752 14.294670
v 0.806676 -0.042310 13.976552
v 0.842930 -0.246368 13.121642
v 0.722329 -0.614566 12.935015
v 0.665599 0.398399 13.170296
v -0.000000 0.840761 13.053201
v 0.336142 0.743588 13.170443
v 0.757584 -0.664634 13.958238
v 0.722352 -0.238216 13.136473
v 0.626449 -0.606414 12.900957
v 0.899359 0.056748 13.508275
v 0.893074 0.165393 13.983972
v 0.933113 0.045411 14.049926
v 0.832809 -0.159293 13.083125
v 0.738421 0.106785 13.543333
v 0.732136 0.165998 14.019029
v 0.600419 0.240421 13.170296
v 0.772176 0.046016 14.084983
v 0.671871 -0.089993 13.118181
v -0.000000 0.682784 13.053199
v 0.369721 0.585610 13.170443
v 0.567814 0.438534 13.569366
v 0.368754 0.690587 13.527085
v -0.000000 0.706204 13.499510
v -0.589199 -0.843802 14.564147
v -0.582221 0.534628 14.675458
v -0.329380 0.661803 14.775693
v -0.656888 0.611247 14.404065
v -0.673636 0.600559 14.000471
v -0.665231 0.484393 13.566820
v -0.682762 0.241418 14.764675
v -0.737509 -0.176081 14.801668
v -0.695261 -0.577516 14.741117
v -0.682099 -0.825266 14.350894
v -0.350034 -0.931638 14.635772
v -0.334014 0.761026 13.536661
v -0.326528 0.863452 14.004376
v -0.333923 0.862841 14.434791
v -0.893074 0.165393 13.983972
v -0.859308 0.236704 14.417705
v -0.972705 -0.140028 13.961720
v -0.934707 -0.200245 14.424160
v -0.835282 -0.672785 13.943407
v -0.874791 -0.619460 14.386633
v -0.366331 0.292516 14.974528
v -0.395758 -0.157589 15.033709
v -0.377653 -0.592306 14.953123
v -0.933113 0.045411 14.049926
v -0.579363 -0.704929 14.415059
v -0.653018 -0.661676 14.255717
v -0.401327 -0.771505 14.462784
v -0.806676 -0.042310 13.976552
v -0.842930 -0.246368 13.121642
v -0.722329 -0.614566 12.935015
v -0.665599 0.398399 13.170296
v -0.336142 0.743588 13.170443
v -0.757584 -0.664634 13.958238
v -0.722352 -0.238216 13.136473
v -0.626449 -0.606414 12.900957
v -0.899359 0.056748 13.508275
v -0.893074 0.165393 13.983972
v -0.933113 0.045411 14.049926
v -0.832809 -0.159293 13.083125
v -0.738421 0.106785 13.543333
v -0.732136 0.165998 14.019027
v -0.600419 0.240421 13.170296
v -0.772176 0.046016 14.084983
v -0.671871 -0.089993 13.118181
v -0.369722 0.585610 13.170443
v -0.567814 0.438534 13.569366
v -0.368754 0.690587 13.527085
vn 0.5518 -0.1809 0.8141
vn 0.1864 -0.1866 0.9646
vn 0.6038 0.7971 0.0039
vn 0.4878 -0.7080 -0.5107
vn 0.1958 0.1404 0.9705
vn 0.2137 0.4796 0.8511
vn 0.8717 -0.1659 0.4611
vn 0.9817 0.1612 0.1017
vn 0.9872 -0.1467 0.0620
vn 0.6379 0.7407 -0.2108
vn 0.5934 0.7171 0.3657
vn 0.2623 0.8213 0.5066
vn 0.4589 -0.6113 0.6448
vn 0.8928 0.4504 -0.0045
vn 0.2489 -0.6723 0.6972
vn 0.5611 0.1458 0.8148
vn 0.2629 0.9438 -0.2004
vn 0.8823 0.4501 -0.1377
vn 0.8793 0.1584 0.4492
vn 0.7284 -0.6850 0.0175
vn 0.0886 -0.7259 -0.6820
vn 0.5492 0.4099 0.7283
vn 0.6875 -0.6854 0.2399
vn -0.7787 -0.4131 -0.4721
vn 0.8176 0.4547 0.3533
vn 0.9450 0.3263 0.0199
vn 0.9794 0.1706 0.1078
vn -0.7930 -0.4710 -0.3864
vn 0.2662 0.9639 -0.0032
vn 0.6424 0.7656 -0.0327
vn 0.2821 0.9593 -0.0136
vn -0.0505 -0.9898 0.1331
vn -0.3331 -0.4450 0.8313
vn 0.1127 0.9926 0.0447
vn -0.8890 -0.3379 -0.3091
vn -0.9625 0.2442 0.1178
vn -0.0000 -0.0000 1.0000
vn -0.1897 -0.4545 0.8703
vn 0.9937 -0.0760 -0.0820
vn -0.2610 -0.8435 0.4695
vn -0.1837 -0.5199 -0.8343
vn -0.2476 -0.9453 0.2126
vn -0.0006 -0.0001 -1.0000
vn 0.3293 -0.0000 -0.9442
vn -0.1619 0.1195 -0.9795
vn -0.9349 -0.2430 0.2588
vn -0.8140 -0.5441 0.2036
vn -0.2688 -0.9619 0.0505
vn 0.8992 0.3168 -0.3017
vn 0.5466 -0.1746 0.8190
vn 0.0662 -0.2857 0.9560
vn 0.6140 0.7893 -0.0094
vn 0.5450 -0.6166 -0.5681
vn 0.2032 0.1340 0.9699
vn 0.2247 0.4705 0.8533
vn 0.8704 -0.1617 0.4650
vn 0.9672 -0.2476 -0.0564
vn 0.5945 0.7874 -0.1629
vn 0.5362 0.7239 0.4341
vn 0.2437 0.8340 0.4951
vn 0.4262 -0.6362 0.6431
vn 0.8791 0.4760 0.0239
vn 0.1077 -0.7920 0.6010
vn 0.5630 0.1438 0.8139
vn 0.2657 0.9426 -0.2022
vn 0.8669 0.4883 -0.1001
vn 0.8813 0.1551 0.4463
vn 0.0734 -0.7426 -0.6657
vn 0.5146 0.4458 0.7324
vn 0.7076 -0.5644 0.4252
vn 0.8171 0.4050 0.4103
vn 0.2680 0.9634 -0.0047
vn 0.7155 0.6829 -0.1474
vn 0.2540 0.9662 -0.0445
vn -0.4755 -0.8450 0.2448
vn 0.0763 -0.4706 0.8791
vn 0.0682 0.9966 0.0464
vn -0.1710 -0.9000 -0.4010
vn -0.9599 0.2525 0.1221
vn 0.9766 -0.1709 -0.1305
vn -0.1792 -0.8818 0.4362
vn 0.0232 -0.9920 0.1238
vn -0.0004 0.0002 -1.0000
vn 0.3177 0.0675 -0.9458
vn -0.2135 0.0881 -0.9730
vn -0.8731 -0.4614 0.1577
vn -0.7869 -0.5926 0.1723
vn -0.0616 -0.9575 0.2817
vn 0.8661 0.4886 -0.1052
vn -0.5518 -0.1809 0.8141
vn -0.1864 -0.1866 0.9646
vn -0.6038 0.7971 0.0039
vn -0.4878 -0.7080 -0.5107
vn -0.1958 0.1404 0.9705
vn -0.2137 0.4796 0.8511
vn -0.8717 -0.1659 0.4611
vn -0.9817 0.1612 0.1017
vn -0.9872 -0.1467 0.0620
vn -0.6379 0.7407 -0.2108
vn -0.5934 0.7171 0.3657
vn -0.2623 0.8213 0.5066
vn -0.4589 -0.6113 0.6448
vn -0.8928 0.4504 -0.0045
vn -0.2489 -0.6723 0.6972
vn -0.5611 0.1458 0.8148
vn -0.2629 0.9438 -0.2004
vn -0.8823 0.4501 -0.1377
vn -0.8793 0.1584 0.4492
vn -0.7284 -0.6850 0.0175
vn -0.0886 -0.7259 -0.6820
vn -0.5492 0.4099 0.7283
vn -0.6875 -0.6854 0.2399
vn 0.7787 -0.4131 -0.4721
vn -0.8176 0.4547 0.3533
vn -0.9450 0.3263 0.0199
vn -0.9794 0.1706 0.1078
vn 0.7930 -0.4710 -0.3864
vn -0.2662 0.9639 -0.0032
vn -0.6424 0.7656 -0.0327
vn -0.2821 0.9593 -0.0136
vn 0.0505 -0.9898 0.1331
vn 0.3331 -0.4450 0.8313
vn -0.1127 0.9926 0.0447
vn 0.8890 -0.3379 -0.3091
vn 0.9625 0.2442 0.1178
vn 0.1897 -0.4545 0.8703
vn -0.9937 -0.0760 -0.0820
vn 0.2610 -0.8435 0.4695
vn 0.1837 -0.5199 -0.8343
vn 0.2476 -0.9453 0.2126
vn 0.0006 -0.0001 -1.0000
vn -0.3293 -0.0000 -0.9442
vn 0.1619 0.1195 -0.9795
vn 0.9349 -0.2430 0.2588
vn 0.8140 -0.5441 0.2036
vn 0.2688 -0.9619 0.0505
vn -0.8992 0.3168 -0.3017
vn -0.5466 -0.1746 0.8190
vn -0.0662 -0.2857 0.9560
vn -0.6140 0.7893 -0.0094
vn -0.5450 -0.6166 -0.5681
vn -0.2032 0.1340 0.9699
vn -0.2247 0.4705 0.8533
vn -0.8704 -0.1617 0.4650
vn -0.9672 -0.2476 -0.0564
vn -0.5945 0.7874 -0.1629
vn -0.5362 0.7239 0.4341
vn -0.2437 0.8340 0.4951
vn -0.4262 -0.6362 0.6431
vn -0.8791 0.4760 0.0239
vn -0.1077 -0.7920 0.6010
vn -0.5630 0.1438 0.8139
vn -0.2657 0.9426 -0.2022
vn -0.8669 0.4883 -0.1001
vn -0.8813 0.1551 0.4463
vn -0.0734 -0.7426 -0.6657
vn -0.5146 0.4458 0.7324
vn -0.7076 -0.5644 0.4252
vn -0.8171 0.4050 0.4103
vn -0.2680 0.9634 -0.0047
vn -0.7155 0.6829 -0.1474
vn -0.2540 0.9662 -0.0445
vn 0.4755 -0.8450 0.2448
vn -0.0763 -0.4706 0.8791
vn -0.0682 0.9966 0.0464
vn 0.1710 -0.9000 -0.4010
vn 0.9599 0.2525 0.1221
vn -0.9766 -0.1709 -0.1305
vn 0.1792 -0.8818 0.4362
vn -0.0232 -0.9920 0.1238
vn 0.0004 0.0002 -1.0000
vn -0.3177 0.0675 -0.9458
vn 0.2135 0.0881 -0.9730
vn 0.8731 -0.4614 0.1577
vn 0.7869 -0.5926 0.1723
vn 0.0616 -0.9575 0.2817
vn -0.8661 0.4886 -0.1052
vt 0.625000 0.625000
vt 0.687500 0.687500
vt 0.625000 0.687500
vt 0.750000 0.625000
vt 0.687500 0.625000
vt 0.500000 0.437500
vt 0.562500 0.500000
vt 0.500000 0.500000
vt 0.687500 0.750000
vt 0.750000 0.750000
vt 0.687500 0.562500
vt 0.687500 0.500000
vt 0.750000 0.562500
vt 0.562500 0.625000
vt 0.562500 0.687500
vt 0.500000 0.625000
vt 0.500000 0.593750
vt 0.437500 0.437500
vt 0.437500 0.500000
vt 0.562500 0.437500
vt 0.625000 0.500000
vt 0.625000 0.375000
vt 0.562500 0.375000
vt 0.625000 0.750000
vt 0.562500 0.562500
vt 0.500000 0.562500
vt 0.750000 0.687500
vt 0.625000 0.562500
vt 0.437500 0.375000
vt 0.500000 0.375000
vt 0.562500 0.750000
vt 0.500000 0.687500
vt 0.000000 0.000000
vt 0.437500 0.562500
vt 0.750000 0.500000
vt 0.625000 0.437500
s 0
f 802/219/1420 823/220/1420 803/221/1420
f 822/222/1421 823/220/1421 821/223/1421
f 811/224/1422 798/225/1422 799/226/1422
f 805/227/1423 829/228/1423 828/227/1423
f 819/229/1424 822/222/1424 821/223/1424
f 797/230/1425 820/231/1425 819/229/1425
f 816/232/1426 803/221/1426 818/233/1426
f 816/232/1427 815/234/1427 825/235/1427
f 818/233/1428 815/234/1428 816/232/1428
f 810/236/1429 799/226/1429 800/237/1429
f 812/238/1430 795/239/1430 798/225/1430
f 796/240/1431 812/238/1431 809/241/1431
f 823/220/1432 794/242/1432 803/221/1432
f 799/226/1433 814/243/1433 813/244/1433
f 824/245/1434 805/227/1434 823/220/1434
f 801/246/1435 821/223/1435 802/219/1435
f 811/224/1436 807/247/1436 808/248/1436
f 840/244/1437 800/237/1437 799/226/1437
f 814/243/1438 802/219/1438 816/232/1438
f 818/233/1439 804/249/1439 817/250/1439
f 794/242/1440 828/227/1440 826/242/1440
f 795/239/1441 819/229/1441 801/246/1441
f 818/233/1442 794/242/1442 804/249/1442
f 804/249/1443 826/242/1443 827/249/1443
f 795/239/1444 814/243/1444 798/225/1444
f 825/235/1445 813/244/1445 814/243/1445
f 814/243/1446 816/232/1446 825/235/1446
f 804/249/1447 794/242/1447 826/242/1447
f 808/248/1448 812/238/1448 811/224/1448
f 800/237/1449 835/236/1449 810/236/1449
f 807/247/1450 835/236/1450 834/247/1450
f 815/251/1451 837/251/1451 831/251/1451
f 832/251/1452 837/251/1452 838/251/1452
f 832/251/1453 836/251/1453 817/251/1453
f 836/251/1454 804/251/1454 827/251/1454
f 831/251/1455 817/251/1455 815/251/1455
f 813/244/1456 841/235/1456 840/244/1456
f 841/251/1457 830/251/1457 815/251/1457
f 836/251/1458 837/251/1458 830/251/1458
f 839/252/1459 847/252/1459 842/252/1459
f 840/244/1460 846/235/1460 844/244/1460
f 840/244/1461 843/252/1461 839/252/1461
f 833/237/1462 849/236/1462 835/236/1462
f 835/236/1463 848/247/1463 834/247/1463
f 845/237/1464 842/252/1464 847/252/1464
f 843/252/1465 845/237/1465 847/252/1465
f 850/251/1466 849/236/1466 845/237/1466
f 849/236/1467 852/251/1467 848/247/1467
f 833/237/1468 839/252/1468 842/252/1468
f 802/219/1469 821/223/1469 823/220/1469
f 822/222/1470 824/245/1470 823/220/1470
f 811/224/1471 812/238/1471 798/225/1471
f 805/227/1472 806/228/1472 829/228/1472
f 819/229/1473 820/231/1473 822/222/1473
f 797/230/1474 796/253/1474 820/231/1474
f 816/232/1475 802/219/1475 803/221/1475
f 818/233/1476 817/250/1476 815/234/1476
f 810/236/1477 811/224/1477 799/226/1477
f 812/238/1478 797/254/1478 795/239/1478
f 796/240/1479 797/254/1479 812/238/1479
f 823/220/1480 805/227/1480 794/242/1480
f 799/226/1481 798/225/1481 814/243/1481
f 824/245/1482 806/228/1482 805/227/1482
f 801/246/1483 819/229/1483 821/223/1483
f 811/224/1484 810/236/1484 807/247/1484
f 840/244/1485 839/252/1485 800/237/1485
f 814/243/1486 801/246/1486 802/219/1486
f 794/242/1487 805/227/1487 828/227/1487
f 795/239/1488 797/230/1488 819/229/1488
f 818/233/1489 803/221/1489 794/242/1489
f 795/239/1490 801/246/1490 814/243/1490
f 808/248/1491 809/241/1491 812/238/1491
f 800/237/1492 833/237/1492 835/236/1492
f 807/247/1493 810/236/1493 835/236/1493
f 815/251/1494 830/251/1494 837/251/1494
f 832/251/1495 831/251/1495 837/251/1495
f 832/251/1496 838/251/1496 836/251/1496
f 836/251/1497 817/251/1497 804/251/1497
f 831/251/1498 832/251/1498 817/251/1498
f 813/244/1456 825/235/1456 841/235/1456
f 836/251/1499 838/251/1499 837/251/1499
f 839/252/1500 843/252/1500 847/252/1500
f 840/244/1460 841/235/1460 846/235/1460
f 840/244/1501 844/244/1501 843/252/1501
f 833/237/1502 845/237/1502 849/236/1502
f 835/236/1503 849/236/1503 848/247/1503
f 845/237/1504 833/237/1504 842/252/1504
f 843/252/1505 850/251/1505 845/237/1505
f 850/251/1506 851/251/1506 849/236/1506
f 849/236/1507 851/251/1507 852/251/1507
f 833/237/1508 800/237/1508 839/252/1508
f 860/219/1509 861/221/1509 875/220/1509
f 822/222/1510 874/223/1510 875/220/1510
f 865/224/1511 857/226/1511 856/225/1511
f 863/227/1512 879/227/1512 829/228/1512
f 873/229/1513 874/223/1513 822/222/1513
f 855/230/1514 873/229/1514 820/231/1514
f 870/232/1515 872/233/1515 861/221/1515
f 870/232/1516 876/235/1516 869/234/1516
f 872/233/1517 870/232/1517 869/234/1517
f 864/236/1518 858/237/1518 857/226/1518
f 866/238/1519 856/225/1519 854/239/1519
f 796/240/1520 809/241/1520 866/238/1520
f 875/220/1521 861/221/1521 853/242/1521
f 857/226/1522 867/244/1522 868/243/1522
f 824/245/1523 875/220/1523 863/227/1523
f 859/246/1524 860/219/1524 874/223/1524
f 865/224/1525 808/248/1525 807/247/1525
f 889/244/1526 857/226/1526 858/237/1526
f 868/243/1527 870/232/1527 860/219/1527
f 872/233/1528 871/250/1528 862/249/1528
f 853/242/1529 877/242/1529 879/227/1529
f 854/239/1530 859/246/1530 873/229/1530
f 872/233/1531 862/249/1531 853/242/1531
f 862/249/1532 878/249/1532 877/242/1532
f 854/239/1533 856/225/1533 868/243/1533
f 876/235/1534 868/243/1534 867/244/1534
f 868/243/1535 876/235/1535 870/232/1535
f 862/249/1536 877/242/1536 853/242/1536
f 808/248/1537 865/224/1537 866/238/1537
f 858/237/1538 864/236/1538 884/236/1538
f 807/247/1539 834/247/1539 884/236/1539
f 869/251/1540 881/251/1540 886/251/1540
f 882/251/1541 887/251/1541 886/251/1541
f 882/251/1542 871/251/1542 885/251/1542
f 885/251/1543 878/251/1543 862/251/1543
f 881/251/1544 869/251/1544 871/251/1544
f 867/244/1456 889/244/1456 890/235/1456
f 890/251/1545 869/251/1545 880/251/1545
f 885/251/1546 880/251/1546 886/251/1546
f 888/252/1547 891/252/1547 896/252/1547
f 889/244/1548 893/244/1548 895/235/1548
f 889/244/1549 888/252/1549 892/252/1549
f 883/237/1550 884/236/1550 897/236/1550
f 884/236/1551 834/247/1551 848/247/1551
f 894/237/1552 896/252/1552 891/252/1552
f 892/252/1553 896/252/1553 894/237/1553
f 898/251/1554 894/237/1554 897/236/1554
f 897/236/1555 848/247/1555 852/251/1555
f 883/237/1556 891/252/1556 888/252/1556
f 860/219/1557 875/220/1557 874/223/1557
f 822/222/1558 875/220/1558 824/245/1558
f 865/224/1559 856/225/1559 866/238/1559
f 863/227/1560 829/228/1560 806/228/1560
f 873/229/1561 822/222/1561 820/231/1561
f 855/230/1562 820/231/1562 796/253/1562
f 870/232/1563 861/221/1563 860/219/1563
f 872/233/1564 869/234/1564 871/250/1564
f 864/236/1565 857/226/1565 865/224/1565
f 866/238/1566 854/239/1566 855/254/1566
f 796/240/1567 866/238/1567 855/254/1567
f 875/220/1568 853/242/1568 863/227/1568
f 857/226/1569 868/243/1569 856/225/1569
f 824/245/1570 863/227/1570 806/228/1570
f 859/246/1571 874/223/1571 873/229/1571
f 865/224/1572 807/247/1572 864/236/1572
f 889/244/1573 858/237/1573 888/252/1573
f 868/243/1574 860/219/1574 859/246/1574
f 853/242/1575 879/227/1575 863/227/1575
f 854/239/1576 873/229/1576 855/230/1576
f 872/233/1577 853/242/1577 861/221/1577
f 854/239/1578 868/243/1578 859/246/1578
f 808/248/1579 866/238/1579 809/241/1579
f 858/237/1580 884/236/1580 883/237/1580
f 807/247/1581 884/236/1581 864/236/1581
f 869/251/1582 886/251/1582 880/251/1582
f 882/251/1583 886/251/1583 881/251/1583
f 882/251/1584 885/251/1584 887/251/1584
f 885/251/1585 862/251/1585 871/251/1585
f 881/251/1586 871/251/1586 882/251/1586
f 867/244/1456 890/235/1456 876/235/1456
f 885/251/1587 886/251/1587 887/251/1587
f 888/252/1588 896/252/1588 892/252/1588
f 889/244/1548 895/235/1548 890/235/1548
f 889/244/1589 892/252/1589 893/244/1589
f 883/237/1590 897/236/1590 894/237/1590
f 884/236/1591 848/247/1591 897/236/1591
f 894/237/1592 891/252/1592 883/237/1592
f 892/252/1593 894/237/1593 898/251/1593
f 898/251/1594 897/236/1594 899/251/1594
f 897/236/1595 852/251/1595 899/251/1595
f 883/237/1596 888/252/1596 858/237/1596
l 830 846
l 800 850
l 810 851
l 807 852
l 880 895
l 858 898
l 864 899
