# Blender 5.0.0
# www.blender.org
o body
v 0.496492 -0.836496 13.381125
v 0.583336 -0.739346 14.652062
v 0.476577 0.278155 13.448383
v 0.565221 0.486406 14.687774
v 0.246627 0.341088 13.352493
v -0.000000 0.369679 13.297813
v -0.000000 0.658669 14.821419
v 0.340386 0.599495 14.776905
v 0.631619 0.554539 14.446439
v 0.646511 0.545034 14.087550
v 0.576865 0.424383 13.715771
v 0.562963 -0.631520 13.295029
v 0.591550 -0.317049 13.266325
v 0.550611 0.022594 13.337422
v 0.654626 0.225672 14.767109
v 0.703310 -0.145584 14.800004
v 0.665741 -0.502555 14.746159
v 0.654036 -0.830153 14.399159
v 0.671875 -0.892059 14.026482
v 0.600616 -0.885222 13.646988
v -0.000000 -0.970373 13.215230
v 0.267098 -0.925011 13.274291
v 0.358752 -0.817453 14.739865
v -0.000000 -0.856363 14.785053
v -0.000000 0.674132 13.669051
v -0.000000 0.858995 14.087747
v -0.000000 0.860968 14.493441
v 0.290903 0.614872 13.695004
v 0.337850 0.778809 14.091022
v 0.344425 0.778264 14.473764
v 0.749642 0.108478 13.675455
v 0.841644 0.194318 14.072878
v 0.811618 0.221480 14.458570
v 0.812126 -0.260920 13.632301
v 0.912852 -0.205321 14.053091
v 0.878665 -0.167071 14.464311
v 0.764291 -0.610047 13.634981
v 0.857600 -0.587271 14.036805
v 0.825385 -0.539852 14.430940
v 0.317045 -1.052687 13.610929
v 0.365526 -1.074153 13.895190
v 0.369003 -0.996871 14.418616
v -0.000000 -1.112858 13.633110
v -0.000000 -1.133465 13.890262
v -0.000000 -1.050112 14.438214
v -0.000000 0.004889 13.031634
v 0.255090 0.002209 13.117135
v -0.000000 -0.369841 12.916223
v 0.272938 -0.355472 13.015370
v -0.000000 -0.709899 12.982119
v 0.266506 -0.681006 13.069804
v 0.373244 0.271110 14.953716
v -0.000000 0.302961 15.017573
v 0.399412 -0.129140 15.006343
v -0.000000 -0.120306 15.076071
v 0.383312 -0.515706 14.934681
v -0.000000 -0.530811 14.999249
v -0.000000 -1.256592 13.701372
v 0.899103 0.129189 14.062221
v 0.964296 0.059744 14.083307
v 0.972883 0.157159 13.879864
v 1.038076 0.087714 13.900948
v 0.910948 0.053345 13.636723
v 0.976141 -0.016099 13.657806
v 0.775233 -0.078439 13.575937
v 0.840426 -0.147884 13.597024
v 0.701452 -0.106409 13.758294
v 0.766645 -0.175854 13.779381
v 0.763387 -0.002596 14.001438
v 0.828580 -0.072041 14.022524
v 0.000000 0.608115 10.444883
v -0.000551 0.613755 12.588319
v 0.504716 0.474076 10.259265
v 1.665809 0.692650 12.020350
v 0.598099 0.170519 10.216963
v 1.812559 0.540221 12.328778
v 0.495931 -0.167077 10.164694
v 1.632944 0.162031 12.298050
v -0.000000 -0.261992 10.305977
v -0.001382 -0.527920 12.271191
v -0.000000 0.657830 11.077941
v 0.656045 0.520694 11.067934
v 0.928963 0.156487 11.057239
v 0.654634 -0.242199 11.080237
v -0.000000 -0.421473 11.077941
v -0.002058 0.696845 12.144864
v 1.474343 0.681216 11.598819
v 1.490411 0.379703 11.507232
v 1.443231 0.064669 11.696512
v -0.002632 -0.513121 11.924963
v -0.000000 0.515979 12.764216
v 0.553091 0.463837 12.694536
v 0.715278 0.140792 12.698450
v 0.503312 -0.170154 12.709264
v -0.000000 -0.334731 12.556602
v 1.787318 0.532035 12.344415
v 1.183916 0.642623 12.290893
v 1.001510 -0.126194 12.555238
v 0.973901 0.622281 11.577850
v 0.935979 -0.201085 11.833577
v 1.405882 0.348415 11.510372
v 2.649372 0.596661 10.216704
v 2.763188 0.466320 10.244960
v 2.643823 0.232529 10.328487
v 2.220050 0.534239 10.082672
v 2.232100 0.447094 10.005014
v 2.232593 0.185126 10.175459
v 3.354985 0.348540 8.621967
v 3.420403 0.215386 8.676982
v 3.352954 0.074253 8.753327
v 3.048976 0.316910 8.551723
v 2.995448 0.171429 8.570906
v 3.047495 0.041197 8.679808
v 3.381047 0.378846 8.520641
v 3.470106 0.219817 8.659635
v 3.398631 -0.043460 8.742188
v 3.227063 0.309595 8.385186
v 3.197354 0.133487 8.454816
v 3.225868 -0.157475 8.596123
v 3.654810 0.269017 8.108093
v 3.711442 0.024413 8.213193
v 3.653183 -0.263533 8.351119
v 3.494231 0.132138 7.979748
v 3.464522 -0.043969 8.049377
v 3.493035 -0.334931 8.190685
v 3.594669 -0.044315 7.611732
v 3.605877 -0.225042 7.650878
v 3.594736 -0.413549 7.780763
v 3.504273 -0.086908 7.697611
v 3.477983 -0.192334 7.721356
v 3.503602 -0.390791 7.834265
v 2.986084 0.039974 8.395109
v 3.017572 -0.067179 8.498197
v 3.181016 0.028394 8.343485
v 3.201421 -0.218113 8.470257
v 3.038830 -0.092817 8.220569
v 3.064631 -0.180618 8.305038
v 3.198556 -0.102305 8.178267
v 3.215275 -0.304291 8.282145
v 3.114586 -0.232510 8.037401
v 3.125427 -0.293711 8.100801
v 3.232392 -0.228244 8.032445
v 3.241614 -0.371233 8.108798
v -0.000000 0.404501 12.894760
v 0.158780 0.287953 12.866364
v 0.252719 0.101461 12.802843
v 0.182110 -0.006844 12.802844
v -0.000000 -0.116120 12.764816
v 2.431438 0.072292 10.561959
v 2.533051 0.302306 10.520352
v 2.007113 0.256285 10.221182
v 2.054827 0.038383 10.348390
v 2.436440 0.455096 10.477549
v 2.046925 0.410737 10.275649
v 3.014728 0.651205 9.964555
v 2.922522 0.794773 9.911889
v 2.546345 0.786822 9.773716
v 2.493674 0.642974 9.765141
v 2.531184 0.430789 9.929933
v 2.902045 0.434816 10.071742
v 0.508210 0.318685 7.520529
v 0.519509 0.447668 8.770802
v 0.863355 0.101909 7.444141
v 1.026829 -0.236476 9.011828
v 0.863355 -0.171492 7.366121
v 1.028275 -0.687041 8.786910
v 0.508191 -0.357576 7.316120
v 0.513592 -0.828943 8.581678
v 0.152952 -0.147600 7.387266
v 0.144936 -0.261332 8.667705
v 0.153066 0.132422 7.471592
v 0.512164 0.493038 9.084907
v 1.018175 -0.205340 9.206499
v 1.020134 -0.704076 8.979042
v 0.515757 -0.795813 8.682418
v 0.136937 -0.103639 8.735868
v 0.000000 1.250658 8.768979
v 0.418974 0.610358 9.245984
v 0.879472 0.386210 9.709069
v 0.876436 -0.488102 9.497734
v 0.449170 -0.643357 9.017632
v 0.134332 0.171676 8.816145
v 0.000000 1.226374 8.940596
v 0.430883 1.230651 5.286072
v 0.691278 1.089768 5.233596
v 0.691277 0.808002 5.128644
v 0.430883 0.666941 5.076029
v 0.170489 0.806886 5.127827
v 0.170489 1.089768 5.233596
v 0.822906 0.271099 6.823201
v 0.822906 0.506514 6.897927
v 0.152560 0.465808 6.886879
v 0.152560 0.228831 6.811627
v 0.487733 0.705646 6.993971
v 0.487733 -0.078538 7.076972
v 0.000000 0.482503 8.867540
v -0.000000 0.149779 9.093263
v -0.000000 -0.092024 9.489734
v -0.000000 0.932596 9.746673
v 0.000000 1.124432 9.277964
v 0.713104 0.425831 10.021007
v 0.709689 -0.227776 9.889556
v -0.000000 -0.156956 9.910848
v -0.000000 0.628045 10.195881
v 0.430883 0.900032 3.268562
v 0.625711 0.781054 3.172483
v 0.625711 0.100321 2.679928
v 0.430883 0.004360 2.589076
v 0.236055 0.206511 2.760892
v 0.236055 0.757477 3.157208
v 0.856043 0.228801 7.359730
v 0.152881 -0.042104 7.296318
v 0.504509 0.437735 7.435942
v 0.856043 -0.076153 7.273983
v 0.152975 0.229366 7.376790
v 0.504493 -0.303378 7.274642
v 0.847217 0.065126 7.171099
v 0.152864 0.315420 7.252165
v 0.500029 -0.234055 7.226111
v 0.847217 0.331323 7.244154
v 0.152796 0.052073 7.174907
v 0.500041 0.506486 7.315154
v -0.000000 0.330200 13.535662
v 0.182652 0.209765 13.535662
v 0.252719 0.101461 13.535662
v 0.182110 -0.006843 13.535662
v -0.000000 -0.127186 13.480589
v -0.496493 -0.836496 13.381125
v -0.583336 -0.739346 14.652062
v -0.476577 0.278155 13.448383
v -0.565221 0.486406 14.687774
v -0.246627 0.341088 13.352493
v -0.340386 0.599495 14.776905
v -0.631619 0.554539 14.446439
v -0.646511 0.545034 14.087550
v -0.576865 0.424383 13.715771
v -0.562963 -0.631520 13.295029
v -0.591550 -0.317049 13.266325
v -0.550611 0.022594 13.337422
v -0.654626 0.225672 14.767109
v -0.703310 -0.145584 14.800004
v -0.665741 -0.502555 14.746159
v -0.654036 -0.830153 14.399159
v -0.671875 -0.892059 14.026482
v -0.600616 -0.885222 13.646988
v -0.267098 -0.925011 13.274291
v -0.358752 -0.817453 14.739865
v -0.290903 0.614872 13.695004
v -0.337850 0.778809 14.091022
v -0.344425 0.778264 14.473764
v -0.749642 0.108478 13.675455
v -0.841644 0.194318 14.072878
v -0.811618 0.221480 14.458570
v -0.812126 -0.260920 13.632301
v -0.912852 -0.205321 14.053091
v -0.878665 -0.167071 14.464311
v -0.764291 -0.610047 13.634981
v -0.857600 -0.587271 14.036805
v -0.825386 -0.539852 14.430940
v -0.317045 -1.052687 13.610929
v -0.365526 -1.074153 13.895190
v -0.369003 -0.996871 14.418616
v -0.255090 0.002209 13.117135
v -0.272938 -0.355472 13.015370
v -0.266506 -0.681006 13.069804
v -0.373244 0.271110 14.953716
v -0.399412 -0.129140 15.006343
v -0.383312 -0.515706 14.934681
v -0.899103 0.129189 14.062221
v -0.964296 0.059744 14.083307
v -0.972883 0.157159 13.879864
v -1.038076 0.087714 13.900948
v -0.910948 0.053345 13.636723
v -0.976141 -0.016099 13.657806
v -0.775233 -0.078439 13.575937
v -0.840426 -0.147884 13.597024
v -0.701452 -0.106409 13.758294
v -0.766645 -0.175854 13.779381
v -0.763387 -0.002596 14.001438
v -0.828580 -0.072041 14.022524
v -0.504526 0.476275 10.325064
v -1.700819 -0.268889 12.022911
v -0.598793 0.169840 10.282361
v -1.849510 -0.551829 12.236738
v -0.495657 -0.051365 10.216572
v -1.672302 -0.779853 12.093403
v -0.658395 0.464362 11.078850
v -0.933176 0.057564 11.046858
v -0.656694 -0.294844 11.059662
v -1.506191 -0.047210 11.641231
v -1.520934 -0.292976 11.442670
v -1.473689 -0.630221 11.510455
v -0.560561 0.299386 12.697991
v -0.718209 0.027605 12.689019
v -0.506841 -0.267479 12.690987
v -1.826371 -0.534489 12.254843
v -1.202348 0.052111 12.313188
v -1.017658 -0.476042 12.476498
v -0.988259 0.295441 11.616865
v -0.951350 -0.511507 11.737115
v -1.432952 -0.248070 11.452744
v -2.599585 0.277922 10.358918
v -2.706386 0.138901 10.328486
v -2.593689 -0.099306 10.294688
v -2.174042 0.286460 10.206422
v -2.165560 0.214820 10.100998
v -2.182976 -0.073474 10.133078
v -3.263737 0.702609 8.884889
v -3.329223 0.559361 8.869804
v -3.261258 0.399241 8.863578
v -2.961359 0.711160 8.795052
v -2.909650 0.575418 8.737623
v -2.959585 0.408166 8.770216
v -3.293276 0.778872 8.812943
v -3.379492 0.571555 8.859066
v -3.309383 0.302169 8.797790
v -3.146026 0.786218 8.654454
v -3.116641 0.598829 8.626766
v -3.144573 0.275911 8.607187
v -3.585093 0.885809 8.412180
v -3.641749 0.620954 8.385234
v -3.583073 0.302718 8.360460
v -3.432150 0.830864 8.226214
v -3.402764 0.643475 8.198525
v -3.430696 0.320557 8.178946
v -3.550193 0.858658 7.823781
v -3.562979 0.682117 7.769098
v -3.549964 0.454113 7.788437
v -3.457209 0.779626 7.873468
v -3.431835 0.676341 7.840942
v -3.456394 0.447899 7.842212
v -2.909571 0.547937 8.519637
v -2.938795 0.403718 8.557680
v -3.106573 0.562477 8.477491
v -3.126208 0.285430 8.466870
v -2.971518 0.518394 8.304766
v -2.995464 0.400222 8.335938
v -3.132939 0.530309 8.270231
v -3.149028 0.303298 8.261529
v -3.056915 0.487005 8.079988
v -3.066290 0.402434 8.105334
v -3.174732 0.492631 8.082871
v -3.183398 0.330548 8.079045
v -0.158780 0.287953 12.866364
v -0.252719 0.101461 12.802843
v -0.182110 -0.006844 12.802844
v -2.433063 -0.277993 10.422079
v -2.533436 -0.053477 10.482508
v -1.997940 0.024145 10.199209
v -2.049604 -0.223645 10.219347
v -2.438660 0.105515 10.509447
v -2.044805 0.148643 10.312599
v -2.893047 0.341585 10.186012
v -2.801847 0.494760 10.205866
v -2.422208 0.544581 10.067563
v -2.366605 0.416080 9.987654
v -2.409995 0.161256 10.031535
v -2.786071 0.108442 10.171856
v -0.508053 0.364983 7.292997
v -0.519458 1.973089 8.041939
v -0.866564 0.355556 7.369369
v -1.031588 2.066370 8.299773
v -0.866564 0.305212 7.516994
v -1.033048 1.676279 8.590280
v -0.508034 -0.032401 7.655169
v -0.513485 1.390209 8.667900
v -0.149427 0.033869 7.549424
v -0.141335 1.350089 8.531775
v -0.149542 0.142207 7.420191
v -0.512044 2.017422 8.367501
v -1.022851 2.005397 8.548016
v -1.024829 1.663136 8.774745
v -0.515671 1.310501 8.763180
v -0.133260 1.162192 8.640244
v -0.417970 1.859439 8.689211
v -0.882834 0.695203 9.676696
v -0.879769 0.997979 9.392282
v -0.448453 1.039138 9.019143
v -0.130631 0.847096 8.789550
v -0.429993 -1.495125 6.003871
v -0.658826 -1.606338 5.932550
v -0.658826 -1.828762 5.789908
v -0.429993 -1.939974 5.718588
v -0.201160 -1.828762 5.789908
v -0.201160 -1.606338 5.932550
v -0.825732 -2.738311 7.335775
v -0.825732 -2.520885 7.460501
v -0.149032 -2.558678 7.440888
v -0.149032 -2.753919 7.313572
v -0.487382 -2.323024 7.591835
v -0.487382 -2.715548 7.504171
v -0.714889 0.463114 10.073244
v -0.711441 0.237315 9.900968
v -0.429993 -1.127600 4.270791
v -0.608102 -1.219460 4.181324
v -0.608102 -1.630423 3.843391
v -0.429993 -1.719058 3.762120
v -0.251883 -1.584689 3.884023
v -0.251883 -1.229339 4.173711
v -0.859183 -1.177128 7.570346
v -0.149356 -1.240204 7.587324
v -0.504316 -0.918818 7.544122
v -0.859183 -0.557106 7.505344
v -0.149450 -1.118892 7.572774
v -0.504300 -0.596484 7.628196
v -0.850273 -2.090397 7.557825
v -0.149339 -1.958109 7.626544
v -0.499794 -1.358184 7.601055
v -0.850273 -2.079871 7.643849
v -0.149269 -2.090718 7.561658
v -0.499806 -1.775355 7.669461
v -0.182652 0.209765 13.535662
v -0.252719 0.101461 13.535662
v -0.182110 -0.006843 13.535662
v 0.213411 0.843942 8.630541
v -0.199640 1.671992 8.275456
vn 0.2171 0.8930 -0.3943
vn 0.2309 0.9730 -0.0026
vn 0.2282 0.8287 0.5111
vn 0.5934 0.7171 0.3657
vn 0.6038 0.7971 0.0039
vn 0.5368 0.7678 -0.3497
vn 0.4335 0.6757 -0.5962
vn 0.2244 0.7535 -0.6180
vn 0.9488 0.1900 -0.2522
vn 0.9829 0.1719 0.0657
vn 0.9669 -0.1341 -0.2169
vn 0.9843 -0.1466 0.0981
vn 0.7198 0.4412 -0.5359
vn 0.8218 0.4872 -0.2955
vn 0.8740 0.4848 0.0339
vn 0.8176 0.4547 0.3533
vn 0.8793 0.1584 0.4492
vn 0.8717 -0.1659 0.4611
vn 0.7717 -0.4987 0.3948
vn 0.8452 -0.5193 0.1267
vn 0.8441 -0.5094 -0.1677
vn 0.7852 -0.4383 -0.4373
vn 0.8572 -0.1236 -0.4999
vn 0.8229 0.2097 -0.5281
vn 1.0000 -0.0000 -0.0000
vn 0.1564 -0.9765 0.1485
vn 0.4800 -0.7943 -0.3725
vn 0.5169 -0.8425 -0.1518
vn 0.4664 -0.8756 0.1262
vn 0.4808 -0.7739 0.4123
vn 0.1500 -0.8611 0.4857
vn 0.2261 -0.9220 -0.3144
vn 0.3148 0.2794 -0.9071
vn 0.3250 -0.1799 -0.9284
vn 0.2669 0.5681 -0.7785
vn 0.4934 0.5044 -0.7086
vn 0.5804 0.2495 -0.7751
vn 0.6137 -0.1420 -0.7766
vn 0.5175 -0.5489 -0.6564
vn 0.3026 -0.6356 -0.7102
vn 0.1733 0.1395 0.9749
vn 0.1703 -0.1865 0.9676
vn 0.5492 0.4099 0.7283
vn 0.1876 0.4801 0.8569
vn 0.1601 -0.5446 0.8233
vn 0.5064 -0.4648 0.7263
vn 0.5518 -0.1809 0.8141
vn 0.5611 0.1458 0.8148
vn 0.6237 0.6944 0.3589
vn 0.7220 0.5506 -0.4190
vn 0.3616 0.0569 -0.9306
vn -0.6237 -0.6944 -0.3589
vn 0.6532 -0.7421 0.1505
vn -0.7220 -0.5506 0.4190
vn -0.3616 -0.0569 0.9306
vn -0.6532 0.7421 -0.1505
vn 0.0510 0.9978 -0.0435
vn 0.3115 -0.9493 -0.0417
vn 0.1572 -0.9817 -0.1078
vn 0.9481 -0.2582 -0.1855
vn 0.9302 0.3129 -0.1921
vn 0.2218 0.9702 -0.0974
vn 0.2640 -0.9634 -0.0460
vn 0.6924 -0.5061 -0.5143
vn 0.6742 0.5206 -0.5239
vn 0.1904 0.9332 -0.3046
vn 0.0408 0.6067 0.7939
vn 0.1181 0.8264 0.5506
vn 0.3049 -0.1753 0.9361
vn 0.1004 -0.8242 0.5574
vn 0.0968 0.8090 0.5798
vn 0.4745 -0.3016 0.8270
vn -0.0944 0.9954 0.0159
vn 0.4635 -0.8861 -0.0028
vn 0.1637 -0.5260 -0.8346
vn 0.0105 0.2548 -0.9669
vn 0.8088 -0.2178 0.5462
vn -0.3258 -0.5288 -0.7837
vn -0.2430 0.9012 0.3587
vn 0.5063 0.5141 0.6923
vn -0.7860 0.3472 -0.5116
vn 0.2818 -0.8912 -0.3554
vn 0.8244 0.5599 0.0827
vn -0.8521 0.2531 -0.4580
vn 0.0376 -0.9605 0.2756
vn 0.9017 -0.2343 0.3634
vn -0.8968 -0.3592 -0.2584
vn 0.0983 0.9417 -0.3217
vn 0.2808 0.3493 0.8939
vn -0.9522 -0.1663 0.2562
vn -0.0741 0.9897 -0.1227
vn 0.6376 0.6775 0.3666
vn -0.4882 0.0649 -0.8703
vn -0.5087 -0.2746 0.8160
vn 0.8147 0.3777 0.4401
vn -0.8463 -0.0663 -0.5286
vn 0.0996 -0.8381 0.5364
vn 0.8864 0.0415 0.4610
vn -0.8522 -0.2938 -0.4330
vn -0.2655 0.8066 -0.5280
vn -0.9945 -0.1039 -0.0132
vn -0.6951 0.5556 -0.4561
vn 0.9694 0.1369 -0.2038
vn -0.9681 0.2110 -0.1352
vn 0.1937 -0.9535 0.2309
vn 0.9824 -0.1418 -0.1215
vn -0.9466 -0.3195 -0.0430
vn -0.1859 0.7916 -0.5820
vn 0.9866 0.0181 -0.1619
vn -0.5248 -0.7225 0.4500
vn -0.5514 -0.8030 0.2263
vn -0.5762 -0.7583 0.3050
vn 0.9949 0.0971 0.0288
vn -0.1193 0.7725 -0.6237
vn -0.2542 -0.4683 -0.8462
vn 0.9844 0.1378 0.1094
vn -0.1223 0.7641 -0.6334
vn -0.9321 -0.3529 -0.0821
vn 0.2117 -0.1380 0.9675
vn 0.1543 0.4914 0.8571
vn 0.0059 -0.6897 0.7241
vn 0.2092 0.1168 0.9709
vn -0.5155 -0.4653 -0.7195
vn -0.6227 -0.2023 -0.7558
vn 0.1397 -0.9835 0.1151
vn -0.8557 0.3538 -0.3777
vn 0.7677 0.5684 0.2960
vn -0.0063 0.9792 -0.2029
vn -0.9059 -0.1100 -0.4089
vn 0.8220 -0.4215 0.3829
vn -0.2603 0.8638 0.4313
vn -0.2335 -0.5306 -0.8148
vn 0.7695 -0.0873 0.6327
vn 0.1929 -0.8557 -0.4802
vn -0.7584 0.3118 -0.5724
vn 0.4285 0.5324 0.7300
vn 0.5041 0.8586 -0.0931
vn 0.9941 0.0298 -0.1046
vn 0.4752 -0.8239 -0.3089
vn -0.5293 -0.7958 -0.2941
vn -0.5435 -0.3561 0.7601
vn 0.9898 0.0930 -0.1084
vn -1.0000 0.0022 -0.0061
vn 0.9972 0.0225 -0.0710
vn -0.9921 -0.1243 -0.0176
vn 0.9990 -0.0172 0.0408
vn 0.8131 0.5793 -0.0565
vn 0.1373 -0.9418 0.3068
vn -0.7242 -0.1115 0.6805
vn -0.0700 -0.9132 0.4014
vn 0.7116 0.5443 -0.4442
vn 0.8167 0.5746 0.0540
vn -0.3571 -0.2646 0.8958
vn 0.9372 -0.1416 0.3186
vn -0.9991 0.0244 -0.0339
vn -0.9999 0.0030 -0.0096
vn 0.5449 0.8064 0.2297
vn 0.5005 -0.8133 -0.2966
vn -0.5000 0.8120 0.3010
vn -0.5144 -0.8083 -0.2865
vn -0.4349 -0.6409 -0.6325
vn -0.6167 0.7278 0.3001
vn 0.4311 -0.7629 -0.4818
vn 0.5493 0.7195 0.4251
vn -1.0000 0.0001 0.0007
vn 0.9980 0.0192 -0.0604
vn -0.7673 -0.6138 -0.1855
vn -0.8503 -0.2955 -0.4355
vn -0.8473 -0.4535 -0.2766
vn -0.1528 0.0966 -0.9835
vn 0.7586 0.6030 0.2468
vn 0.5250 0.8331 0.1742
vn -0.1027 -0.9831 -0.1516
vn 0.8853 -0.1122 0.4513
vn -0.0051 0.6014 -0.7989
vn 0.4242 -0.8729 0.2409
vn 0.4482 0.8822 -0.1446
vn -0.5263 0.8369 -0.1505
vn -0.6129 -0.7636 0.2034
vn 0.9994 0.0125 -0.0337
vn 0.9980 0.0171 -0.0608
vn -1.0000 0.0001 0.0009
vn 0.4653 0.5222 0.7147
vn 0.4000 -0.6209 -0.6742
vn -0.4217 0.6337 0.6485
vn -0.4669 -0.5573 -0.6866
vn 0.9980 0.0168 -0.0613
vn -1.0000 0.0001 0.0008
vn 0.4757 0.7719 0.4218
vn 0.3425 -0.5390 -0.7695
vn -0.4859 0.7190 0.4969
vn -0.4410 -0.5336 -0.7217
vn 0.2850 0.9569 0.0555
vn 0.1111 -0.9605 -0.2553
vn 0.7591 0.1451 0.6346
vn 0.8931 0.4499 -0.0000
vn 0.8377 -0.5461 -0.0000
vn 0.5488 0.8323 0.0777
vn 0.5165 -0.8562 -0.0132
vn -0.2171 0.8930 -0.3943
vn -0.2332 0.9724 -0.0047
vn -0.2282 0.8287 0.5111
vn -0.5362 0.7239 0.4341
vn -0.6140 0.7893 -0.0094
vn -0.5575 0.7416 -0.3731
vn -0.4335 0.6757 -0.5962
vn -0.2244 0.7535 -0.6180
vn -0.9486 0.1818 -0.2589
vn -0.9832 0.1706 0.0645
vn -0.9679 -0.1309 -0.2144
vn -0.9842 -0.1492 0.0957
vn -0.7191 0.4598 -0.5211
vn -0.8258 0.4724 -0.3080
vn -0.8791 0.4760 0.0239
vn -0.8176 0.4547 0.3533
vn -0.8813 0.1551 0.4463
vn -0.8704 -0.1617 0.4650
vn -0.7756 -0.4470 0.4457
vn -0.8474 -0.5145 0.1312
vn -0.8444 -0.5089 -0.1672
vn -0.7852 -0.4383 -0.4373
vn -0.8583 -0.1214 -0.4987
vn -0.8209 0.2013 -0.5345
vn -0.1488 -0.9784 0.1435
vn -0.5095 -0.7887 -0.3441
vn -0.5440 -0.8308 -0.1171
vn -0.5063 -0.8464 0.1648
vn -0.4808 -0.7739 0.4123
vn -0.1500 -0.8611 0.4857
vn -0.1482 -0.9172 -0.3699
vn -0.3082 0.2745 -0.9109
vn -0.3445 -0.1614 -0.9248
vn -0.2408 0.5577 -0.7944
vn -0.4461 0.4620 -0.7665
vn -0.5707 0.2336 -0.7872
vn -0.6232 -0.1271 -0.7717
vn -0.5828 -0.4680 -0.6643
vn -0.3026 -0.6356 -0.7102
vn -0.1783 0.1347 0.9747
vn -0.1652 -0.1814 0.9694
vn -0.5146 0.4458 0.7324
vn -0.1947 0.4737 0.8589
vn -0.1601 -0.5446 0.8233
vn -0.5064 -0.4648 0.7263
vn -0.5466 -0.1746 0.8190
vn -0.5630 0.1438 0.8139
vn -0.6237 0.6945 0.3588
vn -0.7220 0.5506 -0.4190
vn -0.3616 0.0569 -0.9306
vn 0.6237 -0.6944 -0.3589
vn -0.6532 -0.7421 0.1505
vn 0.7220 -0.5506 0.4190
vn 0.3616 -0.0569 0.9306
vn 0.6532 0.7421 -0.1505
vn -0.4485 0.8782 0.1661
vn -0.0420 -0.9981 0.0441
vn -0.3214 -0.8916 -0.3189
vn -0.7150 -0.5754 -0.3972
vn -0.9317 0.3124 -0.1852
vn -0.2812 0.9567 -0.0751
vn -0.1664 -0.9159 -0.3653
vn -0.4370 -0.3726 -0.8187
vn -0.7780 0.5495 -0.3045
vn -0.3607 0.9320 -0.0348
vn -0.5210 0.4844 0.7028
vn -0.4513 0.8713 0.1929
vn -0.2386 -0.2537 0.9374
vn 0.0787 -0.8019 0.5923
vn -0.6496 0.6452 0.4020
vn -0.1532 -0.6085 0.7786
vn -0.5966 0.7878 0.1533
vn 0.2799 -0.9485 -0.1481
vn 0.1958 -0.1668 -0.9664
vn -0.2305 0.6199 -0.7501
vn -0.8064 -0.4604 0.3711
vn 0.4050 -0.1576 -0.9006
vn 0.2269 0.7521 0.6188
vn -0.5527 0.1921 0.8109
vn 0.7969 0.5423 -0.2661
vn -0.2526 -0.7019 -0.6660
vn -0.8222 0.4432 0.3572
vn 0.8085 0.5205 -0.2744
vn 0.0565 -0.9749 -0.2155
vn -0.8799 -0.4175 0.2268
vn 0.8770 -0.2226 -0.4257
vn -0.0713 0.9847 0.1591
vn -0.2390 -0.1388 0.9611
vn 0.9586 -0.2668 0.0994
vn 0.0864 0.9216 0.3785
vn -0.2105 -0.0067 0.9776
vn 0.4543 0.4883 -0.7451
vn 0.1772 -0.8530 0.4909
vn -0.7720 0.4260 0.4717
vn 0.8233 0.2072 -0.5285
vn -0.0927 -0.9941 0.0568
vn -0.8024 -0.3230 0.5018
vn 0.8291 -0.0379 -0.5579
vn 0.1300 0.9775 0.1661
vn 0.9912 -0.0793 -0.1056
vn 0.3105 0.9502 -0.0254
vn -0.9742 0.2153 -0.0677
vn 0.9813 0.1678 -0.0941
vn -0.2010 -0.9441 -0.2615
vn -0.9796 -0.1727 -0.1024
vn 0.9384 -0.2524 -0.2358
vn 0.1764 0.9766 -0.1231
vn -0.9918 0.0912 -0.0891
vn 0.5384 -0.8397 0.0702
vn 0.5878 -0.7869 -0.1881
vn 0.5746 -0.8074 -0.1341
vn -0.9911 0.0658 0.1159
vn 0.1078 0.9802 -0.1659
vn -0.0370 -0.2831 -0.9584
vn -0.9767 0.0613 0.2055
vn 0.1103 0.9777 -0.1785
vn 0.9218 -0.2621 -0.2856
vn -0.2130 -0.1462 0.9661
vn -0.3069 0.5588 0.7704
vn 0.1000 -0.6862 0.7205
vn -0.2531 0.1151 0.9606
vn 0.4945 -0.0580 -0.8672
vn 0.4592 0.3675 -0.8087
vn -0.0527 -0.9628 -0.2651
vn 0.9151 0.2188 -0.3387
vn -0.6247 0.6525 0.4289
vn -0.2954 0.8838 0.3627
vn 0.9178 0.0494 -0.3939
vn -0.7510 -0.6514 0.1078
vn 0.2496 0.6338 0.7321
vn 0.2962 -0.1233 -0.9471
vn -0.7678 -0.4306 0.4744
vn -0.2643 -0.5867 -0.7654
vn 0.7631 0.5614 -0.3201
vn -0.4705 0.1720 0.8655
vn -0.2002 0.4125 -0.8887
vn -0.9955 -0.0539 -0.0774
vn -0.4268 -0.5890 0.6862
vn 0.3282 -0.5470 0.7701
vn -0.3035 -0.7274 -0.6155
vn 0.7284 0.2935 -0.6191
vn 0.7979 0.4943 -0.3450
vn -0.9956 0.0464 -0.0810
vn 0.7562 -0.2750 -0.5938
vn -0.9981 0.0389 0.0472
vn 0.1106 0.9844 -0.1366
vn -0.3080 -0.7262 -0.6146
vn -0.6177 -0.0980 0.7803
vn -0.4729 -0.6638 -0.5795
vn 0.1230 0.9046 0.4082
vn 0.8214 0.5691 0.0393
vn -0.4159 -0.3922 -0.8205
vn -0.7026 0.3958 0.5914
vn 0.9995 0.0163 -0.0253
vn 0.9996 0.0160 -0.0245
vn -0.5713 0.7360 0.3631
vn 0.2487 -0.8913 -0.3791
vn 0.6366 0.6742 0.3745
vn -0.3160 -0.8665 -0.3865
vn -0.0374 -0.0715 0.9967
vn -0.0486 0.1391 -0.9891
vn 0.0252 -0.0709 0.9972
vn -0.2472 0.3602 -0.8995
vn -1.0000 0.0002 -0.0014
vn 0.9992 0.0395 -0.0048
vn -0.7871 -0.5905 -0.1784
vn -0.7315 -0.3828 -0.5642
vn -0.8490 -0.4511 -0.2751
vn 0.6551 0.0738 -0.7520
vn -0.2382 0.6818 0.6917
vn -0.2555 0.7833 0.5667
vn -0.5946 -0.5337 -0.6013
vn -0.6509 -0.5163 -0.5566
vn 0.0015 0.6431 -0.7658
vn -0.4603 -0.8819 -0.1019
vn -0.4752 0.8607 0.1825
vn 0.4752 0.8607 0.1825
vn 0.4649 -0.8766 -0.1246
vn -0.9995 0.0163 -0.0254
vn -1.0000 -0.0085 -0.0029
vn 1.0000 -0.0000 -0.0009
vn -0.2034 -0.1283 -0.9707
vn -0.3970 -0.0465 0.9166
vn 0.2675 -0.1157 -0.9566
vn 0.2900 -0.0438 0.9560
vn 0.9966 0.0086 0.0820
vn 1.0000 0.0002 -0.0045
vn -0.0145 -0.0813 -0.9966
vn -0.3304 -0.0356 0.9432
vn -0.0017 -0.1448 -0.9895
vn 0.0510 -0.0353 0.9981
vn -0.2475 0.9561 0.1568
vn -0.4333 -0.7927 -0.4288
vn -0.7629 0.1469 0.6296
vn -0.8931 0.4499 -0.0000
vn -0.8377 -0.5461 -0.0000
vn -0.5999 0.7948 0.0921
vn -0.5165 -0.8562 -0.0132
vn -0.5974 -0.0408 -0.8009
vn -0.8162 0.2622 0.5149
vn 0.8478 0.5025 -0.1694
vn 0.7517 0.6199 0.2251
vn 0.2158 0.8929 -0.3952
vn 0.2332 0.9724 -0.0047
vn 0.2114 0.8407 0.4986
vn 0.5362 0.7239 0.4341
vn 0.6140 0.7893 -0.0094
vn 0.5575 0.7416 -0.3731
vn 0.4895 0.6746 -0.5525
vn 0.2088 0.7506 -0.6269
vn 0.9486 0.1818 -0.2589
vn 0.9832 0.1706 0.0645
vn 0.9679 -0.1309 -0.2144
vn 0.9842 -0.1492 0.0957
vn 0.7191 0.4598 -0.5211
vn 0.8258 0.4724 -0.3080
vn 0.8791 0.4760 0.0239
vn 0.8171 0.4050 0.4103
vn 0.8813 0.1551 0.4463
vn 0.8704 -0.1617 0.4650
vn 0.7756 -0.4470 0.4457
vn 0.8474 -0.5145 0.1312
vn 0.8444 -0.5089 -0.1672
vn 0.7820 -0.4824 -0.3947
vn 0.8583 -0.1214 -0.4987
vn 0.8209 0.2013 -0.5345
vn 0.1806 -0.9804 -0.0786
vn 0.1607 -0.9818 -0.1015
vn 0.1488 -0.9784 0.1435
vn 0.5095 -0.7887 -0.3441
vn 0.5440 -0.8308 -0.1171
vn 0.5063 -0.8464 0.1648
vn 0.4448 -0.7758 0.4475
vn 0.1542 -0.8626 0.4818
vn 0.1482 -0.9172 -0.3699
vn 0.3082 0.2745 -0.9109
vn 0.3445 -0.1614 -0.9248
vn 0.2408 0.5577 -0.7944
vn 0.4461 0.4620 -0.7665
vn 0.5707 0.2336 -0.7872
vn 0.6232 -0.1271 -0.7717
vn 0.5828 -0.4680 -0.6643
vn 0.2683 -0.6184 -0.7387
vn 0.1783 0.1347 0.9747
vn 0.1652 -0.1814 0.9694
vn 0.5146 0.4458 0.7324
vn 0.1947 0.4737 0.8589
vn 0.1626 -0.5423 0.8243
vn 0.4611 -0.5075 0.7279
vn 0.5466 -0.1746 0.8190
vn 0.5630 0.1438 0.8139
vn 0.6237 0.6945 0.3588
vn 0.0223 0.9827 0.1840
vn 0.3553 -0.9325 0.0645
vn 0.2597 -0.9457 -0.1954
vn 0.7737 -0.5504 -0.3138
vn 0.7617 0.5793 -0.2902
vn 0.2029 0.9762 -0.0767
vn 0.3049 -0.9470 -0.1015
vn 0.6766 -0.7045 -0.2142
vn 0.3353 0.6876 -0.6441
vn 0.0551 0.9978 -0.0364
vn 0.4716 0.2470 0.8465
vn 0.1421 0.8654 0.4806
vn 0.3510 -0.1217 0.9284
vn 0.2169 -0.8635 0.4553
vn 0.1250 0.9118 0.3912
vn 0.5723 -0.3327 0.7495
vn -0.1172 0.9931 0.0062
vn 0.4328 -0.8999 0.0541
vn 0.0576 -0.5423 -0.8382
vn -0.1393 0.2810 -0.9495
vn 0.7956 -0.2518 0.5509
vn -0.3237 -0.5164 -0.7928
vn -0.2560 0.9218 0.2913
vn 0.4523 0.5475 0.7040
vn -0.7965 0.3731 -0.4758
vn 0.2658 -0.8525 -0.4502
vn 0.8723 0.4756 0.1138
vn -0.8222 0.3288 -0.4646
vn -0.0899 -0.9608 0.2623
vn 0.8847 -0.2737 0.3774
vn -0.8582 -0.4845 -0.1693
vn -0.0210 0.9426 -0.3331
vn 0.5223 0.1228 0.8439
vn -0.9782 -0.1380 0.1553
vn -0.4984 0.8574 0.1282
vn 0.2525 0.4728 0.8442
vn -0.6769 -0.1691 -0.7164
vn -0.1520 -0.4964 0.8547
vn 0.7897 0.5898 0.1688
vn 0.0041 -0.9151 0.4032
vn 0.8248 -0.0472 0.5635
vn -0.1272 0.9343 -0.3331
vn -0.9926 -0.1203 0.0137
vn -0.3155 0.8192 -0.4789
vn 0.9811 0.0191 -0.1927
vn -0.9852 0.1166 -0.1256
vn -0.1567 -0.9764 0.1484
vn 0.9751 -0.2177 -0.0427
vn -0.1340 0.7304 -0.6698
vn 0.9828 -0.0135 -0.1844
vn -0.5311 -0.6862 0.4970
vn -0.5918 -0.7668 0.2485
vn -0.0031 -0.7197 -0.6942
vn 0.9874 0.1192 0.1040
vn -0.0549 0.7493 -0.6599
vn -0.9371 -0.3170 -0.1458
vn 0.2284 -0.1221 0.9659
vn 0.5591 0.6305 0.5384
vn 0.0564 -0.4106 0.9101
vn 0.4309 -0.0888 0.8980
vn -0.5312 -0.4697 -0.7051
vn -0.4954 -0.0715 -0.8657
vn 0.0626 -0.9969 0.0478
vn -0.9094 0.0758 -0.4090
vn 0.5776 0.8069 0.1240
vn 0.1314 0.9876 -0.0864
vn -0.8722 -0.3746 -0.3145
vn 0.8591 -0.3052 0.4109
vn -0.1739 0.8896 0.4223
vn -0.2224 -0.6222 -0.7506
vn 0.7560 -0.1591 0.6350
vn 0.2775 -0.8266 -0.4896
vn -0.7731 0.3591 -0.5229
vn 0.4198 0.5378 0.7311
vn 0.7942 0.6058 0.0479
vn 0.9944 0.0496 -0.0930
vn 0.3772 -0.8557 -0.3543
vn -0.8411 -0.5382 -0.0531
vn -0.8076 -0.5548 0.1998
vn 1.0000 -0.0034 -0.0037
vn -0.9980 0.0623 0.0137
vn 0.9973 0.0258 -0.0693
vn -0.9408 -0.1030 0.3228
vn 0.9987 -0.0176 0.0472
vn 0.8123 0.5796 -0.0647
vn 0.2220 -0.9720 -0.0768
vn -0.7397 -0.1557 0.6547
vn -0.7379 -0.1629 0.6549
vn -0.7321 -0.1710 0.6594
vn -0.0739 -0.9277 0.3658
vn 0.8062 0.5905 0.0364
vn 0.8043 0.5883 0.0832
vn -0.9310 -0.3644 -0.0192
vn 0.9273 -0.0910 0.3630
vn -0.9994 0.0126 -0.0336
vn -0.9999 0.0036 -0.0095
vn 0.4993 0.8293 0.2511
vn 0.5697 -0.7647 -0.3011
vn -0.6150 0.7477 0.2503
vn -0.4972 -0.8190 -0.2865
vn -0.4317 -0.8112 -0.3944
vn -0.4891 0.7328 0.4731
vn 0.4199 -0.6107 -0.6714
vn 0.4777 0.7969 0.3697
vn -1.0000 -0.0002 0.0007
vn 0.9981 0.0165 -0.0600
vn -0.8051 -0.4156 -0.4231
vn -0.3471 -0.7569 0.5537
vn 0.5212 0.8465 -0.1086
vn 0.3489 0.7757 0.5259
vn -0.3816 -0.8365 0.3933
vn 0.8725 -0.1007 0.4781
vn -0.0069 0.6214 -0.7835
vn 0.0887 0.5839 -0.8070
vn -0.1094 0.5804 -0.8069
vn 0.3353 -0.9104 0.2425
vn 0.4623 0.8747 -0.1457
vn -0.4482 0.8822 -0.1446
vn -0.4299 -0.8779 0.2108
vn 0.9991 0.0245 -0.0338
vn 0.9980 0.0174 -0.0611
vn -1.0000 -0.0000 0.0010
vn 0.4661 0.5085 0.7240
vn 0.3892 -0.5429 -0.7441
vn -0.4296 0.5141 0.7424
vn -0.4697 -0.5766 -0.6685
vn 0.9979 0.0174 -0.0618
vn -1.0000 -0.0000 0.0009
vn 0.5120 0.6616 0.5478
vn 0.3379 -0.5251 -0.7811
vn -0.5116 0.7385 0.4392
vn -0.4892 -0.6893 -0.5343
vn 0.2821 0.9563 0.0765
vn -0.0940 -0.9851 0.1443
vn 0.7152 -0.3132 0.6248
vn 0.9051 -0.0884 0.4160
vn 0.8391 0.5429 0.0335
vn 0.5999 0.7948 0.0921
vn 0.5513 -0.8343 -0.0000
vn -0.2158 0.8929 -0.3952
vn -0.2309 0.9730 -0.0026
vn -0.2114 0.8407 0.4986
vn -0.5934 0.7171 0.3657
vn -0.6038 0.7971 0.0039
vn -0.5368 0.7678 -0.3497
vn -0.4895 0.6746 -0.5525
vn -0.2088 0.7506 -0.6269
vn -0.9488 0.1900 -0.2522
vn -0.9829 0.1719 0.0657
vn -0.9669 -0.1341 -0.2169
vn -0.9843 -0.1466 0.0981
vn -0.7198 0.4412 -0.5359
vn -0.8218 0.4872 -0.2955
vn -0.8739 0.4848 0.0339
vn -0.8171 0.4050 0.4103
vn -0.8793 0.1584 0.4492
vn -0.8717 -0.1659 0.4611
vn -0.7717 -0.4987 0.3948
vn -0.8452 -0.5193 0.1267
vn -0.8441 -0.5094 -0.1677
vn -0.7820 -0.4824 -0.3947
vn -0.8572 -0.1236 -0.4999
vn -0.8229 0.2097 -0.5281
vn -0.1607 -0.9818 -0.1015
vn -0.1806 -0.9804 -0.0786
vn -0.1564 -0.9765 0.1485
vn -0.4800 -0.7943 -0.3725
vn -0.5169 -0.8425 -0.1518
vn -0.4664 -0.8756 0.1262
vn -0.4448 -0.7758 0.4475
vn -0.1542 -0.8626 0.4818
vn -0.2261 -0.9220 -0.3144
vn -0.3148 0.2794 -0.9071
vn -0.3250 -0.1799 -0.9284
vn -0.2669 0.5681 -0.7785
vn -0.4934 0.5044 -0.7086
vn -0.5804 0.2495 -0.7751
vn -0.6137 -0.1420 -0.7766
vn -0.5175 -0.5489 -0.6564
vn -0.2683 -0.6184 -0.7387
vn -0.1733 0.1395 0.9749
vn -0.1703 -0.1865 0.9676
vn -0.5492 0.4099 0.7283
vn -0.1876 0.4801 0.8569
vn -0.1626 -0.5423 0.8243
vn -0.4611 -0.5075 0.7279
vn -0.5518 -0.1809 0.8141
vn -0.5611 0.1458 0.8148
vn -0.6237 0.6944 0.3589
vn -0.4479 0.8780 0.1691
vn 0.0068 -0.9991 -0.0427
vn -0.1802 -0.9633 -0.1990
vn -0.9009 -0.3397 -0.2702
vn -0.7895 0.5541 -0.2640
vn -0.2450 0.9689 -0.0347
vn 0.0196 -0.9940 -0.1075
vn -0.2521 -0.8845 -0.3925
vn -0.6755 0.6550 -0.3386
vn -0.2795 0.9517 0.1274
vn -0.5737 0.3077 0.7591
vn -0.3674 0.8124 0.4528
vn -0.3038 -0.2114 0.9290
vn 0.0387 -0.8276 0.5600
vn -0.6814 0.7054 0.1952
vn -0.1673 -0.6131 0.7721
vn -0.5435 0.8303 0.1230
vn 0.3816 -0.9210 0.0784
vn 0.4256 -0.1793 -0.8870
vn -0.3966 0.5471 -0.7371
vn -0.8185 -0.4397 0.3699
vn 0.3918 -0.1251 -0.9115
vn 0.2223 0.7172 0.6604
vn -0.5101 0.2093 0.8342
vn 0.7877 0.5371 -0.3016
vn -0.2468 -0.6382 -0.7293
vn -0.8664 0.3596 0.3466
vn 0.8388 0.4495 -0.3071
vn -0.0345 -0.9782 -0.2049
vn -0.8922 -0.3877 0.2315
vn 0.8484 -0.3334 -0.4111
vn 0.0165 0.9886 0.1498
vn -0.4861 -0.3122 0.8162
vn 0.9810 -0.1923 0.0246
vn 0.5180 0.6845 0.5130
vn -0.6106 0.4053 0.6803
vn 0.6448 0.2097 -0.7350
vn 0.5358 -0.6394 0.5514
vn -0.7898 0.1075 0.6038
vn -0.0039 -0.9949 -0.1011
vn -0.8665 -0.1955 0.4592
vn 0.2583 0.9634 -0.0722
vn 0.9902 -0.1070 -0.0903
vn 0.6860 0.7115 -0.1521
vn -0.9875 0.1073 -0.1156
vn 0.9655 0.2546 -0.0551
vn 0.1455 -0.9217 -0.3596
vn -0.9888 -0.0677 -0.1331
vn 0.9384 -0.2524 -0.2359
vn 0.1199 0.9664 -0.2273
vn -0.9894 0.0749 -0.1244
vn 0.5296 -0.8482 0.0118
vn 0.5459 -0.8075 -0.2234
vn 0.2122 0.0117 -0.9772
vn -0.9803 0.0479 0.1918
vn 0.0416 0.9777 -0.2059
vn 0.9249 -0.1995 -0.3235
vn -0.2183 -0.1423 0.9654
vn -0.5591 0.6305 0.5384
vn -0.0259 -0.3668 0.9299
vn -0.3867 -0.1168 0.9148
vn 0.4783 -0.0471 -0.8769
vn 0.5886 0.2000 -0.7833
vn -0.0192 -0.9561 -0.2925
vn 0.8447 0.4976 -0.1972
vn -0.7871 0.3879 0.4797
vn -0.0294 0.9871 0.1574
vn 0.8913 -0.2181 -0.3975
vn -0.8556 -0.4509 0.2541
vn 0.1744 0.6712 0.7205
vn 0.3099 -0.2124 -0.9268
vn -0.7877 -0.3904 0.4766
vn -0.1939 -0.6261 -0.7553
vn 0.7536 0.5500 -0.3601
vn -0.4742 0.1704 0.8637
vn -0.3450 0.4225 -0.8381
vn -0.9949 -0.0954 -0.0325
vn -0.6527 -0.4410 0.6160
vn 0.2226 -0.5840 0.7806
vn -0.4293 -0.4653 -0.7741
vn 0.5265 0.4279 -0.7346
vn -0.4532 0.8871 -0.0874
vn -0.9957 0.0501 -0.0781
vn 0.9498 -0.3097 -0.0438
vn -0.9984 0.0347 0.0437
vn 0.0606 0.9698 0.2361
vn -0.5696 -0.8213 -0.0331
vn 0.7122 0.2665 0.6495
vn -0.5877 -0.5507 -0.5926
vn -0.6380 -0.1539 -0.7545
vn -0.4565 -0.6568 -0.6002
vn -0.0199 0.6513 0.7585
vn 0.8167 0.5713 0.0808
vn -0.6762 -0.5872 -0.4449
vn -0.4378 -0.6132 -0.6575
vn 0.9995 0.0196 -0.0241
vn 0.9996 0.0158 -0.0246
vn -0.4987 0.7667 0.4044
vn -0.5000 -0.7218 -0.4786
vn 0.4999 0.7400 0.4500
vn 0.5000 -0.7326 -0.4619
vn 0.4385 -0.3147 0.8418
vn -0.2154 0.2883 -0.9330
vn -0.4068 -0.3099 0.8593
vn 0.2856 0.1408 -0.9479
vn -1.0000 -0.0010 0.0015
vn 0.9265 0.1873 -0.3265
vn -0.6828 -0.3955 -0.6143
vn -0.5402 -0.4968 -0.6793
vn 0.7381 0.6244 0.2556
vn -0.2761 0.7955 0.5394
vn -0.4789 -0.8676 -0.1338
vn -0.9379 -0.2194 0.2688
vn 0.0039 0.6939 -0.7201
vn 0.0537 0.6309 -0.7740
vn -0.0363 0.6347 -0.7719
vn -0.4790 -0.8723 -0.0985
vn -0.5179 0.8384 0.1702
vn 0.5537 0.8174 0.1592
vn 0.6370 -0.7660 -0.0865
vn -0.9995 0.0198 -0.0240
vn -0.9835 0.0189 0.1802
vn -0.8277 -0.0674 -0.5571
vn 0.0669 -0.1914 -0.9792
vn -0.3286 -0.0156 0.9443
vn -0.0290 -0.1920 -0.9810
vn 0.1667 0.0293 0.9856
vn 1.0000 0.0098 -0.0012
vn -1.0000 -0.0002 -0.0007
vn 0.1935 -0.1411 -0.9709
vn -0.1889 0.0325 0.9814
vn -0.1537 -0.0632 -0.9861
vn 0.0493 -0.0301 0.9983
vn -0.2691 0.9600 0.0768
vn -0.3423 -0.9080 -0.2414
vn -0.9485 -0.2011 0.2446
vn -0.8711 -0.4585 0.1762
vn -0.8391 0.5429 0.0335
vn -0.5488 0.8323 0.0777
vn -0.5513 -0.8343 -0.0000
vn -0.9706 0.0522 -0.2348
vn 0.7590 -0.3106 -0.5722
vn 0.8010 0.5949 -0.0672
vn 0.7225 0.6826 -0.1094
vt 0.500000 0.375000
vt 0.437500 0.437500
vt 0.437500 0.375000
vt 0.562500 0.437500
vt 0.500000 0.437500
vt 0.625000 0.375000
vt 0.562500 0.375000
vt 0.625000 0.500000
vt 0.562500 0.500000
vt 0.500000 0.500000
vt 0.437500 0.500000
vt 0.375000 0.500000
vt 0.375000 0.437500
vt 0.375000 0.375000
vt 0.437500 0.562500
vt 0.500000 0.625000
vt 0.437500 0.625000
vt 0.500000 0.562500
vt 0.562500 0.625000
vt 0.500000 0.687500
vt 0.437500 0.687500
vt 0.562500 0.687500
vt 0.375000 0.562500
vt 0.562500 0.562500
vt 0.625000 0.625000
vt 0.625000 0.687500
vt 0.625000 0.750000
vt 0.562500 0.750000
vt 0.500000 0.750000
vt 0.437500 0.750000
vt 0.375000 0.750000
vt 0.375000 0.687500
vt 0.375000 0.625000
vt 0.500000 0.875000
vt 0.468750 0.875000
vt 0.437500 0.875000
vt 0.500000 0.812500
vt 0.562500 0.875000
vt 0.437500 0.812500
vt 0.375000 0.812500
vt 0.562500 0.812500
vt 0.625000 0.812500
vt 0.375000 0.875000
vt 0.250000 0.562500
vt 0.312500 0.625000
vt 0.250000 0.625000
vt 0.312500 0.687500
vt 0.250000 0.687500
vt 0.250000 0.500000
vt 0.312500 0.562500
vt 0.312500 0.500000
vt 0.312500 0.750000
vt 0.250000 0.750000
vt 0.687500 0.562500
vt 0.750000 0.625000
vt 0.687500 0.625000
vt 0.750000 0.687500
vt 0.687500 0.687500
vt 0.625000 0.562500
vt 0.687500 0.500000
vt 0.750000 0.562500
vt 0.687500 0.750000
vt 1.000000 0.500000
vt 0.833333 1.000000
vt 0.833333 0.500000
vt 0.666667 1.000000
vt 0.666667 0.500000
vt 0.500000 1.000000
vt 0.500000 0.500000
vt 0.333333 0.500000
vt 0.042154 0.130000
vt 0.250000 0.010000
vt 0.457846 0.130000
vt 0.333333 1.000000
vt 0.166667 0.500000
vt 0.166667 1.000000
vt -0.000000 0.500000
vt 0.542154 0.130000
vt 0.542154 0.370000
vt 0.957846 0.370000
vt 1.000000 0.828637
vt 0.875000 1.000000
vt 0.875000 0.828637
vt 0.625000 0.828637
vt 0.500000 1.000000
vt 0.500000 0.828637
vt 0.625000 0.645722
vt 0.500000 0.500000
vt 0.750000 0.500000
vt 0.875000 0.645722
vt 0.875000 0.500000
vt 0.500000 0.645722
vt 0.750000 0.828637
vt 0.750000 0.645722
vt 1.000000 0.645722
vt 0.750000 1.000000
vt 1.000000 1.000000
vt 0.625000 1.000000
vt 0.749520 0.964446
vt 0.653402 0.965669
vt 0.844587 0.863513
vt 0.844268 0.965118
vt 0.647775 0.863148
vt 0.750840 0.864057
vt 0.749520 0.964446
vt 0.750840 0.864057
vt 0.647775 0.863149
vt 0.844587 0.863513
vt 0.844267 0.965117
vt 0.653402 0.965669
vt 0.749520 0.964446
vt 0.844268 0.965117
vt 0.750840 0.864057
vt 0.653402 0.965669
vt 0.844587 0.863513
vt 0.000000 0.000000
vt 0.833333 0.500000
vt -0.000000 1.000000
vt 0.500000 0.500000
vt 0.500000 0.500000
vt 0.166667 0.500000
vt -0.000000 0.500000
vt 0.833333 0.500000
vt 0.042154 0.370000
vt 0.457846 0.370000
vt 0.750000 0.010000
vt 0.333333 0.500000
vt 0.457846 0.250000
vt 0.625000 0.437500
vt 0.750000 0.500000
vt 0.957846 0.130000
vt 0.250000 0.490000
vt 0.625000 0.875000
vt 0.750000 0.750000
vt 0.250000 0.490000
vt 0.750000 0.490000
vt 0.750000 0.490000
s 0
f 26/1/1 28/2/1 25/3/1
f 26/1/2 30/4/2 29/5/2
f 7/6/3 30/4/3 27/7/3
f 30/4/4 4/8/4 9/9/4
f 29/5/5 9/9/5 10/10/5
f 28/2/6 10/10/6 11/11/6
f 28/2/7 3/12/7 5/13/7
f 25/3/8 5/13/8 6/14/8
f 31/15/9 35/16/9 34/17/9
f 32/18/10 36/19/10 35/16/10
f 34/17/11 38/20/11 37/21/11
f 35/16/12 39/22/12 38/20/12
f 3/12/13 31/15/13 14/23/13
f 11/11/14 32/18/14 31/15/14
f 10/10/15 33/24/15 32/18/15
f 4/8/16 33/24/16 9/9/16
f 33/24/17 16/25/17 36/19/17
f 36/19/18 17/26/18 39/22/18
f 39/22/19 2/27/19 18/28/19
f 38/20/20 18/28/20 19/29/20
f 37/21/21 19/29/21 20/30/21
f 37/21/22 1/31/22 12/32/22
f 13/33/23 37/21/23 12/32/23
f 14/23/24 34/17/24 13/33/24
f 44/34/25 58/35/25 43/36/25
f 41/37/26 45/38/26 44/34/26
f 1/31/27 40/39/27 22/40/27
f 20/30/28 41/37/28 40/39/28
f 19/29/29 42/41/29 41/37/29
f 2/27/30 42/41/30 18/28/30
f 23/42/31 45/38/31 42/41/31
f 22/40/32 43/36/32 21/43/32
f 46/44/33 49/45/33 48/46/33
f 48/46/34 51/47/34 50/48/34
f 6/49/35 47/50/35 46/44/35
f 5/51/36 14/23/36 47/50/36
f 47/50/37 13/33/37 49/45/37
f 49/45/38 12/32/38 51/47/38
f 51/47/39 1/31/39 22/52/39
f 51/47/40 21/53/40 50/48/40
f 52/54/41 55/55/41 54/56/41
f 54/56/42 57/57/42 56/58/42
f 4/8/43 52/54/43 15/59/43
f 8/60/44 53/61/44 52/54/44
f 57/57/45 23/62/45 56/58/45
f 56/58/46 2/27/46 17/26/46
f 16/25/47 56/58/47 17/26/47
f 15/59/48 54/56/48 16/25/48
f 59/63/49 62/64/49 61/65/49
f 61/65/50 64/66/50 63/67/50
f 63/67/51 66/68/51 65/69/51
f 66/68/52 67/70/52 65/69/52
f 68/71/53 66/72/53 64/73/53
f 68/74/54 69/75/54 67/70/54
f 70/76/55 59/77/55 69/75/55
f 67/78/56 69/79/56 61/80/56
f 86/81/57 97/82/57 99/83/57
f 100/84/58 80/85/58 90/86/58
f 84/87/59 79/88/59 77/8/59
f 75/89/60 84/87/60 77/8/60
f 82/90/61 75/89/61 73/91/61
f 71/63/62 82/90/62 73/91/62
f 100/84/63 85/92/63 84/87/63
f 101/93/64 84/87/64 83/94/64
f 99/83/65 83/94/65 82/90/65
f 81/95/66 99/83/66 82/90/66
f 97/82/67 93/96/67 96/96/67
f 72/97/68 92/82/68 97/82/68
f 98/98/69 93/96/69 94/98/69
f 80/85/70 94/98/70 95/85/70
f 76/99/71 97/82/71 96/96/71
f 78/100/72 96/96/72 98/98/72
f 87/101/73 97/82/73 74/102/73
f 78/100/74 100/84/74 89/103/74
f 89/103/75 101/93/75 88/104/75
f 87/101/76 101/93/76 99/83/76
f 150/105/77 104/100/77 103/99/77
f 151/106/78 107/103/78 152/107/78
f 154/108/79 102/102/79 105/101/79
f 150/105/80 102/102/80 153/109/80
f 151/106/81 105/101/81 106/104/81
f 152/107/82 104/100/82 149/110/82
f 155/111/83 108/102/83 156/112/83
f 158/113/84 111/101/84 112/104/84
f 160/114/85 113/103/85 110/100/85
f 155/111/86 110/100/86 109/99/86
f 158/113/87 113/103/87 159/107/87
f 156/112/88 111/101/88 157/115/88
f 110/100/89 115/99/89 109/99/89
f 112/104/90 133/103/90 113/103/90
f 108/102/91 117/101/91 111/101/91
f 108/102/92 115/99/92 114/102/92
f 111/101/93 118/104/93 112/104/93
f 110/100/94 119/103/94 116/100/94
f 114/102/95 121/99/95 120/102/95
f 117/101/96 124/104/96 118/104/96
f 119/103/97 122/100/97 116/100/97
f 115/99/98 122/100/98 121/99/98
f 119/103/99 124/104/99 125/103/99
f 117/101/100 120/102/100 123/101/100
f 124/104/101 131/103/101 125/103/101
f 123/101/102 126/102/102 129/101/102
f 121/99/103 126/102/103 120/102/103
f 124/104/104 129/101/104 130/104/104
f 125/103/105 128/100/105 122/100/105
f 121/99/106 128/100/106 127/99/106
f 132/104/107 137/103/107 133/103/107
f 118/104/108 132/104/108 112/104/108
f 119/103/109 134/104/109 118/104/109
f 119/103/110 133/103/110 135/103/110
f 139/103/111 141/103/111 143/103/111
f 135/103/112 137/103/112 139/103/112
f 135/103/113 138/104/113 134/104/113
f 134/104/114 136/104/114 132/104/114
f 141/103/115 142/104/115 143/103/115
f 139/103/116 142/104/116 138/104/116
f 138/104/117 140/104/117 136/104/117
f 136/104/118 141/103/118 137/103/118
f 94/98/119 146/96/119 147/98/119
f 91/97/120 145/82/120 92/82/120
f 94/98/121 148/85/121 95/85/121
f 92/82/122 146/96/122 93/96/122
f 128/100/123 130/104/123 127/99/123
f 127/99/124 129/101/124 126/102/124
f 89/103/125 149/110/125 78/100/125
f 88/104/126 154/108/126 151/106/126
f 74/102/127 150/105/127 153/109/127
f 87/101/128 153/109/128 154/108/128
f 88/104/129 152/107/129 89/103/129
f 78/100/130 150/105/130 76/99/130
f 102/102/131 157/115/131 105/101/131
f 106/104/132 159/107/132 107/103/132
f 103/99/133 160/114/133 155/111/133
f 104/100/134 159/107/134 160/114/134
f 106/104/135 157/115/135 158/113/135
f 103/99/136 156/112/136 102/102/136
f 162/97/137 163/65/137 161/63/137
f 163/65/138 166/66/138 165/67/138
f 165/67/139 168/68/139 167/69/139
f 168/68/140 169/70/140 167/69/140
f 170/74/141 175/68/141 176/74/141
f 368/74/142 369/75/142 416/116/142
f 170/74/143 171/75/143 169/70/143
f 190/67/144 185/65/144 191/117/144
f 177/76/145 182/74/145 183/76/145
f 164/64/146 174/66/146 166/66/146
f 164/64/147 172/97/147 173/64/147
f 166/66/148 175/68/148 168/68/148
f 182/71/149 181/72/149 180/73/149
f 174/66/150 181/68/150 175/68/150
f 173/64/151 178/97/151 179/64/151
f 177/76/152 178/118/152 172/118/152
f 175/68/153 182/74/153 176/74/153
f 173/64/154 180/66/154 174/66/154
f 188/70/155 210/75/155 209/70/155
f 192/75/156 188/70/156 193/70/156
f 191/117/157 184/63/157 194/63/157
f 190/67/158 187/69/158 186/67/158
f 192/75/159 184/77/159 189/75/159
f 193/70/160 187/69/160 195/119/160
f 221/70/161 195/119/161 219/120/161
f 218/121/162 194/122/162 192/75/162
f 217/67/163 195/119/163 190/67/163
f 222/63/164 191/117/164 194/63/164
f 218/121/165 193/70/165 221/70/165
f 220/123/166 190/67/166 191/117/166
f 183/76/167 178/118/167 200/116/167
f 182/116/168 197/116/168 196/116/168
f 181/116/169 198/116/169 197/116/169
f 196/116/170 183/124/170 182/71/170
f 199/116/171 178/116/171 200/116/171
f 199/116/172 201/116/172 179/116/172
f 198/116/173 202/116/173 203/116/173
f 179/125/174 202/73/174 180/73/174
f 206/80/175 208/126/175 210/79/175
f 187/69/176 207/67/176 186/67/176
f 185/65/177 205/63/177 184/63/177
f 189/75/178 205/77/178 210/75/178
f 187/69/179 209/70/179 208/69/179
f 186/67/180 206/65/180 185/65/180
f 163/65/181 214/67/181 211/123/181
f 171/75/182 212/127/182 169/70/182
f 161/63/183 211/123/183 213/63/183
f 165/67/184 216/69/184 214/67/184
f 161/77/185 215/121/185 171/75/185
f 169/70/186 216/69/186 167/69/186
f 211/123/187 217/67/187 220/123/187
f 215/121/188 221/70/188 212/127/188
f 213/63/189 220/123/189 222/63/189
f 214/67/190 219/120/190 217/67/190
f 215/121/191 222/77/191 218/121/191
f 212/127/192 219/120/192 216/69/192
f 204/116/193 73/116/193 201/116/193
f 203/116/194 77/116/194 79/116/194
f 201/125/195 73/125/195 75/128/195
f 145/82/196 225/96/196 146/96/196
f 146/96/197 226/98/197 147/98/197
f 145/82/198 223/97/198 224/82/198
f 147/98/199 227/85/199 148/85/199
f 248/2/200 26/1/200 25/3/200
f 26/1/201 250/4/201 27/7/201
f 250/4/202 7/6/202 27/7/202
f 250/4/203 231/8/203 233/129/203
f 249/5/204 234/9/204 250/4/204
f 248/2/205 235/10/205 249/5/205
f 230/12/206 248/2/206 232/13/206
f 232/13/207 25/3/207 6/14/207
f 251/15/208 255/16/208 252/18/208
f 252/18/209 256/19/209 253/24/209
f 254/17/210 258/20/210 255/16/210
f 255/16/211 259/22/211 256/19/211
f 230/12/212 251/15/212 236/11/212
f 236/11/213 252/18/213 235/10/213
f 235/10/214 253/24/214 234/9/214
f 253/24/215 231/8/215 234/9/215
f 253/24/216 241/25/216 240/59/216
f 256/19/217 242/26/217 241/25/217
f 259/22/218 229/27/218 242/26/218
f 258/20/219 243/28/219 259/22/219
f 257/21/220 244/29/220 258/20/220
f 228/31/221 257/21/221 237/32/221
f 238/33/222 257/21/222 254/17/222
f 239/23/223 254/17/223 251/15/223
f 261/37/224 45/38/224 262/41/224
f 228/31/225 260/39/225 245/30/225
f 245/30/226 261/37/226 244/29/226
f 244/29/227 262/41/227 243/28/227
f 262/41/228 229/27/228 243/28/228
f 45/38/229 247/42/229 262/41/229
f 246/40/230 43/36/230 260/39/230
f 46/44/231 264/45/231 263/50/231
f 48/46/232 265/47/232 264/45/232
f 6/49/233 263/50/233 232/51/233
f 232/51/234 239/23/234 230/12/234
f 263/50/235 238/33/235 239/23/235
f 264/45/236 237/32/236 238/33/236
f 265/47/237 228/31/237 237/32/237
f 21/53/238 265/47/238 50/48/238
f 266/54/239 55/55/239 53/61/239
f 267/56/240 57/57/240 55/55/240
f 231/8/241 266/54/241 233/60/241
f 233/60/242 53/61/242 7/130/242
f 247/62/243 57/57/243 268/58/243
f 229/27/244 268/58/244 242/26/244
f 241/25/245 268/58/245 267/56/245
f 240/59/246 267/56/246 266/54/246
f 269/63/247 272/64/247 270/97/247
f 271/65/248 274/66/248 272/64/248
f 273/67/249 276/68/249 274/66/249
f 277/70/250 276/68/250 275/69/250
f 278/71/251 280/124/251 274/73/251
f 279/75/252 278/74/252 277/70/252
f 269/77/253 280/76/253 279/75/253
f 271/80/254 277/78/254 273/131/254
f 86/81/255 297/82/255 72/97/255
f 300/84/256 80/85/256 298/98/256
f 79/88/257 289/87/257 285/8/257
f 283/89/258 289/87/258 288/94/258
f 283/89/259 287/90/259 281/91/259
f 71/63/260 287/90/260 81/95/260
f 85/92/261 300/84/261 289/87/261
f 289/87/262 301/93/262 288/94/262
f 288/94/263 299/83/263 287/90/263
f 81/95/264 299/83/264 86/81/264
f 294/96/265 297/82/265 296/96/265
f 293/82/266 72/97/266 297/82/266
f 298/98/267 294/96/267 296/96/267
f 80/85/268 295/98/268 298/98/268
f 284/99/269 297/82/269 282/102/269
f 286/100/270 296/96/270 284/99/270
f 297/82/271 290/101/271 282/102/271
f 300/84/272 286/100/272 292/103/272
f 301/93/273 292/103/273 291/104/273
f 290/101/274 301/93/274 291/104/274
f 348/105/275 304/100/275 347/110/275
f 307/103/276 349/106/276 350/107/276
f 352/108/277 302/102/277 351/109/277
f 302/102/278 348/105/278 351/109/278
f 349/106/279 305/101/279 352/108/279
f 304/100/280 350/107/280 347/110/280
f 308/102/281 353/111/281 354/112/281
f 356/113/282 311/101/282 355/115/282
f 358/114/283 313/103/283 357/107/283
f 353/111/284 310/100/284 358/114/284
f 313/103/285 356/113/285 357/107/285
f 311/101/286 354/112/286 355/115/286
f 315/99/287 310/100/287 309/99/287
f 333/103/288 312/104/288 313/103/288
f 317/101/289 308/102/289 311/101/289
f 308/102/290 315/99/290 309/99/290
f 318/104/291 311/101/291 312/104/291
f 310/100/292 319/103/292 313/103/292
f 314/102/293 321/99/293 315/99/293
f 324/104/294 317/101/294 318/104/294
f 322/100/295 319/103/295 316/100/295
f 315/99/296 322/100/296 316/100/296
f 319/103/297 324/104/297 318/104/297
f 317/101/298 320/102/298 314/102/298
f 331/103/299 324/104/299 325/103/299
f 323/101/300 326/102/300 320/102/300
f 326/102/301 321/99/301 320/102/301
f 324/104/302 329/101/302 323/101/302
f 328/100/303 325/103/303 322/100/303
f 321/99/304 328/100/304 322/100/304
f 337/103/305 332/104/305 333/103/305
f 332/104/306 318/104/306 312/104/306
f 334/104/307 319/103/307 318/104/307
f 319/103/308 333/103/308 313/103/308
f 339/103/309 341/103/309 337/103/309
f 335/103/310 337/103/310 333/103/310
f 338/104/311 335/103/311 334/104/311
f 336/104/312 334/104/312 332/104/312
f 341/103/313 342/104/313 340/104/313
f 342/104/314 339/103/314 338/104/314
f 340/104/315 338/104/315 336/104/315
f 341/103/316 336/104/316 337/103/316
f 295/98/317 345/96/317 294/96/317
f 344/82/318 91/97/318 293/82/318
f 148/85/319 295/98/319 95/85/319
f 345/96/320 293/82/320 294/96/320
f 328/100/321 330/104/321 331/103/321
f 327/99/322 329/101/322 330/104/322
f 347/110/323 292/103/323 286/100/323
f 291/104/324 352/108/324 290/101/324
f 282/102/325 348/105/325 284/99/325
f 290/101/326 351/109/326 282/102/326
f 350/107/327 291/104/327 292/103/327
f 348/105/328 286/100/328 284/99/328
f 355/115/329 302/102/329 305/101/329
f 357/107/330 306/104/330 307/103/330
f 303/99/331 358/114/331 304/100/331
f 304/100/332 357/107/332 307/103/332
f 306/104/333 355/115/333 305/101/333
f 354/112/334 303/99/334 302/102/334
f 361/65/335 360/97/335 359/63/335
f 361/65/336 364/66/336 362/64/336
f 363/67/337 366/68/337 364/66/337
f 367/70/338 366/68/338 365/69/338
f 368/74/339 373/68/339 366/68/339
f 416/116/340 359/63/340 360/97/340
f 162/97/341 171/75/341 415/116/341
f 381/65/342 386/67/342 387/117/342
f 177/76/343 379/74/343 374/74/343
f 372/66/344 362/64/344 364/66/344
f 362/64/345 370/97/345 360/97/345
f 373/68/346 364/66/346 366/68/346
f 379/71/347 183/124/347 375/132/347
f 378/68/348 372/66/348 373/68/348
f 371/64/349 375/97/349 370/97/349
f 375/118/350 177/76/350 370/118/350
f 379/74/351 373/68/351 374/74/351
f 377/66/352 371/64/352 372/66/352
f 384/70/353 399/75/353 385/75/353
f 384/70/354 388/75/354 389/70/354
f 380/63/355 387/117/355 390/63/355
f 386/67/356 383/69/356 391/119/356
f 388/75/357 380/77/357 390/122/357
f 383/69/358 389/70/358 391/119/358
f 391/119/359 410/70/359 408/120/359
f 407/121/360 390/122/360 411/77/360
f 406/67/361 391/119/361 408/120/361
f 411/63/362 387/117/362 409/123/362
f 389/70/363 407/121/363 410/70/363
f 409/123/364 386/67/364 406/67/364
f 183/76/365 200/116/365 375/118/365
f 197/116/366 379/116/366 196/116/366
f 198/116/367 378/116/367 197/116/367
f 196/116/368 379/71/368 183/124/368
f 199/116/369 375/116/369 376/116/369
f 392/116/370 199/116/370 376/116/370
f 198/116/371 393/116/371 377/116/371
f 393/73/372 376/125/372 377/73/372
f 399/79/373 397/126/373 395/80/373
f 396/67/374 383/69/374 382/67/374
f 394/63/375 381/65/375 380/63/375
f 385/75/376 394/77/376 380/77/376
f 383/69/377 398/70/377 384/70/377
f 395/65/378 382/67/378 381/65/378
f 361/65/379 403/67/379 363/67/379
f 401/127/380 369/75/380 367/70/380
f 359/63/381 400/123/381 361/65/381
f 363/67/382 405/69/382 365/69/382
f 404/121/383 359/77/383 369/75/383
f 405/69/384 367/70/384 365/69/384
f 400/123/385 406/67/385 403/67/385
f 410/70/386 404/121/386 401/127/386
f 402/63/387 409/123/387 400/123/387
f 403/67/388 408/120/388 405/69/388
f 404/121/389 411/77/389 402/77/389
f 408/120/390 401/127/390 405/69/390
f 281/116/391 204/116/391 392/116/391
f 203/116/392 285/116/392 393/116/392
f 283/128/393 281/125/393 392/125/393
f 413/96/394 344/82/394 345/96/394
f 414/98/395 345/96/395 346/98/395
f 344/82/396 223/97/396 144/97/396
f 227/85/397 346/98/397 148/85/397
f 415/116/398 176/74/398 177/76/398
f 416/116/399 374/74/399 368/74/399
f 172/118/400 415/116/400 177/76/400
f 416/116/401 370/118/401 177/76/401
f 26/1/402 29/5/402 28/2/402
f 26/1/403 27/7/403 30/4/403
f 7/6/404 8/129/404 30/4/404
f 30/4/405 8/129/405 4/8/405
f 29/5/406 30/4/406 9/9/406
f 28/2/407 29/5/407 10/10/407
f 28/2/408 11/11/408 3/12/408
f 25/3/409 28/2/409 5/13/409
f 31/15/410 32/18/410 35/16/410
f 32/18/411 33/24/411 36/19/411
f 34/17/412 35/16/412 38/20/412
f 35/16/413 36/19/413 39/22/413
f 3/12/414 11/11/414 31/15/414
f 11/11/415 10/10/415 32/18/415
f 10/10/416 9/9/416 33/24/416
f 4/8/417 15/59/417 33/24/417
f 33/24/418 15/59/418 16/25/418
f 36/19/419 16/25/419 17/26/419
f 39/22/420 17/26/420 2/27/420
f 38/20/421 39/22/421 18/28/421
f 37/21/422 38/20/422 19/29/422
f 37/21/423 20/30/423 1/31/423
f 13/33/424 34/17/424 37/21/424
f 14/23/425 31/15/425 34/17/425
f 43/36/426 40/39/426 44/34/426
f 40/39/427 41/37/427 44/34/427
f 41/37/428 42/41/428 45/38/428
f 1/31/429 20/30/429 40/39/429
f 20/30/430 19/29/430 41/37/430
f 19/29/431 18/28/431 42/41/431
f 2/27/432 23/42/432 42/41/432
f 23/42/433 24/133/433 45/38/433
f 22/40/434 40/39/434 43/36/434
f 46/44/435 47/50/435 49/45/435
f 48/46/436 49/45/436 51/47/436
f 6/49/437 5/51/437 47/50/437
f 5/51/438 3/12/438 14/23/438
f 47/50/439 14/23/439 13/33/439
f 49/45/440 13/33/440 12/32/440
f 51/47/441 12/32/441 1/31/441
f 51/47/442 22/52/442 21/53/442
f 52/54/443 53/61/443 55/55/443
f 54/56/444 55/55/444 57/57/444
f 4/8/445 8/60/445 52/54/445
f 8/60/446 7/130/446 53/61/446
f 57/57/447 24/134/447 23/62/447
f 56/58/448 23/62/448 2/27/448
f 16/25/449 54/56/449 56/58/449
f 15/59/450 52/54/450 54/56/450
f 59/63/451 60/97/451 62/64/451
f 61/65/50 62/64/50 64/66/50
f 63/67/51 64/66/51 66/68/51
f 66/68/52 68/74/52 67/70/52
f 64/73/53 62/125/53 68/71/53
f 62/125/53 60/135/53 70/124/53
f 68/71/53 62/125/53 70/124/53
f 68/74/54 70/76/54 69/75/54
f 70/76/55 60/118/55 59/77/55
f 69/79/56 59/136/56 61/80/56
f 61/80/56 63/131/56 67/78/56
f 63/131/56 65/126/56 67/78/56
f 86/81/452 72/97/452 97/82/452
f 100/84/453 98/98/453 80/85/453
f 84/87/454 85/92/454 79/88/454
f 75/89/455 83/94/455 84/87/455
f 82/90/456 83/94/456 75/89/456
f 71/63/457 81/95/457 82/90/457
f 100/84/458 90/86/458 85/92/458
f 101/93/459 100/84/459 84/87/459
f 99/83/460 101/93/460 83/94/460
f 81/95/461 86/81/461 99/83/461
f 97/82/462 92/82/462 93/96/462
f 72/97/463 91/97/463 92/82/463
f 98/98/464 96/96/464 93/96/464
f 80/85/465 98/98/465 94/98/465
f 76/99/466 74/102/466 97/82/466
f 78/100/467 76/99/467 96/96/467
f 87/101/468 99/83/468 97/82/468
f 78/100/469 98/98/469 100/84/469
f 89/103/470 100/84/470 101/93/470
f 87/101/471 88/104/471 101/93/471
f 150/105/472 149/110/472 104/100/472
f 151/106/473 106/104/473 107/103/473
f 154/108/474 153/109/474 102/102/474
f 150/105/475 103/99/475 102/102/475
f 151/106/476 154/108/476 105/101/476
f 152/107/477 107/103/477 104/100/477
f 155/111/478 109/99/478 108/102/478
f 158/113/479 157/115/479 111/101/479
f 160/114/480 159/107/480 113/103/480
f 155/111/481 160/114/481 110/100/481
f 158/113/482 112/104/482 113/103/482
f 156/112/483 108/102/483 111/101/483
f 110/100/484 116/100/484 115/99/484
f 112/104/485 132/104/485 133/103/485
f 108/102/486 114/102/486 117/101/486
f 108/102/487 109/99/487 115/99/487
f 111/101/488 117/101/488 118/104/488
f 110/100/489 113/103/489 119/103/489
f 114/102/490 115/99/490 121/99/490
f 117/101/96 123/101/96 124/104/96
f 119/103/491 125/103/491 122/100/491
f 115/99/492 116/100/492 122/100/492
f 119/103/99 118/104/99 124/104/99
f 117/101/493 114/102/493 120/102/493
f 124/104/494 130/104/494 131/103/494
f 123/101/495 120/102/495 126/102/495
f 121/99/496 127/99/496 126/102/496
f 124/104/497 123/101/497 129/101/497
f 125/103/498 131/103/498 128/100/498
f 121/99/499 122/100/499 128/100/499
f 132/104/107 136/104/107 137/103/107
f 118/104/500 134/104/500 132/104/500
f 119/103/501 135/103/501 134/104/501
f 119/103/502 113/103/502 133/103/502
f 139/103/503 137/103/503 141/103/503
f 135/103/112 133/103/112 137/103/112
f 135/103/113 139/103/113 138/104/113
f 134/104/114 138/104/114 136/104/114
f 141/103/504 140/104/504 142/104/504
f 139/103/505 143/103/505 142/104/505
f 138/104/506 142/104/506 140/104/506
f 136/104/507 140/104/507 141/103/507
f 94/98/508 93/96/508 146/96/508
f 91/97/509 144/97/509 145/82/509
f 94/98/510 147/98/510 148/85/510
f 92/82/511 145/82/511 146/96/511
f 128/100/512 131/103/512 130/104/512
f 127/99/513 130/104/513 129/101/513
f 89/103/514 152/107/514 149/110/514
f 88/104/515 87/101/515 154/108/515
f 74/102/516 76/99/516 150/105/516
f 87/101/517 74/102/517 153/109/517
f 88/104/518 151/106/518 152/107/518
f 78/100/519 149/110/519 150/105/519
f 102/102/520 156/112/520 157/115/520
f 106/104/521 158/113/521 159/107/521
f 103/99/522 104/100/522 160/114/522
f 104/100/523 107/103/523 159/107/523
f 106/104/524 105/101/524 157/115/524
f 103/99/525 155/111/525 156/112/525
f 162/97/526 164/64/526 163/65/526
f 163/65/527 164/64/527 166/66/527
f 165/67/528 166/66/528 168/68/528
f 168/68/529 170/74/529 169/70/529
f 170/74/530 168/68/530 175/68/530
f 368/74/531 367/70/531 369/75/531
f 170/74/532 415/116/532 171/75/532
f 190/67/533 186/67/533 185/65/533
f 177/76/534 176/74/534 182/74/534
f 164/64/535 173/64/535 174/66/535
f 164/64/536 162/97/536 172/97/536
f 166/66/537 174/66/537 175/68/537
f 180/73/538 179/125/538 182/71/538
f 179/125/539 178/132/539 182/71/539
f 178/132/540 183/124/540 182/71/540
f 174/66/541 180/66/541 181/68/541
f 173/64/542 172/97/542 178/97/542
f 177/76/543 183/76/543 178/118/543
f 175/68/544 181/68/544 182/74/544
f 173/64/545 179/64/545 180/66/545
f 188/70/546 189/75/546 210/75/546
f 192/75/547 189/75/547 188/70/547
f 191/117/548 185/65/548 184/63/548
f 190/67/549 195/119/549 187/69/549
f 192/75/550 194/122/550 184/77/550
f 193/70/551 188/70/551 187/69/551
f 221/70/552 193/70/552 195/119/552
f 218/121/553 222/77/553 194/122/553
f 217/67/554 219/120/554 195/119/554
f 222/63/555 220/123/555 191/117/555
f 218/121/556 192/75/556 193/70/556
f 220/123/557 217/67/557 190/67/557
f 182/116/558 181/116/558 197/116/558
f 181/116/559 180/116/559 198/116/559
f 199/116/560 179/116/560 178/116/560
f 199/116/561 204/116/561 201/116/561
f 198/116/562 180/116/562 202/116/562
f 179/125/563 201/125/563 202/73/563
f 210/79/564 205/137/564 206/80/564
f 206/80/565 207/131/565 208/126/565
f 208/126/566 209/78/566 210/79/566
f 187/69/567 208/69/567 207/67/567
f 185/65/568 206/65/568 205/63/568
f 189/75/569 184/77/569 205/77/569
f 187/69/570 188/70/570 209/70/570
f 186/67/571 207/67/571 206/65/571
f 163/65/572 165/67/572 214/67/572
f 171/75/573 215/121/573 212/127/573
f 161/63/574 163/65/574 211/123/574
f 165/67/575 167/69/575 216/69/575
f 161/77/576 213/77/576 215/121/576
f 169/70/577 212/127/577 216/69/577
f 211/123/578 214/67/578 217/67/578
f 215/121/579 218/121/579 221/70/579
f 213/63/580 211/123/580 220/123/580
f 214/67/581 216/69/581 219/120/581
f 215/121/582 213/77/582 222/77/582
f 212/127/583 221/70/583 219/120/583
f 204/116/584 71/116/584 73/116/584
f 203/116/585 202/116/585 77/116/585
f 77/73/586 202/73/586 75/128/586
f 202/73/587 201/125/587 75/128/587
f 145/82/588 224/82/588 225/96/588
f 146/96/197 225/96/197 226/98/197
f 145/82/589 144/97/589 223/97/589
f 147/98/590 226/98/590 227/85/590
f 248/2/591 249/5/591 26/1/591
f 26/1/592 249/5/592 250/4/592
f 250/4/593 233/129/593 7/6/593
f 250/4/594 234/9/594 231/8/594
f 249/5/595 235/10/595 234/9/595
f 248/2/596 236/11/596 235/10/596
f 230/12/597 236/11/597 248/2/597
f 232/13/598 248/2/598 25/3/598
f 251/15/599 254/17/599 255/16/599
f 252/18/600 255/16/600 256/19/600
f 254/17/601 257/21/601 258/20/601
f 255/16/602 258/20/602 259/22/602
f 230/12/603 239/23/603 251/15/603
f 236/11/604 251/15/604 252/18/604
f 235/10/605 252/18/605 253/24/605
f 253/24/606 240/59/606 231/8/606
f 253/24/607 256/19/607 241/25/607
f 256/19/608 259/22/608 242/26/608
f 259/22/609 243/28/609 229/27/609
f 258/20/610 244/29/610 243/28/610
f 257/21/611 245/30/611 244/29/611
f 228/31/612 245/30/612 257/21/612
f 238/33/613 237/32/613 257/21/613
f 239/23/614 238/33/614 254/17/614
f 261/37/615 260/39/615 44/34/615
f 260/39/616 43/36/616 44/34/616
f 261/37/617 44/34/617 45/38/617
f 228/31/618 246/40/618 260/39/618
f 245/30/619 260/39/619 261/37/619
f 244/29/620 261/37/620 262/41/620
f 262/41/621 247/42/621 229/27/621
f 45/38/622 24/133/622 247/42/622
f 246/40/623 21/43/623 43/36/623
f 46/44/624 48/46/624 264/45/624
f 48/46/625 50/48/625 265/47/625
f 6/49/626 46/44/626 263/50/626
f 232/51/627 263/50/627 239/23/627
f 263/50/628 264/45/628 238/33/628
f 264/45/629 265/47/629 237/32/629
f 265/47/630 246/52/630 228/31/630
f 21/53/631 246/52/631 265/47/631
f 266/54/632 267/56/632 55/55/632
f 267/56/633 268/58/633 57/57/633
f 231/8/634 240/59/634 266/54/634
f 233/60/635 266/54/635 53/61/635
f 247/62/636 24/134/636 57/57/636
f 229/27/637 247/62/637 268/58/637
f 241/25/638 242/26/638 268/58/638
f 240/59/639 241/25/639 267/56/639
f 269/63/640 271/65/640 272/64/640
f 271/65/248 273/67/248 274/66/248
f 273/67/249 275/69/249 276/68/249
f 277/70/250 278/74/250 276/68/250
f 270/135/251 272/125/251 280/124/251
f 272/125/251 274/73/251 280/124/251
f 274/73/251 276/72/251 278/71/251
f 279/75/252 280/76/252 278/74/252
f 269/77/253 270/118/253 280/76/253
f 271/80/254 269/136/254 279/79/254
f 279/79/254 277/78/254 271/80/254
f 277/78/254 275/126/254 273/131/254
f 86/81/641 299/83/641 297/82/641
f 300/84/642 90/86/642 80/85/642
f 79/88/643 85/92/643 289/87/643
f 283/89/644 285/8/644 289/87/644
f 283/89/645 288/94/645 287/90/645
f 71/63/646 281/91/646 287/90/646
f 85/92/647 90/86/647 300/84/647
f 289/87/648 300/84/648 301/93/648
f 288/94/649 301/93/649 299/83/649
f 81/95/650 287/90/650 299/83/650
f 294/96/651 293/82/651 297/82/651
f 293/82/652 91/97/652 72/97/652
f 298/98/653 295/98/653 294/96/653
f 80/85/654 95/85/654 295/98/654
f 284/99/655 296/96/655 297/82/655
f 286/100/656 298/98/656 296/96/656
f 297/82/657 299/83/657 290/101/657
f 300/84/658 298/98/658 286/100/658
f 301/93/659 300/84/659 292/103/659
f 290/101/660 299/83/660 301/93/660
f 348/105/661 303/99/661 304/100/661
f 307/103/662 306/104/662 349/106/662
f 352/108/663 305/101/663 302/102/663
f 302/102/664 303/99/664 348/105/664
f 349/106/665 306/104/665 305/101/665
f 304/100/666 307/103/666 350/107/666
f 308/102/667 309/99/667 353/111/667
f 356/113/668 312/104/668 311/101/668
f 358/114/669 310/100/669 313/103/669
f 353/111/670 309/99/670 310/100/670
f 313/103/671 312/104/671 356/113/671
f 311/101/672 308/102/672 354/112/672
f 315/99/673 316/100/673 310/100/673
f 333/103/674 332/104/674 312/104/674
f 317/101/675 314/102/675 308/102/675
f 308/102/676 314/102/676 315/99/676
f 318/104/677 317/101/677 311/101/677
f 310/100/678 316/100/678 319/103/678
f 314/102/679 320/102/679 321/99/679
f 324/104/294 323/101/294 317/101/294
f 322/100/680 325/103/680 319/103/680
f 315/99/681 321/99/681 322/100/681
f 319/103/297 325/103/297 324/104/297
f 317/101/682 323/101/682 320/102/682
f 331/103/683 330/104/683 324/104/683
f 323/101/684 329/101/684 326/102/684
f 326/102/685 327/99/685 321/99/685
f 324/104/686 330/104/686 329/101/686
f 328/100/687 331/103/687 325/103/687
f 321/99/688 327/99/688 328/100/688
f 337/103/689 336/104/689 332/104/689
f 332/104/690 334/104/690 318/104/690
f 334/104/691 335/103/691 319/103/691
f 319/103/692 335/103/692 333/103/692
f 339/103/693 343/103/693 341/103/693
f 335/103/310 339/103/310 337/103/310
f 338/104/311 339/103/311 335/103/311
f 336/104/312 338/104/312 334/104/312
f 341/103/694 343/103/694 342/104/694
f 342/104/695 343/103/695 339/103/695
f 340/104/696 342/104/696 338/104/696
f 341/103/697 340/104/697 336/104/697
f 295/98/698 346/98/698 345/96/698
f 344/82/699 144/97/699 91/97/699
f 148/85/700 346/98/700 295/98/700
f 345/96/701 344/82/701 293/82/701
f 328/100/702 327/99/702 330/104/702
f 327/99/703 326/102/703 329/101/703
f 347/110/704 350/107/704 292/103/704
f 291/104/705 349/106/705 352/108/705
f 282/102/706 351/109/706 348/105/706
f 290/101/707 352/108/707 351/109/707
f 350/107/708 349/106/708 291/104/708
f 348/105/709 347/110/709 286/100/709
f 355/115/710 354/112/710 302/102/710
f 357/107/711 356/113/711 306/104/711
f 303/99/712 353/111/712 358/114/712
f 304/100/713 358/114/713 357/107/713
f 306/104/714 356/113/714 355/115/714
f 354/112/715 353/111/715 303/99/715
f 361/65/716 362/64/716 360/97/716
f 361/65/717 363/67/717 364/66/717
f 363/67/718 365/69/718 366/68/718
f 367/70/719 368/74/719 366/68/719
f 368/74/720 374/74/720 373/68/720
f 416/116/721 369/75/721 359/63/721
f 162/97/722 161/63/722 171/75/722
f 381/65/723 382/67/723 386/67/723
f 177/76/724 183/76/724 379/74/724
f 372/66/725 371/64/725 362/64/725
f 362/64/726 371/64/726 370/97/726
f 373/68/727 372/66/727 364/66/727
f 375/132/728 376/125/728 379/71/728
f 376/125/729 377/73/729 379/71/729
f 377/73/730 378/72/730 379/71/730
f 378/68/731 377/66/731 372/66/731
f 371/64/732 376/64/732 375/97/732
f 375/118/733 183/76/733 177/76/733
f 379/74/734 378/68/734 373/68/734
f 377/66/735 376/64/735 371/64/735
f 384/70/736 398/70/736 399/75/736
f 384/70/737 385/75/737 388/75/737
f 380/63/738 381/65/738 387/117/738
f 386/67/739 382/67/739 383/69/739
f 388/75/740 385/75/740 380/77/740
f 383/69/741 384/70/741 389/70/741
f 391/119/742 389/70/742 410/70/742
f 407/121/743 388/75/743 390/122/743
f 406/67/744 386/67/744 391/119/744
f 411/63/745 390/63/745 387/117/745
f 389/70/746 388/75/746 407/121/746
f 409/123/747 387/117/747 386/67/747
f 197/116/748 378/116/748 379/116/748
f 198/116/749 377/116/749 378/116/749
f 199/116/750 200/116/750 375/116/750
f 392/116/751 204/116/751 199/116/751
f 198/116/752 203/116/752 393/116/752
f 393/73/753 392/125/753 376/125/753
f 395/80/754 394/137/754 399/79/754
f 399/79/755 398/78/755 397/126/755
f 397/126/756 396/131/756 395/80/756
f 396/67/757 397/69/757 383/69/757
f 394/63/758 395/65/758 381/65/758
f 385/75/759 399/75/759 394/77/759
f 383/69/760 397/69/760 398/70/760
f 395/65/761 396/67/761 382/67/761
f 361/65/762 400/123/762 403/67/762
f 401/127/763 404/121/763 369/75/763
f 359/63/764 402/63/764 400/123/764
f 363/67/765 403/67/765 405/69/765
f 404/121/766 402/77/766 359/77/766
f 405/69/767 401/127/767 367/70/767
f 400/123/768 409/123/768 406/67/768
f 410/70/769 407/121/769 404/121/769
f 402/63/770 411/63/770 409/123/770
f 403/67/771 406/67/771 408/120/771
f 404/121/772 407/121/772 411/77/772
f 408/120/773 410/70/773 401/127/773
f 281/116/774 71/116/774 204/116/774
f 203/116/775 79/116/775 285/116/775
f 392/125/776 393/73/776 283/128/776
f 393/73/777 285/73/777 283/128/777
f 413/96/778 412/82/778 344/82/778
f 414/98/395 413/96/395 345/96/395
f 344/82/779 412/82/779 223/97/779
f 227/85/780 414/98/780 346/98/780
f 415/116/781 170/74/781 176/74/781
f 416/116/782 177/76/782 374/74/782
f 172/118/783 162/97/783 415/116/783
f 416/116/784 360/97/784 370/118/784
o shirt1
v -0.000000 -0.247236 11.428589
v -0.025601 -0.282716 12.376213
v 0.206467 -0.275796 11.423039
v 0.998983 0.065171 12.366072
v 0.256900 -0.404360 11.403744
v 1.087030 -0.009751 12.434976
v 0.194430 -0.534850 11.377203
v 0.910517 -0.193206 12.390315
v -0.000000 -0.590904 11.364248
v -0.002924 -0.645343 12.245967
v -0.000000 -0.262530 11.744077
v 0.297438 -0.257980 11.757217
v 0.388962 -0.365392 11.766212
v 0.274058 -0.514401 11.760158
v -0.000000 -0.600699 11.744076
v -0.024217 -0.256066 12.188679
v 0.749720 -0.059136 12.059827
v 0.828212 -0.144364 12.027788
v 0.763850 -0.290157 12.098341
v -0.003120 -0.691296 12.099928
v -0.000000 -0.288287 12.458242
v 0.192458 -0.296521 12.439911
v 0.257018 -0.391626 12.443504
v 0.230252 -0.493780 12.448415
v -0.003646 -0.602467 12.357504
v 1.074699 -0.014908 12.437613
v 0.420381 -0.199587 12.396138
v 0.466365 -0.419191 12.411779
v 0.578574 -0.136571 12.016575
v 0.509384 -0.481569 12.121410
v 0.742344 -0.191780 11.994059
v 1.156643 -0.013487 12.021543
v 1.000505 -0.102878 11.907490
v 1.146345 -0.118605 12.041106
v 1.018474 -0.044431 11.928526
v 1.002124 -0.165556 11.944642
v 1.189441 -0.053359 12.040199
v -0.000000 -0.295257 11.419458
v 0.182563 -0.314766 11.416213
v 0.218702 -0.406822 11.402488
v 0.174351 -0.500083 11.383348
v -0.000000 -0.541383 11.373379
v -0.011390 -0.341231 12.419741
v 0.167307 -0.334962 12.409818
v 0.200718 -0.408923 12.410891
v 0.192663 -0.475475 12.415336
v -0.004182 -0.557865 12.349924
v 1.228711 -0.046753 12.071483
v 0.949217 -0.233202 11.924829
v 0.977407 0.004634 11.894074
v 1.193868 -0.149276 12.078412
v 0.965075 -0.107574 11.867365
v 1.188036 0.050368 12.038189
v -0.208317 -0.298082 11.416264
v -1.080007 -0.934461 12.119674
v -0.259086 -0.441477 11.389183
v -1.131809 -1.076169 12.129740
v -0.195583 -0.549397 11.370461
v -0.946147 -1.047763 12.108403
v -0.303532 -0.365507 11.727097
v -0.397593 -0.532423 11.707923
v -0.278603 -0.606330 11.722969
v -0.782825 -0.694607 11.892335
v -0.864181 -0.868429 11.792558
v -0.795443 -0.952689 11.851893
v -0.312884 -0.470764 12.397314
v -0.270187 -0.515869 12.408711
v -0.238242 -0.630212 12.405078
v -1.121049 -1.067961 12.136766
v -0.703155 -0.680836 12.272999
v -0.481114 -0.751024 12.302923
v -0.602118 -0.554540 11.907169
v -0.526991 -0.861341 11.970392
v -0.772806 -0.797625 11.795422
v -1.194426 -0.948581 11.732135
v -1.036927 -0.932058 11.621054
v -1.184727 -1.042063 11.711803
v -1.055130 -0.895957 11.658365
v -1.038013 -0.988946 11.638792
v -1.227872 -1.007369 11.724344
v -0.184155 -0.333188 11.410235
v -0.220721 -0.436091 11.391132
v -0.175472 -0.513530 11.377456
v -0.243188 -0.458646 12.378523
v -0.214910 -0.492290 12.387403
v -0.201055 -0.580123 12.383124
v -1.267694 -1.014442 11.754817
v -0.984032 -1.012668 11.613460
v -1.013835 -0.823438 11.653461
v -1.232678 -1.110423 11.718286
v -1.001315 -0.920677 11.583179
v -1.225603 -0.901633 11.771385
vn -0.1680 0.9814 0.0929
vn 0.3535 -0.8925 0.2803
vn 0.2785 -0.9601 -0.0248
vn 0.9022 -0.3981 -0.1663
vn 0.8846 0.3862 -0.2614
vn 0.1381 0.9893 0.0480
vn 0.3044 -0.9459 -0.1124
vn 0.6296 -0.4601 -0.6260
vn 0.4174 0.2834 -0.8634
vn 0.0051 0.9035 -0.4285
vn -0.1606 0.3630 0.9178
vn -0.1608 0.6947 0.7011
vn 0.1509 0.0080 0.9885
vn 0.2815 -0.8951 0.3459
vn -0.0897 0.6150 0.7834
vn 0.2856 -0.4826 0.8280
vn -0.4172 0.9084 -0.0292
vn 0.5987 -0.8002 -0.0351
vn 0.5501 -0.5479 -0.6303
vn 0.0535 0.3942 -0.9175
vn 0.5517 -0.0543 -0.8323
vn 0.6092 -0.4118 -0.6777
vn 0.7491 0.0081 -0.6624
vn 0.5755 -0.0891 -0.8129
vn 0.5750 -0.0972 -0.8124
vn 0.7000 -0.3683 -0.6119
vn 0.0025 0.1868 -0.9824
vn 0.0199 0.1919 -0.9812
vn 0.0132 0.1814 -0.9833
vn 0.0246 0.1578 -0.9872
vn -0.4171 0.1474 0.8968
vn -0.4479 -0.1897 0.8737
vn -0.5935 0.1931 0.7813
vn 0.0650 -0.6411 0.7647
vn 0.8858 -0.2758 0.3733
vn -0.6722 -0.0604 -0.7379
vn -0.2401 0.9698 0.0432
vn 0.5042 0.8256 0.2534
vn -0.7660 0.2273 -0.6013
vn 0.3141 -0.9369 0.1534
vn -0.5163 0.8484 0.1168
vn 0.2386 -0.9311 0.2760
vn 0.0315 -0.9879 -0.1521
vn -0.4406 -0.7944 -0.4181
vn -0.9109 0.3604 -0.2008
vn -0.2395 0.9698 0.0470
vn 0.0664 -0.7274 -0.6830
vn -0.0403 -0.2612 -0.9644
vn -0.6507 0.6428 -0.4042
vn -0.4442 0.8952 -0.0372
vn -0.2914 -0.0220 0.9564
vn -0.5187 0.8197 0.2432
vn -0.0616 -0.3630 0.9298
vn 0.2434 -0.8633 0.4421
vn -0.6694 0.2932 0.6826
vn 0.1879 -0.7692 0.6107
vn -0.5816 0.8082 0.0925
vn 0.3686 -0.9212 -0.1249
vn 0.3103 -0.3650 -0.8778
vn -0.3996 0.5898 -0.7017
vn -0.5257 0.3124 -0.7912
vn -0.3994 0.1952 -0.8957
vn -0.7001 0.3568 -0.6184
vn -0.5404 0.2534 -0.8023
vn -0.4053 0.0523 -0.9127
vn -0.5202 -0.3536 -0.7774
vn 0.0145 0.1789 -0.9838
vn 0.0184 0.1814 -0.9832
vn 0.0084 0.1868 -0.9824
vn 0.0162 0.1800 -0.9835
vn 0.1770 0.1670 0.9700
vn 0.1749 0.3936 0.9025
vn 0.4163 0.0876 0.9050
vn 0.2022 -0.6041 0.7709
vn 0.1560 -0.9868 0.0439
vn 0.7528 0.1655 -0.6371
vn -0.4678 0.8400 0.2747
vn -0.8557 0.3405 0.3898
vn 0.6922 0.0873 -0.7165
vn 0.3700 -0.9207 -0.1239
vn -0.1874 0.9727 0.1368
vn 0.3489 -0.9043 0.2460
vn 0.3010 -0.9536 -0.0117
vn 0.7769 -0.5901 -0.2196
vn 0.7318 0.5959 -0.3307
vn -0.0131 0.9987 -0.0497
vn 0.3771 -0.8983 -0.2254
vn 0.6444 -0.6755 -0.3584
vn 0.1887 0.7949 -0.5766
vn -0.2013 0.9792 -0.0252
vn 0.1342 0.1282 0.9826
vn 0.0477 0.9975 0.0529
vn 0.1153 -0.2352 0.9651
vn 0.3291 -0.8977 0.2931
vn -0.2037 0.5381 0.8179
vn 0.3890 -0.5535 0.7364
vn -0.4082 0.9127 -0.0186
vn 0.4486 -0.8578 0.2507
vn 0.4066 -0.6212 -0.6699
vn 0.0545 0.5114 -0.8576
vn 0.6044 0.1294 -0.7861
vn 0.5058 -0.2281 -0.8319
vn 0.7017 0.0911 -0.7067
vn 0.5672 -0.0648 -0.8210
vn 0.5710 -0.2145 -0.7924
vn 0.7249 -0.3373 -0.6006
vn -0.0024 0.1740 -0.9847
vn 0.0248 0.1878 -0.9819
vn 0.0133 0.1813 -0.9833
vn 0.0224 0.1560 -0.9875
vn -0.4479 0.4627 0.7650
vn -0.4987 -0.3079 0.8102
vn -0.5250 0.1198 0.8426
vn 0.0510 -0.5945 0.8025
vn 0.5905 -0.6756 0.4413
vn -0.7189 -0.2120 -0.6620
vn -0.2468 0.9512 -0.1852
vn 0.8459 0.4516 0.2838
vn -0.5420 -0.1916 -0.8182
vn 0.3122 -0.9498 0.0217
vn -0.5107 0.8463 0.1511
vn 0.2292 -0.9286 0.2919
vn -0.2083 -0.9777 -0.0252
vn -0.8491 -0.4523 -0.2730
vn -0.8383 0.4979 -0.2222
vn -0.3248 0.9400 0.1044
vn 0.3512 -0.9081 -0.2281
vn 0.2158 -0.7801 -0.5873
vn -0.4353 0.3410 -0.8332
vn -0.3156 0.8666 0.3864
vn -0.2882 -0.0310 0.9571
vn -0.5230 0.8236 0.2192
vn -0.3324 -0.1226 0.9352
vn 0.1803 -0.9177 0.3540
vn -0.5096 0.2616 0.8197
vn 0.1908 -0.7295 0.6568
vn -0.6147 0.7824 0.1003
vn 0.4565 -0.8614 0.2228
vn 0.4767 -0.3614 -0.8013
vn -0.4572 0.6159 -0.6416
vn -0.5958 0.4289 -0.6790
vn -0.5218 -0.3712 -0.7681
vn -0.7410 0.2644 -0.6173
vn -0.5332 0.3055 -0.7889
vn -0.5068 0.2781 -0.8160
vn -0.6812 -0.2060 -0.7025
vn 0.0107 0.1868 -0.9823
vn 0.0236 0.1872 -0.9820
vn 0.0059 0.1813 -0.9834
vn 0.0256 0.1737 -0.9845
vn 0.1221 0.3210 0.9392
vn 0.1813 0.3906 0.9025
vn 0.3557 0.0106 0.9345
vn 0.2877 -0.7686 0.5714
vn -0.8754 -0.4142 0.2491
vn 0.8388 -0.0215 -0.5440
vn -0.3967 0.9116 -0.1080
vn -0.8878 0.2773 0.3674
vn 0.6678 0.4906 -0.5598
vn 0.3503 -0.9357 -0.0417
vt 1.000000 0.828637
vt 0.875000 1.000000
vt 0.875000 0.828637
vt 0.625000 0.828637
vt 0.500000 1.000000
vt 0.500000 0.828637
vt 0.625000 0.500000
vt 0.500000 0.645722
vt 0.500000 0.500000
vt 0.750000 0.500000
vt 0.625000 0.645722
vt 0.875000 0.645722
vt 0.875000 0.500000
vt 1.000000 0.645722
vt 1.000000 0.500000
vt 0.750000 0.828637
vt 0.750000 0.645722
vt 0.750000 1.000000
vt 1.000000 1.000000
vt 0.625000 1.000000
vt 0.844268 0.965118
vt 0.749520 0.964446
vt 0.653402 0.965669
vt 0.844587 0.863513
vt 0.647775 0.863148
vt 0.750840 0.864057
vt 0.749520 0.964446
vt 0.844267 0.965117
vt 0.653402 0.965669
vt 0.750840 0.864057
vt 0.844587 0.863513
vt 0.647775 0.863148
s 0
f 432/138/785 443/139/785 445/140/785
f 446/141/786 426/142/786 436/143/786
f 423/144/787 431/145/787 425/146/787
f 421/147/788 430/148/788 423/144/788
f 428/149/789 421/147/789 419/150/789
f 427/151/790 419/150/790 417/152/790
f 446/141/791 431/145/791 430/148/791
f 447/153/792 430/148/792 429/154/792
f 428/149/793 447/153/793 429/154/793
f 427/151/794 445/140/794 428/149/794
f 443/139/795 439/155/795 442/155/795
f 418/156/796 438/139/796 443/139/796
f 444/157/797 439/155/797 440/157/797
f 426/142/798 440/157/798 441/142/798
f 420/158/799 442/155/799 422/159/799
f 424/160/800 442/155/800 444/157/800
f 433/161/801 443/139/801 420/158/801
f 424/160/802 446/141/802 435/162/802
f 435/162/803 447/153/803 434/163/803
f 434/163/804 445/140/804 433/161/804
f 464/164/805 448/165/805 469/165/805
f 464/164/806 450/166/806 453/164/806
f 468/167/807 451/168/807 449/167/807
f 469/165/808 451/168/808 466/168/808
f 467/166/809 452/169/809 450/166/809
f 468/167/810 452/169/810 465/169/810
f 417/152/811 455/150/811 454/152/811
f 421/147/812 457/144/812 456/147/812
f 425/146/813 457/144/813 423/144/813
f 421/147/814 455/150/814 419/150/814
f 440/157/815 463/142/815 441/142/815
f 439/155/816 460/139/816 461/155/816
f 439/155/817 462/157/817 440/157/817
f 438/139/818 459/156/818 460/139/818
f 422/159/819 467/166/819 464/164/819
f 434/163/820 465/169/820 435/162/820
f 433/161/821 469/165/821 466/168/821
f 422/159/822 469/165/822 420/158/822
f 434/163/823 466/168/823 468/167/823
f 435/162/824 467/166/824 424/160/824
f 432/138/825 486/139/825 418/156/825
f 489/141/826 426/142/826 487/157/826
f 474/144/827 431/145/827 478/148/827
f 472/147/828 478/148/828 477/154/828
f 472/147/829 476/149/829 470/150/829
f 470/150/830 427/151/830 417/152/830
f 431/145/831 489/141/831 478/148/831
f 478/148/832 490/153/832 477/154/832
f 476/149/833 490/153/833 488/140/833
f 427/151/834 488/140/834 432/138/834
f 483/155/835 486/139/835 485/155/835
f 482/139/836 418/156/836 486/139/836
f 487/157/837 483/155/837 485/155/837
f 426/142/838 484/157/838 487/157/838
f 485/155/839 471/158/839 473/159/839
f 475/160/840 485/155/840 473/159/840
f 486/139/841 479/161/841 471/158/841
f 489/141/842 475/160/842 481/162/842
f 490/153/843 481/162/843 480/163/843
f 488/140/844 480/163/844 479/161/844
f 491/165/845 503/164/845 508/165/845
f 503/164/846 493/166/846 506/166/846
f 507/167/847 494/168/847 505/168/847
f 494/168/848 508/165/848 505/168/848
f 506/166/849 495/169/849 504/169/849
f 495/169/850 507/167/850 504/169/850
f 417/152/851 497/150/851 470/150/851
f 472/147/852 499/144/852 474/144/852
f 499/144/853 425/146/853 474/144/853
f 497/150/854 472/147/854 470/150/854
f 463/142/855 484/157/855 441/142/855
f 483/155/856 500/139/856 482/139/856
f 502/157/857 483/155/857 484/157/857
f 482/139/858 459/156/858 437/156/858
f 473/159/859 506/166/859 475/160/859
f 504/169/860 480/163/860 481/162/860
f 479/161/861 508/165/861 471/158/861
f 508/165/862 473/159/862 471/158/862
f 480/163/863 505/168/863 479/161/863
f 506/166/864 481/162/864 475/160/864
f 432/138/865 418/156/865 443/139/865
f 446/141/866 444/157/866 426/142/866
f 423/144/867 430/148/867 431/145/867
f 421/147/868 429/154/868 430/148/868
f 428/149/869 429/154/869 421/147/869
f 427/151/870 428/149/870 419/150/870
f 446/141/871 436/143/871 431/145/871
f 447/153/872 446/141/872 430/148/872
f 428/149/873 445/140/873 447/153/873
f 427/151/874 432/138/874 445/140/874
f 443/139/875 438/139/875 439/155/875
f 418/156/876 437/156/876 438/139/876
f 444/157/877 442/155/877 439/155/877
f 426/142/878 444/157/878 440/157/878
f 420/158/879 443/139/879 442/155/879
f 424/160/880 422/159/880 442/155/880
f 433/161/881 445/140/881 443/139/881
f 424/160/882 444/157/882 446/141/882
f 435/162/883 446/141/883 447/153/883
f 434/163/884 447/153/884 445/140/884
f 464/164/885 453/164/885 448/165/885
f 464/164/886 467/166/886 450/166/886
f 468/167/887 466/168/887 451/168/887
f 469/165/888 448/165/888 451/168/888
f 467/166/889 465/169/889 452/169/889
f 468/167/890 449/167/890 452/169/890
f 417/152/891 419/150/891 455/150/891
f 421/147/892 423/144/892 457/144/892
f 425/146/893 458/146/893 457/144/893
f 421/147/894 456/147/894 455/150/894
f 440/157/895 462/157/895 463/142/895
f 439/155/896 438/139/896 460/139/896
f 439/155/897 461/155/897 462/157/897
f 438/139/898 437/156/898 459/156/898
f 422/159/899 424/160/899 467/166/899
f 434/163/900 468/167/900 465/169/900
f 433/161/901 420/158/901 469/165/901
f 422/159/902 464/164/902 469/165/902
f 434/163/903 433/161/903 466/168/903
f 435/162/904 465/169/904 467/166/904
f 432/138/905 488/140/905 486/139/905
f 489/141/906 436/143/906 426/142/906
f 474/144/907 425/146/907 431/145/907
f 472/147/908 474/144/908 478/148/908
f 472/147/909 477/154/909 476/149/909
f 470/150/910 476/149/910 427/151/910
f 431/145/911 436/143/911 489/141/911
f 478/148/912 489/141/912 490/153/912
f 476/149/913 477/154/913 490/153/913
f 427/151/914 476/149/914 488/140/914
f 483/155/915 482/139/915 486/139/915
f 482/139/916 437/156/916 418/156/916
f 487/157/917 484/157/917 483/155/917
f 426/142/918 441/142/918 484/157/918
f 485/155/919 486/139/919 471/158/919
f 475/160/920 487/157/920 485/155/920
f 486/139/921 488/140/921 479/161/921
f 489/141/922 487/157/922 475/160/922
f 490/153/923 489/141/923 481/162/923
f 488/140/924 490/153/924 480/163/924
f 491/165/925 496/164/925 503/164/925
f 503/164/926 496/164/926 493/166/926
f 507/167/927 492/167/927 494/168/927
f 494/168/928 491/165/928 508/165/928
f 506/166/929 493/166/929 495/169/929
f 495/169/930 492/167/930 507/167/930
f 417/152/931 454/152/931 497/150/931
f 472/147/932 498/147/932 499/144/932
f 499/144/933 458/146/933 425/146/933
f 497/150/934 498/147/934 472/147/934
f 463/142/935 502/157/935 484/157/935
f 483/155/936 501/155/936 500/139/936
f 502/157/937 501/155/937 483/155/937
f 482/139/938 500/139/938 459/156/938
f 473/159/939 503/164/939 506/166/939
f 504/169/940 507/167/940 480/163/940
f 479/161/941 505/168/941 508/165/941
f 508/165/942 503/164/942 473/159/942
f 480/163/943 507/167/943 505/168/943
f 506/166/944 504/169/944 481/162/944
o shoes
v 0.126950 -0.620945 8.738849
v 0.238075 -0.680540 8.714510
v 0.285205 -0.955038 8.447430
v 0.262033 -0.819341 8.404937
v 0.072972 -0.987499 8.404817
v 0.015825 -0.850793 8.583870
v 0.126950 -2.301794 7.046713
v 0.234811 -2.423064 6.944359
v 0.280700 -3.662646 5.883058
v 0.757630 0.585548 8.023397
v 0.092752 -3.295013 6.123291
v 0.019089 -2.451754 6.922248
v 0.015825 -0.905351 8.488517
v 0.086691 -1.018003 8.280381
v 0.316251 -0.575779 8.422873
v 0.292398 -0.968445 8.349041
v 0.238075 -0.693752 8.650890
v 0.126950 -0.684379 8.640424
v 1.083728 1.073052 8.324917
v 0.985649 0.996722 8.333082
v 0.870877 1.043789 8.344249
v 0.995481 1.012469 8.465176
v 0.889773 1.047592 8.420411
v 1.078282 1.073508 8.403291
v 0.126950 -2.329599 6.944088
v 0.234811 -2.466076 6.829121
v 0.275663 -3.671972 5.801057
v 0.146912 -4.145838 5.456569
v 0.069326 -3.521280 5.905028
v 0.019089 -2.519456 6.787919
v 1.077157 1.076209 8.257345
v 0.979077 0.999879 8.265510
v 0.864306 1.046946 8.276677
v 0.759924 0.767296 8.336136
v 0.862770 0.901552 8.511783
v 0.958297 0.754582 8.272834
v 0.974666 0.637896 8.020168
v 0.957831 1.162548 8.277813
v 0.735272 0.482667 7.898564
v 0.941241 0.458727 7.855554
v 0.871346 1.083359 8.458611
v 1.071593 1.137952 8.442688
v 0.968948 1.077430 8.271375
v 0.858895 1.109066 8.343362
v 0.975724 1.067537 8.505192
v 1.072022 1.140060 8.325049
v 0.838611 1.021467 8.225801
v 1.059170 1.101293 8.234650
v 0.126950 -0.631320 8.733797
v 0.228163 -0.685599 8.711629
v 0.265690 -0.951652 8.466849
v 0.178545 -1.319913 8.164239
v 0.073984 -0.974396 8.429777
v 0.025737 -0.818940 8.609168
v 0.126950 -0.664938 8.857667
v 0.228163 -0.719217 8.835499
v 0.228163 -0.827776 8.791163
v 0.126950 -1.063814 8.623747
v 0.025737 -0.884697 8.746311
v 0.025737 -0.719217 8.835499
v 0.126950 -0.668425 8.909560
v 0.237057 -0.727474 8.885445
v 0.237057 -0.845572 8.837214
v 0.126950 -0.999567 8.737146
v 0.016843 -0.863246 8.823289
v 0.016843 -0.727474 8.885445
v 0.294951 -0.996460 8.490987
v 0.222518 -1.079317 8.371313
v 0.076495 -1.047198 8.446561
v 0.285005 -0.994848 8.489656
v 0.214407 -1.108081 8.359391
v 0.086225 -1.043949 8.446567
v 0.126950 -0.694043 8.899098
v 0.213172 -0.740283 8.880214
v 0.213172 -0.832763 8.842444
v 0.126950 -0.935362 8.778772
v 0.040728 -0.839894 8.836845
v 0.040728 -0.740283 8.880214
v -0.126951 -3.999462 8.989952
v -0.238076 -4.052541 8.953529
v -0.238076 -4.406311 8.650585
v -0.126951 -4.660688 8.420668
v -0.015826 -4.449928 8.610054
v -0.015826 -4.131472 8.882397
v -0.126951 -4.724472 7.881695
v -0.234811 -4.805412 7.798381
v -0.234811 -5.631991 7.049484
v -0.019090 -5.908994 6.775672
v -0.019090 -5.563080 7.113943
v -0.019090 -4.818225 7.786784
v -0.015826 -4.145425 8.810913
v -0.015826 -4.490559 8.491270
v -0.126951 -4.706024 8.300596
v -0.238076 -4.418401 8.558371
v -0.238076 -4.050711 8.896273
v -0.126951 -4.013014 8.922462
v -0.234811 -6.021542 6.655684
v -0.126951 -6.066407 6.612491
v -0.019090 -6.021542 6.655684
v -0.126951 -6.145544 6.719872
v -0.031425 -6.073101 6.713666
v -0.222476 -6.073101 6.713666
v -0.126951 -4.715219 7.800258
v -0.234811 -4.805108 7.708335
v -0.234811 -5.599381 6.987284
v -0.126951 -5.792489 6.805184
v -0.019090 -5.568583 7.016144
v -0.019090 -4.828595 7.687047
v -0.234811 -5.972719 6.608404
v -0.126951 -6.017584 6.565210
v -0.019090 -5.972719 6.608404
v -0.031425 -5.825188 7.006709
v -0.126951 -5.812889 7.118192
v -0.222476 -5.868780 6.964247
v -0.234811 -5.908994 6.775672
v -0.126951 -5.905036 6.685197
v -0.019090 -5.860171 6.728391
v -0.234811 -5.860171 6.728391
v -0.031425 -6.027292 6.811195
v -0.222476 -6.044562 6.794065
v -0.126951 -5.963927 6.622412
v -0.019090 -5.967885 6.712887
v -0.126951 -6.086091 6.832522
v -0.234811 -5.967885 6.712887
v -0.019090 -5.919063 6.665606
v -0.234811 -5.919063 6.665606
v -0.126951 -4.008530 8.982815
v -0.228164 -4.056874 8.949641
v -0.228164 -4.368703 8.683641
v -0.126951 -4.620212 8.456479
v -0.025738 -4.410240 8.645096
v -0.025738 -4.117599 8.894840
v -0.126951 -4.067651 9.096739
v -0.228164 -4.115995 9.063565
v -0.228164 -4.212683 8.997218
v -0.126951 -4.352080 8.878675
v -0.025738 -4.237751 8.974036
v -0.025738 -4.115995 9.063565
v -0.126951 -4.082063 9.146713
v -0.237058 -4.134656 9.110624
v -0.237058 -4.239841 9.038446
v -0.126951 -4.339645 8.958048
v -0.016844 -4.245482 9.033229
v -0.016844 -4.134655 9.110624
v -0.238076 -4.493192 8.671919
v -0.126951 -4.686370 8.498847
v -0.015826 -4.525487 8.641801
v -0.228164 -4.490077 8.672998
v -0.126951 -4.669276 8.512600
v -0.025738 -4.521373 8.643851
v -0.126951 -4.104881 9.131056
v -0.213173 -4.146064 9.102796
v -0.213173 -4.228432 9.046275
v -0.126951 -4.297418 8.992088
v -0.040729 -4.229151 9.045612
v -0.040729 -4.146064 9.102796
vn 0.7226 -0.4744 0.5028
vn 0.9986 0.0496 -0.0185
vn -0.4714 -0.6228 0.6244
vn 0.1253 0.6963 -0.7067
vn -0.1754 0.7004 -0.6919
vn -0.3799 -0.9250 -0.0063
vn 0.9229 0.2695 -0.2749
vn 0.9674 0.2479 -0.0515
vn -0.0803 0.0910 -0.9926
vn -0.7407 0.5831 -0.3336
vn 0.1210 0.8344 -0.5377
vn -0.9937 0.0760 -0.0830
vn -0.9275 -0.3738 -0.0106
vn 0.6159 -0.7864 0.0474
vn -0.3641 -0.9212 0.1369
vn 0.9829 0.1716 0.0673
vn -0.6771 0.6571 -0.3312
vn -0.8911 -0.4538 -0.0049
vn 0.6743 -0.3330 0.6591
vn -0.0201 0.6605 -0.7506
vn 0.2802 -0.9075 0.3129
vn -0.1277 0.0582 -0.9901
vn -0.0649 -0.6893 0.7216
vn 0.8823 0.3740 -0.2858
vn 0.6064 -0.7894 -0.0958
vn 0.6419 0.7401 -0.2005
vn 0.9884 -0.1386 -0.0628
vn 0.9859 -0.1593 -0.0514
vn -0.9895 0.1370 0.0452
vn 0.4119 -0.4759 0.7771
vn 0.5408 -0.4453 0.7137
vn -0.5705 0.1851 -0.8001
vn 0.8691 -0.3390 0.3603
vn -0.9553 0.2400 -0.1727
vn 0.9039 -0.3171 -0.2869
vn -0.9801 -0.1787 0.0870
vn -0.9845 0.1753 0.0091
vn -0.3815 0.0201 -0.9242
vn 0.2895 -0.5368 0.7925
vn -0.6965 0.4525 -0.5568
vn 0.9486 -0.2713 -0.1630
vn -0.9321 0.3021 -0.1999
vn 0.3561 -0.2777 -0.8922
vn -0.0379 -0.4375 0.8984
vn -0.2834 -0.4199 0.8622
vn 0.0261 0.7273 0.6858
vn 0.5488 -0.5327 0.6443
vn 0.3830 -0.6446 0.6616
vn -0.8808 -0.1582 0.4462
vn -0.4984 0.8367 0.2271
vn -0.8681 -0.4962 0.0083
vn 0.9941 0.0530 0.0948
vn -1.0000 -0.0000 -0.0000
vn 0.7978 -0.4841 0.3594
vn 0.4984 0.8367 0.2271
vn -0.9838 0.0746 -0.1629
vn 0.7718 -0.5533 0.3135
vn 0.4818 0.8743 0.0587
vn -0.4818 0.8743 0.0588
vn -0.7427 -0.6623 0.0987
vn 0.9842 0.0670 -0.1642
vn 0.2061 -0.6187 0.7581
vn 0.8663 -0.0378 -0.4981
vn 0.8743 -0.0708 -0.4802
vn -0.1446 0.6836 -0.7154
vn 0.4420 -0.4964 -0.7472
vn -0.9826 -0.1449 0.1159
vn -0.0000 -0.3781 0.9258
vn 0.0240 -0.5201 0.8537
vn -0.0241 -0.4161 0.9090
vn 0.0277 -0.5438 0.8388
vn 0.9999 0.0079 -0.0085
vn 0.5462 -0.7582 0.3561
vn -0.1455 0.8168 -0.5583
vn 0.3850 0.7619 -0.5208
vn 0.4998 -0.6025 -0.6222
vn -0.9999 0.0076 -0.0083
vn 0.7608 -0.6071 0.2292
vn 0.7001 0.7008 -0.1368
vn -0.4385 0.8983 0.0287
vn -0.8158 -0.5410 0.2043
vn 1.0000 -0.0000 -0.0000
vn -0.4965 -0.6988 -0.5150
vn 0.4965 -0.6988 -0.5150
vn -0.9924 -0.1160 0.0412
vn 0.6937 0.7157 0.0813
vn 0.9918 -0.1159 0.0544
vn -0.4781 -0.8277 0.2938
vn 0.0001 0.6722 -0.7404
vn -0.0294 0.7290 -0.6838
vn 0.0294 0.7290 -0.6838
vn -0.4998 -0.6025 -0.6222
vn -0.6400 0.7635 0.0868
vn 0.0631 0.7031 -0.7083
vn -0.0658 0.7009 -0.7102
vn -0.3408 -0.6971 0.6309
vn 0.9965 -0.0674 0.0501
vn -0.9959 -0.0719 0.0557
vn 0.2881 -0.7136 0.6385
vn -0.6004 -0.5562 0.5745
vn 0.9920 -0.0921 0.0864
vn -0.9924 -0.0896 0.0840
vn 0.5996 -0.5564 0.5752
vn 0.0379 -0.6181 0.7852
vn 0.3576 0.7521 -0.5536
vn -0.9484 -0.0277 0.3159
vn -0.0652 -0.6491 0.7579
vn 0.0841 -0.6476 0.7573
vn 0.8961 -0.0388 0.4422
vn 0.7304 0.6830 -0.0065
vn 0.6011 -0.6746 0.4284
vn -0.6667 -0.6292 0.3996
vn -0.4984 0.7695 0.3993
vn 0.9858 0.0994 -0.1351
vn -0.7627 -0.6389 0.1001
vn -0.4818 0.8420 0.2428
vn 0.4818 0.8420 0.2428
vn 0.6963 -0.7091 0.1111
vn -0.9842 0.1003 -0.1462
vn -0.0944 -0.6240 0.7757
vn 0.1229 -0.6221 0.7733
vn -0.9312 -0.0869 -0.3539
vn -0.8787 -0.0053 0.4774
vn 0.9174 -0.1541 -0.3668
vn 0.9613 -0.0031 0.2754
vn -0.0000 -0.5658 0.8245
vn -0.0120 -0.6153 0.7882
vn 0.0048 -0.5725 0.8199
vn 0.0297 -0.6070 0.7941
vn -0.4741 -0.6270 0.6181
vn 0.9925 0.0985 -0.0722
vn -0.3569 -0.7616 0.5410
vn 0.1133 0.6978 -0.7073
vn -0.3888 0.6467 -0.6563
vn -0.5559 0.5626 -0.6120
vn 0.9917 0.1150 0.0568
vn 0.8365 -0.5037 0.2157
vn -0.6814 0.6152 -0.3965
vn 0.4331 0.8825 -0.1833
vn 0.6974 -0.1030 -0.7093
vn 0.0786 -0.8653 0.4951
vn 0.6157 -0.7866 0.0479
vn -0.3645 -0.9212 0.1364
vn 0.9950 0.1000 0.0054
vn -0.7209 0.6689 -0.1812
vn -0.9541 -0.1718 0.2453
vn 0.6902 -0.2467 0.6802
vn -0.0112 0.6390 -0.7691
vn 0.0921 0.6478 -0.7562
vn 0.0183 0.5847 -0.8111
vn -0.0697 0.0662 -0.9954
vn -0.0989 -0.7057 -0.7016
vn -0.9949 -0.0898 0.0452
vn 0.9813 0.1716 -0.0874
vn 0.6307 0.7270 -0.2714
vn 0.9656 -0.2253 0.1299
vn 0.9856 -0.1638 -0.0415
vn -0.9897 0.1303 0.0591
vn -0.8987 -0.0705 0.4328
vn -0.1333 -0.4492 0.8834
vn -0.7926 0.3243 -0.5163
vn 0.9660 -0.2265 0.1245
vn -0.8789 0.3242 -0.3500
vn 0.8546 -0.3093 -0.4171
vn -0.4845 -0.6594 0.5749
vn -0.9865 0.1435 0.0787
vn 0.0534 -0.5147 0.8557
vn 0.2859 0.1093 -0.9520
vn -0.6958 0.4513 -0.5588
vn 0.9481 -0.2778 0.1545
vn -0.9592 0.2828 0.0016
vn 0.9004 -0.1607 -0.4043
vn -0.4397 0.6385 -0.6317
vn 0.6297 0.5638 0.5345
vn 0.1233 -0.6624 0.7389
vn -0.5021 -0.7572 0.4179
vn 0.3610 0.5981 -0.7155
vn -0.7682 0.5859 -0.2581
vn -0.9313 -0.3524 0.0918
vn -0.9763 -0.1951 -0.0935
vn 0.7814 -0.5475 0.2995
vn -0.9883 0.0724 -0.1344
vn 0.8566 -0.4036 -0.3214
vn 0.4818 0.8743 0.0588
vn -0.6860 -0.6331 0.3587
vn -0.3331 0.4397 -0.8341
vn -0.2044 -0.6812 0.7029
vn -0.9862 -0.1414 0.0862
vn 0.9721 0.2005 0.1219
vn -0.4193 0.1788 -0.8900
vn -0.1861 0.5556 0.8103
vn -0.0372 -0.5436 0.8385
vn -0.1290 -0.3958 0.9092
vn -0.0806 -0.5020 0.8611
vn 0.9999 0.0071 -0.0078
vn 0.5740 -0.7242 0.3822
vn -0.1775 0.8107 -0.5578
vn 0.2357 0.8119 -0.5341
vn -0.9999 0.0071 -0.0079
vn 0.7879 -0.5827 0.1993
vn 0.6965 0.7035 -0.1413
vn -0.2752 0.9426 -0.1893
vn -0.9148 -0.4005 0.0525
vn -0.4968 -0.6983 -0.5153
vn 0.4968 -0.6983 -0.5153
vn -0.9875 -0.1150 0.1078
vn 0.6837 0.7258 -0.0755
vn 0.9875 -0.1150 0.1078
vn -0.5740 -0.7242 0.3822
vn 0.0079 0.7103 -0.7038
vn 0.0032 0.6717 -0.7408
vn -0.0006 0.6859 -0.7277
vn -0.6415 0.7671 0.0026
vn -0.5590 -0.6053 0.5666
vn 0.9934 -0.0804 0.0822
vn -0.9933 -0.0814 0.0823
vn 0.5754 -0.5971 0.5589
vn -0.5097 -0.6218 0.5946
vn 0.9940 -0.0761 0.0787
vn -0.9940 -0.0764 0.0789
vn 0.5140 -0.6199 0.5929
vn 0.0378 -0.6180 0.7852
vn 0.0165 -0.6184 0.7857
vn -0.1778 0.2347 0.9557
vn 0.0148 -0.6489 0.7607
vn 0.0463 -0.6485 0.7598
vn 0.9217 0.2920 0.2553
vn 0.4984 0.7695 0.3993
vn 0.4905 -0.7718 0.4047
vn -0.5796 -0.7296 0.3630
vn 0.9841 0.1017 -0.1457
vn -0.7564 -0.4593 -0.4657
vn 0.7110 -0.6756 -0.1951
vn -0.0977 -0.6223 0.7766
vn 0.1129 -0.6265 0.7712
vn -0.9058 -0.4026 -0.1322
vn -0.8902 0.3430 0.2999
vn 0.8715 -0.4659 -0.1531
vn 0.3316 0.3654 0.8698
vn 0.0136 -0.6275 0.7785
vn 0.0394 -0.5665 0.8231
vn -0.0129 -0.6275 0.7785
vt 0.166667 0.500000
vt 0.333333 0.500000
vt 0.333333 0.500000
vt 0.833333 0.500000
vt 0.666667 0.500000
vt 0.500000 0.500000
vt 0.833333 0.500000
vt 1.000000 0.500000
vt -0.000000 0.500000
vt 0.166667 0.500000
vt 0.666667 0.500000
vt 0.333333 0.500000
vt 0.542154 0.130000
vt 0.542154 0.370000
vt 0.957846 0.370000
vt 0.750000 0.010000
vt 0.957846 0.130000
vt 0.957846 0.130000
vt 0.333333 0.500000
vt 0.666667 0.500000
vt 0.750000 0.490000
s 0
f 521/170/945 519/171/945 522/172/945
f 516/173/946 535/174/946 534/173/946
f 553/175/947 531/172/947 530/175/947
f 525/176/948 515/177/948 526/177/948
f 521/170/949 515/178/949 520/179/949
f 529/171/950 540/175/950 528/175/950
f 525/176/951 517/174/951 516/173/951
f 510/173/952 524/174/952 525/176/952
f 513/171/953 523/175/953 512/175/953
f 509/178/954 521/170/954 514/179/954
f 509/177/955 525/176/955 526/177/955
f 511/174/956 523/175/956 524/174/956
f 514/179/957 522/172/957 513/171/957
f 532/174/958 528/175/958 527/174/958
f 531/172/959 528/175/959 530/175/959
f 554/180/960 532/174/960 527/174/960
f 520/179/961 533/178/961 538/179/961
f 552/171/962 531/172/962 549/181/962
f 553/175/963 532/174/963 550/174/963
f 537/182/964 538/183/964 534/184/964
f 551/185/965 541/182/965 555/182/965
f 551/185/966 539/186/966 540/185/966
f 520/179/967 537/171/967 519/171/967
f 554/180/968 539/174/968 556/174/968
f 527/174/969 540/175/969 539/174/969
f 516/173/970 533/177/970 515/177/970
f 519/171/971 547/171/971 518/171/971
f 518/171/972 555/171/972 552/171/972
f 517/174/973 548/174/973 535/174/973
f 536/185/974 548/187/974 546/185/974
f 536/185/975 547/182/975 537/182/975
f 523/175/976 544/174/976 524/174/976
f 519/171/977 542/188/977 522/172/977
f 517/174/978 544/174/978 545/189/978
f 523/175/979 542/188/979 543/175/979
f 552/171/980 541/171/980 529/171/980
f 545/189/981 556/174/981 548/174/981
f 546/185/982 556/186/982 551/185/982
f 546/185/983 555/182/983 547/182/983
f 543/175/984 550/174/984 544/174/984
f 542/188/985 552/171/985 549/181/985
f 544/174/986 554/180/986 545/189/986
f 543/175/987 549/181/987 553/175/987
f 509/177/988 558/173/988 510/173/988
f 509/178/989 562/179/989 557/178/989
f 511/174/990 578/174/990 575/174/990
f 510/173/991 559/174/991 511/174/991
f 514/179/992 561/171/992 562/179/992
f 560/175/993 578/174/993 559/174/993
f 557/178/994 568/179/994 563/178/994
f 561/171/995 566/175/995 567/171/995
f 558/173/996 565/174/996 559/174/996
f 562/179/997 567/171/997 568/179/997
f 559/174/998 566/175/998 560/175/998
f 557/177/999 564/173/999 558/173/999
f 568/179/1000 573/171/1000 574/179/1000
f 565/174/1001 572/175/1001 566/175/1001
f 563/177/1002 570/173/1002 564/173/1002
f 563/178/1003 574/179/1003 569/178/1003
f 567/171/1004 572/175/1004 573/171/1004
f 564/173/1005 571/174/1005 565/174/1005
f 577/171/1006 579/175/1006 580/171/1006
f 575/174/1007 579/175/1007 576/175/1007
f 512/175/1008 575/174/1008 576/175/1008
f 560/175/1009 580/171/1009 579/175/1009
f 512/175/1010 577/171/1010 513/171/1010
f 513/171/1011 580/171/1011 561/171/1011
f 569/177/1012 582/173/1012 570/173/1012
f 569/178/1012 586/179/1012 581/178/1012
f 572/175/1013 585/171/1013 573/171/1013
f 570/173/1012 583/174/1012 571/174/1012
f 573/171/1014 586/179/1014 574/179/1014
f 572/175/1015 583/174/1015 584/175/1015
f 597/171/1016 599/170/1016 600/172/1016
f 594/173/997 613/174/997 595/174/997
f 631/175/1017 609/172/1017 627/181/1017
f 593/177/1018 603/176/1018 604/177/1018
f 599/170/1019 593/178/1019 604/178/1019
f 618/175/1020 607/171/1020 606/175/1020
f 603/176/1021 595/174/1021 602/174/1021
f 588/173/997 602/174/997 589/174/997
f 601/175/1022 591/171/1022 590/175/1022
f 599/170/1023 587/178/1023 592/179/1023
f 587/177/1024 603/176/1024 588/173/1024
f 589/174/1025 601/175/1025 590/175/1025
f 600/172/1026 592/179/1026 591/171/1026
f 610/174/1027 606/175/1027 608/175/1027
f 606/175/1028 609/172/1028 608/175/1028
f 632/180/1029 610/174/1029 628/174/1029
f 598/179/1030 611/178/1030 593/178/1030
f 609/172/1031 630/171/1031 627/181/1031
f 610/174/1032 631/175/1032 628/174/1032
f 613/186/1033 612/184/1033 616/183/1033
f 619/182/1034 629/185/1034 633/182/1034
f 629/185/1035 617/186/1035 634/186/1035
f 615/171/1026 598/179/1026 597/171/1026
f 632/180/997 617/174/997 605/174/997
f 605/174/1036 618/175/1036 606/175/1036
f 611/177/1037 594/173/1037 593/177/1037
f 625/171/1026 597/171/1026 596/171/1026
f 633/171/1026 596/171/1026 630/171/1026
f 595/174/997 626/174/997 623/189/997
f 614/185/1038 626/187/1038 613/186/1038
f 625/182/1039 614/185/1039 615/182/1039
f 622/174/1040 601/175/1040 602/174/1040
f 620/188/1041 597/171/1041 600/172/1041
f 595/174/1042 622/174/1042 602/174/1042
f 601/175/1043 620/188/1043 600/172/1043
f 619/171/1026 630/171/1026 607/171/1026
f 623/189/997 634/174/997 632/180/997
f 624/185/1035 634/186/1035 626/187/1035
f 633/182/1034 624/185/1034 625/182/1034
f 628/174/1044 621/175/1044 622/174/1044
f 620/188/1045 630/171/1045 596/171/1045
f 632/180/1046 622/174/1046 623/189/1046
f 621/175/1047 627/181/1047 620/188/1047
f 636/173/1048 587/177/1048 588/173/1048
f 587/178/1049 640/179/1049 592/179/1049
f 589/174/1050 656/174/1050 637/174/1050
f 637/174/1051 588/173/1051 589/174/1051
f 592/179/1052 639/171/1052 591/171/1052
f 656/174/1053 638/175/1053 637/174/1053
f 635/178/1054 646/179/1054 640/179/1054
f 639/171/1055 644/175/1055 638/175/1055
f 643/174/997 636/173/997 637/174/997
f 640/179/1026 645/171/1026 639/171/1026
f 644/175/1056 637/174/1056 638/175/1056
f 642/173/1057 635/177/1057 636/173/1057
f 646/179/1058 651/171/1058 645/171/1058
f 650/175/1059 643/174/1059 644/175/1059
f 648/173/1060 641/177/1060 642/173/1060
f 641/178/1061 652/179/1061 646/179/1061
f 645/171/1062 650/175/1062 644/175/1062
f 649/174/1063 642/173/1063 643/174/1063
f 655/171/1064 657/175/1064 654/175/1064
f 657/175/1065 653/174/1065 654/175/1065
f 590/175/1066 653/174/1066 589/174/1066
f 638/175/1067 658/171/1067 639/171/1067
f 655/171/1068 590/175/1068 591/171/1068
f 658/171/1069 591/171/1069 639/171/1069
f 660/173/1070 647/177/1070 648/173/1070
f 647/178/1070 664/179/1070 652/179/1070
f 663/171/1071 650/175/1071 651/171/1071
f 649/174/1070 660/173/1070 648/173/1070
f 664/179/1072 651/171/1072 652/179/1072
f 650/175/1073 661/174/1073 649/174/1073
f 521/170/1074 520/179/1074 519/171/1074
f 516/173/1075 517/174/1075 535/174/1075
f 553/175/1076 549/181/1076 531/172/1076
f 525/176/1077 516/173/1077 515/177/1077
f 521/170/1078 526/178/1078 515/178/1078
f 529/171/950 541/171/950 540/175/950
f 525/176/1079 524/174/1079 517/174/1079
f 510/173/1080 511/174/1080 524/174/1080
f 513/171/1081 522/172/1081 523/175/1081
f 509/178/1082 526/178/1082 521/170/1082
f 509/177/1083 510/173/1083 525/176/1083
f 511/174/1084 512/175/1084 523/175/1084
f 514/179/1085 521/170/1085 522/172/1085
f 532/174/1086 530/175/1086 528/175/1086
f 531/172/1087 529/171/1087 528/175/1087
f 554/180/1088 550/174/1088 532/174/1088
f 520/179/1089 515/178/1089 533/178/1089
f 552/171/1090 529/171/1090 531/172/1090
f 553/175/1091 530/175/1091 532/174/1091
f 538/183/1092 533/190/1092 534/184/1092
f 534/184/1093 535/186/1093 537/182/1093
f 535/186/1094 536/185/1094 537/182/1094
f 551/185/1095 540/185/1095 541/182/1095
f 551/185/1096 556/186/1096 539/186/1096
f 520/179/1097 538/179/1097 537/171/1097
f 554/180/1098 527/174/1098 539/174/1098
f 527/174/969 528/175/969 540/175/969
f 516/173/1099 534/173/1099 533/177/1099
f 519/171/1100 537/171/1100 547/171/1100
f 518/171/1101 547/171/1101 555/171/1101
f 517/174/1102 545/189/1102 548/174/1102
f 536/185/1103 535/186/1103 548/187/1103
f 536/185/1104 546/185/1104 547/182/1104
f 523/175/1105 543/175/1105 544/174/1105
f 519/171/1106 518/171/1106 542/188/1106
f 517/174/1107 524/174/1107 544/174/1107
f 523/175/1108 522/172/1108 542/188/1108
f 552/171/1109 555/171/1109 541/171/1109
f 545/189/1110 554/180/1110 556/174/1110
f 546/185/1111 548/187/1111 556/186/1111
f 546/185/1112 551/185/1112 555/182/1112
f 543/175/1113 553/175/1113 550/174/1113
f 542/188/1114 518/171/1114 552/171/1114
f 544/174/1115 550/174/1115 554/180/1115
f 543/175/1116 542/188/1116 549/181/1116
f 509/177/988 557/177/988 558/173/988
f 509/178/1117 514/179/1117 562/179/1117
f 511/174/1118 559/174/1118 578/174/1118
f 510/173/1119 558/173/1119 559/174/1119
f 514/179/1120 513/171/1120 561/171/1120
f 560/175/1121 579/175/1121 578/174/1121
f 557/178/1122 562/179/1122 568/179/1122
f 561/171/1123 560/175/1123 566/175/1123
f 558/173/1026 564/173/1026 565/174/1026
f 562/179/1124 561/171/1124 567/171/1124
f 559/174/1125 565/174/1125 566/175/1125
f 557/177/999 563/177/999 564/173/999
f 568/179/1126 567/171/1126 573/171/1126
f 565/174/1127 571/174/1127 572/175/1127
f 563/177/1128 569/177/1128 570/173/1128
f 563/178/1003 568/179/1003 574/179/1003
f 567/171/1129 566/175/1129 572/175/1129
f 564/173/1005 570/173/1005 571/174/1005
f 577/171/1130 576/175/1130 579/175/1130
f 575/174/1131 578/174/1131 579/175/1131
f 512/175/1132 511/174/1132 575/174/1132
f 560/175/1133 561/171/1133 580/171/1133
f 512/175/1134 576/175/1134 577/171/1134
f 513/171/1135 577/171/1135 580/171/1135
f 569/177/1012 581/177/1012 582/173/1012
f 569/178/1012 574/179/1012 586/179/1012
f 572/175/1136 584/175/1136 585/171/1136
f 570/173/1012 582/173/1012 583/174/1012
f 573/171/1137 585/171/1137 586/179/1137
f 572/175/1138 571/174/1138 583/174/1138
f 597/171/1139 598/179/1139 599/170/1139
f 594/173/997 612/173/997 613/174/997
f 631/175/1140 608/175/1140 609/172/1140
f 593/177/1141 594/173/1141 603/176/1141
f 599/170/1142 598/179/1142 593/178/1142
f 618/175/1020 619/171/1020 607/171/1020
f 603/176/1143 594/173/1143 595/174/1143
f 588/173/997 603/176/997 602/174/997
f 601/175/1144 600/172/1144 591/171/1144
f 599/170/1145 604/178/1145 587/178/1145
f 587/177/1146 604/177/1146 603/176/1146
f 589/174/1147 602/174/1147 601/175/1147
f 600/172/1026 599/170/1026 592/179/1026
f 610/174/1148 605/174/1148 606/175/1148
f 606/175/1149 607/171/1149 609/172/1149
f 632/180/1150 605/174/1150 610/174/1150
f 598/179/1151 616/179/1151 611/178/1151
f 609/172/1152 607/171/1152 630/171/1152
f 610/174/1153 608/175/1153 631/175/1153
f 612/184/1154 611/190/1154 616/183/1154
f 616/183/1155 615/182/1155 613/186/1155
f 615/182/1156 614/185/1156 613/186/1156
f 619/182/1034 618/185/1034 629/185/1034
f 629/185/1035 618/185/1035 617/186/1035
f 615/171/1026 616/179/1026 598/179/1026
f 632/180/997 634/174/997 617/174/997
f 605/174/1036 617/174/1036 618/175/1036
f 611/177/1157 612/173/1157 594/173/1157
f 625/171/1026 615/171/1026 597/171/1026
f 633/171/1026 625/171/1026 596/171/1026
f 595/174/997 613/174/997 626/174/997
f 614/185/1035 624/185/1035 626/187/1035
f 625/182/1034 624/185/1034 614/185/1034
f 622/174/1158 621/175/1158 601/175/1158
f 620/188/1159 596/171/1159 597/171/1159
f 595/174/1160 623/189/1160 622/174/1160
f 601/175/1161 621/175/1161 620/188/1161
f 619/171/1026 633/171/1026 630/171/1026
f 623/189/997 626/174/997 634/174/997
f 624/185/1035 629/185/1035 634/186/1035
f 633/182/1034 629/185/1034 624/185/1034
f 628/174/1162 631/175/1162 621/175/1162
f 620/188/1163 627/181/1163 630/171/1163
f 632/180/1164 628/174/1164 622/174/1164
f 621/175/1165 631/175/1165 627/181/1165
f 636/173/1166 635/177/1166 587/177/1166
f 587/178/1167 635/178/1167 640/179/1167
f 589/174/1168 653/174/1168 656/174/1168
f 637/174/1169 636/173/1169 588/173/1169
f 592/179/1170 640/179/1170 639/171/1170
f 656/174/1171 657/175/1171 638/175/1171
f 635/178/1172 641/178/1172 646/179/1172
f 639/171/1173 645/171/1173 644/175/1173
f 643/174/997 642/173/997 636/173/997
f 640/179/1026 646/179/1026 645/171/1026
f 644/175/1174 643/174/1174 637/174/1174
f 642/173/1057 641/177/1057 635/177/1057
f 646/179/1175 652/179/1175 651/171/1175
f 650/175/1176 649/174/1176 643/174/1176
f 648/173/1060 647/177/1060 641/177/1060
f 641/178/1061 647/178/1061 652/179/1061
f 645/171/1177 651/171/1177 650/175/1177
f 649/174/1063 648/173/1063 642/173/1063
f 655/171/1178 658/171/1178 657/175/1178
f 657/175/1179 656/174/1179 653/174/1179
f 590/175/1180 654/175/1180 653/174/1180
f 638/175/1181 657/175/1181 658/171/1181
f 655/171/1182 654/175/1182 590/175/1182
f 658/171/1183 655/171/1183 591/171/1183
f 660/173/1070 659/177/1070 647/177/1070
f 647/178/1070 659/178/1070 664/179/1070
f 663/171/1184 662/175/1184 650/175/1184
f 649/174/1070 661/174/1070 660/173/1070
f 664/179/1185 663/171/1185 651/171/1185
f 650/175/1186 662/175/1186 661/174/1186
o pants
v -0.679938 0.218403 10.141441
v 0.609894 0.158984 10.375430
v -0.683539 0.485608 10.326322
v -0.008294 0.666518 10.383917
v 0.505538 0.526884 7.290941
v 0.518655 0.544455 8.731996
v 0.917845 0.277453 7.203156
v 1.107630 -0.186105 8.999516
v 0.917844 -0.192366 7.061840
v 1.109309 -0.709189 8.738396
v 0.505516 -0.411083 7.003309
v 0.511786 -0.883083 8.502029
v 0.093100 -0.168698 7.085656
v 0.083794 -0.314916 8.607356
v 0.093232 0.307567 7.233689
v 0.000000 1.445579 8.186395
v 0.510128 0.591328 9.090960
v 1.097583 -0.165253 9.222734
v 1.099858 -0.738139 8.959783
v 0.514300 -0.857650 8.621028
v 0.074507 -0.164490 8.694063
v 0.000000 1.369124 8.641261
v 0.401939 0.707190 9.275694
v 0.936555 0.422075 9.788097
v 0.933031 -0.542792 9.551878
v 0.436996 -0.712917 8.956971
v 0.071483 0.104967 8.800605
v 0.000000 1.356868 8.815964
v 0.415765 1.469605 4.660402
v 0.718071 1.306046 4.599480
v 0.718071 0.978930 4.477635
v 0.415765 0.815223 4.416590
v 0.113460 0.977988 4.476925
v 0.113460 1.306046 4.599480
v 0.870885 0.276433 6.423447
v 0.870885 0.706726 6.552807
v 0.092645 0.659468 6.539981
v 0.092645 0.227873 6.410103
v 0.481765 0.981053 6.676083
v 0.481765 -0.123627 6.719115
v 0.000000 0.455481 8.778593
v -0.000000 0.047428 9.037875
v -0.000000 -0.169987 9.494745
v -0.000000 1.010000 9.743308
v 0.000000 1.262811 9.262154
v 0.743410 0.456432 10.148124
v 0.739445 -0.285829 9.998526
v -0.000000 -0.231084 9.912790
v -0.000000 0.680205 10.195881
v 0.909355 0.405247 7.097331
v 0.093018 -0.062380 6.977168
v 0.501241 0.648941 7.186263
v 0.909355 -0.092618 6.952909
v 0.093126 0.406744 7.117474
v 0.501222 -0.355231 6.953886
v 0.899109 0.049631 6.829554
v 0.092998 0.495623 6.968370
v 0.496040 -0.284715 6.895753
v 0.899109 0.511955 6.958215
v 0.092918 0.035113 6.834088
v 0.496053 0.760110 7.053750
v -0.008294 -0.216260 10.108319
v 0.663349 -0.288964 10.193671
v 0.666950 0.447282 10.338570
v -0.505538 0.295395 6.990481
v -0.518655 1.974031 7.905162
v -0.917845 0.243830 7.080800
v -1.107630 2.039592 8.212095
v -0.917845 0.030133 7.349063
v -1.109309 1.587150 8.547676
v -0.505516 -0.311524 7.495566
v -0.511786 1.260466 8.636458
v -0.093100 -0.211878 7.367721
v -0.083794 1.239277 8.489040
v -0.093233 0.059231 7.135536
v -0.510128 2.060531 8.266398
v -1.097583 2.004514 8.483973
v -1.099858 1.595429 8.750731
v -0.514300 1.194980 8.738114
v -0.074507 1.064132 8.599737
v -0.401939 1.926610 8.619478
v -0.936555 0.731707 9.691111
v -0.933031 0.961887 9.409876
v -0.436996 0.949853 9.011044
v -0.071483 0.762879 8.750806
v -0.415765 -1.129633 5.423182
v -0.678935 -1.257533 5.341159
v -0.678935 -1.513332 5.177114
v -0.415765 -1.641232 5.095091
v -0.152596 -1.513332 5.177114
v -0.152596 -1.257533 5.341159
v -0.870885 -2.631496 6.917505
v -0.870885 -2.238420 7.135170
v -0.092645 -2.281884 7.112614
v -0.092645 -2.656254 6.893782
v -0.481765 -1.978460 7.306504
v -0.481765 -2.713706 7.140013
v -0.743410 0.492665 10.136334
v -0.739445 0.193822 9.953422
v -0.909355 -1.126977 7.288001
v -0.093018 -1.369349 7.329407
v -0.501241 -0.849110 7.259014
v -0.909355 -0.757682 7.281408
v -0.093126 -1.073120 7.291595
v -0.501222 -0.827808 7.429303
v -0.899109 -2.121843 7.235537
v -0.092998 -1.809144 7.339439
v -0.496040 -1.516871 7.348348
v -0.899109 -1.913629 7.357171
v -0.092919 -2.124512 7.240556
v -0.496054 -1.564925 7.397334
v 0.434077 1.338645 4.611622
v 0.615355 1.240566 4.575090
v 0.615355 1.044410 4.502026
v 0.434077 0.946179 4.465376
v 0.252799 1.043456 4.501332
v 0.252799 1.240566 4.575090
v -0.418487 -1.232042 5.357507
v -0.576297 -1.308737 5.308322
v -0.576297 -1.462128 5.209951
v -0.418487 -1.538823 5.160767
v -0.260677 -1.462127 5.209951
v -0.260677 -1.308737 5.308322
v -0.492097 0.300920 10.145754
v -0.494691 0.404034 10.311649
v -0.008294 0.526134 10.356144
v -0.008294 -0.083772 10.136518
v 0.475508 -0.205582 10.210424
v 0.478102 0.365638 10.322965
vn 0.5152 0.8569 -0.0151
vn 0.9941 0.0312 -0.1039
vn 0.4809 -0.8357 -0.2652
vn -0.5273 -0.8111 -0.2532
vn -0.5717 -0.4359 0.6951
vn -1.0000 0.0021 -0.0059
vn -0.2222 0.6151 -0.7565
vn 0.9972 0.0215 -0.0714
vn -0.9984 -0.0570 -0.0040
vn 0.9990 -0.0170 0.0404
vn -0.9988 -0.0488 -0.0082
vn 0.7915 0.6108 -0.0214
vn 0.1997 -0.9591 0.2008
vn 0.8479 0.5279 -0.0488
vn -0.7244 -0.1975 0.6605
vn -0.0367 -0.9208 0.3883
vn 0.7019 0.5844 -0.4072
vn 0.8083 0.5783 0.1106
vn -0.3966 -0.3414 0.8522
vn 0.9403 -0.1389 0.3108
vn -0.9999 0.0029 -0.0096
vn 0.6031 0.7795 0.1692
vn 0.5002 -0.8012 -0.3285
vn -0.4997 0.8234 0.2690
vn -0.4835 -0.8153 -0.3186
vn -0.4489 -0.6780 -0.5821
vn -0.6677 0.6951 0.2664
vn 0.4415 -0.7699 -0.4607
vn 0.6103 0.6936 0.3827
vn -1.0000 -0.0000 0.0006
vn 0.9980 0.0183 -0.0607
vn -0.8026 -0.5836 -0.1230
vn -0.9213 -0.2085 -0.3281
vn -0.8553 -0.4679 -0.2227
vn 0.4549 0.0369 -0.8898
vn 0.7703 0.5645 0.2966
vn 0.5146 0.8347 0.1964
vn -0.0564 -0.9879 -0.1444
vn 0.8862 -0.1132 0.4492
vn 0.9981 0.0172 -0.0593
vn -1.0000 -0.0000 0.0008
vn 0.4878 0.5781 0.6541
vn 0.4188 -0.6532 -0.6308
vn -0.4434 0.6816 0.5821
vn -0.4809 -0.6015 -0.6379
vn 0.9980 0.0169 -0.0606
vn -1.0000 -0.0000 0.0007
vn 0.5318 0.6589 0.5320
vn 0.3739 -0.5921 -0.7139
vn -0.5120 0.7377 0.4402
vn -0.4580 -0.5853 -0.6691
vn 0.9293 -0.0777 0.3611
vn -0.4705 -0.8435 0.2592
vn 0.2940 0.9418 0.1633
vn -0.2445 0.4625 -0.8522
vn -0.9953 -0.0552 -0.0794
vn -0.4226 -0.5849 0.6923
vn 0.3656 -0.5458 0.7540
vn -0.2236 -0.8169 -0.5317
vn 1.0000 -0.0031 -0.0042
vn 0.5257 0.4911 -0.6946
vn -0.9956 0.0453 -0.0818
vn 0.9147 -0.1738 -0.3649
vn -0.9983 0.0370 0.0450
vn -0.8268 -0.3312 -0.4547
vn -0.0129 0.9725 -0.2326
vn -0.3518 -0.7829 -0.5131
vn 0.6750 0.7276 0.1223
vn -0.4819 -0.0380 0.8754
vn -0.4969 -0.7109 -0.4977
vn 0.0380 0.9381 0.3442
vn 0.7928 0.6080 0.0427
vn -0.3834 -0.4171 -0.8241
vn -0.7696 0.3518 0.5329
vn 0.9996 0.0147 -0.0251
vn -0.6182 0.7245 0.3049
vn 0.0769 -0.8840 -0.4611
vn 0.6767 0.6620 0.3221
vn -0.1639 -0.8714 -0.4623
vn 0.0050 -0.1714 0.9852
vn -0.0105 0.2142 -0.9767
vn -0.0180 -0.1717 0.9850
vn -0.3589 0.5052 -0.7848
vn 1.0000 -0.0000 0.0008
vn -0.5276 0.4285 -0.7335
vn -0.7895 -0.6006 -0.1266
vn -0.8924 -0.2420 -0.3808
vn -0.8784 -0.4315 -0.2053
vn 0.4929 0.0360 -0.8693
vn -0.2468 0.7059 0.6640
vn -0.2668 0.7961 0.5432
vn -0.6185 -0.5518 -0.5594
vn -0.7773 -0.4820 -0.4042
vn -0.9999 -0.0101 -0.0080
vn 1.0000 0.0001 -0.0005
vn -0.1940 -0.1478 -0.9698
vn -0.4185 -0.1190 0.9004
vn 0.2610 -0.1318 -0.9563
vn 0.3199 -0.1180 0.9401
vn 0.9895 0.0026 0.1444
vn 1.0000 0.0002 -0.0010
vn -0.0110 -0.0877 -0.9961
vn -0.3555 -0.1117 0.9280
vn 0.0440 -0.0648 -0.9969
vn 0.0888 -0.1156 0.9893
vn -0.2630 0.9630 0.0585
vn -0.1162 -0.9907 0.0702
vn -0.9345 -0.2109 0.2867
vn -0.0000 0.5398 -0.8418
vn 0.0014 0.3489 -0.9371
vn -0.0000 0.3491 -0.9371
vn -0.0006 0.3505 -0.9366
vn 0.0002 0.3493 -0.9370
vn 0.0018 -0.1931 0.9812
vn 0.0062 -0.0664 0.9978
vn -0.3109 -0.8094 0.4982
vn -0.0410 -0.1939 0.9802
vn 0.0029 -0.1941 0.9810
vn -0.1978 -0.2041 0.9588
vn 0.7600 0.6442 0.0859
vn 0.9945 0.0493 -0.0923
vn 0.3772 -0.8720 -0.3119
vn -0.8027 -0.5932 -0.0619
vn -0.7767 -0.6124 0.1473
vn -0.9980 -0.0551 -0.0318
vn 0.8702 0.4924 -0.0139
vn 0.9973 0.0257 -0.0690
vn -0.9952 -0.0454 0.0865
vn 0.9988 -0.0174 0.0466
vn -0.9985 -0.0517 -0.0173
vn 0.7879 0.6128 -0.0613
vn 0.2616 -0.9584 -0.1142
vn 0.8385 0.5373 0.0903
vn -0.7154 -0.1637 0.6793
vn -0.7227 -0.1378 0.6773
vn -0.7874 -0.0525 0.6142
vn -0.0375 -0.9521 0.3035
vn 0.7820 0.6193 0.0696
vn 0.8249 0.5639 0.0396
vn -0.9103 -0.4128 -0.0316
vn 0.9287 -0.0914 0.3595
vn -0.9999 0.0036 -0.0095
vn 0.4981 0.8392 0.2185
vn 0.5428 -0.7721 -0.3304
vn -0.6645 0.7209 0.1965
vn -0.4979 -0.8067 -0.3184
vn -0.4429 -0.8163 -0.3708
vn -0.5566 0.7077 0.4351
vn 0.4345 -0.6477 -0.6258
vn 0.5504 0.7669 0.3301
vn -1.0000 -0.0002 0.0007
vn 0.9981 0.0167 -0.0600
vn -0.8264 -0.4372 -0.3550
vn -0.3454 -0.7860 0.5128
vn 0.5326 0.8418 -0.0873
vn 0.2706 0.7780 0.5670
vn -0.3669 -0.8662 0.3393
vn 0.8727 -0.1010 0.4778
vn 0.9980 0.0183 -0.0610
vn -1.0000 -0.0000 0.0009
vn 0.4880 0.5757 0.6561
vn 0.4102 -0.5865 -0.6984
vn -0.4540 0.5708 0.6842
vn -0.4836 -0.6253 -0.6125
vn 0.9979 0.0180 -0.0621
vn -1.0000 -0.0001 0.0008
vn 0.5225 0.6947 0.4944
vn 0.3683 -0.5751 -0.7305
vn -0.5353 0.6366 0.5551
vn -0.4950 -0.7182 -0.4890
vn 0.9265 -0.0770 0.3683
vn -0.5414 -0.8397 0.0407
vn 0.3128 0.9462 0.0827
vn -0.3670 0.4678 -0.8041
vn -0.9953 -0.0759 -0.0604
vn -0.6128 -0.4658 0.6384
vn 0.2352 -0.5952 0.7684
vn -0.3923 -0.5062 -0.7680
vn 0.9729 -0.1778 0.1482
vn 0.6955 0.3480 -0.6287
vn -0.9957 0.0499 -0.0778
vn 0.9929 -0.1186 -0.0083
vn -0.9986 0.0323 0.0411
vn 0.9719 -0.2321 -0.0390
vn -0.0465 0.9905 0.1295
vn -0.5626 -0.8246 0.0598
vn 0.8324 0.5342 -0.1476
vn 0.7033 0.2737 0.6561
vn -0.5544 -0.6406 -0.5313
vn -0.6221 -0.1454 -0.7693
vn -0.4605 -0.6953 -0.5518
vn -0.0654 0.6823 0.7281
vn 0.8225 0.5676 -0.0367
vn -0.6302 -0.6579 -0.4124
vn -0.7781 -0.4813 -0.4037
vn 0.9996 0.0158 -0.0247
vn -0.4971 0.7826 0.3747
vn -0.4994 -0.7028 -0.5066
vn 0.4993 0.7573 0.4210
vn 0.4998 -0.7128 -0.4920
vn 0.5212 -0.4660 0.7150
vn -0.1113 0.4298 -0.8960
vn -0.5102 -0.4755 0.7167
vn 0.2693 0.2155 -0.9386
vn -1.0000 -0.0042 0.0071
vn -0.7941 0.2944 -0.5317
vn -0.6544 -0.3370 -0.6769
vn -0.5491 -0.5027 -0.6677
vn 0.5834 0.7190 0.3778
vn -0.2435 0.7839 0.5712
vn -0.4995 -0.8572 -0.1253
vn -0.9337 -0.1959 0.2998
vn -0.9989 0.0008 0.0464
vn -0.9996 -0.0038 -0.0268
vn 0.0858 -0.2273 -0.9700
vn -0.3522 -0.0838 0.9322
vn -0.0477 -0.2283 -0.9724
vn 0.1968 -0.0324 0.9799
vn 0.9997 0.0113 -0.0194
vn -1.0000 -0.0002 -0.0002
vn 0.2520 -0.1818 -0.9505
vn -0.2211 -0.0344 0.9746
vn -0.2489 -0.1855 -0.9506
vn 0.0891 -0.1164 0.9892
vn -0.2516 0.9610 0.1150
vn -0.0688 -0.9967 -0.0428
vn -0.9244 -0.2080 0.3198
vn 0.0005 0.3484 -0.9373
vn -0.0000 0.3490 -0.9371
vn 0.0005 0.3500 -0.9368
vn 0.0002 0.3491 -0.9371
vn 0.0025 -0.1933 0.9811
vn -0.1453 -0.2060 0.9677
vn 0.2243 -0.5524 0.8028
vn -0.0223 -0.2268 0.9737
vn -0.1632 -0.5344 0.8293
vt 1.000000 1.000000
vt 0.833333 0.500000
vt 1.000000 0.500000
vt 0.666667 1.000000
vt 0.666667 0.500000
vt 0.500000 1.000000
vt 0.500000 0.500000
vt 0.333333 0.500000
vt 0.333333 1.000000
vt 0.166667 0.500000
vt 0.166667 1.000000
vt -0.000000 0.500000
vt 0.833333 0.500000
vt 0.833333 1.000000
vt -0.000000 1.000000
vt 0.042154 0.130000
vt 0.250000 0.010000
vt 0.457846 0.130000
vt 0.500000 0.500000
vt 0.500000 0.500000
vt 0.166667 0.500000
vt -0.000000 0.500000
vt 0.833333 0.500000
vt 0.000000 0.000000
vt 0.042154 0.370000
vt 0.457846 0.370000
vt 0.333333 0.500000
vt 0.250000 0.490000
s 0
f 670/191/1187 671/192/1187 669/193/1187
f 671/192/1188 674/194/1188 673/195/1188
f 673/195/1189 676/196/1189 675/197/1189
f 676/196/1190 677/198/1190 675/197/1190
f 678/199/1191 684/196/1191 685/199/1191
f 678/199/1192 679/200/1192 677/198/1192
f 680/201/1193 669/202/1193 679/200/1193
f 699/195/1194 694/192/1194 700/203/1194
f 686/201/1195 691/199/1195 692/201/1195
f 672/204/1196 683/194/1196 674/194/1196
f 680/201/1197 685/199/1197 686/201/1197
f 672/204/1198 681/191/1198 682/204/1198
f 674/194/1199 684/196/1199 676/196/1199
f 670/205/1200 686/201/1200 681/205/1200
f 691/206/1201 690/207/1201 689/208/1201
f 683/194/1202 690/196/1202 684/196/1202
f 682/204/1203 687/191/1203 688/204/1203
f 681/205/1204 692/201/1204 687/205/1204
f 684/196/1205 691/199/1205 685/199/1205
f 682/204/1206 689/194/1206 683/194/1206
f 701/200/1207 697/198/1207 702/198/1207
f 700/203/1208 693/193/1208 703/193/1208
f 699/195/1209 696/197/1209 695/195/1209
f 701/200/1210 693/202/1210 698/200/1210
f 702/198/1211 696/197/1211 704/209/1211
f 724/198/1212 704/209/1212 722/210/1212
f 721/211/1213 703/212/1213 701/200/1213
f 720/195/1214 704/209/1214 699/195/1214
f 725/193/1215 700/203/1215 703/193/1215
f 721/211/1216 702/198/1216 724/198/1216
f 723/213/1217 699/195/1217 700/203/1217
f 692/201/1218 687/205/1218 709/214/1218
f 691/214/1219 706/214/1219 705/214/1219
f 690/214/1220 707/214/1220 706/214/1220
f 705/214/1221 692/215/1221 691/206/1221
f 708/214/1222 687/214/1222 709/214/1222
f 708/214/1223 710/214/1223 688/214/1223
f 707/214/1224 711/214/1224 712/214/1224
f 688/216/1225 711/208/1225 689/208/1225
f 671/192/1226 717/195/1226 714/213/1226
f 679/200/1227 715/217/1227 677/198/1227
f 669/193/1228 714/213/1228 716/193/1228
f 673/195/1229 719/197/1229 717/195/1229
f 669/202/1230 718/211/1230 679/200/1230
f 677/198/1231 719/197/1231 675/197/1231
f 714/213/1232 720/195/1232 723/213/1232
f 718/211/1233 724/198/1233 715/217/1233
f 716/193/1234 723/213/1234 725/193/1234
f 717/195/1235 722/210/1235 720/195/1235
f 716/202/1236 721/211/1236 718/211/1236
f 715/217/1237 722/210/1237 719/197/1237
f 710/216/1238 727/208/1238 711/208/1238
f 712/214/1239 665/214/1239 763/214/1239
f 713/214/1240 728/214/1240 710/214/1240
f 731/192/1241 730/191/1241 729/193/1241
f 731/192/1242 734/194/1242 732/204/1242
f 733/195/1243 736/196/1243 734/194/1243
f 737/198/1244 736/196/1244 735/197/1244
f 738/199/1245 743/196/1245 736/196/1245
f 739/200/1246 738/199/1246 737/198/1246
f 729/202/1247 680/201/1247 739/200/1247
f 751/192/1248 756/195/1248 757/203/1248
f 686/201/1249 749/199/1249 744/199/1249
f 742/194/1250 732/204/1250 734/194/1250
f 680/201/1251 744/199/1251 738/199/1251
f 732/204/1252 740/191/1252 730/191/1252
f 743/196/1253 734/194/1253 736/196/1253
f 730/205/1254 686/201/1254 680/201/1254
f 749/206/1255 692/215/1255 745/218/1255
f 748/196/1256 742/194/1256 743/196/1256
f 741/204/1257 745/191/1257 740/191/1257
f 740/205/1258 692/201/1258 686/201/1258
f 749/199/1259 743/196/1259 744/199/1259
f 747/194/1260 741/204/1260 742/194/1260
f 754/198/1261 758/200/1261 759/198/1261
f 750/193/1262 757/203/1262 760/193/1262
f 756/195/1263 753/197/1263 761/209/1263
f 758/200/1264 750/202/1264 760/212/1264
f 753/197/1265 759/198/1265 761/209/1265
f 761/209/1266 774/198/1266 772/210/1266
f 771/211/1267 760/212/1267 775/202/1267
f 770/195/1268 761/209/1268 772/210/1268
f 775/193/1269 757/203/1269 773/213/1269
f 759/198/1270 771/211/1270 774/198/1270
f 773/213/1271 756/195/1271 770/195/1271
f 692/201/1272 709/214/1272 745/205/1272
f 706/214/1273 749/214/1273 705/214/1273
f 707/214/1274 748/214/1274 706/214/1274
f 705/214/1275 749/206/1275 692/215/1275
f 708/214/1276 745/214/1276 746/214/1276
f 762/214/1277 708/214/1277 746/214/1277
f 707/214/1278 763/214/1278 747/214/1278
f 763/208/1279 746/216/1279 747/208/1279
f 731/192/1280 767/195/1280 733/195/1280
f 765/217/1281 739/200/1281 737/198/1281
f 729/193/1282 764/213/1282 731/192/1282
f 733/195/1283 769/197/1283 735/197/1283
f 768/211/1284 729/202/1284 739/200/1284
f 769/197/1285 737/198/1285 735/197/1285
f 764/213/1286 770/195/1286 767/195/1286
f 774/198/1287 768/211/1287 765/217/1287
f 766/193/1288 773/213/1288 764/213/1288
f 767/195/1289 772/210/1289 769/197/1289
f 771/211/1290 766/202/1290 768/211/1290
f 772/210/1291 765/217/1291 769/197/1291
f 713/214/1292 667/214/1292 668/214/1292
f 712/214/1293 727/214/1293 726/214/1293
f 762/216/1294 665/208/1294 667/216/1294
f 752/195/1295 785/197/1295 753/197/1295
f 696/197/1296 780/198/1296 779/197/1296
f 694/192/1297 776/193/1297 693/193/1297
f 753/197/1295 786/198/1295 754/198/1295
f 697/198/1298 781/200/1298 780/198/1298
f 751/192/1295 782/193/1295 783/192/1295
f 695/195/1297 777/192/1297 694/192/1297
f 754/198/1295 787/200/1295 755/200/1295
f 693/202/1297 781/200/1297 698/200/1297
f 751/192/1295 784/195/1295 752/195/1295
f 695/195/1299 779/197/1299 778/195/1299
f 750/202/1295 787/200/1295 782/202/1295
f 728/216/1300 792/208/1300 727/208/1300
f 726/214/1301 788/214/1301 665/214/1301
f 667/216/1302 788/208/1302 789/216/1302
f 668/214/1303 789/214/1303 790/214/1303
f 668/214/1304 793/214/1304 728/214/1304
f 726/214/1305 792/214/1305 791/214/1305
f 670/191/1306 672/204/1306 671/192/1306
f 671/192/1307 672/204/1307 674/194/1307
f 673/195/1308 674/194/1308 676/196/1308
f 676/196/1309 678/199/1309 677/198/1309
f 678/199/1310 676/196/1310 684/196/1310
f 678/199/1311 680/201/1311 679/200/1311
f 680/201/1312 670/205/1312 669/202/1312
f 699/195/1313 695/195/1313 694/192/1313
f 686/201/1314 685/199/1314 691/199/1314
f 672/204/1315 682/204/1315 683/194/1315
f 680/201/1316 678/199/1316 685/199/1316
f 672/204/1317 670/191/1317 681/191/1317
f 674/194/1318 683/194/1318 684/196/1318
f 670/205/1319 680/201/1319 686/201/1319
f 689/208/1320 688/216/1320 691/206/1320
f 688/216/1321 687/218/1321 691/206/1321
f 687/218/1322 692/215/1322 691/206/1322
f 683/194/1323 689/194/1323 690/196/1323
f 682/204/1324 681/191/1324 687/191/1324
f 681/205/1325 686/201/1325 692/201/1325
f 684/196/1326 690/196/1326 691/199/1326
f 682/204/1327 688/204/1327 689/194/1327
f 701/200/1328 698/200/1328 697/198/1328
f 700/203/1329 694/192/1329 693/193/1329
f 699/195/1330 704/209/1330 696/197/1330
f 701/200/1331 703/212/1331 693/202/1331
f 702/198/1332 697/198/1332 696/197/1332
f 724/198/1333 702/198/1333 704/209/1333
f 721/211/1334 725/202/1334 703/212/1334
f 720/195/1335 722/210/1335 704/209/1335
f 725/193/1336 723/213/1336 700/203/1336
f 721/211/1337 701/200/1337 702/198/1337
f 723/213/1338 720/195/1338 699/195/1338
f 691/214/1339 690/214/1339 706/214/1339
f 690/214/1340 689/214/1340 707/214/1340
f 708/214/1341 688/214/1341 687/214/1341
f 708/214/1342 713/214/1342 710/214/1342
f 707/214/1343 689/214/1343 711/214/1343
f 688/216/1344 710/216/1344 711/208/1344
f 671/192/1345 673/195/1345 717/195/1345
f 679/200/1346 718/211/1346 715/217/1346
f 669/193/1347 671/192/1347 714/213/1347
f 673/195/1348 675/197/1348 719/197/1348
f 669/202/1349 716/202/1349 718/211/1349
f 677/198/1350 715/217/1350 719/197/1350
f 714/213/1351 717/195/1351 720/195/1351
f 718/211/1352 721/211/1352 724/198/1352
f 716/193/1353 714/213/1353 723/213/1353
f 717/195/1354 719/197/1354 722/210/1354
f 716/202/1355 725/202/1355 721/211/1355
f 715/217/1356 724/198/1356 722/210/1356
f 710/216/1357 728/216/1357 727/208/1357
f 712/214/1358 726/214/1358 665/214/1358
f 713/214/1359 668/214/1359 728/214/1359
f 731/192/1360 732/204/1360 730/191/1360
f 731/192/1361 733/195/1361 734/194/1361
f 733/195/1362 735/197/1362 736/196/1362
f 737/198/1363 738/199/1363 736/196/1363
f 738/199/1364 744/199/1364 743/196/1364
f 739/200/1365 680/201/1365 738/199/1365
f 729/202/1366 730/205/1366 680/201/1366
f 751/192/1367 752/195/1367 756/195/1367
f 686/201/1368 692/201/1368 749/199/1368
f 742/194/1369 741/204/1369 732/204/1369
f 680/201/1370 686/201/1370 744/199/1370
f 732/204/1371 741/204/1371 740/191/1371
f 743/196/1372 742/194/1372 734/194/1372
f 730/205/1373 740/205/1373 686/201/1373
f 745/218/1374 746/216/1374 749/206/1374
f 746/216/1375 747/208/1375 749/206/1375
f 747/208/1376 748/207/1376 749/206/1376
f 748/196/1377 747/194/1377 742/194/1377
f 741/204/1378 746/204/1378 745/191/1378
f 740/205/1379 745/205/1379 692/201/1379
f 749/199/1380 748/196/1380 743/196/1380
f 747/194/1381 746/204/1381 741/204/1381
f 754/198/1382 755/200/1382 758/200/1382
f 750/193/1383 751/192/1383 757/203/1383
f 756/195/1384 752/195/1384 753/197/1384
f 758/200/1385 755/200/1385 750/202/1385
f 753/197/1386 754/198/1386 759/198/1386
f 761/209/1387 759/198/1387 774/198/1387
f 771/211/1388 758/200/1388 760/212/1388
f 770/195/1389 756/195/1389 761/209/1389
f 775/193/1390 760/193/1390 757/203/1390
f 759/198/1391 758/200/1391 771/211/1391
f 773/213/1392 757/203/1392 756/195/1392
f 706/214/1393 748/214/1393 749/214/1393
f 707/214/1394 747/214/1394 748/214/1394
f 708/214/1395 709/214/1395 745/214/1395
f 762/214/1396 713/214/1396 708/214/1396
f 707/214/1397 712/214/1397 763/214/1397
f 763/208/1398 762/216/1398 746/216/1398
f 731/192/1399 764/213/1399 767/195/1399
f 765/217/1400 768/211/1400 739/200/1400
f 729/193/1401 766/193/1401 764/213/1401
f 733/195/1402 767/195/1402 769/197/1402
f 768/211/1403 766/202/1403 729/202/1403
f 769/197/1404 765/217/1404 737/198/1404
f 764/213/1405 773/213/1405 770/195/1405
f 774/198/1406 771/211/1406 768/211/1406
f 766/193/1407 775/193/1407 773/213/1407
f 767/195/1408 770/195/1408 772/210/1408
f 771/211/1409 775/202/1409 766/202/1409
f 772/210/1410 774/198/1410 765/217/1410
f 713/214/1411 762/214/1411 667/214/1411
f 712/214/1412 711/214/1412 727/214/1412
f 762/216/1413 763/208/1413 665/208/1413
f 752/195/1295 784/195/1295 785/197/1295
f 696/197/1414 697/198/1414 780/198/1414
f 694/192/1415 777/192/1415 776/193/1415
f 753/197/1295 785/197/1295 786/198/1295
f 697/198/1416 698/200/1416 781/200/1416
f 751/192/1295 750/193/1295 782/193/1295
f 695/195/1297 778/195/1297 777/192/1297
f 754/198/1295 786/198/1295 787/200/1295
f 693/202/1297 776/202/1297 781/200/1297
f 751/192/1295 783/192/1295 784/195/1295
f 695/195/1417 696/197/1417 779/197/1417
f 750/202/1295 755/200/1295 787/200/1295
f 728/216/1418 793/216/1418 792/208/1418
f 726/214/1419 791/214/1419 788/214/1419
f 667/216/1420 665/208/1420 788/208/1420
f 668/214/1421 667/214/1421 789/214/1421
f 668/214/1304 790/214/1304 793/214/1304
f 726/214/1422 727/214/1422 792/214/1422
o hair5
v 0.589199 -0.843802 14.614968
v 0.582221 0.534628 14.726279
v -0.000000 0.728348 14.876573
v 0.329380 0.661803 14.826514
v 0.656888 0.611247 14.454886
v 0.673636 0.600559 14.051292
v 0.665231 0.484393 13.617641
v 0.682761 0.241418 14.815496
v 0.737509 -0.176081 14.852489
v 0.695261 -0.577516 14.791938
v 0.682098 -0.825266 14.401715
v 0.350033 -0.931638 14.686593
v -0.000000 -1.097476 14.530778
v -0.000000 0.847083 13.549794
v -0.000000 0.953627 14.051514
v -0.000000 0.955845 14.507741
v 0.334014 0.761026 13.587482
v 0.326528 0.863452 14.055198
v 0.333922 0.862841 14.485612
v 0.893074 0.165393 14.034793
v 0.859308 0.236704 14.468526
v 0.972705 -0.140028 14.012542
v 0.934707 -0.200245 14.474981
v 0.835282 -0.672785 13.994228
v 0.874791 -0.619460 14.437454
v 0.366330 0.292516 15.025350
v -0.000000 0.328334 15.097158
v 0.395758 -0.157589 15.084530
v -0.000000 -0.147655 15.162943
v 0.377653 -0.592306 15.003944
v -0.000000 -0.755598 14.981287
v 0.933113 0.045411 14.100747
v 0.579362 -0.704929 14.465880
v 0.653018 -0.661676 14.306539
v 0.401327 -0.771505 14.513605
v -0.000000 -0.926752 14.345491
v 0.806676 -0.042310 14.027373
v 0.842930 -0.246368 13.172463
v 0.722329 -0.614566 12.985836
v 0.665599 0.398399 13.221117
v -0.000000 0.840761 13.104022
v 0.336142 0.743588 13.221264
v 0.757584 -0.664634 14.009059
v 0.722352 -0.238216 13.187294
v 0.626449 -0.606414 12.951778
v 0.899359 0.056748 13.559096
v 0.893074 0.165393 14.034793
v 0.933113 0.045411 14.100747
v 0.832809 -0.159293 13.133946
v 0.738421 0.106785 13.594154
v 0.732136 0.165998 14.069850
v 0.600419 0.240421 13.221117
v 0.772176 0.046016 14.135804
v 0.671871 -0.089993 13.169003
v -0.000000 0.682784 13.104020
v 0.369721 0.585610 13.221264
v 0.567814 0.438534 13.620188
v 0.368754 0.690587 13.577907
v -0.000000 0.706204 13.550331
v -0.589199 -0.843802 14.614968
v -0.582221 0.534628 14.726279
v -0.329380 0.661803 14.826514
v -0.656888 0.611247 14.454886
v -0.673636 0.600559 14.051292
v -0.665231 0.484393 13.617641
v -0.682762 0.241418 14.815496
v -0.737509 -0.176081 14.852489
v -0.695261 -0.577516 14.791938
v -0.682099 -0.825266 14.401715
v -0.350034 -0.931638 14.686593
v -0.334014 0.761026 13.587482
v -0.326528 0.863452 14.055198
v -0.333923 0.862841 14.485612
v -0.893074 0.165393 14.034793
v -0.859308 0.236704 14.468526
v -0.972705 -0.140028 14.012542
v -0.934707 -0.200245 14.474981
v -0.835282 -0.672785 13.994228
v -0.874791 -0.619460 14.437454
v -0.366331 0.292516 15.025350
v -0.395758 -0.157589 15.084530
v -0.377653 -0.592306 15.003944
v -0.933113 0.045411 14.100747
v -0.579363 -0.704929 14.465880
v -0.653018 -0.661676 14.306539
v -0.401327 -0.771505 14.513605
v -0.806676 -0.042310 14.027373
v -0.842930 -0.246368 13.172463
v -0.722329 -0.614566 12.985836
v -0.665599 0.398399 13.221117
v -0.336142 0.743588 13.221264
v -0.757584 -0.664634 14.009059
v -0.722352 -0.238216 13.187294
v -0.626449 -0.606414 12.951778
v -0.899359 0.056748 13.559096
v -0.893074 0.165393 14.034793
v -0.933113 0.045411 14.100747
v -0.832809 -0.159293 13.133946
v -0.738421 0.106785 13.594154
v -0.732136 0.165998 14.069848
v -0.600419 0.240421 13.221117
v -0.772176 0.046016 14.135804
v -0.671871 -0.089993 13.169003
v -0.369722 0.585610 13.221264
v -0.567814 0.438534 13.620188
v -0.368754 0.690587 13.577907
vn 0.5518 -0.1809 0.8141
vn 0.1864 -0.1866 0.9646
vn 0.6038 0.7971 0.0039
vn 0.4878 -0.7080 -0.5107
vn 0.1958 0.1404 0.9705
vn 0.2137 0.4796 0.8511
vn 0.8717 -0.1659 0.4611
vn 0.9817 0.1612 0.1017
vn 0.9872 -0.1467 0.0620
vn 0.6379 0.7407 -0.2108
vn 0.5934 0.7171 0.3657
vn 0.2623 0.8213 0.5066
vn 0.4589 -0.6113 0.6448
vn 0.8928 0.4504 -0.0045
vn 0.2489 -0.6723 0.6972
vn 0.5611 0.1458 0.8148
vn 0.2629 0.9438 -0.2004
vn 0.8823 0.4501 -0.1377
vn 0.8793 0.1584 0.4492
vn 0.7284 -0.6850 0.0175
vn 0.0886 -0.7259 -0.6820
vn 0.5492 0.4099 0.7283
vn 0.6875 -0.6854 0.2399
vn -0.7787 -0.4131 -0.4721
vn 0.8176 0.4547 0.3533
vn 0.9450 0.3263 0.0199
vn 0.9794 0.1706 0.1078
vn -0.7930 -0.4710 -0.3864
vn 0.2662 0.9639 -0.0032
vn 0.6424 0.7656 -0.0327
vn 0.2821 0.9593 -0.0136
vn -0.0505 -0.9898 0.1331
vn -0.3331 -0.4450 0.8313
vn 0.1127 0.9926 0.0447
vn -0.8890 -0.3379 -0.3091
vn -0.9625 0.2442 0.1178
vn -0.0000 -0.0000 1.0000
vn -0.1897 -0.4545 0.8703
vn 0.9937 -0.0760 -0.0820
vn -0.2610 -0.8435 0.4695
vn -0.1837 -0.5199 -0.8343
vn -0.2476 -0.9453 0.2126
vn -0.0006 -0.0001 -1.0000
vn 0.3293 -0.0000 -0.9442
vn -0.1619 0.1195 -0.9795
vn -0.9349 -0.2430 0.2588
vn -0.8140 -0.5441 0.2036
vn -0.2688 -0.9619 0.0505
vn 0.8992 0.3168 -0.3017
vn 0.5466 -0.1746 0.8190
vn 0.0662 -0.2857 0.9560
vn 0.6140 0.7893 -0.0094
vn 0.5450 -0.6166 -0.5681
vn 0.2032 0.1340 0.9699
vn 0.2247 0.4705 0.8533
vn 0.8704 -0.1617 0.4650
vn 0.9672 -0.2476 -0.0564
vn 0.5945 0.7874 -0.1629
vn 0.5362 0.7239 0.4341
vn 0.2437 0.8340 0.4951
vn 0.4262 -0.6362 0.6431
vn 0.8791 0.4760 0.0239
vn 0.1077 -0.7920 0.6010
vn 0.5630 0.1438 0.8139
vn 0.2657 0.9426 -0.2022
vn 0.8669 0.4883 -0.1001
vn 0.8813 0.1551 0.4463
vn 0.0734 -0.7426 -0.6657
vn 0.5146 0.4458 0.7324
vn 0.7076 -0.5644 0.4252
vn 0.8171 0.4050 0.4103
vn 0.2680 0.9634 -0.0047
vn 0.7155 0.6829 -0.1474
vn 0.2540 0.9662 -0.0445
vn -0.4755 -0.8450 0.2448
vn 0.0763 -0.4706 0.8791
vn 0.0682 0.9966 0.0464
vn -0.1710 -0.9000 -0.4010
vn -0.9599 0.2525 0.1221
vn 0.9766 -0.1709 -0.1305
vn -0.1792 -0.8818 0.4362
vn 0.0232 -0.9920 0.1238
vn -0.0004 0.0002 -1.0000
vn 0.3177 0.0675 -0.9458
vn -0.2135 0.0881 -0.9730
vn -0.8731 -0.4614 0.1577
vn -0.7869 -0.5926 0.1723
vn -0.0616 -0.9575 0.2817
vn 0.8661 0.4886 -0.1052
vn -0.5518 -0.1809 0.8141
vn -0.1864 -0.1866 0.9646
vn -0.6038 0.7971 0.0039
vn -0.4878 -0.7080 -0.5107
vn -0.1958 0.1404 0.9705
vn -0.2137 0.4796 0.8511
vn -0.8717 -0.1659 0.4611
vn -0.9817 0.1612 0.1017
vn -0.9872 -0.1467 0.0620
vn -0.6379 0.7407 -0.2108
vn -0.5934 0.7171 0.3657
vn -0.2623 0.8213 0.5066
vn -0.4589 -0.6113 0.6448
vn -0.8928 0.4504 -0.0045
vn -0.2489 -0.6723 0.6972
vn -0.5611 0.1458 0.8148
vn -0.2629 0.9438 -0.2004
vn -0.8823 0.4501 -0.1377
vn -0.8793 0.1584 0.4492
vn -0.7284 -0.6850 0.0175
vn -0.0886 -0.7259 -0.6820
vn -0.5492 0.4099 0.7283
vn -0.6875 -0.6854 0.2399
vn 0.7787 -0.4131 -0.4721
vn -0.8176 0.4547 0.3533
vn -0.9450 0.3263 0.0199
vn -0.9794 0.1706 0.1078
vn 0.7930 -0.4710 -0.3864
vn -0.2662 0.9639 -0.0032
vn -0.6424 0.7656 -0.0327
vn -0.2821 0.9593 -0.0136
vn 0.0505 -0.9898 0.1331
vn 0.3331 -0.4450 0.8313
vn -0.1127 0.9926 0.0447
vn 0.8890 -0.3379 -0.3091
vn 0.9625 0.2442 0.1178
vn 0.1897 -0.4545 0.8703
vn -0.9937 -0.0760 -0.0820
vn 0.2610 -0.8435 0.4695
vn 0.1837 -0.5199 -0.8343
vn 0.2476 -0.9453 0.2126
vn 0.0006 -0.0001 -1.0000
vn -0.3293 -0.0000 -0.9442
vn 0.1619 0.1195 -0.9795
vn 0.9349 -0.2430 0.2588
vn 0.8140 -0.5441 0.2036
vn 0.2688 -0.9619 0.0505
vn -0.8992 0.3168 -0.3017
vn -0.5466 -0.1746 0.8190
vn -0.0662 -0.2857 0.9560
vn -0.6140 0.7893 -0.0094
vn -0.5450 -0.6166 -0.5681
vn -0.2032 0.1340 0.9699
vn -0.2247 0.4705 0.8533
vn -0.8704 -0.1617 0.4650
vn -0.9672 -0.2476 -0.0564
vn -0.5945 0.7874 -0.1629
vn -0.5362 0.7239 0.4341
vn -0.2437 0.8340 0.4951
vn -0.4262 -0.6362 0.6431
vn -0.8791 0.4760 0.0239
vn -0.1077 -0.7920 0.6010
vn -0.5630 0.1438 0.8139
vn -0.2657 0.9426 -0.2022
vn -0.8669 0.4883 -0.1001
vn -0.8813 0.1551 0.4463
vn -0.0734 -0.7426 -0.6657
vn -0.5146 0.4458 0.7324
vn -0.7076 -0.5644 0.4252
vn -0.8171 0.4050 0.4103
vn -0.2680 0.9634 -0.0047
vn -0.7155 0.6829 -0.1474
vn -0.2540 0.9662 -0.0445
vn 0.4755 -0.8450 0.2448
vn -0.0763 -0.4706 0.8791
vn -0.0682 0.9966 0.0464
vn 0.1710 -0.9000 -0.4010
vn 0.9599 0.2525 0.1221
vn -0.9766 -0.1709 -0.1305
vn 0.1792 -0.8818 0.4362
vn -0.0232 -0.9920 0.1238
vn 0.0004 0.0002 -1.0000
vn -0.3177 0.0675 -0.9458
vn 0.2135 0.0881 -0.9730
vn 0.8731 -0.4614 0.1577
vn 0.7869 -0.5926 0.1723
vn 0.0616 -0.9575 0.2817
vn -0.8661 0.4886 -0.1052
vt 0.625000 0.625000
vt 0.687500 0.687500
vt 0.625000 0.687500
vt 0.750000 0.625000
vt 0.687500 0.625000
vt 0.500000 0.437500
vt 0.562500 0.500000
vt 0.500000 0.500000
vt 0.687500 0.750000
vt 0.750000 0.750000
vt 0.687500 0.562500
vt 0.687500 0.500000
vt 0.750000 0.562500
vt 0.562500 0.625000
vt 0.562500 0.687500
vt 0.500000 0.625000
vt 0.500000 0.593750
vt 0.437500 0.437500
vt 0.437500 0.500000
vt 0.562500 0.437500
vt 0.625000 0.500000
vt 0.625000 0.375000
vt 0.562500 0.375000
vt 0.625000 0.750000
vt 0.562500 0.562500
vt 0.500000 0.562500
vt 0.750000 0.687500
vt 0.625000 0.562500
vt 0.437500 0.375000
vt 0.500000 0.375000
vt 0.562500 0.750000
vt 0.500000 0.687500
vt 0.000000 0.000000
vt 0.437500 0.562500
vt 0.750000 0.500000
vt 0.625000 0.437500
s 0
f 802/219/1423 823/220/1423 803/221/1423
f 822/222/1424 823/220/1424 821/223/1424
f 811/224/1425 798/225/1425 799/226/1425
f 805/227/1426 829/228/1426 828/227/1426
f 819/229/1427 822/222/1427 821/223/1427
f 797/230/1428 820/231/1428 819/229/1428
f 816/232/1429 803/221/1429 818/233/1429
f 816/232/1430 815/234/1430 825/235/1430
f 818/233/1431 815/234/1431 816/232/1431
f 810/236/1432 799/226/1432 800/237/1432
f 812/238/1433 795/239/1433 798/225/1433
f 796/240/1434 812/238/1434 809/241/1434
f 823/220/1435 794/242/1435 803/221/1435
f 799/226/1436 814/243/1436 813/244/1436
f 824/245/1437 805/227/1437 823/220/1437
f 801/246/1438 821/223/1438 802/219/1438
f 811/224/1439 807/247/1439 808/248/1439
f 840/244/1440 800/237/1440 799/226/1440
f 814/243/1441 802/219/1441 816/232/1441
f 818/233/1442 804/249/1442 817/250/1442
f 794/242/1443 828/227/1443 826/242/1443
f 795/239/1444 819/229/1444 801/246/1444
f 818/233/1445 794/242/1445 804/249/1445
f 804/249/1446 826/242/1446 827/249/1446
f 795/239/1447 814/243/1447 798/225/1447
f 825/235/1448 813/244/1448 814/243/1448
f 814/243/1449 816/232/1449 825/235/1449
f 804/249/1450 794/242/1450 826/242/1450
f 808/248/1451 812/238/1451 811/224/1451
f 800/237/1452 835/236/1452 810/236/1452
f 807/247/1453 835/236/1453 834/247/1453
f 815/251/1454 837/251/1454 831/251/1454
f 832/251/1455 837/251/1455 838/251/1455
f 832/251/1456 836/251/1456 817/251/1456
f 836/251/1457 804/251/1457 827/251/1457
f 831/251/1458 817/251/1458 815/251/1458
f 813/244/1459 841/235/1459 840/244/1459
f 841/251/1460 830/251/1460 815/251/1460
f 836/251/1461 837/251/1461 830/251/1461
f 839/252/1462 847/252/1462 842/252/1462
f 840/244/1463 846/235/1463 844/244/1463
f 840/244/1464 843/252/1464 839/252/1464
f 833/237/1465 849/236/1465 835/236/1465
f 835/236/1466 848/247/1466 834/247/1466
f 845/237/1467 842/252/1467 847/252/1467
f 843/252/1468 845/237/1468 847/252/1468
f 850/251/1469 849/236/1469 845/237/1469
f 849/236/1470 852/251/1470 848/247/1470
f 833/237/1471 839/252/1471 842/252/1471
f 802/219/1472 821/223/1472 823/220/1472
f 822/222/1473 824/245/1473 823/220/1473
f 811/224/1474 812/238/1474 798/225/1474
f 805/227/1475 806/228/1475 829/228/1475
f 819/229/1476 820/231/1476 822/222/1476
f 797/230/1477 796/253/1477 820/231/1477
f 816/232/1478 802/219/1478 803/221/1478
f 818/233/1479 817/250/1479 815/234/1479
f 810/236/1480 811/224/1480 799/226/1480
f 812/238/1481 797/254/1481 795/239/1481
f 796/240/1482 797/254/1482 812/238/1482
f 823/220/1483 805/227/1483 794/242/1483
f 799/226/1484 798/225/1484 814/243/1484
f 824/245/1485 806/228/1485 805/227/1485
f 801/246/1486 819/229/1486 821/223/1486
f 811/224/1487 810/236/1487 807/247/1487
f 840/244/1488 839/252/1488 800/237/1488
f 814/243/1489 801/246/1489 802/219/1489
f 794/242/1490 805/227/1490 828/227/1490
f 795/239/1491 797/230/1491 819/229/1491
f 818/233/1492 803/221/1492 794/242/1492
f 795/239/1493 801/246/1493 814/243/1493
f 808/248/1494 809/241/1494 812/238/1494
f 800/237/1495 833/237/1495 835/236/1495
f 807/247/1496 810/236/1496 835/236/1496
f 815/251/1497 830/251/1497 837/251/1497
f 832/251/1498 831/251/1498 837/251/1498
f 832/251/1499 838/251/1499 836/251/1499
f 836/251/1500 817/251/1500 804/251/1500
f 831/251/1501 832/251/1501 817/251/1501
f 813/244/1459 825/235/1459 841/235/1459
f 836/251/1502 838/251/1502 837/251/1502
f 839/252/1503 843/252/1503 847/252/1503
f 840/244/1463 841/235/1463 846/235/1463
f 840/244/1504 844/244/1504 843/252/1504
f 833/237/1505 845/237/1505 849/236/1505
f 835/236/1506 849/236/1506 848/247/1506
f 845/237/1507 833/237/1507 842/252/1507
f 843/252/1508 850/251/1508 845/237/1508
f 850/251/1509 851/251/1509 849/236/1509
f 849/236/1510 851/251/1510 852/251/1510
f 833/237/1511 800/237/1511 839/252/1511
f 860/219/1512 861/221/1512 875/220/1512
f 822/222/1513 874/223/1513 875/220/1513
f 865/224/1514 857/226/1514 856/225/1514
f 863/227/1515 879/227/1515 829/228/1515
f 873/229/1516 874/223/1516 822/222/1516
f 855/230/1517 873/229/1517 820/231/1517
f 870/232/1518 872/233/1518 861/221/1518
f 870/232/1519 876/235/1519 869/234/1519
f 872/233/1520 870/232/1520 869/234/1520
f 864/236/1521 858/237/1521 857/226/1521
f 866/238/1522 856/225/1522 854/239/1522
f 796/240/1523 809/241/1523 866/238/1523
f 875/220/1524 861/221/1524 853/242/1524
f 857/226/1525 867/244/1525 868/243/1525
f 824/245/1526 875/220/1526 863/227/1526
f 859/246/1527 860/219/1527 874/223/1527
f 865/224/1528 808/248/1528 807/247/1528
f 889/244/1529 857/226/1529 858/237/1529
f 868/243/1530 870/232/1530 860/219/1530
f 872/233/1531 871/250/1531 862/249/1531
f 853/242/1532 877/242/1532 879/227/1532
f 854/239/1533 859/246/1533 873/229/1533
f 872/233/1534 862/249/1534 853/242/1534
f 862/249/1535 878/249/1535 877/242/1535
f 854/239/1536 856/225/1536 868/243/1536
f 876/235/1537 868/243/1537 867/244/1537
f 868/243/1538 876/235/1538 870/232/1538
f 862/249/1539 877/242/1539 853/242/1539
f 808/248/1540 865/224/1540 866/238/1540
f 858/237/1541 864/236/1541 884/236/1541
f 807/247/1542 834/247/1542 884/236/1542
f 869/251/1543 881/251/1543 886/251/1543
f 882/251/1544 887/251/1544 886/251/1544
f 882/251/1545 871/251/1545 885/251/1545
f 885/251/1546 878/251/1546 862/251/1546
f 881/251/1547 869/251/1547 871/251/1547
f 867/244/1459 889/244/1459 890/235/1459
f 890/251/1548 869/251/1548 880/251/1548
f 885/251/1549 880/251/1549 886/251/1549
f 888/252/1550 891/252/1550 896/252/1550
f 889/244/1551 893/244/1551 895/235/1551
f 889/244/1552 888/252/1552 892/252/1552
f 883/237/1553 884/236/1553 897/236/1553
f 884/236/1554 834/247/1554 848/247/1554
f 894/237/1555 896/252/1555 891/252/1555
f 892/252/1556 896/252/1556 894/237/1556
f 898/251/1557 894/237/1557 897/236/1557
f 897/236/1558 848/247/1558 852/251/1558
f 883/237/1559 891/252/1559 888/252/1559
f 860/219/1560 875/220/1560 874/223/1560
f 822/222/1561 875/220/1561 824/245/1561
f 865/224/1562 856/225/1562 866/238/1562
f 863/227/1563 829/228/1563 806/228/1563
f 873/229/1564 822/222/1564 820/231/1564
f 855/230/1565 820/231/1565 796/253/1565
f 870/232/1566 861/221/1566 860/219/1566
f 872/233/1567 869/234/1567 871/250/1567
f 864/236/1568 857/226/1568 865/224/1568
f 866/238/1569 854/239/1569 855/254/1569
f 796/240/1570 866/238/1570 855/254/1570
f 875/220/1571 853/242/1571 863/227/1571
f 857/226/1572 868/243/1572 856/225/1572
f 824/245/1573 863/227/1573 806/228/1573
f 859/246/1574 874/223/1574 873/229/1574
f 865/224/1575 807/247/1575 864/236/1575
f 889/244/1576 858/237/1576 888/252/1576
f 868/243/1577 860/219/1577 859/246/1577
f 853/242/1578 879/227/1578 863/227/1578
f 854/239/1579 873/229/1579 855/230/1579
f 872/233/1580 853/242/1580 861/221/1580
f 854/239/1581 868/243/1581 859/246/1581
f 808/248/1582 866/238/1582 809/241/1582
f 858/237/1583 884/236/1583 883/237/1583
f 807/247/1584 884/236/1584 864/236/1584
f 869/251/1585 886/251/1585 880/251/1585
f 882/251/1586 886/251/1586 881/251/1586
f 882/251/1587 885/251/1587 887/251/1587
f 885/251/1588 862/251/1588 871/251/1588
f 881/251/1589 871/251/1589 882/251/1589
f 867/244/1459 890/235/1459 876/235/1459
f 885/251/1590 886/251/1590 887/251/1590
f 888/252/1591 896/252/1591 892/252/1591
f 889/244/1551 895/235/1551 890/235/1551
f 889/244/1592 892/252/1592 893/244/1592
f 883/237/1593 897/236/1593 894/237/1593
f 884/236/1594 848/247/1594 897/236/1594
f 894/237/1595 891/252/1595 883/237/1595
f 892/252/1596 894/237/1596 898/251/1596
f 898/251/1597 897/236/1597 899/251/1597
f 897/236/1598 852/251/1598 899/251/1598
f 883/237/1599 888/252/1599 858/237/1599
l 830 846
l 800 850
l 810 851
l 807 852
l 880 895
l 858 898
l 864 899
