# Blender 5.0.0
# www.blender.org
o body
v 0.496492 -0.836496 10.560611
v 0.583336 -0.739346 11.831548
v 0.476577 0.278155 10.627869
v 0.565221 0.486406 11.867261
v 0.246627 0.341088 10.531981
v -0.000000 0.369678 10.477299
v -0.000000 0.658669 12.000906
v 0.340386 0.599495 11.956391
v 0.631619 0.554538 11.625927
v 0.646511 0.545035 11.267036
v 0.576865 0.424383 10.895257
v 0.562963 -0.631520 10.474514
v 0.591550 -0.317049 10.445811
v 0.550611 0.022595 10.516908
v 0.654626 0.225672 11.946595
v 0.703310 -0.145583 11.979490
v 0.665741 -0.502555 11.925646
v 0.654036 -0.830154 11.578646
v 0.671875 -0.892060 11.205969
v 0.600616 -0.885222 10.826474
v -0.000000 -0.970373 10.394716
v 0.267098 -0.925011 10.453776
v 0.358752 -0.817453 11.919353
v -0.000000 -0.856364 11.964540
v -0.000000 0.674132 10.848537
v -0.000000 0.858995 11.267233
v -0.000000 0.860968 11.672927
v 0.290903 0.614872 10.874489
v 0.337850 0.778809 11.270509
v 0.344425 0.778265 11.653251
v 0.749642 0.108478 10.854941
v 0.841644 0.194318 11.252364
v 0.811618 0.221480 11.638059
v 0.812126 -0.260919 10.811786
v 0.912852 -0.205322 11.232577
v 0.878665 -0.167071 11.643797
v 0.764291 -0.610047 10.814467
v 0.857600 -0.587271 11.216292
v 0.825386 -0.539852 11.610426
v 0.317045 -1.052687 10.790415
v 0.365526 -1.074154 11.074677
v 0.369003 -0.996871 11.598103
v -0.000000 -1.112858 10.812596
v -0.000000 -1.133464 11.069749
v -0.000000 -1.050112 11.617701
v -0.000000 0.004889 10.211122
v 0.255090 0.002209 10.296620
v -0.000000 -0.369841 10.095709
v 0.272938 -0.355472 10.194858
v -0.000000 -0.709899 10.161604
v 0.266506 -0.681006 10.249290
v 0.373244 0.271110 12.133203
v -0.000000 0.302962 12.197059
v 0.399412 -0.129139 12.185827
v -0.000000 -0.120306 12.255557
v 0.383312 -0.515705 12.114168
v -0.000000 -0.530811 12.178736
v -0.000000 -1.256591 10.880857
v 0.899103 0.129189 11.241708
v 0.964296 0.059744 11.262794
v 0.972883 0.157159 11.059349
v 1.038076 0.087714 11.080435
v 0.910948 0.053346 10.816208
v 0.976141 -0.016099 10.837294
v 0.775233 -0.078438 10.755423
v 0.840426 -0.147883 10.776508
v 0.701452 -0.106409 10.937781
v 0.766645 -0.175854 10.958867
v 0.763387 -0.002595 11.180923
v 0.828580 -0.072040 11.202009
v 0.000000 0.608116 7.624370
v -0.000045 0.616898 9.772963
v 0.504716 0.474076 7.438752
v 0.828603 0.267093 9.369023
v 0.598099 0.170519 7.396450
v 0.958572 0.106133 9.680841
v 0.495931 -0.138362 7.348920
v 0.866807 -0.227401 9.632361
v -0.000000 -0.261991 7.485464
v 0.000046 -0.521014 9.461656
v -0.000000 0.657830 8.257428
v 0.570473 0.477197 8.264714
v 0.767003 0.074163 8.269454
v 0.571976 -0.284214 8.276427
v -0.000000 -0.421472 8.257428
v 0.000174 0.708046 9.342250
v 0.703747 0.289517 8.934030
v 0.718558 -0.012635 8.842697
v 0.697318 -0.314483 9.026737
v 0.000477 -0.496771 9.130748
v -0.000000 0.515979 9.943705
v 0.439945 0.406324 9.896890
v 0.633971 0.099463 9.894368
v 0.435110 -0.204821 9.902534
v -0.000000 -0.334730 9.736087
v 0.958142 0.110559 9.691464
v 0.710218 0.401840 9.566106
v 0.738425 -0.259921 9.787890
v 0.614287 0.439487 8.830010
v 0.622165 -0.360598 9.076480
v 0.716524 -0.001990 8.829168
v 1.568440 -0.053283 7.728425
v 1.659582 -0.206346 7.773942
v 1.563794 -0.416510 7.839521
v 1.164474 -0.090294 7.575090
v 1.097276 -0.256859 7.557762
v 1.161229 -0.455229 7.679895
v 1.945185 -0.630979 6.384043
v 2.010603 -0.764133 6.439057
v 1.943154 -0.905266 6.515403
v 1.639176 -0.662610 6.313798
v 1.585649 -0.808090 6.332981
v 1.637695 -0.938322 6.441883
v 1.971247 -0.600674 6.282716
v 2.060306 -0.759702 6.421711
v 1.988831 -1.022980 6.504263
v 1.817263 -0.669924 6.147262
v 1.787554 -0.846032 6.216890
v 1.816068 -1.136994 6.358199
v 2.245010 -0.710502 5.870169
v 2.301642 -0.955106 5.975268
v 2.243384 -1.243052 6.113195
v 2.084432 -0.847381 5.741823
v 2.054722 -1.023489 5.811452
v 2.083236 -1.314450 5.952761
v 2.184869 -1.023835 5.373807
v 2.196076 -1.204561 5.412953
v 2.184935 -1.393069 5.542837
v 2.094473 -1.066428 5.459686
v 2.068183 -1.171853 5.483431
v 2.093802 -1.370311 5.596341
v 1.576284 -0.939546 6.157184
v 1.607773 -1.046698 6.260273
v 1.771216 -0.951125 6.105559
v 1.791621 -1.197632 6.232332
v 1.629030 -1.072336 5.982644
v 1.654831 -1.160137 6.067114
v 1.788756 -1.081825 5.940343
v 1.805475 -1.283811 6.044220
v 1.704787 -1.212029 5.799477
v 1.715627 -1.273230 5.862875
v 1.822592 -1.207764 5.794520
v 1.831815 -1.350752 5.870873
v -0.000000 0.404502 10.074246
v 0.158780 0.287954 10.045851
v 0.252719 0.101461 9.982330
v 0.182110 -0.006843 9.982330
v -0.000000 -0.116119 9.944303
v 1.513457 -0.414350 7.949632
v 1.609216 -0.190203 7.912482
v 1.078576 -0.240936 7.616889
v 1.131938 -0.453178 7.739799
v 1.519666 -0.030336 7.864302
v 1.135870 -0.068963 7.658048
v 1.698689 -0.234352 7.655253
v 1.610075 -0.087183 7.599852
v 1.199385 -0.129721 7.487953
v 1.127147 -0.293179 7.494272
v 1.197585 -0.472365 7.633998
v 1.606352 -0.430350 7.746951
v 0.508210 1.196492 4.840902
v 0.519509 0.903731 6.194589
v 0.863355 0.987850 4.766996
v 1.026829 0.669977 6.340941
v 0.863355 0.721232 4.691045
v 1.028275 0.219413 6.116023
v 0.508191 0.525975 4.638246
v 0.513592 0.012812 5.925323
v 0.152952 0.731210 4.707945
v 0.144936 0.177929 6.097742
v 0.153066 0.992933 4.793695
v 0.512164 0.907298 6.468966
v 1.018174 0.592293 6.517649
v 1.020134 0.137117 6.297382
v 0.515757 -0.046234 6.042082
v 0.136937 0.111110 6.203180
v 0.000000 0.709039 6.306971
v 0.418974 0.880084 6.616320
v 0.879472 0.476445 6.903450
v 0.876436 -0.040954 6.751030
v 0.449170 -0.187793 6.381705
v 0.134332 0.037469 6.349191
v 0.000000 0.788881 6.429553
v 0.430883 1.969412 2.564027
v 0.691277 1.828530 2.511550
v 0.691277 1.546764 2.406598
v 0.430883 1.405822 2.354058
v 0.170489 1.546377 2.406232
v 0.170489 1.828530 2.511550
v 0.822906 1.009860 4.101156
v 0.822906 1.245276 4.175882
v 0.152560 1.204570 4.164834
v 0.152560 0.969342 4.090117
v 0.487733 1.445604 4.272291
v 0.487733 0.680234 4.361032
v -0.000000 -0.034722 6.478232
v -0.000000 -0.207938 6.581341
v -0.000000 -0.263762 6.818117
v 0.000000 0.814089 7.021015
v 0.000000 0.828683 6.689644
v 0.713104 0.433243 7.201717
v 0.709689 -0.102650 7.089696
v -0.000000 -0.229244 7.153195
v 0.000000 0.628045 7.375366
v 0.430883 2.318834 0.966423
v 0.625711 2.235882 0.892589
v 0.625711 2.065702 0.715288
v 0.430883 1.987111 0.635162
v 0.236055 2.062860 0.728928
v 0.236055 2.235373 0.891559
v 0.856043 1.043720 4.660919
v 0.152881 0.781457 4.600142
v 0.504509 1.256771 4.738386
v 0.856043 0.779180 4.587501
v 0.152975 1.047345 4.678912
v 0.504492 0.556004 4.589395
v 0.847217 0.846024 4.461909
v 0.152864 1.093287 4.542050
v 0.500029 0.591254 4.530469
v 0.847217 1.101437 4.531673
v 0.152796 0.835143 4.466379
v 0.500040 1.284480 4.605077
v -0.000000 0.330200 10.715148
v 0.182652 0.209765 10.715148
v 0.252719 0.101461 10.715148
v 0.182110 -0.006843 10.715148
v -0.000000 -0.127185 10.660074
v -0.496493 -0.836496 10.560611
v -0.583336 -0.739346 11.831548
v -0.476577 0.278155 10.627869
v -0.565221 0.486406 11.867261
v -0.246627 0.341088 10.531981
v -0.340386 0.599495 11.956391
v -0.631619 0.554538 11.625927
v -0.646511 0.545035 11.267036
v -0.576865 0.424383 10.895257
v -0.562963 -0.631520 10.474514
v -0.591550 -0.317049 10.445811
v -0.550611 0.022595 10.516908
v -0.654626 0.225672 11.946595
v -0.703310 -0.145583 11.979490
v -0.665741 -0.502555 11.925646
v -0.654036 -0.830154 11.578646
v -0.671875 -0.892060 11.205969
v -0.600616 -0.885222 10.826474
v -0.267098 -0.925011 10.453776
v -0.358752 -0.817453 11.919353
v -0.290903 0.614872 10.874489
v -0.337850 0.778809 11.270509
v -0.344425 0.778265 11.653251
v -0.749642 0.108478 10.854941
v -0.841644 0.194318 11.252364
v -0.811618 0.221480 11.638059
v -0.812126 -0.260919 10.811786
v -0.912852 -0.205322 11.232577
v -0.878665 -0.167071 11.643797
v -0.764291 -0.610047 10.814467
v -0.857600 -0.587271 11.216292
v -0.825386 -0.539852 11.610426
v -0.317045 -1.052687 10.790415
v -0.365526 -1.074154 11.074677
v -0.369003 -0.996871 11.598103
v -0.255090 0.002209 10.296620
v -0.272938 -0.355472 10.194858
v -0.266506 -0.681006 10.249290
v -0.373244 0.271110 12.133203
v -0.399412 -0.129139 12.185827
v -0.383312 -0.515705 12.114168
v -0.899103 0.129189 11.241708
v -0.964296 0.059744 11.262794
v -0.972883 0.157159 11.059349
v -1.038076 0.087714 11.080435
v -0.910948 0.053346 10.816208
v -0.976141 -0.016099 10.837294
v -0.775233 -0.078438 10.755423
v -0.840426 -0.147883 10.776508
v -0.701452 -0.106409 10.937781
v -0.766645 -0.175854 10.958867
v -0.763387 -0.002595 11.180923
v -0.828580 -0.072040 11.202009
v -0.504526 0.476275 7.504550
v -0.822573 0.406343 9.442066
v -0.598793 0.169840 7.461847
v -0.956852 0.134483 9.659826
v -0.495657 -0.117282 7.422734
v -0.863595 -0.158086 9.493582
v -0.567895 0.533942 8.283033
v -0.761846 0.189290 8.273099
v -0.569711 -0.227968 8.262885
v -0.689933 0.580364 9.043468
v -0.701952 0.336692 8.845652
v -0.684200 -0.023229 8.905390
v -0.440480 0.391710 9.910248
v -0.634109 0.092264 9.891457
v -0.435366 -0.212527 9.889978
v -0.956583 0.134240 9.671690
v -0.708789 0.431580 9.627363
v -0.738411 -0.261345 9.732190
v -0.607109 0.588486 8.900366
v -0.616809 -0.254297 9.007895
v -0.701480 0.314316 8.831844
v -1.529451 0.814480 7.821485
v -1.620362 0.656503 7.794415
v -1.524707 0.438625 7.757011
v -1.125354 0.848600 7.664452
v -1.058578 0.707421 7.571359
v -1.122022 0.474034 7.593701
v -1.961278 0.962026 6.396597
v -2.026764 0.818778 6.381511
v -1.958799 0.658657 6.375285
v -1.658899 0.970577 6.306759
v -1.607191 0.834835 6.249331
v -1.657126 0.667583 6.281922
v -1.990817 1.038289 6.324651
v -2.077033 0.830971 6.370774
v -2.006924 0.561586 6.309497
v -1.843567 1.045635 6.166162
v -1.814182 0.858246 6.138474
v -1.842115 0.535328 6.118895
v -2.282634 1.145226 5.923887
v -2.339290 0.880371 5.896941
v -2.280614 0.562135 5.872168
v -2.129690 1.090281 5.737921
v -2.100305 0.902892 5.710233
v -2.128237 0.579974 5.690654
v -2.247734 1.118074 5.335489
v -2.260520 0.941534 5.280806
v -2.247505 0.713530 5.300144
v -2.154750 1.039042 5.385176
v -2.129375 0.935758 5.352649
v -2.153935 0.707316 5.353919
v -1.607112 0.807353 6.031345
v -1.636337 0.663134 6.069387
v -1.804114 0.821894 5.989198
v -1.823749 0.544847 5.978578
v -1.669058 0.777811 5.816473
v -1.693004 0.659638 5.847645
v -1.830480 0.789725 5.781939
v -1.846569 0.562714 5.773236
v -1.754456 0.746421 5.591695
v -1.763830 0.661851 5.617041
v -1.872273 0.752048 5.594579
v -1.880939 0.589965 5.590753
v -0.158780 0.287954 10.045851
v -0.252719 0.101461 9.982330
v -0.182110 -0.006843 9.982330
v -1.478942 0.396957 7.860106
v -1.574700 0.615968 7.921511
v -1.039762 0.694256 7.638094
v -1.094175 0.449745 7.657650
v -1.485051 0.781076 7.947366
v -1.098139 0.832487 7.749049
v -1.658740 0.682300 7.683305
v -1.570038 0.838454 7.702629
v -1.163057 0.855659 7.570110
v -1.093094 0.710029 7.493238
v -1.160846 0.484266 7.531966
v -1.565997 0.466136 7.666138
v -0.508053 -1.047725 5.186096
v -0.519458 0.305480 5.934093
v -0.866564 -1.197825 5.283038
v -1.031588 0.129322 6.263189
v -0.866564 -1.378372 5.449704
v -1.033048 -0.285374 6.563653
v -0.508034 -1.550174 5.563631
v -0.513485 -0.556509 6.637919
v -0.149427 -1.400560 5.445700
v -0.141336 -0.255717 6.419158
v -0.149542 -1.201278 5.303166
v -0.512044 0.578795 6.171022
v -1.022851 0.294249 6.420009
v -1.024829 -0.147713 6.687088
v -0.515671 -0.467237 6.679479
v -0.133260 -0.164855 6.451671
v -0.417970 0.728880 6.378840
v -0.882834 0.492330 6.938285
v -0.879769 0.034286 6.961780
v -0.448453 -0.306595 6.790399
v -0.130631 -0.065220 6.494090
v -0.429993 -0.195936 3.500393
v -0.658826 -0.307148 3.429072
v -0.658826 -0.529572 3.286430
v -0.429993 -0.640785 3.215109
v -0.201160 -0.529572 3.286430
v -0.201160 -0.307148 3.429072
v -0.825732 -1.439121 4.832297
v -0.825732 -1.221696 4.957023
v -0.149032 -1.259489 4.937410
v -0.149031 -1.478943 4.813635
v -0.487381 -1.046468 5.091667
v -0.487381 -1.801893 5.057073
v -0.714889 0.439908 7.262122
v -0.711441 -0.038334 7.192010
v -0.429993 0.518484 2.021380
v -0.608102 0.446312 1.946335
v -0.608102 0.289797 1.794761
v -0.429993 0.214916 1.723565
v -0.251883 0.288279 1.800787
v -0.251883 0.446116 1.945813
v -0.859182 -1.376916 5.286072
v -0.149356 -1.579884 5.323508
v -0.504316 -1.184938 5.269547
v -0.859183 -1.515446 5.331998
v -0.149450 -1.363992 5.295126
v -0.504300 -1.643178 5.467770
v -0.850273 -1.628799 5.176833
v -0.149339 -1.411768 5.233160
v -0.499794 -1.739974 5.343396
v -0.850273 -1.410737 5.232508
v -0.149269 -1.637299 5.181861
v -0.499806 -1.240169 5.277708
v -0.182652 0.209765 10.715148
v -0.252719 0.101461 10.715148
v -0.182110 -0.006843 10.715148
v 0.213411 0.581294 6.205249
v -0.199640 0.352760 6.083288
vn 0.2171 0.8930 -0.3943
vn 0.2309 0.9730 -0.0026
vn 0.2282 0.8287 0.5111
vn 0.5934 0.7171 0.3657
vn 0.6038 0.7971 0.0039
vn 0.5368 0.7678 -0.3497
vn 0.4335 0.6757 -0.5962
vn 0.2244 0.7535 -0.6180
vn 0.9488 0.1900 -0.2522
vn 0.9829 0.1719 0.0657
vn 0.9669 -0.1341 -0.2169
vn 0.9843 -0.1466 0.0981
vn 0.7198 0.4412 -0.5359
vn 0.8218 0.4872 -0.2955
vn 0.8739 0.4848 0.0339
vn 0.8176 0.4547 0.3533
vn 0.8793 0.1584 0.4492
vn 0.8717 -0.1659 0.4611
vn 0.7717 -0.4987 0.3948
vn 0.8452 -0.5193 0.1267
vn 0.8441 -0.5094 -0.1677
vn 0.7852 -0.4383 -0.4373
vn 0.8572 -0.1236 -0.4999
vn 0.8229 0.2097 -0.5281
vn 1.0000 -0.0000 -0.0000
vn 0.1564 -0.9765 0.1485
vn 0.4800 -0.7943 -0.3725
vn 0.5169 -0.8425 -0.1518
vn 0.4664 -0.8756 0.1262
vn 0.4808 -0.7739 0.4123
vn 0.1500 -0.8611 0.4857
vn 0.2261 -0.9220 -0.3144
vn 0.3148 0.2794 -0.9071
vn 0.3250 -0.1799 -0.9284
vn 0.2669 0.5681 -0.7785
vn 0.4934 0.5045 -0.7086
vn 0.5804 0.2495 -0.7751
vn 0.6137 -0.1420 -0.7766
vn 0.5175 -0.5489 -0.6564
vn 0.3026 -0.6356 -0.7102
vn 0.1733 0.1395 0.9749
vn 0.1703 -0.1865 0.9676
vn 0.5492 0.4099 0.7283
vn 0.1876 0.4801 0.8569
vn 0.1601 -0.5446 0.8233
vn 0.5064 -0.4648 0.7263
vn 0.5518 -0.1809 0.8141
vn 0.5611 0.1458 0.8148
vn 0.6237 0.6944 0.3588
vn 0.7220 0.5506 -0.4190
vn 0.3616 0.0569 -0.9306
vn -0.6237 -0.6944 -0.3589
vn 0.6532 -0.7421 0.1505
vn -0.7220 -0.5506 0.4190
vn -0.3616 -0.0569 0.9306
vn -0.6532 0.7421 -0.1505
vn 0.3973 0.9177 -0.0048
vn 0.2075 -0.9756 -0.0712
vn 0.1947 -0.9664 -0.1679
vn 0.9476 -0.2944 -0.1240
vn 0.9499 0.3029 -0.0768
vn 0.2485 0.9683 -0.0234
vn 0.2354 -0.9660 -0.1070
vn 0.8784 -0.4777 0.0142
vn 0.8983 0.4376 -0.0404
vn 0.3012 0.9527 0.0402
vn 0.3978 0.6269 0.6699
vn 0.3510 0.8952 0.2747
vn 0.3183 -0.1831 0.9301
vn 0.0322 -0.8270 0.5613
vn 0.7873 0.5798 -0.2097
vn 0.7647 -0.3059 0.5672
vn 0.6314 0.7623 -0.1419
vn 0.5131 -0.8581 -0.0202
vn 0.8933 -0.2781 -0.3531
vn 0.8673 0.2017 -0.4551
vn 0.8871 -0.2930 0.3566
vn -0.8174 -0.4285 -0.3850
vn 0.0051 0.9689 -0.2474
vn 0.8254 0.5249 0.2076
vn -0.8474 0.3804 -0.3704
vn 0.0724 -0.9960 0.0526
vn 0.8559 0.5171 0.0046
vn -0.8553 0.2552 -0.4509
vn 0.0135 -0.9317 0.3630
vn 0.9066 -0.2488 0.3409
vn -0.8772 -0.4578 -0.1449
vn 0.0166 0.9128 -0.4080
vn 0.2808 0.3494 0.8939
vn -0.9522 -0.1663 0.2562
vn -0.0741 0.9897 -0.1227
vn 0.6376 0.6775 0.3666
vn -0.4882 0.0649 -0.8703
vn -0.5087 -0.2746 0.8160
vn 0.8147 0.3777 0.4401
vn -0.8463 -0.0663 -0.5286
vn 0.0996 -0.8381 0.5364
vn 0.8864 0.0415 0.4610
vn -0.8522 -0.2938 -0.4330
vn -0.2655 0.8066 -0.5280
vn -0.9945 -0.1039 -0.0132
vn -0.6951 0.5556 -0.4561
vn 0.9694 0.1369 -0.2038
vn -0.9681 0.2110 -0.1352
vn 0.1937 -0.9535 0.2309
vn 0.9824 -0.1418 -0.1215
vn -0.9466 -0.3195 -0.0430
vn -0.1859 0.7916 -0.5820
vn 0.9866 0.0181 -0.1619
vn -0.5248 -0.7225 0.4500
vn -0.5513 -0.8030 0.2263
vn -0.5762 -0.7583 0.3050
vn 0.9949 0.0971 0.0288
vn -0.1193 0.7725 -0.6237
vn -0.2542 -0.4683 -0.8462
vn 0.9844 0.1378 0.1094
vn -0.1223 0.7641 -0.6334
vn -0.9321 -0.3529 -0.0821
vn 0.2027 -0.1321 0.9703
vn 0.2177 0.5212 0.8252
vn -0.0709 -0.6879 0.7223
vn 0.2235 0.1334 0.9655
vn -0.5155 -0.4653 -0.7195
vn -0.6227 -0.2023 -0.7558
vn 0.0488 -0.9905 0.1288
vn -0.8714 0.3680 -0.3245
vn 0.8051 0.5308 0.2648
vn 0.0411 0.9655 -0.2573
vn -0.9444 -0.1201 -0.3060
vn 0.8792 -0.2961 0.3731
vn 0.0639 0.9186 -0.3900
vn -0.7598 -0.5005 -0.4150
vn 0.8984 -0.2564 0.3565
vn 0.0536 -0.9837 0.1717
vn -0.7732 0.3206 -0.5472
vn 0.8347 0.5354 0.1291
vn 0.5256 0.8324 0.1756
vn 0.9941 0.0298 -0.1046
vn 0.4923 -0.8078 -0.3241
vn -0.5204 -0.7940 -0.3144
vn -0.5038 -0.7119 -0.4893
vn 0.9962 0.0623 -0.0601
vn -1.0000 0.0021 -0.0049
vn 0.9972 0.0225 -0.0710
vn -0.9747 -0.1873 0.1220
vn 0.9992 -0.0156 0.0378
vn 0.4635 0.8026 0.3755
vn 0.4660 -0.7860 -0.4062
vn -0.4482 -0.5217 0.7259
vn 0.4462 -0.8537 -0.2684
vn 0.4494 0.7981 0.4012
vn -0.3477 0.9364 -0.0469
vn -0.4913 -0.7741 -0.3992
vn 0.9590 -0.1201 0.2566
vn -0.9991 0.0285 -0.0303
vn -0.9999 0.0031 -0.0096
vn 0.5471 0.8052 0.2287
vn 0.5002 -0.8135 -0.2966
vn -0.5000 0.8120 0.3010
vn -0.4831 -0.8277 -0.2855
vn -0.4840 -0.7887 -0.3791
vn -0.6153 0.7560 0.2235
vn 0.4736 -0.7894 -0.3904
vn 0.5527 0.7579 0.3465
vn -1.0000 0.0001 0.0007
vn 0.9980 0.0192 -0.0604
vn 0.1462 -0.9779 0.1496
vn -0.4823 -0.4481 -0.7527
vn -0.0582 -0.9717 -0.2291
vn -0.6799 -0.0433 -0.7320
vn -0.1141 0.9925 0.0437
vn 0.3764 0.8637 0.3351
vn 0.1834 -0.9779 0.1007
vn 0.8988 -0.1287 0.4191
vn 0.0009 0.7188 -0.6953
vn 0.4999 -0.8223 -0.2717
vn 0.4963 0.8481 0.1855
vn -0.4498 0.8703 0.2004
vn -0.4631 -0.8396 -0.2839
vn 0.9992 0.0138 -0.0370
vn 0.9981 0.0167 -0.0600
vn -1.0000 0.0002 0.0007
vn 0.5369 0.7356 0.4131
vn 0.4755 -0.7529 -0.4549
vn -0.4983 0.7833 0.3717
vn -0.5143 -0.7474 -0.4205
vn 0.9980 0.0166 -0.0607
vn 0.4868 0.8583 0.1621
vn 0.4734 -0.7634 -0.4396
vn -0.5016 0.8200 0.2757
vn -0.4997 -0.7595 -0.4165
vn 0.2813 0.9561 0.0826
vn 0.2159 -0.9717 -0.0958
vn 0.7554 0.1433 0.6394
vn 0.8931 0.4499 -0.0000
vn 0.8377 -0.5461 -0.0000
vn 0.5488 0.8323 0.0777
vn 0.5165 -0.8562 -0.0132
vn -0.2171 0.8930 -0.3943
vn -0.2332 0.9724 -0.0047
vn -0.2282 0.8287 0.5111
vn -0.5362 0.7239 0.4341
vn -0.6140 0.7893 -0.0094
vn -0.5575 0.7416 -0.3731
vn -0.4335 0.6757 -0.5962
vn -0.2244 0.7535 -0.6180
vn -0.9486 0.1818 -0.2589
vn -0.9832 0.1706 0.0645
vn -0.9679 -0.1309 -0.2144
vn -0.9842 -0.1492 0.0957
vn -0.7191 0.4598 -0.5211
vn -0.8258 0.4724 -0.3080
vn -0.8791 0.4760 0.0239
vn -0.8176 0.4547 0.3533
vn -0.8813 0.1551 0.4463
vn -0.8704 -0.1617 0.4650
vn -0.7756 -0.4470 0.4457
vn -0.8474 -0.5145 0.1312
vn -0.8444 -0.5089 -0.1672
vn -0.7852 -0.4383 -0.4373
vn -0.8583 -0.1214 -0.4987
vn -0.8209 0.2013 -0.5345
vn -0.1488 -0.9784 0.1435
vn -0.5095 -0.7887 -0.3441
vn -0.5440 -0.8308 -0.1171
vn -0.5063 -0.8464 0.1648
vn -0.4808 -0.7739 0.4123
vn -0.1500 -0.8611 0.4857
vn -0.1482 -0.9172 -0.3698
vn -0.3082 0.2745 -0.9109
vn -0.3445 -0.1614 -0.9248
vn -0.2408 0.5577 -0.7943
vn -0.4461 0.4620 -0.7665
vn -0.5707 0.2336 -0.7872
vn -0.6232 -0.1271 -0.7717
vn -0.5828 -0.4680 -0.6643
vn -0.3026 -0.6356 -0.7102
vn -0.1782 0.1347 0.9747
vn -0.1652 -0.1814 0.9694
vn -0.5146 0.4458 0.7324
vn -0.1947 0.4736 0.8589
vn -0.1601 -0.5446 0.8233
vn -0.5064 -0.4648 0.7263
vn -0.5466 -0.1746 0.8190
vn -0.5630 0.1438 0.8139
vn -0.6237 0.6944 0.3588
vn -0.7220 0.5506 -0.4190
vn -0.3616 0.0569 -0.9306
vn 0.6237 -0.6944 -0.3588
vn -0.6532 -0.7421 0.1505
vn 0.7220 -0.5506 0.4190
vn 0.3616 -0.0569 0.9306
vn 0.6532 0.7421 -0.1505
vn -0.2859 0.9375 0.1983
vn -0.3531 -0.9331 -0.0684
vn -0.2598 -0.9542 -0.1486
vn -0.8966 -0.4087 -0.1704
vn -0.9470 0.3052 -0.0997
vn -0.2158 0.9734 -0.0764
vn -0.3216 -0.9453 -0.0537
vn -0.8902 -0.4145 0.1889
vn -0.8660 0.4902 -0.0983
vn -0.1609 0.9859 -0.0456
vn -0.4483 0.4855 0.7505
vn -0.3089 0.8564 0.4137
vn -0.5696 -0.1919 0.7992
vn -0.1202 -0.8595 0.4968
vn -0.7013 0.6234 0.3458
vn -0.9501 -0.3115 0.0152
vn -0.5074 0.8388 0.1973
vn -0.8460 -0.4021 -0.3502
vn -0.9984 -0.0433 0.0360
vn 0.9166 0.2237 -0.3313
vn -0.8730 -0.4404 0.2095
vn 0.8581 -0.2278 -0.4602
vn 0.0026 0.9668 0.2556
vn -0.8314 0.3893 0.3965
vn 0.8475 0.5003 -0.1774
vn -0.0572 -0.9342 -0.3522
vn -0.8459 0.4440 0.2954
vn 0.8055 0.5285 -0.2681
vn -0.0033 -0.9896 -0.1438
vn -0.8919 -0.3995 0.2118
vn 0.8615 -0.3254 -0.3898
vn -0.0112 0.9954 0.0949
vn -0.2390 -0.1388 0.9611
vn 0.9586 -0.2668 0.0994
vn 0.0864 0.9216 0.3785
vn -0.2104 -0.0067 0.9776
vn 0.4543 0.4883 -0.7451
vn 0.1772 -0.8530 0.4909
vn -0.7720 0.4260 0.4717
vn 0.8233 0.2072 -0.5285
vn -0.0927 -0.9941 0.0568
vn -0.8024 -0.3230 0.5018
vn 0.8291 -0.0379 -0.5579
vn 0.1300 0.9775 0.1661
vn 0.9912 -0.0793 -0.1056
vn 0.3105 0.9502 -0.0254
vn -0.9742 0.2153 -0.0677
vn 0.9813 0.1678 -0.0941
vn -0.2010 -0.9441 -0.2615
vn -0.9796 -0.1727 -0.1024
vn 0.9384 -0.2524 -0.2358
vn 0.1764 0.9766 -0.1231
vn -0.9918 0.0912 -0.0891
vn 0.5384 -0.8397 0.0702
vn 0.5878 -0.7869 -0.1881
vn 0.5746 -0.8074 -0.1341
vn -0.9911 0.0658 0.1159
vn 0.1078 0.9802 -0.1659
vn -0.0370 -0.2831 -0.9584
vn -0.9767 0.0613 0.2055
vn 0.1103 0.9777 -0.1785
vn 0.9218 -0.2621 -0.2856
vn -0.2256 -0.1518 0.9623
vn -0.2090 0.5173 0.8299
vn 0.0622 -0.6883 0.7227
vn -0.2329 0.0898 0.9683
vn 0.4945 -0.0580 -0.8672
vn 0.4592 0.3675 -0.8087
vn -0.1543 -0.9517 -0.2653
vn 0.9489 0.1694 -0.2663
vn -0.6453 0.6457 0.4082
vn -0.2201 0.9187 0.3279
vn 0.9494 -0.0053 -0.3140
vn -0.8924 -0.4015 0.2060
vn -0.0477 0.9945 0.0935
vn 0.7949 -0.2682 -0.5443
vn -0.8655 -0.4254 0.2645
vn 0.0163 -0.9847 -0.1734
vn 0.7873 0.5526 -0.2733
vn -0.8318 0.4156 0.3679
vn -0.4015 0.4405 -0.8030
vn -0.9944 -0.0595 -0.0869
vn -0.4368 -0.6739 0.5959
vn 0.4679 -0.6476 0.6014
vn 0.6540 -0.3060 0.6918
vn 0.3184 0.4606 -0.8285
vn -0.7026 0.6745 0.2267
vn -0.9956 0.0464 -0.0810
vn 0.9717 -0.1139 0.2072
vn -0.9990 0.0286 0.0346
vn -0.5781 0.5434 -0.6087
vn -0.3329 -0.4047 0.8517
vn -0.1333 0.0949 0.9865
vn -0.2786 -0.4640 0.8409
vn -0.5707 0.7663 -0.2951
vn -0.0585 0.8217 -0.5669
vn 0.6555 -0.3104 0.6884
vn -0.9152 0.2115 0.3432
vn 0.9995 0.0165 -0.0258
vn 0.9996 0.0142 -0.0253
vn -0.5403 0.7501 0.3814
vn -0.4729 -0.7387 -0.4804
vn 0.6113 0.6886 0.3901
vn 0.4001 -0.7809 -0.4798
vn 0.3634 -0.9072 0.2119
vn 0.3916 0.6242 0.6761
vn -0.3743 -0.9096 0.1805
vn -0.4327 0.7609 0.4836
vn 1.0000 0.0001 0.0007
vn -0.9979 0.0159 -0.0623
vn 0.1226 -0.9810 0.1501
vn 0.0151 -0.5114 -0.8592
vn 0.1065 -0.9678 -0.2282
vn -0.1068 -0.0587 -0.9925
vn -0.3491 0.9313 0.1037
vn -0.3506 0.8787 0.3241
vn -0.3287 -0.9427 -0.0570
vn -0.8032 0.0252 0.5952
vn -0.0007 0.6933 -0.7207
vn -0.4995 -0.7520 -0.4301
vn -0.4973 0.7812 0.3774
vn 0.4973 0.7812 0.3774
vn 0.4995 -0.7516 -0.4308
vn -0.9995 0.0165 -0.0258
vn -0.9992 -0.0279 -0.0302
vn 1.0000 0.0005 -0.0001
vn -0.2505 -0.0267 -0.9677
vn -0.4931 -0.6339 0.5958
vn 0.3281 0.0468 -0.9435
vn 0.4666 -0.6256 0.6252
vn -0.9988 -0.0153 -0.0462
vn 1.0000 0.0005 0.0004
vn -0.4216 0.7334 -0.5332
vn -0.4598 -0.7088 0.5350
vn -0.0026 -0.1464 -0.9892
vn 0.3655 -0.7281 0.5799
vn -0.2664 0.9599 0.0872
vn -0.2625 -0.9613 -0.0834
vn -0.7580 0.1445 0.6360
vn -0.8931 0.4499 -0.0000
vn -0.8377 -0.5461 -0.0000
vn -0.5999 0.7948 0.0921
vn -0.5165 -0.8562 -0.0132
vn -0.3956 0.0684 -0.9159
vn 0.9799 -0.0159 -0.1989
vn 0.0038 0.6268 -0.7792
vn 0.1071 0.4849 -0.8680
vn 0.2158 0.8929 -0.3952
vn 0.2332 0.9724 -0.0047
vn 0.2114 0.8407 0.4986
vn 0.5362 0.7239 0.4341
vn 0.6140 0.7893 -0.0094
vn 0.5575 0.7416 -0.3731
vn 0.4895 0.6746 -0.5525
vn 0.2088 0.7506 -0.6269
vn 0.9486 0.1818 -0.2589
vn 0.9832 0.1706 0.0645
vn 0.9679 -0.1309 -0.2144
vn 0.9842 -0.1492 0.0957
vn 0.7191 0.4598 -0.5211
vn 0.8258 0.4724 -0.3080
vn 0.8791 0.4760 0.0239
vn 0.8171 0.4050 0.4103
vn 0.8813 0.1551 0.4463
vn 0.8704 -0.1617 0.4650
vn 0.7756 -0.4470 0.4457
vn 0.8474 -0.5145 0.1312
vn 0.8444 -0.5089 -0.1672
vn 0.7820 -0.4824 -0.3947
vn 0.8583 -0.1214 -0.4987
vn 0.8209 0.2013 -0.5345
vn 0.1806 -0.9804 -0.0786
vn 0.1607 -0.9818 -0.1015
vn 0.1488 -0.9784 0.1435
vn 0.5095 -0.7887 -0.3441
vn 0.5440 -0.8308 -0.1171
vn 0.5063 -0.8464 0.1648
vn 0.4448 -0.7758 0.4475
vn 0.1542 -0.8626 0.4818
vn 0.1482 -0.9172 -0.3698
vn 0.3082 0.2745 -0.9109
vn 0.3445 -0.1614 -0.9248
vn 0.2408 0.5577 -0.7943
vn 0.4461 0.4620 -0.7665
vn 0.5707 0.2336 -0.7872
vn 0.6232 -0.1271 -0.7717
vn 0.5828 -0.4680 -0.6643
vn 0.2684 -0.6184 -0.7387
vn 0.1782 0.1347 0.9747
vn 0.1652 -0.1814 0.9694
vn 0.5146 0.4458 0.7324
vn 0.1947 0.4736 0.8589
vn 0.1626 -0.5423 0.8243
vn 0.4611 -0.5075 0.7279
vn 0.5466 -0.1746 0.8190
vn 0.5630 0.1438 0.8139
vn -0.6237 -0.6944 -0.3588
vn 0.3359 0.9215 0.1952
vn 0.2982 -0.9506 0.0858
vn 0.2350 -0.9519 -0.1967
vn 0.8556 -0.4698 -0.2174
vn 0.8924 0.4337 -0.1248
vn 0.3019 0.9504 -0.0746
vn 0.2062 -0.9749 -0.0842
vn 0.9464 -0.3104 -0.0890
vn 0.9675 0.2238 0.1177
vn 0.3700 0.9280 -0.0430
vn 0.6992 0.4375 0.5654
vn 0.2595 0.8314 0.4913
vn 0.5305 -0.0954 0.8423
vn 0.0545 -0.8361 0.5459
vn 0.7626 0.6467 0.0160
vn 0.9463 -0.2830 0.1562
vn 0.8818 0.4627 -0.0913
vn 0.3331 -0.9396 0.0785
vn -0.2357 -0.5089 -0.8279
vn 0.9931 0.0758 -0.0896
vn 0.8645 -0.3028 0.4011
vn -0.8997 -0.3991 -0.1771
vn -0.0082 0.9855 -0.1694
vn 0.8050 0.5474 0.2289
vn -0.8432 0.3735 -0.3868
vn 0.0689 -0.9953 0.0677
vn 0.8918 0.4514 0.0321
vn -0.8176 0.3435 -0.4621
vn -0.0044 -0.9319 0.3626
vn 0.9005 -0.2618 0.3472
vn -0.8742 -0.4654 -0.1388
vn -0.0006 0.9128 -0.4084
vn 0.5223 0.1228 0.8439
vn -0.9782 -0.1380 0.1553
vn -0.4984 0.8574 0.1282
vn 0.2525 0.4728 0.8442
vn -0.6769 -0.1691 -0.7164
vn -0.1520 -0.4964 0.8547
vn 0.7897 0.5898 0.1688
vn 0.0041 -0.9151 0.4032
vn 0.8248 -0.0472 0.5635
vn -0.1272 0.9343 -0.3331
vn -0.9926 -0.1203 0.0137
vn -0.3155 0.8192 -0.4789
vn 0.9811 0.0191 -0.1927
vn -0.9852 0.1166 -0.1256
vn -0.1567 -0.9764 0.1484
vn 0.9751 -0.2177 -0.0427
vn -0.1340 0.7304 -0.6698
vn 0.9828 -0.0135 -0.1844
vn -0.5311 -0.6862 0.4970
vn -0.5918 -0.7668 0.2485
vn -0.0032 -0.7197 -0.6942
vn 0.9874 0.1192 0.1040
vn -0.0549 0.7493 -0.6599
vn -0.9371 -0.3170 -0.1458
vn 0.2226 -0.1195 0.9676
vn 0.5591 0.6305 0.5384
vn 0.0175 -0.3545 0.9349
vn 0.4849 -0.0531 0.8730
vn -0.5312 -0.4697 -0.7051
vn -0.4954 -0.0715 -0.8657
vn 0.0356 -0.9923 0.1189
vn -0.9409 0.0549 -0.3341
vn 0.6526 0.7490 0.1146
vn 0.3165 0.9477 -0.0420
vn -0.9150 -0.3481 -0.2039
vn 0.8747 -0.3122 0.3708
vn -0.0281 0.9643 -0.2634
vn -0.8754 -0.4600 -0.1487
vn 0.8628 -0.2574 0.4351
vn -0.0373 -0.9455 0.3234
vn -0.7924 0.3701 -0.4849
vn 0.8236 0.5492 0.1418
vn 0.3792 0.9139 0.1452
vn 0.9944 0.0497 -0.0932
vn 0.4565 -0.8214 -0.3421
vn -0.5081 -0.7992 -0.3211
vn -0.5199 -0.7662 -0.3778
vn 1.0000 -0.0029 -0.0049
vn -0.9858 0.1449 0.0844
vn 0.9973 0.0258 -0.0693
vn -0.9721 -0.2019 -0.1192
vn 0.9990 -0.0160 0.0419
vn 0.4186 0.9082 -0.0006
vn 0.4706 -0.8113 -0.3470
vn -0.4815 -0.2451 0.8415
vn -0.5697 -0.0672 0.8191
vn -0.3716 -0.1642 0.9138
vn 0.4637 -0.8648 -0.1926
vn 0.4476 0.7851 0.4281
vn 0.0608 0.8364 -0.5448
vn -0.5007 -0.7597 -0.4148
vn 0.9455 -0.0971 0.3108
vn -0.9992 0.0138 -0.0370
vn -0.9999 0.0035 -0.0095
vn 0.4993 0.8293 0.2511
vn 0.5408 -0.7860 -0.2995
vn -0.6168 0.7465 0.2494
vn -0.4989 -0.8182 -0.2857
vn -0.4760 -0.8284 -0.2952
vn -0.4973 0.7735 0.3929
vn 0.4749 -0.7645 -0.4359
vn 0.4937 0.8174 0.2967
vn -1.0000 -0.0002 0.0007
vn 0.9981 0.0163 -0.0598
vn -0.3171 -0.5543 -0.7695
vn 0.2519 -0.9634 0.0916
vn 0.3671 0.7797 0.5072
vn 0.3346 0.8344 0.4381
vn 0.2419 -0.9686 -0.0574
vn 0.8749 -0.1044 0.4729
vn 0.0011 0.6663 -0.7457
vn -0.0062 0.7214 -0.6925
vn -0.0832 0.6836 -0.7251
vn 0.4571 -0.8426 -0.2849
vn 0.4473 0.8715 0.2012
vn -0.4963 0.8481 0.1855
vn -0.4987 -0.8227 -0.2728
vn 0.9991 0.0306 -0.0293
vn 0.9980 0.0173 -0.0608
vn -1.0000 0.0001 0.0008
vn 0.5268 0.7665 0.3674
vn 0.4753 -0.7330 -0.4866
vn -0.5122 0.7322 0.4490
vn -0.5108 -0.7793 -0.3629
vn 0.9980 0.0170 -0.0611
vn -1.0000 -0.0000 0.0008
vn 0.5418 0.7806 0.3116
vn 0.4685 -0.7421 -0.4794
vn -0.5260 0.8290 0.1899
vn -0.5038 -0.8018 -0.3215
vn 0.2821 0.9563 0.0765
vn 0.1765 -0.9843 0.0099
vn 0.7489 -0.3356 0.5713
vn 0.9067 -0.0918 0.4116
vn 0.8391 0.5429 0.0335
vn 0.5999 0.7948 0.0921
vn 0.5513 -0.8343 -0.0000
vn -0.2158 0.8929 -0.3952
vn -0.2309 0.9730 -0.0026
vn -0.2114 0.8407 0.4986
vn -0.5934 0.7171 0.3657
vn -0.6038 0.7971 0.0039
vn -0.5368 0.7678 -0.3497
vn -0.4895 0.6746 -0.5525
vn -0.2088 0.7506 -0.6269
vn -0.9488 0.1900 -0.2522
vn -0.9829 0.1719 0.0657
vn -0.9669 -0.1341 -0.2169
vn -0.9843 -0.1466 0.0981
vn -0.7198 0.4412 -0.5359
vn -0.8218 0.4872 -0.2955
vn -0.8739 0.4848 0.0339
vn -0.8171 0.4050 0.4103
vn -0.8793 0.1584 0.4492
vn -0.8717 -0.1659 0.4611
vn -0.7717 -0.4987 0.3948
vn -0.8452 -0.5193 0.1267
vn -0.8441 -0.5094 -0.1677
vn -0.7820 -0.4824 -0.3947
vn -0.8572 -0.1236 -0.4999
vn -0.8229 0.2097 -0.5281
vn -0.1607 -0.9818 -0.1015
vn -0.1806 -0.9804 -0.0786
vn -0.1564 -0.9765 0.1485
vn -0.4800 -0.7943 -0.3725
vn -0.5169 -0.8425 -0.1518
vn -0.4664 -0.8756 0.1262
vn -0.4448 -0.7758 0.4475
vn -0.1542 -0.8626 0.4818
vn -0.2261 -0.9220 -0.3144
vn -0.3148 0.2794 -0.9071
vn -0.3250 -0.1799 -0.9284
vn -0.2669 0.5681 -0.7785
vn -0.4934 0.5045 -0.7086
vn -0.5804 0.2495 -0.7751
vn -0.6137 -0.1420 -0.7766
vn -0.5175 -0.5489 -0.6564
vn -0.2683 -0.6184 -0.7387
vn -0.1733 0.1395 0.9749
vn -0.1703 -0.1865 0.9676
vn -0.5492 0.4099 0.7283
vn -0.1876 0.4801 0.8569
vn -0.1626 -0.5423 0.8243
vn -0.4611 -0.5075 0.7279
vn -0.5518 -0.1809 0.8141
vn -0.5611 0.1458 0.8148
vn -0.3019 0.9397 0.1606
vn -0.3528 -0.9331 -0.0688
vn -0.3173 -0.9287 -0.1919
vn -0.9390 -0.3203 -0.1250
vn -0.8544 0.4861 -0.1834
vn -0.2316 0.9686 -0.0906
vn -0.3506 -0.9331 -0.0803
vn -0.9835 -0.1675 -0.0681
vn -0.9475 0.3183 0.0311
vn -0.2164 0.9712 -0.0996
vn -0.6454 0.3756 0.6651
vn -0.2710 0.8286 0.4898
vn -0.4097 -0.2714 0.8709
vn -0.0337 -0.8269 0.5613
vn -0.7656 0.6426 0.0305
vn -0.8611 -0.4346 0.2637
vn 0.3305 0.9120 0.2431
vn -0.5189 -0.8495 -0.0954
vn 0.6792 -0.1229 -0.7236
vn -0.8068 0.3889 -0.4449
vn -0.8879 -0.4215 0.1846
vn 0.9092 -0.2769 -0.3110
vn -0.0091 0.9818 0.1899
vn -0.8159 0.3976 0.4199
vn 0.8550 0.4985 -0.1427
vn -0.0529 -0.9410 -0.3344
vn -0.8819 0.3728 0.2884
vn 0.8410 0.4484 -0.3026
vn -0.0150 -0.9896 -0.1430
vn -0.8964 -0.3888 0.2127
vn 0.8594 -0.3323 -0.3885
vn -0.0002 0.9955 0.0942
vn -0.4861 -0.3122 0.8162
vn 0.9810 -0.1923 0.0246
vn 0.5180 0.6845 0.5130
vn -0.6106 0.4053 0.6803
vn 0.6448 0.2097 -0.7350
vn 0.5358 -0.6394 0.5514
vn -0.7898 0.1075 0.6038
vn -0.0039 -0.9949 -0.1011
vn -0.8665 -0.1955 0.4592
vn 0.2583 0.9634 -0.0722
vn 0.9902 -0.1070 -0.0903
vn 0.6860 0.7115 -0.1521
vn -0.9875 0.1073 -0.1156
vn 0.9655 0.2545 -0.0551
vn 0.1455 -0.9217 -0.3596
vn -0.9888 -0.0677 -0.1331
vn 0.1200 0.9664 -0.2273
vn -0.9894 0.0749 -0.1244
vn 0.5296 -0.8482 0.0118
vn 0.5459 -0.8075 -0.2234
vn 0.2122 0.0117 -0.9772
vn -0.9803 0.0479 0.1918
vn 0.0416 0.9777 -0.2059
vn 0.9249 -0.1995 -0.3235
vn -0.2293 -0.1495 0.9618
vn -0.5591 0.6305 0.5384
vn -0.0323 -0.3760 0.9260
vn -0.4544 -0.0735 0.8878
vn 0.4783 -0.0471 -0.8769
vn 0.5886 0.2000 -0.7833
vn -0.0499 -0.9392 -0.3396
vn 0.8809 0.4604 -0.1101
vn -0.8115 0.3698 0.4524
vn -0.0279 0.9795 0.1996
vn 0.9174 -0.2301 -0.3248
vn -0.8808 -0.4365 0.1835
vn 0.0207 0.9814 0.1909
vn 0.8608 -0.3254 -0.3912
vn -0.8912 -0.3994 0.2151
vn -0.0464 -0.9617 -0.2701
vn 0.7746 0.5432 -0.3241
vn -0.8231 0.4203 0.3819
vn -0.5880 0.4319 -0.6839
vn -0.9944 -0.0720 -0.0780
vn -0.4937 -0.6397 0.5891
vn 0.6972 -0.4672 0.5437
vn 0.6540 -0.3057 0.6920
vn 0.4380 0.4145 -0.7977
vn -0.5071 0.8415 0.1862
vn -0.9957 0.0501 -0.0781
vn 0.9852 -0.1436 0.0935
vn -0.9992 0.0233 0.0312
vn -0.5942 0.5706 -0.5669
vn -0.3708 -0.6076 0.7023
vn 0.6505 0.3344 0.6819
vn 0.5335 0.0469 0.8445
vn 0.5351 0.2756 0.7985
vn -0.3091 -0.7095 0.6333
vn -0.5837 0.7984 -0.1475
vn -0.0540 0.8367 -0.5450
vn 0.7517 -0.5576 0.3521
vn -0.9660 0.0068 0.2584
vn 0.9995 0.0208 -0.0227
vn 0.9996 0.0158 -0.0246
vn -0.4986 0.7667 0.4044
vn -0.5000 -0.7218 -0.4786
vn 0.4999 0.7400 0.4500
vn 0.5000 -0.7277 -0.4695
vn 0.5100 -0.7903 -0.3395
vn 0.6094 0.7047 0.3635
vn -0.5009 -0.7426 -0.4445
vn -0.5440 0.5991 0.5874
vn 1.0000 -0.0005 0.0008
vn -0.9973 0.0366 -0.0637
vn -0.2045 -0.6400 -0.7407
vn -0.0109 -0.4602 0.8878
vn -0.2618 0.9642 0.0425
vn -0.2932 0.8465 0.4444
vn -0.2528 -0.9624 0.0991
vn -0.8901 -0.0724 0.4499
vn -0.0006 0.7215 -0.6924
vn 0.0405 0.6760 -0.7358
vn 0.0053 0.6957 -0.7183
vn -0.4910 -0.7556 -0.4335
vn -0.4811 0.7881 0.3840
vn 0.4826 0.7875 0.3834
vn 0.4972 -0.7526 -0.4318
vn -0.9995 0.0215 -0.0222
vn -0.9906 -0.0430 -0.1298
vn 1.0000 0.0005 0.0007
vn 0.2321 -0.5008 -0.8338
vn -0.4649 -0.5911 0.6592
vn -0.1988 -0.5132 -0.8349
vn 0.3999 -0.5160 0.7575
vn -0.9797 0.0496 -0.1943
vn 1.0000 -0.0001 0.0019
vn 0.1881 -0.1285 -0.9737
vn -0.4693 -0.7257 0.5032
vn 0.2964 0.7566 -0.5828
vn 0.4063 -0.8467 0.3435
vn -0.2691 0.9600 0.0768
vn -0.2680 -0.9588 -0.0945
vn -0.9004 -0.0695 0.4295
vn -0.7415 -0.3448 0.5755
vn -0.8391 0.5429 0.0335
vn -0.5488 0.8323 0.0777
vn -0.5513 -0.8343 -0.0000
vn -0.9867 0.1604 0.0268
vn 0.8702 -0.2068 -0.4473
vn -0.7254 0.6877 -0.0284
vn 0.2497 0.6304 -0.7350
vt 0.500000 0.375000
vt 0.437500 0.437500
vt 0.437500 0.375000
vt 0.562500 0.437500
vt 0.500000 0.437500
vt 0.625000 0.375000
vt 0.562500 0.375000
vt 0.625000 0.500000
vt 0.562500 0.500000
vt 0.500000 0.500000
vt 0.437500 0.500000
vt 0.375000 0.500000
vt 0.375000 0.437500
vt 0.375000 0.375000
vt 0.437500 0.562500
vt 0.500000 0.625000
vt 0.437500 0.625000
vt 0.500000 0.562500
vt 0.562500 0.625000
vt 0.500000 0.687500
vt 0.437500 0.687500
vt 0.562500 0.687500
vt 0.375000 0.562500
vt 0.562500 0.562500
vt 0.625000 0.625000
vt 0.625000 0.687500
vt 0.625000 0.750000
vt 0.562500 0.750000
vt 0.500000 0.750000
vt 0.437500 0.750000
vt 0.375000 0.750000
vt 0.375000 0.687500
vt 0.375000 0.625000
vt 0.500000 0.875000
vt 0.468750 0.875000
vt 0.437500 0.875000
vt 0.500000 0.812500
vt 0.562500 0.875000
vt 0.437500 0.812500
vt 0.375000 0.812500
vt 0.562500 0.812500
vt 0.625000 0.812500
vt 0.375000 0.875000
vt 0.250000 0.562500
vt 0.312500 0.625000
vt 0.250000 0.625000
vt 0.312500 0.687500
vt 0.250000 0.687500
vt 0.250000 0.500000
vt 0.312500 0.562500
vt 0.312500 0.500000
vt 0.312500 0.750000
vt 0.250000 0.750000
vt 0.687500 0.562500
vt 0.750000 0.625000
vt 0.687500 0.625000
vt 0.750000 0.687500
vt 0.687500 0.687500
vt 0.625000 0.562500
vt 0.687500 0.500000
vt 0.750000 0.562500
vt 0.687500 0.750000
vt 1.000000 0.500000
vt 0.833333 1.000000
vt 0.833333 0.500000
vt 0.666667 1.000000
vt 0.666667 0.500000
vt 0.500000 1.000000
vt 0.500000 0.500000
vt 0.333333 0.500000
vt 0.042154 0.130000
vt 0.250000 0.010000
vt 0.457846 0.130000
vt 0.333333 1.000000
vt 0.166667 0.500000
vt 0.166667 1.000000
vt -0.000000 0.500000
vt 0.542154 0.130000
vt 0.542154 0.370000
vt 0.957846 0.370000
vt 1.000000 0.828637
vt 0.875000 1.000000
vt 0.875000 0.828637
vt 0.625000 0.828637
vt 0.500000 1.000000
vt 0.500000 0.828637
vt 0.625000 0.645722
vt 0.500000 0.500000
vt 0.750000 0.500000
vt 0.875000 0.645722
vt 0.875000 0.500000
vt 0.500000 0.645722
vt 0.750000 0.828637
vt 0.750000 0.645722
vt 1.000000 0.645722
vt 0.750000 1.000000
vt 1.000000 1.000000
vt 0.625000 1.000000
vt 0.749520 0.964446
vt 0.653402 0.965669
vt 0.844587 0.863513
vt 0.844268 0.965118
vt 0.647775 0.863148
vt 0.750840 0.864057
vt 0.749520 0.964446
vt 0.750840 0.864057
vt 0.647775 0.863149
vt 0.844587 0.863513
vt 0.844267 0.965117
vt 0.653402 0.965669
vt 0.749520 0.964446
vt 0.844268 0.965117
vt 0.750840 0.864057
vt 0.653402 0.965669
vt 0.844587 0.863513
vt 0.000000 0.000000
vt 0.833333 0.500000
vt -0.000000 1.000000
vt 0.500000 0.500000
vt 0.500000 0.500000
vt 0.166667 0.500000
vt -0.000000 0.500000
vt 0.833333 0.500000
vt 0.042154 0.370000
vt 0.457846 0.370000
vt 0.750000 0.010000
vt 0.333333 0.500000
vt 0.457846 0.250000
vt 0.625000 0.437500
vt 0.750000 0.500000
vt 0.957846 0.130000
vt 0.250000 0.490000
vt 0.625000 0.875000
vt 0.750000 0.750000
vt 0.250000 0.490000
vt 0.750000 0.490000
vt 0.750000 0.490000
s 0
f 26/1/1 28/2/1 25/3/1
f 26/1/2 30/4/2 29/5/2
f 7/6/3 30/4/3 27/7/3
f 30/4/4 4/8/4 9/9/4
f 29/5/5 9/9/5 10/10/5
f 28/2/6 10/10/6 11/11/6
f 28/2/7 3/12/7 5/13/7
f 25/3/8 5/13/8 6/14/8
f 31/15/9 35/16/9 34/17/9
f 32/18/10 36/19/10 35/16/10
f 34/17/11 38/20/11 37/21/11
f 35/16/12 39/22/12 38/20/12
f 3/12/13 31/15/13 14/23/13
f 11/11/14 32/18/14 31/15/14
f 10/10/15 33/24/15 32/18/15
f 4/8/16 33/24/16 9/9/16
f 33/24/17 16/25/17 36/19/17
f 36/19/18 17/26/18 39/22/18
f 39/22/19 2/27/19 18/28/19
f 38/20/20 18/28/20 19/29/20
f 37/21/21 19/29/21 20/30/21
f 37/21/22 1/31/22 12/32/22
f 13/33/23 37/21/23 12/32/23
f 14/23/24 34/17/24 13/33/24
f 44/34/25 58/35/25 43/36/25
f 41/37/26 45/38/26 44/34/26
f 1/31/27 40/39/27 22/40/27
f 20/30/28 41/37/28 40/39/28
f 19/29/29 42/41/29 41/37/29
f 2/27/30 42/41/30 18/28/30
f 23/42/31 45/38/31 42/41/31
f 22/40/32 43/36/32 21/43/32
f 46/44/33 49/45/33 48/46/33
f 48/46/34 51/47/34 50/48/34
f 6/49/35 47/50/35 46/44/35
f 5/51/36 14/23/36 47/50/36
f 47/50/37 13/33/37 49/45/37
f 49/45/38 12/32/38 51/47/38
f 51/47/39 1/31/39 22/52/39
f 51/47/40 21/53/40 50/48/40
f 52/54/41 55/55/41 54/56/41
f 54/56/42 57/57/42 56/58/42
f 4/8/43 52/54/43 15/59/43
f 8/60/44 53/61/44 52/54/44
f 57/57/45 23/62/45 56/58/45
f 56/58/46 2/27/46 17/26/46
f 16/25/47 56/58/47 17/26/47
f 15/59/48 54/56/48 16/25/48
f 59/63/49 62/64/49 61/65/49
f 61/65/50 64/66/50 63/67/50
f 63/67/51 66/68/51 65/69/51
f 66/68/52 67/70/52 65/69/52
f 68/71/53 66/72/53 64/73/53
f 68/74/54 69/75/54 67/70/54
f 70/76/55 59/77/55 69/75/55
f 67/78/56 69/79/56 61/80/56
f 86/81/57 97/82/57 99/83/57
f 100/84/58 80/85/58 90/86/58
f 84/87/59 79/88/59 77/8/59
f 75/89/60 84/87/60 77/8/60
f 82/90/61 75/89/61 73/91/61
f 71/63/62 82/90/62 73/91/62
f 100/84/63 85/92/63 84/87/63
f 101/93/64 84/87/64 83/94/64
f 99/83/65 83/94/65 82/90/65
f 81/95/66 99/83/66 82/90/66
f 97/82/67 93/96/67 96/96/67
f 72/97/68 92/82/68 97/82/68
f 98/98/69 93/96/69 94/98/69
f 80/85/70 94/98/70 95/85/70
f 76/99/71 97/82/71 96/96/71
f 78/100/72 96/96/72 98/98/72
f 87/101/73 97/82/73 74/102/73
f 78/100/74 100/84/74 89/103/74
f 89/103/75 101/93/75 88/104/75
f 87/101/76 101/93/76 99/83/76
f 150/105/77 104/100/77 103/99/77
f 151/106/78 107/103/78 152/107/78
f 154/108/79 102/102/79 105/101/79
f 150/105/80 102/102/80 153/109/80
f 151/106/81 105/101/81 106/104/81
f 152/107/82 104/100/82 149/110/82
f 155/111/83 108/102/83 156/112/83
f 158/113/84 111/101/84 112/104/84
f 160/114/85 113/103/85 110/100/85
f 155/111/86 110/100/86 109/99/86
f 158/113/87 113/103/87 159/107/87
f 156/112/88 111/101/88 157/115/88
f 110/100/89 115/99/89 109/99/89
f 112/104/90 133/103/90 113/103/90
f 108/102/91 117/101/91 111/101/91
f 108/102/92 115/99/92 114/102/92
f 111/101/93 118/104/93 112/104/93
f 110/100/94 119/103/94 116/100/94
f 114/102/95 121/99/95 120/102/95
f 117/101/96 124/104/96 118/104/96
f 119/103/97 122/100/97 116/100/97
f 115/99/98 122/100/98 121/99/98
f 119/103/99 124/104/99 125/103/99
f 117/101/100 120/102/100 123/101/100
f 124/104/101 131/103/101 125/103/101
f 123/101/102 126/102/102 129/101/102
f 121/99/103 126/102/103 120/102/103
f 124/104/104 129/101/104 130/104/104
f 125/103/105 128/100/105 122/100/105
f 121/99/106 128/100/106 127/99/106
f 132/104/107 137/103/107 133/103/107
f 118/104/108 132/104/108 112/104/108
f 119/103/109 134/104/109 118/104/109
f 119/103/110 133/103/110 135/103/110
f 139/103/111 141/103/111 143/103/111
f 135/103/112 137/103/112 139/103/112
f 135/103/113 138/104/113 134/104/113
f 134/104/114 136/104/114 132/104/114
f 141/103/115 142/104/115 143/103/115
f 139/103/116 142/104/116 138/104/116
f 138/104/117 140/104/117 136/104/117
f 136/104/118 141/103/118 137/103/118
f 94/98/119 146/96/119 147/98/119
f 91/97/120 145/82/120 92/82/120
f 94/98/121 148/85/121 95/85/121
f 92/82/122 146/96/122 93/96/122
f 128/100/123 130/104/123 127/99/123
f 127/99/124 129/101/124 126/102/124
f 89/103/125 149/110/125 78/100/125
f 88/104/126 154/108/126 151/106/126
f 74/102/127 150/105/127 153/109/127
f 87/101/128 153/109/128 154/108/128
f 88/104/129 152/107/129 89/103/129
f 78/100/130 150/105/130 76/99/130
f 102/102/131 157/115/131 105/101/131
f 106/104/132 159/107/132 107/103/132
f 103/99/133 160/114/133 155/111/133
f 104/100/134 159/107/134 160/114/134
f 106/104/135 157/115/135 158/113/135
f 103/99/136 156/112/136 102/102/136
f 162/97/137 163/65/137 161/63/137
f 163/65/138 166/66/138 165/67/138
f 165/67/139 168/68/139 167/69/139
f 168/68/140 169/70/140 167/69/140
f 170/74/141 175/68/141 176/74/141
f 368/74/142 369/75/142 416/116/142
f 170/74/143 171/75/143 169/70/143
f 190/67/144 185/65/144 191/117/144
f 177/76/145 182/74/145 183/76/145
f 164/64/146 174/66/146 166/66/146
f 164/64/147 172/97/147 173/64/147
f 166/66/148 175/68/148 168/68/148
f 182/71/149 181/72/149 180/73/149
f 174/66/150 181/68/150 175/68/150
f 173/64/151 178/97/151 179/64/151
f 177/76/152 178/118/152 172/118/152
f 175/68/153 182/74/153 176/74/153
f 173/64/154 180/66/154 174/66/154
f 188/70/155 210/75/155 209/70/155
f 192/75/156 188/70/156 193/70/156
f 191/117/157 184/63/157 194/63/157
f 190/67/158 187/69/158 186/67/158
f 192/75/159 184/77/159 189/75/159
f 193/70/160 187/69/160 195/119/160
f 221/70/161 195/119/161 219/120/161
f 218/121/162 194/122/162 192/75/162
f 217/67/163 195/119/163 190/67/163
f 222/63/164 191/117/164 194/63/164
f 218/121/165 193/70/165 221/70/165
f 220/123/166 190/67/166 191/117/166
f 183/76/167 178/118/167 200/116/167
f 182/116/168 197/116/168 196/116/168
f 181/116/169 198/116/169 197/116/169
f 196/116/170 183/124/170 182/71/170
f 199/116/171 178/116/171 200/116/171
f 199/116/172 201/116/172 179/116/172
f 198/116/173 202/116/173 203/116/173
f 179/125/174 202/73/174 180/73/174
f 206/80/175 208/126/175 210/79/175
f 187/69/176 207/67/176 186/67/176
f 185/65/177 205/63/177 184/63/177
f 189/75/178 205/77/178 210/75/178
f 187/69/179 209/70/179 208/69/179
f 186/67/180 206/65/180 185/65/180
f 163/65/181 214/67/181 211/123/181
f 171/75/182 212/127/182 169/70/182
f 161/63/183 211/123/183 213/63/183
f 165/67/184 216/69/184 214/67/184
f 161/77/185 215/121/185 171/75/185
f 169/70/186 216/69/186 167/69/186
f 211/123/187 217/67/187 220/123/187
f 215/121/165 221/70/165 212/127/165
f 213/63/188 220/123/188 222/63/188
f 214/67/189 219/120/189 217/67/189
f 215/121/190 222/77/190 218/121/190
f 212/127/191 219/120/191 216/69/191
f 204/116/192 73/116/192 201/116/192
f 203/116/193 77/116/193 79/116/193
f 201/125/194 73/125/194 75/128/194
f 145/82/195 225/96/195 146/96/195
f 146/96/196 226/98/196 147/98/196
f 145/82/197 223/97/197 224/82/197
f 147/98/198 227/85/198 148/85/198
f 248/2/199 26/1/199 25/3/199
f 26/1/200 250/4/200 27/7/200
f 250/4/201 7/6/201 27/7/201
f 250/4/202 231/8/202 233/129/202
f 249/5/203 234/9/203 250/4/203
f 248/2/204 235/10/204 249/5/204
f 230/12/205 248/2/205 232/13/205
f 232/13/206 25/3/206 6/14/206
f 251/15/207 255/16/207 252/18/207
f 252/18/208 256/19/208 253/24/208
f 254/17/209 258/20/209 255/16/209
f 255/16/210 259/22/210 256/19/210
f 230/12/211 251/15/211 236/11/211
f 236/11/212 252/18/212 235/10/212
f 235/10/213 253/24/213 234/9/213
f 253/24/214 231/8/214 234/9/214
f 253/24/215 241/25/215 240/59/215
f 256/19/216 242/26/216 241/25/216
f 259/22/217 229/27/217 242/26/217
f 258/20/218 243/28/218 259/22/218
f 257/21/219 244/29/219 258/20/219
f 228/31/220 257/21/220 237/32/220
f 238/33/221 257/21/221 254/17/221
f 239/23/222 254/17/222 251/15/222
f 261/37/223 45/38/223 262/41/223
f 228/31/224 260/39/224 245/30/224
f 245/30/225 261/37/225 244/29/225
f 244/29/226 262/41/226 243/28/226
f 262/41/227 229/27/227 243/28/227
f 45/38/228 247/42/228 262/41/228
f 246/40/229 43/36/229 260/39/229
f 46/44/230 264/45/230 263/50/230
f 48/46/231 265/47/231 264/45/231
f 6/49/232 263/50/232 232/51/232
f 232/51/233 239/23/233 230/12/233
f 263/50/234 238/33/234 239/23/234
f 264/45/235 237/32/235 238/33/235
f 265/47/236 228/31/236 237/32/236
f 21/53/237 265/47/237 50/48/237
f 266/54/238 55/55/238 53/61/238
f 267/56/239 57/57/239 55/55/239
f 231/8/240 266/54/240 233/60/240
f 233/60/241 53/61/241 7/130/241
f 247/62/242 57/57/242 268/58/242
f 229/27/243 268/58/243 242/26/243
f 241/25/244 268/58/244 267/56/244
f 240/59/245 267/56/245 266/54/245
f 269/63/246 272/64/246 270/97/246
f 271/65/247 274/66/247 272/64/247
f 273/67/248 276/68/248 274/66/248
f 277/70/249 276/68/249 275/69/249
f 278/71/250 280/124/250 274/73/250
f 279/75/251 278/74/251 277/70/251
f 269/77/252 280/76/252 279/75/252
f 271/80/253 277/78/253 273/131/253
f 86/81/254 297/82/254 72/97/254
f 300/84/255 80/85/255 298/98/255
f 79/88/256 289/87/256 285/8/256
f 283/89/257 289/87/257 288/94/257
f 283/89/258 287/90/258 281/91/258
f 71/63/259 287/90/259 81/95/259
f 85/92/260 300/84/260 289/87/260
f 289/87/261 301/93/261 288/94/261
f 288/94/262 299/83/262 287/90/262
f 81/95/263 299/83/263 86/81/263
f 294/96/264 297/82/264 296/96/264
f 293/82/265 72/97/265 297/82/265
f 298/98/266 294/96/266 296/96/266
f 80/85/267 295/98/267 298/98/267
f 284/99/268 297/82/268 282/102/268
f 286/100/269 296/96/269 284/99/269
f 297/82/270 290/101/270 282/102/270
f 300/84/271 286/100/271 292/103/271
f 301/93/272 292/103/272 291/104/272
f 290/101/273 301/93/273 291/104/273
f 348/105/274 304/100/274 347/110/274
f 307/103/275 349/106/275 350/107/275
f 352/108/276 302/102/276 351/109/276
f 302/102/277 348/105/277 351/109/277
f 349/106/278 305/101/278 352/108/278
f 304/100/279 350/107/279 347/110/279
f 308/102/280 353/111/280 354/112/280
f 356/113/281 311/101/281 355/115/281
f 358/114/282 313/103/282 357/107/282
f 353/111/283 310/100/283 358/114/283
f 313/103/284 356/113/284 357/107/284
f 311/101/285 354/112/285 355/115/285
f 315/99/286 310/100/286 309/99/286
f 333/103/287 312/104/287 313/103/287
f 317/101/288 308/102/288 311/101/288
f 308/102/289 315/99/289 309/99/289
f 318/104/290 311/101/290 312/104/290
f 310/100/291 319/103/291 313/103/291
f 314/102/292 321/99/292 315/99/292
f 324/104/293 317/101/293 318/104/293
f 322/100/294 319/103/294 316/100/294
f 315/99/295 322/100/295 316/100/295
f 319/103/296 324/104/296 318/104/296
f 317/101/297 320/102/297 314/102/297
f 331/103/298 324/104/298 325/103/298
f 323/101/299 326/102/299 320/102/299
f 326/102/300 321/99/300 320/102/300
f 324/104/301 329/101/301 323/101/301
f 328/100/302 325/103/302 322/100/302
f 321/99/303 328/100/303 322/100/303
f 337/103/304 332/104/304 333/103/304
f 332/104/305 318/104/305 312/104/305
f 334/104/306 319/103/306 318/104/306
f 319/103/307 333/103/307 313/103/307
f 339/103/308 341/103/308 337/103/308
f 335/103/309 337/103/309 333/103/309
f 338/104/310 335/103/310 334/104/310
f 336/104/311 334/104/311 332/104/311
f 341/103/312 342/104/312 340/104/312
f 342/104/313 339/103/313 338/104/313
f 340/104/314 338/104/314 336/104/314
f 341/103/315 336/104/315 337/103/315
f 295/98/316 345/96/316 294/96/316
f 344/82/317 91/97/317 293/82/317
f 148/85/318 295/98/318 95/85/318
f 345/96/319 293/82/319 294/96/319
f 328/100/320 330/104/320 331/103/320
f 327/99/321 329/101/321 330/104/321
f 347/110/322 292/103/322 286/100/322
f 291/104/323 352/108/323 290/101/323
f 282/102/324 348/105/324 284/99/324
f 290/101/325 351/109/325 282/102/325
f 350/107/326 291/104/326 292/103/326
f 348/105/327 286/100/327 284/99/327
f 355/115/328 302/102/328 305/101/328
f 357/107/329 306/104/329 307/103/329
f 303/99/330 358/114/330 304/100/330
f 304/100/331 357/107/331 307/103/331
f 306/104/332 355/115/332 305/101/332
f 354/112/333 303/99/333 302/102/333
f 361/65/334 360/97/334 359/63/334
f 361/65/335 364/66/335 362/64/335
f 363/67/336 366/68/336 364/66/336
f 367/70/337 366/68/337 365/69/337
f 368/74/338 373/68/338 366/68/338
f 416/116/339 359/63/339 360/97/339
f 162/97/340 171/75/340 415/116/340
f 381/65/341 386/67/341 387/117/341
f 177/76/342 379/74/342 374/74/342
f 372/66/343 362/64/343 364/66/343
f 362/64/344 370/97/344 360/97/344
f 373/68/345 364/66/345 366/68/345
f 379/71/346 183/124/346 375/132/346
f 378/68/347 372/66/347 373/68/347
f 371/64/348 375/97/348 370/97/348
f 375/118/349 177/76/349 370/118/349
f 379/74/350 373/68/350 374/74/350
f 377/66/351 371/64/351 372/66/351
f 384/70/352 399/75/352 385/75/352
f 384/70/353 388/75/353 389/70/353
f 380/63/354 387/117/354 390/63/354
f 386/67/355 383/69/355 391/119/355
f 388/75/356 380/77/356 390/122/356
f 383/69/357 389/70/357 391/119/357
f 391/119/358 410/70/358 408/120/358
f 407/121/359 390/122/359 411/77/359
f 406/67/360 391/119/360 408/120/360
f 411/63/361 387/117/361 409/123/361
f 389/70/362 407/121/362 410/70/362
f 409/123/363 386/67/363 406/67/363
f 183/76/364 200/116/364 375/118/364
f 197/116/365 379/116/365 196/116/365
f 198/116/366 378/116/366 197/116/366
f 196/116/367 379/71/367 183/124/367
f 199/116/368 375/116/368 376/116/368
f 392/116/369 199/116/369 376/116/369
f 198/116/370 393/116/370 377/116/370
f 393/73/371 376/125/371 377/73/371
f 399/79/372 397/126/372 395/80/372
f 396/67/373 383/69/373 382/67/373
f 394/63/374 381/65/374 380/63/374
f 385/75/375 394/77/375 380/77/375
f 383/69/376 398/70/376 384/70/376
f 395/65/377 382/67/377 381/65/377
f 361/65/378 403/67/378 363/67/378
f 401/127/379 369/75/379 367/70/379
f 359/63/380 400/123/380 361/65/380
f 363/67/381 405/69/381 365/69/381
f 404/121/382 359/77/382 369/75/382
f 405/69/383 367/70/383 365/69/383
f 400/123/384 406/67/384 403/67/384
f 410/70/385 404/121/385 401/127/385
f 402/63/386 409/123/386 400/123/386
f 403/67/387 408/120/387 405/69/387
f 404/121/388 411/77/388 402/77/388
f 408/120/389 401/127/389 405/69/389
f 281/116/390 204/116/390 392/116/390
f 203/116/391 285/116/391 393/116/391
f 283/128/392 281/125/392 392/125/392
f 413/96/393 344/82/393 345/96/393
f 414/98/394 345/96/394 346/98/394
f 344/82/395 223/97/395 144/97/395
f 227/85/396 346/98/396 148/85/396
f 415/116/397 176/74/397 177/76/397
f 416/116/398 374/74/398 368/74/398
f 172/118/399 415/116/399 177/76/399
f 416/116/400 370/118/400 177/76/400
f 26/1/401 29/5/401 28/2/401
f 26/1/402 27/7/402 30/4/402
f 7/6/403 8/129/403 30/4/403
f 30/4/404 8/129/404 4/8/404
f 29/5/405 30/4/405 9/9/405
f 28/2/406 29/5/406 10/10/406
f 28/2/407 11/11/407 3/12/407
f 25/3/408 28/2/408 5/13/408
f 31/15/409 32/18/409 35/16/409
f 32/18/410 33/24/410 36/19/410
f 34/17/411 35/16/411 38/20/411
f 35/16/412 36/19/412 39/22/412
f 3/12/413 11/11/413 31/15/413
f 11/11/414 10/10/414 32/18/414
f 10/10/415 9/9/415 33/24/415
f 4/8/416 15/59/416 33/24/416
f 33/24/417 15/59/417 16/25/417
f 36/19/418 16/25/418 17/26/418
f 39/22/419 17/26/419 2/27/419
f 38/20/420 39/22/420 18/28/420
f 37/21/421 38/20/421 19/29/421
f 37/21/422 20/30/422 1/31/422
f 13/33/423 34/17/423 37/21/423
f 14/23/424 31/15/424 34/17/424
f 43/36/425 40/39/425 44/34/425
f 40/39/426 41/37/426 44/34/426
f 41/37/427 42/41/427 45/38/427
f 1/31/428 20/30/428 40/39/428
f 20/30/429 19/29/429 41/37/429
f 19/29/430 18/28/430 42/41/430
f 2/27/431 23/42/431 42/41/431
f 23/42/432 24/133/432 45/38/432
f 22/40/433 40/39/433 43/36/433
f 46/44/434 47/50/434 49/45/434
f 48/46/435 49/45/435 51/47/435
f 6/49/436 5/51/436 47/50/436
f 5/51/437 3/12/437 14/23/437
f 47/50/438 14/23/438 13/33/438
f 49/45/439 13/33/439 12/32/439
f 51/47/440 12/32/440 1/31/440
f 51/47/441 22/52/441 21/53/441
f 52/54/442 53/61/442 55/55/442
f 54/56/443 55/55/443 57/57/443
f 4/8/444 8/60/444 52/54/444
f 8/60/445 7/130/445 53/61/445
f 57/57/446 24/134/446 23/62/446
f 56/58/447 23/62/447 2/27/447
f 16/25/448 54/56/448 56/58/448
f 15/59/449 52/54/449 54/56/449
f 59/63/49 60/97/49 62/64/49
f 61/65/50 62/64/50 64/66/50
f 63/67/51 64/66/51 66/68/51
f 66/68/450 68/74/450 67/70/450
f 64/73/53 62/125/53 68/71/53
f 62/125/53 60/135/53 70/124/53
f 68/71/53 62/125/53 70/124/53
f 68/74/54 70/76/54 69/75/54
f 70/76/55 60/118/55 59/77/55
f 69/79/56 59/136/56 61/80/56
f 61/80/56 63/131/56 67/78/56
f 63/131/56 65/126/56 67/78/56
f 86/81/451 72/97/451 97/82/451
f 100/84/452 98/98/452 80/85/452
f 84/87/453 85/92/453 79/88/453
f 75/89/454 83/94/454 84/87/454
f 82/90/455 83/94/455 75/89/455
f 71/63/456 81/95/456 82/90/456
f 100/84/457 90/86/457 85/92/457
f 101/93/458 100/84/458 84/87/458
f 99/83/459 101/93/459 83/94/459
f 81/95/460 86/81/460 99/83/460
f 97/82/461 92/82/461 93/96/461
f 72/97/462 91/97/462 92/82/462
f 98/98/463 96/96/463 93/96/463
f 80/85/464 98/98/464 94/98/464
f 76/99/465 74/102/465 97/82/465
f 78/100/466 76/99/466 96/96/466
f 87/101/467 99/83/467 97/82/467
f 78/100/468 98/98/468 100/84/468
f 89/103/469 100/84/469 101/93/469
f 87/101/470 88/104/470 101/93/470
f 150/105/471 149/110/471 104/100/471
f 151/106/472 106/104/472 107/103/472
f 154/108/473 153/109/473 102/102/473
f 150/105/474 103/99/474 102/102/474
f 151/106/475 154/108/475 105/101/475
f 152/107/476 107/103/476 104/100/476
f 155/111/477 109/99/477 108/102/477
f 158/113/478 157/115/478 111/101/478
f 160/114/479 159/107/479 113/103/479
f 155/111/480 160/114/480 110/100/480
f 158/113/481 112/104/481 113/103/481
f 156/112/482 108/102/482 111/101/482
f 110/100/483 116/100/483 115/99/483
f 112/104/484 132/104/484 133/103/484
f 108/102/485 114/102/485 117/101/485
f 108/102/486 109/99/486 115/99/486
f 111/101/487 117/101/487 118/104/487
f 110/100/488 113/103/488 119/103/488
f 114/102/489 115/99/489 121/99/489
f 117/101/96 123/101/96 124/104/96
f 119/103/490 125/103/490 122/100/490
f 115/99/491 116/100/491 122/100/491
f 119/103/99 118/104/99 124/104/99
f 117/101/492 114/102/492 120/102/492
f 124/104/493 130/104/493 131/103/493
f 123/101/494 120/102/494 126/102/494
f 121/99/495 127/99/495 126/102/495
f 124/104/496 123/101/496 129/101/496
f 125/103/497 131/103/497 128/100/497
f 121/99/498 122/100/498 128/100/498
f 132/104/107 136/104/107 137/103/107
f 118/104/499 134/104/499 132/104/499
f 119/103/500 135/103/500 134/104/500
f 119/103/501 113/103/501 133/103/501
f 139/103/502 137/103/502 141/103/502
f 135/103/112 133/103/112 137/103/112
f 135/103/113 139/103/113 138/104/113
f 134/104/114 138/104/114 136/104/114
f 141/103/503 140/104/503 142/104/503
f 139/103/504 143/103/504 142/104/504
f 138/104/505 142/104/505 140/104/505
f 136/104/506 140/104/506 141/103/506
f 94/98/507 93/96/507 146/96/507
f 91/97/508 144/97/508 145/82/508
f 94/98/509 147/98/509 148/85/509
f 92/82/510 145/82/510 146/96/510
f 128/100/511 131/103/511 130/104/511
f 127/99/512 130/104/512 129/101/512
f 89/103/513 152/107/513 149/110/513
f 88/104/514 87/101/514 154/108/514
f 74/102/515 76/99/515 150/105/515
f 87/101/516 74/102/516 153/109/516
f 88/104/517 151/106/517 152/107/517
f 78/100/518 149/110/518 150/105/518
f 102/102/519 156/112/519 157/115/519
f 106/104/520 158/113/520 159/107/520
f 103/99/521 104/100/521 160/114/521
f 104/100/522 107/103/522 159/107/522
f 106/104/523 105/101/523 157/115/523
f 103/99/524 155/111/524 156/112/524
f 162/97/525 164/64/525 163/65/525
f 163/65/526 164/64/526 166/66/526
f 165/67/527 166/66/527 168/68/527
f 168/68/528 170/74/528 169/70/528
f 170/74/529 168/68/529 175/68/529
f 368/74/530 367/70/530 369/75/530
f 170/74/531 415/116/531 171/75/531
f 190/67/532 186/67/532 185/65/532
f 177/76/533 176/74/533 182/74/533
f 164/64/534 173/64/534 174/66/534
f 164/64/535 162/97/535 172/97/535
f 166/66/536 174/66/536 175/68/536
f 180/73/537 179/125/537 182/71/537
f 179/125/538 178/132/538 182/71/538
f 178/132/539 183/124/539 182/71/539
f 174/66/540 180/66/540 181/68/540
f 173/64/541 172/97/541 178/97/541
f 177/76/542 183/76/542 178/118/542
f 175/68/543 181/68/543 182/74/543
f 173/64/544 179/64/544 180/66/544
f 188/70/545 189/75/545 210/75/545
f 192/75/546 189/75/546 188/70/546
f 191/117/547 185/65/547 184/63/547
f 190/67/548 195/119/548 187/69/548
f 192/75/549 194/122/549 184/77/549
f 193/70/550 188/70/550 187/69/550
f 221/70/551 193/70/551 195/119/551
f 218/121/552 222/77/552 194/122/552
f 217/67/553 219/120/553 195/119/553
f 222/63/554 220/123/554 191/117/554
f 218/121/555 192/75/555 193/70/555
f 220/123/556 217/67/556 190/67/556
f 182/116/557 181/116/557 197/116/557
f 181/116/558 180/116/558 198/116/558
f 199/116/559 179/116/559 178/116/559
f 199/116/560 204/116/560 201/116/560
f 198/116/561 180/116/561 202/116/561
f 179/125/562 201/125/562 202/73/562
f 210/79/563 205/137/563 206/80/563
f 206/80/564 207/131/564 208/126/564
f 208/126/565 209/78/565 210/79/565
f 187/69/566 208/69/566 207/67/566
f 185/65/567 206/65/567 205/63/567
f 189/75/568 184/77/568 205/77/568
f 187/69/569 188/70/569 209/70/569
f 186/67/570 207/67/570 206/65/570
f 163/65/571 165/67/571 214/67/571
f 171/75/572 215/121/572 212/127/572
f 161/63/573 163/65/573 211/123/573
f 165/67/574 167/69/574 216/69/574
f 161/77/575 213/77/575 215/121/575
f 169/70/576 212/127/576 216/69/576
f 211/123/577 214/67/577 217/67/577
f 215/121/578 218/121/578 221/70/578
f 213/63/579 211/123/579 220/123/579
f 214/67/580 216/69/580 219/120/580
f 215/121/581 213/77/581 222/77/581
f 212/127/582 221/70/582 219/120/582
f 204/116/583 71/116/583 73/116/583
f 203/116/584 202/116/584 77/116/584
f 77/73/585 202/73/585 75/128/585
f 202/73/586 201/125/586 75/128/586
f 145/82/587 224/82/587 225/96/587
f 146/96/196 225/96/196 226/98/196
f 145/82/588 144/97/588 223/97/588
f 147/98/589 226/98/589 227/85/589
f 248/2/590 249/5/590 26/1/590
f 26/1/591 249/5/591 250/4/591
f 250/4/592 233/129/592 7/6/592
f 250/4/593 234/9/593 231/8/593
f 249/5/594 235/10/594 234/9/594
f 248/2/595 236/11/595 235/10/595
f 230/12/596 236/11/596 248/2/596
f 232/13/597 248/2/597 25/3/597
f 251/15/598 254/17/598 255/16/598
f 252/18/599 255/16/599 256/19/599
f 254/17/600 257/21/600 258/20/600
f 255/16/601 258/20/601 259/22/601
f 230/12/602 239/23/602 251/15/602
f 236/11/603 251/15/603 252/18/603
f 235/10/604 252/18/604 253/24/604
f 253/24/605 240/59/605 231/8/605
f 253/24/606 256/19/606 241/25/606
f 256/19/607 259/22/607 242/26/607
f 259/22/608 243/28/608 229/27/608
f 258/20/609 244/29/609 243/28/609
f 257/21/610 245/30/610 244/29/610
f 228/31/611 245/30/611 257/21/611
f 238/33/612 237/32/612 257/21/612
f 239/23/613 238/33/613 254/17/613
f 261/37/614 260/39/614 44/34/614
f 260/39/615 43/36/615 44/34/615
f 261/37/616 44/34/616 45/38/616
f 228/31/617 246/40/617 260/39/617
f 245/30/618 260/39/618 261/37/618
f 244/29/619 261/37/619 262/41/619
f 262/41/620 247/42/620 229/27/620
f 45/38/621 24/133/621 247/42/621
f 246/40/622 21/43/622 43/36/622
f 46/44/623 48/46/623 264/45/623
f 48/46/624 50/48/624 265/47/624
f 6/49/625 46/44/625 263/50/625
f 232/51/626 263/50/626 239/23/626
f 263/50/627 264/45/627 238/33/627
f 264/45/628 265/47/628 237/32/628
f 265/47/629 246/52/629 228/31/629
f 21/53/630 246/52/630 265/47/630
f 266/54/631 267/56/631 55/55/631
f 267/56/632 268/58/632 57/57/632
f 231/8/633 240/59/633 266/54/633
f 233/60/634 266/54/634 53/61/634
f 247/62/635 24/134/635 57/57/635
f 229/27/636 247/62/636 268/58/636
f 241/25/637 242/26/637 268/58/637
f 240/59/638 241/25/638 267/56/638
f 269/63/246 271/65/246 272/64/246
f 271/65/247 273/67/247 274/66/247
f 273/67/248 275/69/248 276/68/248
f 277/70/249 278/74/249 276/68/249
f 270/135/250 272/125/250 280/124/250
f 272/125/250 274/73/250 280/124/250
f 274/73/250 276/72/250 278/71/250
f 279/75/251 280/76/251 278/74/251
f 269/77/252 270/118/252 280/76/252
f 271/80/253 269/136/253 279/79/253
f 279/79/253 277/78/253 271/80/253
f 277/78/253 275/126/253 273/131/253
f 86/81/639 299/83/639 297/82/639
f 300/84/640 90/86/640 80/85/640
f 79/88/641 85/92/641 289/87/641
f 283/89/642 285/8/642 289/87/642
f 283/89/643 288/94/643 287/90/643
f 71/63/644 281/91/644 287/90/644
f 85/92/645 90/86/645 300/84/645
f 289/87/646 300/84/646 301/93/646
f 288/94/647 301/93/647 299/83/647
f 81/95/648 287/90/648 299/83/648
f 294/96/649 293/82/649 297/82/649
f 293/82/650 91/97/650 72/97/650
f 298/98/651 295/98/651 294/96/651
f 80/85/652 95/85/652 295/98/652
f 284/99/653 296/96/653 297/82/653
f 286/100/654 298/98/654 296/96/654
f 297/82/655 299/83/655 290/101/655
f 300/84/656 298/98/656 286/100/656
f 301/93/657 300/84/657 292/103/657
f 290/101/658 299/83/658 301/93/658
f 348/105/659 303/99/659 304/100/659
f 307/103/660 306/104/660 349/106/660
f 352/108/661 305/101/661 302/102/661
f 302/102/662 303/99/662 348/105/662
f 349/106/663 306/104/663 305/101/663
f 304/100/664 307/103/664 350/107/664
f 308/102/665 309/99/665 353/111/665
f 356/113/666 312/104/666 311/101/666
f 358/114/667 310/100/667 313/103/667
f 353/111/668 309/99/668 310/100/668
f 313/103/669 312/104/669 356/113/669
f 311/101/670 308/102/670 354/112/670
f 315/99/671 316/100/671 310/100/671
f 333/103/672 332/104/672 312/104/672
f 317/101/673 314/102/673 308/102/673
f 308/102/674 314/102/674 315/99/674
f 318/104/675 317/101/675 311/101/675
f 310/100/676 316/100/676 319/103/676
f 314/102/677 320/102/677 321/99/677
f 324/104/293 323/101/293 317/101/293
f 322/100/678 325/103/678 319/103/678
f 315/99/679 321/99/679 322/100/679
f 319/103/296 325/103/296 324/104/296
f 317/101/680 323/101/680 320/102/680
f 331/103/681 330/104/681 324/104/681
f 323/101/682 329/101/682 326/102/682
f 326/102/683 327/99/683 321/99/683
f 324/104/684 330/104/684 329/101/684
f 328/100/685 331/103/685 325/103/685
f 321/99/686 327/99/686 328/100/686
f 337/103/304 336/104/304 332/104/304
f 332/104/687 334/104/687 318/104/687
f 334/104/688 335/103/688 319/103/688
f 319/103/689 335/103/689 333/103/689
f 339/103/690 343/103/690 341/103/690
f 335/103/309 339/103/309 337/103/309
f 338/104/310 339/103/310 335/103/310
f 336/104/311 338/104/311 334/104/311
f 341/103/691 343/103/691 342/104/691
f 342/104/692 343/103/692 339/103/692
f 340/104/693 342/104/693 338/104/693
f 341/103/694 340/104/694 336/104/694
f 295/98/695 346/98/695 345/96/695
f 344/82/696 144/97/696 91/97/696
f 148/85/697 346/98/697 295/98/697
f 345/96/698 344/82/698 293/82/698
f 328/100/699 327/99/699 330/104/699
f 327/99/700 326/102/700 329/101/700
f 347/110/701 350/107/701 292/103/701
f 291/104/702 349/106/702 352/108/702
f 282/102/703 351/109/703 348/105/703
f 290/101/704 352/108/704 351/109/704
f 350/107/705 349/106/705 291/104/705
f 348/105/706 347/110/706 286/100/706
f 355/115/707 354/112/707 302/102/707
f 357/107/708 356/113/708 306/104/708
f 303/99/709 353/111/709 358/114/709
f 304/100/710 358/114/710 357/107/710
f 306/104/711 356/113/711 355/115/711
f 354/112/712 353/111/712 303/99/712
f 361/65/713 362/64/713 360/97/713
f 361/65/714 363/67/714 364/66/714
f 363/67/715 365/69/715 366/68/715
f 367/70/716 368/74/716 366/68/716
f 368/74/717 374/74/717 373/68/717
f 416/116/718 369/75/718 359/63/718
f 162/97/719 161/63/719 171/75/719
f 381/65/720 382/67/720 386/67/720
f 177/76/721 183/76/721 379/74/721
f 372/66/722 371/64/722 362/64/722
f 362/64/723 371/64/723 370/97/723
f 373/68/724 372/66/724 364/66/724
f 375/132/725 376/125/725 379/71/725
f 376/125/726 377/73/726 379/71/726
f 377/73/727 378/72/727 379/71/727
f 378/68/728 377/66/728 372/66/728
f 371/64/729 376/64/729 375/97/729
f 375/118/730 183/76/730 177/76/730
f 379/74/731 378/68/731 373/68/731
f 377/66/732 376/64/732 371/64/732
f 384/70/733 398/70/733 399/75/733
f 384/70/734 385/75/734 388/75/734
f 380/63/735 381/65/735 387/117/735
f 386/67/736 382/67/736 383/69/736
f 388/75/737 385/75/737 380/77/737
f 383/69/738 384/70/738 389/70/738
f 391/119/739 389/70/739 410/70/739
f 407/121/740 388/75/740 390/122/740
f 406/67/741 386/67/741 391/119/741
f 411/63/742 390/63/742 387/117/742
f 389/70/743 388/75/743 407/121/743
f 409/123/744 387/117/744 386/67/744
f 197/116/745 378/116/745 379/116/745
f 198/116/746 377/116/746 378/116/746
f 199/116/747 200/116/747 375/116/747
f 392/116/748 204/116/748 199/116/748
f 198/116/749 203/116/749 393/116/749
f 393/73/750 392/125/750 376/125/750
f 395/80/751 394/137/751 399/79/751
f 399/79/752 398/78/752 397/126/752
f 397/126/753 396/131/753 395/80/753
f 396/67/754 397/69/754 383/69/754
f 394/63/755 395/65/755 381/65/755
f 385/75/756 399/75/756 394/77/756
f 383/69/757 397/69/757 398/70/757
f 395/65/758 396/67/758 382/67/758
f 361/65/759 400/123/759 403/67/759
f 401/127/760 404/121/760 369/75/760
f 359/63/761 402/63/761 400/123/761
f 363/67/762 403/67/762 405/69/762
f 404/121/763 402/77/763 359/77/763
f 405/69/764 401/127/764 367/70/764
f 400/123/765 409/123/765 406/67/765
f 410/70/766 407/121/766 404/121/766
f 402/63/767 411/63/767 409/123/767
f 403/67/768 406/67/768 408/120/768
f 404/121/769 407/121/769 411/77/769
f 408/120/770 410/70/770 401/127/770
f 281/116/771 71/116/771 204/116/771
f 203/116/772 79/116/772 285/116/772
f 392/125/773 393/73/773 283/128/773
f 393/73/774 285/73/774 283/128/774
f 413/96/775 412/82/775 344/82/775
f 414/98/394 413/96/394 345/96/394
f 344/82/776 412/82/776 223/97/776
f 227/85/777 414/98/777 346/98/777
f 415/116/778 170/74/778 176/74/778
f 416/116/779 177/76/779 374/74/779
f 172/118/780 162/97/780 415/116/780
f 416/116/781 360/97/781 370/118/781
o shirt1
v -0.000000 0.722430 7.484292
v -0.001780 0.669517 9.812603
v 0.604956 0.590669 7.464298
v 0.887025 0.471580 9.555494
v 0.717658 0.141454 7.412899
v 0.961568 0.112319 9.717635
v 0.588816 -0.245251 7.355372
v 0.869840 -0.229003 9.663729
v -0.000000 -0.403089 7.327446
v 0.000088 -0.547696 9.495201
v -0.000000 0.672344 8.253367
v 0.663752 0.520969 8.257528
v 0.784440 0.073267 8.264554
v 0.629399 -0.296196 8.272446
v -0.000000 -0.435170 8.253367
v 0.002493 0.765909 9.362194
v 0.757711 0.430205 8.864902
v 0.730202 -0.001458 8.770024
v 0.721572 -0.370453 8.975861
v 0.000514 -0.684388 9.147738
v -0.000000 0.587988 9.994320
v 0.435362 0.456929 9.935136
v 0.563403 0.100930 9.938224
v 0.437011 -0.254309 9.950274
v -0.000234 -0.408456 9.765727
v 0.960793 0.116610 9.727636
v 0.726612 0.531248 9.788187
v 0.727843 -0.267735 9.823634
v 0.773678 0.484940 8.813480
v 0.666819 -0.580643 9.102654
v 0.760161 0.009681 8.714713
v 1.176261 0.090450 8.653353
v 0.869700 -0.093675 8.416269
v 1.174418 -0.236736 8.718981
v 0.890797 0.077724 8.457662
v 0.912993 -0.278397 8.518002
v 1.235224 -0.065949 8.696621
v -0.000000 0.565160 7.462034
v 0.539178 0.469753 7.449037
v 0.620104 0.148176 7.412564
v 0.527178 -0.129174 7.370667
v -0.000000 -0.240908 7.349705
v -0.001194 0.442441 9.908268
v 0.390290 0.350939 9.864964
v 0.479903 0.098138 9.866397
v 0.390749 -0.153343 9.874367
v -0.000232 -0.262176 9.747047
v 1.352742 -0.049948 8.765666
v 0.847275 -0.442543 8.489644
v 0.809932 0.266921 8.375607
v 1.243985 -0.382994 8.804492
v 0.767993 -0.101700 8.323639
v 1.256032 0.287477 8.679796
v -0.602628 0.617324 7.472047
v -0.882420 0.518926 9.683764
v -0.714755 0.189465 7.416162
v -0.960417 0.125483 9.695820
v -0.587262 -0.226057 7.353440
v -0.867478 -0.178697 9.538063
v -0.659446 0.593192 8.283007
v -0.778113 0.192611 8.268458
v -0.626219 -0.232854 8.257156
v -0.744987 0.660000 8.978654
v -0.713717 0.320365 8.774384
v -0.709781 -0.126205 8.859809
v -0.446138 0.436530 9.963986
v -0.564457 0.089734 9.935248
v -0.437736 -0.267698 9.929003
v -0.959836 0.125631 9.706877
v -0.733802 0.512361 9.855000
v -0.728034 -0.273835 9.768435
v -0.763963 0.647660 8.895252
v -0.661593 -0.467948 8.994928
v -0.745290 0.297110 8.718820
v -1.156816 0.550261 8.715520
v -0.845356 0.446858 8.422591
v -1.154931 0.221059 8.638894
v -0.867783 0.593752 8.529150
v -0.890523 0.228437 8.443176
v -1.215868 0.396652 8.689489
v -0.537174 0.491798 7.454236
v -0.617464 0.185233 7.415339
v -0.525694 -0.111903 7.369850
v -0.395391 0.339334 9.881637
v -0.480778 0.091885 9.865172
v -0.391332 -0.161784 9.862434
v -1.334607 0.382472 8.756823
v -0.824405 0.065405 8.357594
v -0.785913 0.790111 8.526064
v -1.225567 0.063793 8.652857
v -0.741697 0.474156 8.335837
v -1.237858 0.720239 8.821468
vn 0.3237 0.9457 -0.0293
vn 0.1673 -0.9174 0.3611
vn 0.2603 -0.9650 -0.0334
vn 0.9497 -0.3076 -0.0591
vn 0.9674 0.2484 -0.0499
vn 0.2144 0.9747 0.0635
vn 0.2133 -0.9213 -0.3253
vn 0.9221 -0.3870 -0.0049
vn 0.9614 0.2606 0.0887
vn 0.2222 0.9748 0.0192
vn 0.4601 0.1316 0.8780
vn 0.1590 0.7177 0.6780
vn 0.3926 -0.1087 0.9132
vn 0.1194 -0.8827 0.4545
vn 0.9799 0.1991 -0.0095
vn 0.7475 -0.3058 0.5897
vn 0.2177 0.9710 -0.0989
vn 0.9360 -0.3252 -0.1349
vn 0.8263 0.2595 0.4998
vn 0.9758 -0.1044 0.1919
vn 0.4884 -0.0811 -0.8688
vn 0.5139 -0.2887 -0.8078
vn 0.6660 0.0966 -0.7397
vn 0.5633 -0.1142 -0.8183
vn 0.6175 -0.1569 -0.7707
vn 0.7115 -0.1669 -0.6826
vn 0.0009 0.1401 -0.9901
vn 0.0134 0.1450 -0.9893
vn 0.0105 0.1361 -0.9906
vn 0.0147 0.1173 -0.9930
vn -0.4204 0.1149 0.9000
vn -0.6319 -0.2198 0.7432
vn -0.6400 0.2523 0.7257
vn -0.0337 -0.5417 0.8399
vn 0.8825 -0.2411 0.4037
vn -0.9663 -0.1078 -0.2338
vn 0.1593 0.9414 -0.2972
vn 0.8941 0.3247 0.3085
vn -0.9854 0.1279 -0.1122
vn 0.0398 -0.9804 0.1930
vn -0.1942 0.9596 0.2035
vn -0.2734 -0.9383 0.2120
vn -0.3075 -0.9513 -0.0204
vn -0.9401 -0.3338 -0.0687
vn -0.9637 0.2603 -0.0598
vn -0.1727 0.9829 0.0640
vn -0.2946 -0.9063 -0.3029
vn -0.9305 -0.3361 0.1458
vn -0.9847 0.0337 -0.1711
vn -0.1021 0.9913 -0.0834
vn -0.5024 -0.0373 0.8639
vn -0.1015 0.6709 0.7346
vn -0.5045 -0.1621 0.8480
vn -0.1944 -0.9018 0.3859
vn -0.9795 0.1957 0.0488
vn -0.9468 -0.3173 0.0540
vn -0.1484 0.9749 0.1661
vn -0.9446 -0.2270 -0.2372
vn -0.8808 0.0815 0.4664
vn -0.9394 -0.2360 0.2487
vn -0.4707 0.2940 -0.8318
vn -0.4606 0.1289 -0.8782
vn -0.7116 0.2866 -0.6415
vn -0.5573 0.2198 -0.8007
vn -0.5837 0.1791 -0.7920
vn -0.6857 0.1004 -0.7209
vn -0.0040 0.1384 -0.9904
vn -0.0084 0.1467 -0.9891
vn -0.0008 0.1427 -0.9898
vn -0.0143 0.1332 -0.9910
vn 0.3801 0.1172 0.9175
vn 0.6370 -0.2769 0.7194
vn 0.6182 0.2059 0.7586
vn 0.1138 -0.5063 0.8548
vn -0.8830 -0.3984 0.2481
vn 0.9712 -0.0365 -0.2356
vn 0.0537 0.9771 0.2060
vn -0.8915 0.1893 0.4117
vn 0.9908 0.1237 -0.0540
vn -0.2919 -0.9460 -0.1411
vn 0.1891 0.9598 0.2072
vn 0.1783 -0.9081 0.3790
vn 0.2170 -0.9741 -0.0637
vn 0.9164 -0.3868 -0.1028
vn 0.9643 0.2591 -0.0549
vn 0.2214 0.9727 0.0691
vn 0.1307 -0.9550 -0.2662
vn 0.9644 -0.2337 -0.1235
vn 0.9811 0.0122 -0.1932
vn 0.2897 0.9537 -0.0811
vn 0.4128 0.1563 0.8973
vn 0.3136 0.8675 0.3861
vn 0.4693 -0.0644 0.8807
vn 0.1472 -0.8897 0.4323
vn 0.8026 0.3870 0.4540
vn 0.9392 -0.2831 0.1942
vn 0.9717 -0.2291 0.0578
vn 0.5455 -0.7847 0.2944
vn 0.3899 -0.5480 -0.7401
vn 0.8829 -0.1195 0.4541
vn 0.5106 -0.0450 -0.8586
vn 0.4871 -0.2564 -0.8348
vn 0.7279 0.0138 -0.6855
vn 0.5650 -0.1192 -0.8164
vn 0.6281 -0.1186 -0.7690
vn 0.6646 -0.2349 -0.7093
vn -0.0049 0.1279 -0.9918
vn 0.0195 0.1408 -0.9899
vn 0.0106 0.1360 -0.9907
vn 0.0114 0.1155 -0.9932
vn -0.3860 0.4348 0.8136
vn -0.6335 -0.2214 0.7414
vn -0.6364 0.2488 0.7301
vn -0.0361 -0.5084 0.8604
vn 0.8549 -0.2969 0.4255
vn -0.9705 -0.2396 -0.0284
vn 0.2385 0.9657 -0.1025
vn 0.8905 0.3339 0.3090
vn -0.9863 0.0928 -0.1362
vn 0.0266 -0.9878 0.1533
vn -0.2354 0.9613 0.1429
vn -0.3623 -0.8675 0.3408
vn -0.2898 -0.9565 -0.0331
vn -0.9569 -0.2871 -0.0434
vn -0.9556 0.2857 -0.0721
vn -0.1182 0.9928 0.0213
vn -0.2453 -0.9339 -0.2601
vn -0.9857 -0.1411 -0.0922
vn -0.9588 0.2839 0.0040
vn -0.1233 0.9864 -0.1088
vn -0.3448 0.0399 0.9378
vn -0.3196 0.8633 0.3905
vn -0.4729 -0.1827 0.8620
vn -0.1146 -0.8833 0.4545
vn -0.7389 0.1835 0.6483
vn -0.8383 -0.4360 0.3274
vn 0.8229 -0.5585 -0.1046
vn -0.6877 -0.7159 0.1206
vn 0.7275 -0.1611 -0.6669
vn -0.7572 -0.3254 0.5664
vn -0.4954 0.3268 -0.8048
vn -0.4987 0.0757 -0.8635
vn -0.6507 0.3783 -0.6584
vn -0.5514 0.2358 -0.8002
vn -0.5871 0.1939 -0.7859
vn -0.6502 0.0631 -0.7571
vn -0.0048 0.1401 -0.9901
vn -0.0018 0.1508 -0.9886
vn -0.0046 0.1360 -0.9907
vn -0.0029 0.1266 -0.9919
vn 0.3505 0.3835 0.8545
vn 0.6232 -0.2640 0.7361
vn 0.6242 0.2120 0.7519
vn 0.1064 -0.6098 0.7854
vn -0.8887 -0.3852 0.2487
vn 0.9700 -0.2034 -0.1332
vn 0.0302 0.9614 0.2736
vn -0.8961 0.1790 0.4061
vn 0.9893 0.1457 -0.0120
vn -0.2197 -0.9271 -0.3036
vt 1.000000 0.828637
vt 0.875000 1.000000
vt 0.875000 0.828637
vt 0.625000 0.828637
vt 0.500000 1.000000
vt 0.500000 0.828637
vt 0.625000 0.500000
vt 0.500000 0.645722
vt 0.500000 0.500000
vt 0.750000 0.500000
vt 0.625000 0.645722
vt 0.875000 0.645722
vt 0.875000 0.500000
vt 1.000000 0.645722
vt 1.000000 0.500000
vt 0.750000 0.828637
vt 0.750000 0.645722
vt 0.750000 1.000000
vt 1.000000 1.000000
vt 0.625000 1.000000
vt 0.844268 0.965118
vt 0.749520 0.964446
vt 0.653402 0.965669
vt 0.844587 0.863513
vt 0.647775 0.863148
vt 0.750840 0.864057
vt 0.749520 0.964446
vt 0.844267 0.965117
vt 0.653402 0.965669
vt 0.750840 0.864057
vt 0.844587 0.863513
vt 0.647775 0.863148
s 0
f 432/138/782 443/139/782 445/140/782
f 446/141/783 426/142/783 436/143/783
f 423/144/784 431/145/784 425/146/784
f 421/147/785 430/148/785 423/144/785
f 428/149/786 421/147/786 419/150/786
f 427/151/787 419/150/787 417/152/787
f 446/141/788 431/145/788 430/148/788
f 447/153/789 430/148/789 429/154/789
f 428/149/790 447/153/790 429/154/790
f 427/151/791 445/140/791 428/149/791
f 443/139/792 439/155/792 442/155/792
f 418/156/793 438/139/793 443/139/793
f 444/157/794 439/155/794 440/157/794
f 426/142/795 440/157/795 441/142/795
f 420/158/796 442/155/796 422/159/796
f 424/160/797 442/155/797 444/157/797
f 433/161/798 443/139/798 420/158/798
f 424/160/799 446/141/799 435/162/799
f 435/162/800 447/153/800 434/163/800
f 434/163/801 445/140/801 433/161/801
f 464/164/802 448/165/802 469/165/802
f 464/164/803 450/166/803 453/164/803
f 468/167/804 451/168/804 449/167/804
f 469/165/805 451/168/805 466/168/805
f 467/166/806 452/169/806 450/166/806
f 468/167/807 452/169/807 465/169/807
f 417/152/808 455/150/808 454/152/808
f 421/147/809 457/144/809 456/147/809
f 425/146/810 457/144/810 423/144/810
f 421/147/811 455/150/811 419/150/811
f 440/157/812 463/142/812 441/142/812
f 439/155/813 460/139/813 461/155/813
f 439/155/814 462/157/814 440/157/814
f 438/139/815 459/156/815 460/139/815
f 422/159/816 467/166/816 464/164/816
f 434/163/817 465/169/817 435/162/817
f 433/161/818 469/165/818 466/168/818
f 422/159/819 469/165/819 420/158/819
f 434/163/820 466/168/820 468/167/820
f 435/162/821 467/166/821 424/160/821
f 432/138/822 486/139/822 418/156/822
f 489/141/823 426/142/823 487/157/823
f 474/144/824 431/145/824 478/148/824
f 472/147/825 478/148/825 477/154/825
f 472/147/826 476/149/826 470/150/826
f 470/150/827 427/151/827 417/152/827
f 431/145/828 489/141/828 478/148/828
f 478/148/829 490/153/829 477/154/829
f 476/149/830 490/153/830 488/140/830
f 427/151/831 488/140/831 432/138/831
f 483/155/832 486/139/832 485/155/832
f 482/139/833 418/156/833 486/139/833
f 487/157/834 483/155/834 485/155/834
f 426/142/835 484/157/835 487/157/835
f 485/155/836 471/158/836 473/159/836
f 475/160/837 485/155/837 473/159/837
f 486/139/838 479/161/838 471/158/838
f 489/141/839 475/160/839 481/162/839
f 490/153/840 481/162/840 480/163/840
f 488/140/841 480/163/841 479/161/841
f 491/165/842 503/164/842 508/165/842
f 503/164/843 493/166/843 506/166/843
f 507/167/844 494/168/844 505/168/844
f 494/168/845 508/165/845 505/168/845
f 506/166/846 495/169/846 504/169/846
f 495/169/847 507/167/847 504/169/847
f 417/152/848 497/150/848 470/150/848
f 472/147/849 499/144/849 474/144/849
f 499/144/850 425/146/850 474/144/850
f 497/150/851 472/147/851 470/150/851
f 463/142/852 484/157/852 441/142/852
f 483/155/853 500/139/853 482/139/853
f 502/157/854 483/155/854 484/157/854
f 482/139/855 459/156/855 437/156/855
f 473/159/856 506/166/856 475/160/856
f 504/169/857 480/163/857 481/162/857
f 479/161/858 508/165/858 471/158/858
f 508/165/859 473/159/859 471/158/859
f 480/163/860 505/168/860 479/161/860
f 506/166/861 481/162/861 475/160/861
f 432/138/862 418/156/862 443/139/862
f 446/141/863 444/157/863 426/142/863
f 423/144/864 430/148/864 431/145/864
f 421/147/865 429/154/865 430/148/865
f 428/149/866 429/154/866 421/147/866
f 427/151/867 428/149/867 419/150/867
f 446/141/868 436/143/868 431/145/868
f 447/153/869 446/141/869 430/148/869
f 428/149/870 445/140/870 447/153/870
f 427/151/871 432/138/871 445/140/871
f 443/139/872 438/139/872 439/155/872
f 418/156/873 437/156/873 438/139/873
f 444/157/874 442/155/874 439/155/874
f 426/142/875 444/157/875 440/157/875
f 420/158/876 443/139/876 442/155/876
f 424/160/877 422/159/877 442/155/877
f 433/161/878 445/140/878 443/139/878
f 424/160/879 444/157/879 446/141/879
f 435/162/880 446/141/880 447/153/880
f 434/163/881 447/153/881 445/140/881
f 464/164/882 453/164/882 448/165/882
f 464/164/883 467/166/883 450/166/883
f 468/167/884 466/168/884 451/168/884
f 469/165/885 448/165/885 451/168/885
f 467/166/886 465/169/886 452/169/886
f 468/167/887 449/167/887 452/169/887
f 417/152/888 419/150/888 455/150/888
f 421/147/889 423/144/889 457/144/889
f 425/146/890 458/146/890 457/144/890
f 421/147/891 456/147/891 455/150/891
f 440/157/892 462/157/892 463/142/892
f 439/155/893 438/139/893 460/139/893
f 439/155/894 461/155/894 462/157/894
f 438/139/895 437/156/895 459/156/895
f 422/159/896 424/160/896 467/166/896
f 434/163/897 468/167/897 465/169/897
f 433/161/898 420/158/898 469/165/898
f 422/159/899 464/164/899 469/165/899
f 434/163/900 433/161/900 466/168/900
f 435/162/901 465/169/901 467/166/901
f 432/138/902 488/140/902 486/139/902
f 489/141/903 436/143/903 426/142/903
f 474/144/904 425/146/904 431/145/904
f 472/147/905 474/144/905 478/148/905
f 472/147/906 477/154/906 476/149/906
f 470/150/907 476/149/907 427/151/907
f 431/145/908 436/143/908 489/141/908
f 478/148/909 489/141/909 490/153/909
f 476/149/910 477/154/910 490/153/910
f 427/151/911 476/149/911 488/140/911
f 483/155/912 482/139/912 486/139/912
f 482/139/913 437/156/913 418/156/913
f 487/157/914 484/157/914 483/155/914
f 426/142/915 441/142/915 484/157/915
f 485/155/916 486/139/916 471/158/916
f 475/160/917 487/157/917 485/155/917
f 486/139/918 488/140/918 479/161/918
f 489/141/919 487/157/919 475/160/919
f 490/153/920 489/141/920 481/162/920
f 488/140/921 490/153/921 480/163/921
f 491/165/922 496/164/922 503/164/922
f 503/164/923 496/164/923 493/166/923
f 507/167/924 492/167/924 494/168/924
f 494/168/925 491/165/925 508/165/925
f 506/166/926 493/166/926 495/169/926
f 495/169/927 492/167/927 507/167/927
f 417/152/928 454/152/928 497/150/928
f 472/147/929 498/147/929 499/144/929
f 499/144/930 458/146/930 425/146/930
f 497/150/931 498/147/931 472/147/931
f 463/142/932 502/157/932 484/157/932
f 483/155/933 501/155/933 500/139/933
f 502/157/934 501/155/934 483/155/934
f 482/139/935 500/139/935 459/156/935
f 473/159/936 503/164/936 506/166/936
f 504/169/937 507/167/937 480/163/937
f 479/161/938 505/168/938 508/165/938
f 508/165/939 503/164/939 473/159/939
f 480/163/940 507/167/940 505/168/940
f 506/166/941 504/169/941 481/162/941
o shoes
v 0.415765 2.343824 1.703220
v 0.779703 2.146921 1.629879
v 0.781780 1.762758 1.430525
v 0.426535 1.612536 1.319345
v 0.054994 1.758206 1.424192
v 0.051828 2.129118 1.619492
v 0.415765 2.589218 0.963138
v 0.769011 2.439650 0.834279
v 0.766340 2.144729 0.538623
v 0.091371 1.708563 0.286801
v 0.059101 2.135603 0.543030
v 0.062519 2.439695 0.834747
v 0.051828 2.166467 1.517569
v 0.054455 1.815315 1.275666
v 0.427621 1.691658 1.181741
v 0.781093 1.818916 1.286672
v 0.779703 2.186038 1.528368
v 0.415765 2.375599 1.606909
v 0.862054 1.260569 0.207037
v 0.540746 1.010618 0.232781
v 0.164961 1.164733 0.270350
v 0.562501 1.065586 0.555515
v 0.220711 1.179183 0.455254
v 0.838082 1.264059 0.399181
v 0.415765 2.674805 0.832646
v 0.769011 2.528646 0.703856
v 0.765789 2.258129 0.424451
v 0.414997 2.132448 0.278949
v 0.059159 2.247623 0.427287
v 0.062519 2.529903 0.705496
v 0.845916 1.269157 0.042352
v 0.524608 1.019206 0.068098
v 0.148823 1.173321 0.105665
v 0.157664 1.616303 0.570397
v 0.485695 1.597163 0.734802
v 0.776785 1.696790 0.510341
v 0.789613 1.793769 0.231029
v 0.454612 1.552085 0.104036
v 0.076694 1.734473 0.126037
v 0.774955 1.818835 0.070514
v 0.197906 1.395850 0.556477
v 0.816614 1.484217 0.498196
v 0.491238 1.273252 0.085231
v 0.131439 1.419208 0.286664
v 0.532186 1.337996 0.661387
v 0.828572 1.514801 0.223591
v 0.114466 1.433185 0.116932
v 0.812135 1.525245 0.057113
v 0.415765 2.309374 1.688419
v 0.747240 2.130034 1.621619
v 0.748803 1.776214 1.442836
v 0.419593 1.587981 1.321441
v 0.086798 1.774032 1.436069
v 0.084290 2.116336 1.613204
v 0.415765 2.227422 1.990382
v 0.747240 2.048082 1.923581
v 0.747240 1.689401 1.789981
v 0.415765 1.493530 1.694758
v 0.084290 1.683278 1.782424
v 0.084290 2.048082 1.923581
v 0.415765 2.227184 2.119130
v 0.776368 2.032085 2.046459
v 0.776368 1.641886 1.901117
v 0.415765 1.437025 1.812399
v 0.055162 1.639753 1.898582
v 0.055162 2.032085 2.046459
v 0.783970 1.644109 1.566848
v 0.426272 1.462711 1.459167
v 0.057053 1.634561 1.562136
v 0.751369 1.661325 1.571818
v 0.424906 1.491510 1.471290
v 0.089296 1.652387 1.567111
v 0.415765 2.142540 2.087600
v 0.698144 1.989763 2.030694
v 0.698144 1.684208 1.916881
v 0.415765 1.525198 1.851077
v 0.133386 1.683320 1.915898
v 0.133386 1.989764 2.030694
v -0.415765 0.389835 2.743035
v -0.779703 0.212963 2.629607
v -0.779703 -0.156292 2.371594
v -0.415765 -0.335788 2.220902
v -0.051828 -0.159024 2.366107
v -0.051828 0.204582 2.623785
v -0.415765 0.814348 2.045954
v -0.769011 0.671594 1.900317
v -0.769011 0.350616 1.617020
v -0.062519 -0.013944 1.220133
v -0.062519 0.347627 1.619961
v -0.062519 0.671598 1.900541
v -0.051828 0.263998 2.533439
v -0.051828 -0.077483 2.238319
v -0.415765 -0.254221 2.099552
v -0.779703 -0.074231 2.246315
v -0.779703 0.272917 2.539324
v -0.415765 0.445176 2.658153
v -0.769011 -0.385636 0.830266
v -0.415765 -0.531864 0.688098
v -0.062519 -0.385636 0.830266
v -0.415765 -0.712939 0.961710
v -0.102917 -0.508624 0.974308
v -0.728613 -0.508624 0.974308
v -0.415765 0.913389 1.917431
v -0.769011 0.772490 1.772041
v -0.769011 0.467581 1.499214
v -0.415765 0.331176 1.353210
v -0.062519 0.465541 1.500010
v -0.062519 0.773019 1.772855
v -0.769011 -0.265981 0.715644
v -0.415765 -0.412209 0.573477
v -0.062519 -0.265981 0.715644
v -0.102917 -0.246239 1.394563
v -0.415765 -0.396667 1.505851
v -0.728613 -0.243249 1.388086
v -0.769011 -0.013944 1.220133
v -0.415765 -0.040516 0.963343
v -0.062519 0.105710 1.105512
v -0.769011 0.105710 1.105512
v -0.102917 -0.414598 1.201300
v -0.728613 -0.412981 1.198118
v -0.415765 -0.235007 0.759341
v -0.062519 -0.208434 1.016132
v -0.415765 -0.580178 1.231747
v -0.769011 -0.208434 1.016132
v -0.062519 -0.088780 0.901511
v -0.769011 -0.088780 0.901511
v -0.415765 0.359307 2.721266
v -0.747240 0.198211 2.617954
v -0.747240 -0.137833 2.384809
v -0.415765 -0.303551 2.246343
v -0.084290 -0.140508 2.379689
v -0.084290 0.191892 2.613348
v -0.415765 0.215186 2.998982
v -0.747240 0.054090 2.895670
v -0.747240 -0.268102 2.689047
v -0.415765 -0.436836 2.569837
v -0.084290 -0.270697 2.685270
v -0.084290 0.054090 2.895670
v -0.415765 0.187652 3.124751
v -0.776368 0.012400 3.012360
v -0.776368 -0.338104 2.787580
v -0.415765 -0.517864 2.666260
v -0.055162 -0.338762 2.786659
v -0.055162 0.012400 3.012360
v -0.779703 -0.311603 2.479973
v -0.415765 -0.490097 2.334128
v -0.051828 -0.314108 2.475079
v -0.747240 -0.295448 2.488967
v -0.415765 -0.458658 2.356165
v -0.084290 -0.297929 2.484303
v -0.415765 0.111619 3.075990
v -0.698144 -0.025616 2.987980
v -0.698144 -0.300088 2.811960
v -0.415765 -0.440233 2.719007
v -0.133386 -0.300175 2.811847
v -0.133386 -0.025616 2.987980
vn -1.0000 -0.0024 -0.0074
vn 1.0000 -0.0070 -0.0048
vn -0.3730 -0.3719 0.8501
vn 0.4901 0.8273 0.2745
vn -0.4660 0.8240 0.3224
vn -0.3804 -0.9248 -0.0110
vn 0.9999 0.0047 -0.0137
vn 1.0000 0.0030 0.0012
vn -0.4333 -0.7798 -0.4518
vn -0.5349 0.7933 0.2907
vn 0.4901 0.8278 0.2731
vn 0.4055 -0.8509 -0.3341
vn -1.0000 -0.0087 0.0003
vn 0.6160 -0.7825 0.0911
vn -0.3574 -0.9164 0.1802
vn 0.9852 0.1219 0.1207
vn -0.4768 0.7208 0.5031
vn -0.9548 -0.2022 0.2177
vn 0.5831 -0.2853 0.7607
vn -0.0004 0.7020 -0.7122
vn -0.0694 0.0340 -0.9970
vn -0.1193 0.0512 -0.9915
vn -1.0000 0.0061 0.0054
vn 0.9868 0.1353 -0.0889
vn 0.6059 -0.7892 -0.1005
vn 0.4847 0.7314 0.4797
vn -0.9905 -0.1177 0.0715
vn -0.9868 -0.1367 0.0874
vn 0.9999 0.0137 0.0088
vn -0.3084 0.2551 -0.9164
vn -0.1947 0.4916 -0.8488
vn 0.2962 -0.9438 0.1468
vn -0.9777 -0.1903 -0.0894
vn 0.9984 0.0199 0.0528
vn -0.1498 -0.9711 0.1859
vn -0.9867 -0.1357 0.0896
vn 0.9892 0.1285 -0.0703
vn -0.1263 0.0502 -0.9907
vn -0.0464 0.0244 -0.9986
vn 0.5951 0.0657 0.8009
vn -0.9572 -0.1886 0.2195
vn 0.9865 0.1353 0.0923
vn -0.3332 -0.3118 0.8898
vn -0.0284 -0.3946 0.9184
vn 0.0214 -0.3946 0.9186
vn 0.4471 0.6783 0.5831
vn 0.1423 -0.4553 0.8789
vn -0.0089 -0.4596 0.8881
vn -0.5573 0.6145 0.5584
vn -0.4984 0.8367 0.2271
vn -0.5277 -0.8207 -0.2189
vn 1.0000 0.0019 0.0050
vn -1.0000 -0.0000 -0.0000
vn 0.5411 -0.8166 -0.2011
vn 0.4984 0.8367 0.2271
vn -0.9721 0.0828 -0.2196
vn 0.5491 -0.7534 -0.3618
vn 0.4761 0.8794 0.0016
vn -0.4761 0.8794 0.0016
vn -0.5194 -0.7492 -0.4110
vn 0.9721 0.0819 -0.2198
vn 0.0745 -0.3909 0.9174
vn -0.0785 -0.3900 0.9175
vn 0.4927 -0.5942 -0.6358
vn 0.4872 0.7421 0.4605
vn -0.4332 -0.6744 -0.5980
vn -0.5258 0.6184 0.5840
vn -0.0000 -0.3491 0.9371
vn 0.0072 -0.3804 0.9248
vn -0.0022 -0.3527 0.9357
vn 0.0128 -0.4017 0.9157
vn 0.9999 0.0094 -0.0108
vn 0.4657 -0.8176 0.3387
vn -0.4978 0.7427 0.4479
vn 0.5166 0.7333 0.4422
vn 0.4998 -0.5992 -0.6255
vn -0.9999 0.0091 -0.0108
vn 0.5304 -0.7036 -0.4729
vn 0.5179 0.7148 0.4701
vn -0.5000 0.7215 0.4791
vn -0.5392 -0.6989 -0.4698
vn 1.0000 -0.0000 -0.0000
vn -0.4931 -0.7255 -0.4801
vn 0.4931 -0.7255 -0.4801
vn -0.9881 -0.1414 0.0604
vn 0.4961 0.6877 0.5300
vn 0.9883 -0.1411 0.0585
vn -0.4708 -0.8113 0.3467
vn 0.0004 0.6668 -0.7452
vn -0.0219 0.7236 -0.6899
vn 0.0219 0.7236 -0.6899
vn -0.4998 -0.5992 -0.6255
vn -0.4964 0.6876 0.5299
vn 0.0046 0.7362 -0.6767
vn -0.0010 0.7388 -0.6739
vn -0.3866 -0.9089 0.1560
vn 0.9975 -0.0486 -0.0507
vn -0.9976 -0.0487 -0.0498
vn 0.3816 -0.9106 0.1590
vn -0.5248 -0.6348 0.5672
vn 0.9903 -0.1004 0.0957
vn -0.9899 -0.1027 0.0979
vn 0.5121 -0.6476 0.5642
vn 0.0284 -0.5804 0.8139
vn -0.0320 -0.5847 0.8106
vn -0.5468 0.4616 0.6985
vn -0.0080 -0.5727 0.8197
vn 0.0116 -0.5782 0.8158
vn 0.5295 0.4677 0.7077
vn 0.5124 0.7717 0.3767
vn 0.5195 -0.7900 -0.3255
vn -0.5278 -0.7853 -0.3236
vn -0.4984 0.7695 0.3993
vn 0.9727 0.1262 -0.1948
vn -0.5276 -0.6504 -0.5465
vn -0.4761 0.8590 0.1881
vn 0.4761 0.8590 0.1881
vn 0.5194 -0.6542 -0.5498
vn -0.9721 0.1266 -0.1974
vn -0.0395 -0.5735 0.8182
vn 0.0466 -0.5734 0.8180
vn -0.5280 -0.4860 -0.6964
vn -0.5191 0.4731 0.7119
vn 0.5181 -0.4918 -0.6998
vn 0.5533 0.4611 0.6938
vn -0.0000 -0.5398 0.8418
vn -0.0040 -0.5523 0.8336
vn 0.0006 -0.5407 0.8412
vn 0.0069 -0.5498 0.8352
vn -0.9998 0.0190 -0.0081
vn 1.0000 -0.0021 -0.0069
vn -0.3372 -0.4274 0.8388
vn 0.4623 0.8351 0.2980
vn -0.5286 0.8057 0.2673
vn 0.9998 0.0130 -0.0140
vn 1.0000 0.0066 -0.0022
vn -0.3710 -0.8672 -0.3321
vn -0.5285 0.8062 0.2660
vn 0.5000 0.8081 0.3114
vn 0.4630 -0.7700 -0.4391
vn -1.0000 -0.0060 -0.0022
vn 0.6157 -0.7826 0.0918
vn -0.3579 -0.9164 0.1795
vn 0.9959 0.0739 0.0516
vn -0.4841 0.7317 0.4799
vn -0.9444 -0.1434 0.2959
vn 0.6005 -0.2307 0.7656
vn -0.0006 0.6603 -0.7510
vn -0.0135 0.7185 -0.6954
vn -0.0140 0.7732 -0.6340
vn -0.0761 0.0571 -0.9955
vn -0.1194 0.0414 -0.9920
vn -1.0000 0.0071 0.0049
vn 0.9867 0.1358 -0.0896
vn 0.4801 0.7246 0.4944
vn -0.9995 -0.0216 -0.0214
vn -0.9895 -0.1262 0.0700
vn 0.9894 0.1274 -0.0705
vn 0.0969 0.6257 -0.7740
vn 0.0859 0.2929 -0.9523
vn 0.4752 -0.8463 0.2407
vn -0.9698 -0.1751 0.1697
vn 0.9997 0.0239 -0.0093
vn -0.2541 -0.9399 0.2280
vn -0.9871 -0.1343 0.0876
vn 0.9862 0.1401 -0.0886
vn -0.1279 0.0290 -0.9914
vn -0.0586 0.0595 -0.9965
vn 0.5449 -0.1366 0.8273
vn -0.9737 -0.1349 0.1837
vn 0.9816 0.1803 0.0628
vn -0.4502 -0.1379 0.8822
vn 0.0221 -0.3955 0.9182
vn 0.4839 0.6582 0.5767
vn 0.0075 -0.4510 0.8925
vn -0.0977 -0.4643 0.8803
vn -0.5167 0.7114 0.4763
vn -0.5254 0.8310 0.1827
vn -0.5316 -0.8198 -0.2129
vn -1.0000 -0.0032 -0.0081
vn 0.5406 -0.8167 -0.2018
vn -0.9735 0.0825 -0.2132
vn 0.5224 -0.7259 -0.4473
vn -0.5333 -0.7625 -0.3662
vn 0.0781 -0.3837 0.9202
vn -0.0726 -0.4010 0.9132
vn 0.4643 -0.6644 -0.5857
vn 0.5421 0.6210 0.5661
vn -0.4623 -0.6046 -0.6487
vn -0.4566 0.6591 0.5976
vn -0.0147 -0.4017 0.9157
vn -0.0119 -0.3508 0.9364
vn -0.0156 -0.3741 0.9272
vn 0.4941 -0.7802 0.3836
vn -0.4886 0.7439 0.4559
vn 0.4897 0.7368 0.4662
vn -0.9999 0.0095 -0.0108
vn 0.5235 -0.7182 -0.4583
vn 0.5171 0.7170 0.4675
vn -0.4983 0.7263 0.4735
vn -0.5359 -0.7063 -0.4626
vn -0.4935 -0.7249 -0.4806
vn 0.4935 -0.7249 -0.4806
vn -0.9778 -0.1517 0.1447
vn 0.4924 0.6815 0.5413
vn 0.9778 -0.1517 0.1447
vn -0.4941 -0.7802 0.3836
vn 0.0003 0.7178 -0.6963
vn 0.0028 0.6637 -0.7480
vn 0.0029 0.7342 -0.6789
vn -0.4939 0.6835 0.5376
vn -0.4917 -0.8467 0.2032
vn 0.9904 -0.1026 0.0928
vn -0.9899 -0.1043 0.0958
vn 0.4823 -0.8518 0.2044
vn -0.4500 -0.7421 0.4968
vn 0.9895 -0.1088 0.0948
vn -0.9893 -0.1089 0.0973
vn 0.4429 -0.7450 0.4988
vn -0.0281 -0.5804 0.8139
vn -0.4557 0.5094 0.7300
vn 0.0359 -0.5697 0.8211
vn -0.0382 -0.5747 0.8175
vn 0.5217 0.4930 0.6963
vn 0.4984 0.7695 0.3993
vn 0.5130 -0.7897 -0.3364
vn -0.5205 -0.7850 -0.3361
vn 0.9721 0.1268 -0.1973
vn -0.5101 -0.6228 -0.5933
vn 0.5098 -0.6394 -0.5757
vn -0.0460 -0.5629 0.8252
vn 0.0524 -0.5641 0.8241
vn -0.5228 -0.5043 -0.6873
vn -0.5118 0.4965 0.7012
vn 0.5134 -0.5077 -0.6919
vn 0.4607 0.5103 0.7262
vn 0.0068 -0.5620 0.8271
vn 0.0047 -0.5400 0.8417
vn -0.0066 -0.5620 0.8271
vt 0.166667 0.500000
vt 0.333333 0.500000
vt 0.333333 0.500000
vt 0.833333 0.500000
vt 0.666667 0.500000
vt 0.500000 0.500000
vt 0.833333 0.500000
vt 1.000000 0.500000
vt -0.000000 0.500000
vt 0.166667 0.500000
vt 0.666667 0.500000
vt 0.333333 0.500000
vt 0.542154 0.130000
vt 0.542154 0.370000
vt 0.957846 0.370000
vt 0.750000 0.010000
vt 0.957846 0.130000
vt 0.957846 0.130000
vt 0.333333 0.500000
vt 0.666667 0.500000
vt 0.750000 0.490000
s 0
f 521/170/942 519/171/942 522/172/942
f 516/173/943 535/174/943 534/173/943
f 553/175/944 531/172/944 530/175/944
f 525/176/945 515/177/945 526/177/945
f 521/170/946 515/178/946 520/179/946
f 529/171/947 540/175/947 528/175/947
f 525/176/948 517/174/948 516/173/948
f 510/173/949 524/174/949 525/176/949
f 513/171/950 523/175/950 512/175/950
f 509/178/951 521/170/951 514/179/951
f 509/177/952 525/176/952 526/177/952
f 511/174/953 523/175/953 524/174/953
f 514/179/954 522/172/954 513/171/954
f 532/174/955 528/175/955 527/174/955
f 531/172/956 528/175/956 530/175/956
f 554/180/957 532/174/957 527/174/957
f 520/179/958 533/178/958 538/179/958
f 552/171/959 531/172/959 549/181/959
f 553/175/960 532/174/960 550/174/960
f 537/182/961 538/183/961 534/184/961
f 551/185/962 541/182/962 555/182/962
f 551/185/963 539/186/963 540/185/963
f 520/179/964 537/171/964 519/171/964
f 554/180/965 539/174/965 556/174/965
f 527/174/966 540/175/966 539/174/966
f 516/173/967 533/177/967 515/177/967
f 519/171/968 547/171/968 518/171/968
f 518/171/969 555/171/969 552/171/969
f 517/174/970 548/174/970 535/174/970
f 536/185/971 548/187/971 546/185/971
f 536/185/972 547/182/972 537/182/972
f 523/175/973 544/174/973 524/174/973
f 519/171/974 542/188/974 522/172/974
f 517/174/975 544/174/975 545/189/975
f 523/175/976 542/188/976 543/175/976
f 552/171/977 541/171/977 529/171/977
f 545/189/978 556/174/978 548/174/978
f 546/185/979 556/186/979 551/185/979
f 546/185/980 555/182/980 547/182/980
f 543/175/981 550/174/981 544/174/981
f 542/188/982 552/171/982 549/181/982
f 544/174/983 554/180/983 545/189/983
f 543/175/984 549/181/984 553/175/984
f 509/177/985 558/173/985 510/173/985
f 509/178/986 562/179/986 557/178/986
f 511/174/987 578/174/987 575/174/987
f 510/173/988 559/174/988 511/174/988
f 514/179/989 561/171/989 562/179/989
f 560/175/990 578/174/990 559/174/990
f 557/178/991 568/179/991 563/178/991
f 561/171/992 566/175/992 567/171/992
f 558/173/993 565/174/993 559/174/993
f 562/179/994 567/171/994 568/179/994
f 559/174/995 566/175/995 560/175/995
f 557/177/996 564/173/996 558/173/996
f 568/179/997 573/171/997 574/179/997
f 565/174/998 572/175/998 566/175/998
f 563/177/999 570/173/999 564/173/999
f 563/178/1000 574/179/1000 569/178/1000
f 567/171/1001 572/175/1001 573/171/1001
f 564/173/1002 571/174/1002 565/174/1002
f 577/171/1003 579/175/1003 580/171/1003
f 575/174/1004 579/175/1004 576/175/1004
f 512/175/1005 575/174/1005 576/175/1005
f 560/175/1006 580/171/1006 579/175/1006
f 512/175/1007 577/171/1007 513/171/1007
f 513/171/1008 580/171/1008 561/171/1008
f 569/177/1009 582/173/1009 570/173/1009
f 569/178/1009 586/179/1009 581/178/1009
f 572/175/1010 585/171/1010 573/171/1010
f 570/173/1009 583/174/1009 571/174/1009
f 573/171/1011 586/179/1011 574/179/1011
f 572/175/1012 583/174/1012 584/175/1012
f 597/171/1013 599/170/1013 600/172/1013
f 594/173/994 613/174/994 595/174/994
f 631/175/1014 609/172/1014 627/181/1014
f 593/177/1015 603/176/1015 604/177/1015
f 599/170/1016 593/178/1016 604/178/1016
f 618/175/1017 607/171/1017 606/175/1017
f 603/176/1018 595/174/1018 602/174/1018
f 588/173/994 602/174/994 589/174/994
f 601/175/1019 591/171/1019 590/175/1019
f 599/170/1020 587/178/1020 592/179/1020
f 587/177/1021 603/176/1021 588/173/1021
f 589/174/1022 601/175/1022 590/175/1022
f 600/172/1023 592/179/1023 591/171/1023
f 610/174/1024 606/175/1024 608/175/1024
f 606/175/1025 609/172/1025 608/175/1025
f 632/180/1026 610/174/1026 628/174/1026
f 598/179/1027 611/178/1027 593/178/1027
f 609/172/1028 630/171/1028 627/181/1028
f 610/174/1029 631/175/1029 628/174/1029
f 613/186/1030 612/184/1030 616/183/1030
f 619/182/1031 629/185/1031 633/182/1031
f 629/185/1032 617/186/1032 634/186/1032
f 615/171/1023 598/179/1023 597/171/1023
f 632/180/994 617/174/994 605/174/994
f 605/174/1033 618/175/1033 606/175/1033
f 611/177/1034 594/173/1034 593/177/1034
f 625/171/1023 597/171/1023 596/171/1023
f 633/171/1023 596/171/1023 630/171/1023
f 595/174/994 626/174/994 623/189/994
f 614/185/1035 626/187/1035 613/186/1035
f 625/182/1036 614/185/1036 615/182/1036
f 622/174/1037 601/175/1037 602/174/1037
f 620/188/1038 597/171/1038 600/172/1038
f 595/174/1039 622/174/1039 602/174/1039
f 601/175/1040 620/188/1040 600/172/1040
f 619/171/1023 630/171/1023 607/171/1023
f 623/189/994 634/174/994 632/180/994
f 624/185/1032 634/186/1032 626/187/1032
f 633/182/1031 624/185/1031 625/182/1031
f 628/174/1041 621/175/1041 622/174/1041
f 620/188/1042 630/171/1042 596/171/1042
f 632/180/1043 622/174/1043 623/189/1043
f 621/175/1044 627/181/1044 620/188/1044
f 636/173/1045 587/177/1045 588/173/1045
f 587/178/1046 640/179/1046 592/179/1046
f 589/174/1047 656/174/1047 637/174/1047
f 637/174/1048 588/173/1048 589/174/1048
f 592/179/1049 639/171/1049 591/171/1049
f 656/174/1050 638/175/1050 637/174/1050
f 635/178/1051 646/179/1051 640/179/1051
f 639/171/1052 644/175/1052 638/175/1052
f 643/174/994 636/173/994 637/174/994
f 640/179/1023 645/171/1023 639/171/1023
f 644/175/1053 637/174/1053 638/175/1053
f 642/173/1054 635/177/1054 636/173/1054
f 646/179/1055 651/171/1055 645/171/1055
f 650/175/1056 643/174/1056 644/175/1056
f 648/173/1057 641/177/1057 642/173/1057
f 641/178/1058 652/179/1058 646/179/1058
f 645/171/1059 650/175/1059 644/175/1059
f 649/174/1060 642/173/1060 643/174/1060
f 655/171/1061 657/175/1061 654/175/1061
f 657/175/1062 653/174/1062 654/175/1062
f 590/175/1063 653/174/1063 589/174/1063
f 638/175/1064 658/171/1064 639/171/1064
f 655/171/1065 590/175/1065 591/171/1065
f 658/171/1066 591/171/1066 639/171/1066
f 660/173/1067 647/177/1067 648/173/1067
f 647/178/1067 664/179/1067 652/179/1067
f 663/171/1068 650/175/1068 651/171/1068
f 649/174/1067 660/173/1067 648/173/1067
f 664/179/1069 651/171/1069 652/179/1069
f 650/175/1070 661/174/1070 649/174/1070
f 521/170/1071 520/179/1071 519/171/1071
f 516/173/1072 517/174/1072 535/174/1072
f 553/175/1073 549/181/1073 531/172/1073
f 525/176/1074 516/173/1074 515/177/1074
f 521/170/1075 526/178/1075 515/178/1075
f 529/171/947 541/171/947 540/175/947
f 525/176/1076 524/174/1076 517/174/1076
f 510/173/1077 511/174/1077 524/174/1077
f 513/171/1078 522/172/1078 523/175/1078
f 509/178/1079 526/178/1079 521/170/1079
f 509/177/1080 510/173/1080 525/176/1080
f 511/174/1081 512/175/1081 523/175/1081
f 514/179/1082 521/170/1082 522/172/1082
f 532/174/1083 530/175/1083 528/175/1083
f 531/172/1084 529/171/1084 528/175/1084
f 554/180/1085 550/174/1085 532/174/1085
f 520/179/1086 515/178/1086 533/178/1086
f 552/171/1087 529/171/1087 531/172/1087
f 553/175/1088 530/175/1088 532/174/1088
f 538/183/1089 533/190/1089 534/184/1089
f 534/184/1090 535/186/1090 537/182/1090
f 535/186/1091 536/185/1091 537/182/1091
f 551/185/1092 540/185/1092 541/182/1092
f 551/185/1093 556/186/1093 539/186/1093
f 520/179/1094 538/179/1094 537/171/1094
f 554/180/1095 527/174/1095 539/174/1095
f 527/174/966 528/175/966 540/175/966
f 516/173/1096 534/173/1096 533/177/1096
f 519/171/1097 537/171/1097 547/171/1097
f 518/171/1098 547/171/1098 555/171/1098
f 517/174/1099 545/189/1099 548/174/1099
f 536/185/1100 535/186/1100 548/187/1100
f 536/185/1101 546/185/1101 547/182/1101
f 523/175/1102 543/175/1102 544/174/1102
f 519/171/1103 518/171/1103 542/188/1103
f 517/174/1104 524/174/1104 544/174/1104
f 523/175/1105 522/172/1105 542/188/1105
f 552/171/1106 555/171/1106 541/171/1106
f 545/189/1107 554/180/1107 556/174/1107
f 546/185/1108 548/187/1108 556/186/1108
f 546/185/1109 551/185/1109 555/182/1109
f 543/175/1110 553/175/1110 550/174/1110
f 542/188/1111 518/171/1111 552/171/1111
f 544/174/1112 550/174/1112 554/180/1112
f 543/175/1113 542/188/1113 549/181/1113
f 509/177/985 557/177/985 558/173/985
f 509/178/1114 514/179/1114 562/179/1114
f 511/174/1115 559/174/1115 578/174/1115
f 510/173/1116 558/173/1116 559/174/1116
f 514/179/1117 513/171/1117 561/171/1117
f 560/175/1118 579/175/1118 578/174/1118
f 557/178/1119 562/179/1119 568/179/1119
f 561/171/1120 560/175/1120 566/175/1120
f 558/173/1023 564/173/1023 565/174/1023
f 562/179/1121 561/171/1121 567/171/1121
f 559/174/1122 565/174/1122 566/175/1122
f 557/177/996 563/177/996 564/173/996
f 568/179/1123 567/171/1123 573/171/1123
f 565/174/1124 571/174/1124 572/175/1124
f 563/177/999 569/177/999 570/173/999
f 563/178/1000 568/179/1000 574/179/1000
f 567/171/1125 566/175/1125 572/175/1125
f 564/173/1002 570/173/1002 571/174/1002
f 577/171/1126 576/175/1126 579/175/1126
f 575/174/1127 578/174/1127 579/175/1127
f 512/175/1128 511/174/1128 575/174/1128
f 560/175/1129 561/171/1129 580/171/1129
f 512/175/1130 576/175/1130 577/171/1130
f 513/171/1131 577/171/1131 580/171/1131
f 569/177/1009 581/177/1009 582/173/1009
f 569/178/1009 574/179/1009 586/179/1009
f 572/175/1132 584/175/1132 585/171/1132
f 570/173/1009 582/173/1009 583/174/1009
f 573/171/1133 585/171/1133 586/179/1133
f 572/175/1134 571/174/1134 583/174/1134
f 597/171/1013 598/179/1013 599/170/1013
f 594/173/994 612/173/994 613/174/994
f 631/175/1135 608/175/1135 609/172/1135
f 593/177/1136 594/173/1136 603/176/1136
f 599/170/1137 598/179/1137 593/178/1137
f 618/175/1017 619/171/1017 607/171/1017
f 603/176/1138 594/173/1138 595/174/1138
f 588/173/994 603/176/994 602/174/994
f 601/175/1139 600/172/1139 591/171/1139
f 599/170/1140 604/178/1140 587/178/1140
f 587/177/1141 604/177/1141 603/176/1141
f 589/174/1142 602/174/1142 601/175/1142
f 600/172/1023 599/170/1023 592/179/1023
f 610/174/1143 605/174/1143 606/175/1143
f 606/175/1144 607/171/1144 609/172/1144
f 632/180/1145 605/174/1145 610/174/1145
f 598/179/1146 616/179/1146 611/178/1146
f 609/172/1147 607/171/1147 630/171/1147
f 610/174/1148 608/175/1148 631/175/1148
f 612/184/1149 611/190/1149 616/183/1149
f 616/183/1150 615/182/1150 613/186/1150
f 615/182/1151 614/185/1151 613/186/1151
f 619/182/1031 618/185/1031 629/185/1031
f 629/185/1032 618/185/1032 617/186/1032
f 615/171/1023 616/179/1023 598/179/1023
f 632/180/994 634/174/994 617/174/994
f 605/174/1033 617/174/1033 618/175/1033
f 611/177/1152 612/173/1152 594/173/1152
f 625/171/1023 615/171/1023 597/171/1023
f 633/171/1023 625/171/1023 596/171/1023
f 595/174/994 613/174/994 626/174/994
f 614/185/1032 624/185/1032 626/187/1032
f 625/182/1031 624/185/1031 614/185/1031
f 622/174/1153 621/175/1153 601/175/1153
f 620/188/1154 596/171/1154 597/171/1154
f 595/174/1155 623/189/1155 622/174/1155
f 601/175/1156 621/175/1156 620/188/1156
f 619/171/1023 633/171/1023 630/171/1023
f 623/189/994 626/174/994 634/174/994
f 624/185/1032 629/185/1032 634/186/1032
f 633/182/1031 629/185/1031 624/185/1031
f 628/174/1157 631/175/1157 621/175/1157
f 620/188/1158 627/181/1158 630/171/1158
f 632/180/1159 628/174/1159 622/174/1159
f 621/175/1160 631/175/1160 627/181/1160
f 636/173/1045 635/177/1045 587/177/1045
f 587/178/1161 635/178/1161 640/179/1161
f 589/174/1162 653/174/1162 656/174/1162
f 637/174/1163 636/173/1163 588/173/1163
f 592/179/1164 640/179/1164 639/171/1164
f 656/174/1165 657/175/1165 638/175/1165
f 635/178/1166 641/178/1166 646/179/1166
f 639/171/1167 645/171/1167 644/175/1167
f 643/174/994 642/173/994 636/173/994
f 640/179/1023 646/179/1023 645/171/1023
f 644/175/1168 643/174/1168 637/174/1168
f 642/173/1054 641/177/1054 635/177/1054
f 646/179/1169 652/179/1169 651/171/1169
f 650/175/1170 649/174/1170 643/174/1170
f 648/173/1057 647/177/1057 641/177/1057
f 641/178/1058 647/178/1058 652/179/1058
f 645/171/1171 651/171/1171 650/175/1171
f 649/174/1060 648/173/1060 642/173/1060
f 655/171/1172 658/171/1172 657/175/1172
f 657/175/1173 656/174/1173 653/174/1173
f 590/175/1174 654/175/1174 653/174/1174
f 638/175/1175 657/175/1175 658/171/1175
f 655/171/1176 654/175/1176 590/175/1176
f 658/171/1177 655/171/1177 591/171/1177
f 660/173/1067 659/177/1067 647/177/1067
f 647/178/1067 659/178/1067 664/179/1067
f 663/171/1178 662/175/1178 650/175/1178
f 649/174/1067 661/174/1067 660/173/1067
f 664/179/1179 663/171/1179 651/171/1179
f 650/175/1180 662/175/1180 661/174/1180
o pants
v -0.679938 -0.057245 7.432484
v 0.609894 0.158985 7.554917
v -0.683539 0.462403 7.515200
v -0.008294 0.666519 7.563404
v 0.505538 1.404691 4.611315
v 0.518655 1.000518 6.155782
v 0.917845 1.163393 4.526010
v 1.107630 0.720348 6.328628
v 0.917844 0.700358 4.386764
v 1.109309 0.197264 6.067509
v 0.505516 0.472468 4.325434
v 0.511786 -0.041328 5.845675
v 0.093100 0.710112 4.406335
v 0.083794 0.124346 6.037393
v 0.093232 1.168078 4.555792
v 0.000000 0.477371 5.909262
v 0.510128 1.005588 6.475018
v 1.097583 0.632380 6.533884
v 1.099858 0.103053 6.278122
v 0.514300 -0.108071 5.980691
v 0.074507 0.050259 6.161376
v 0.000000 0.827506 6.179254
v 0.401939 0.976916 6.646029
v 0.936555 0.512309 6.982479
v 0.933030 -0.095644 6.805175
v 0.436996 -0.257353 6.321044
v 0.071483 -0.029240 6.333652
v 0.000000 0.919375 6.304920
v 0.415765 2.208367 1.938357
v 0.718071 2.044807 1.877435
v 0.718070 1.717691 1.755590
v 0.415765 1.554104 1.694619
v 0.113460 1.717479 1.755330
v 0.113460 2.044808 1.877435
v 0.870885 1.015194 3.701402
v 0.870885 1.445487 3.830762
v 0.092645 1.398230 3.817936
v 0.092645 0.968385 3.688592
v 0.481765 1.721011 3.954402
v 0.481765 0.635147 4.003175
v -0.000000 -0.061744 6.389284
v -0.000000 -0.310289 6.525953
v -0.000000 -0.341726 6.823129
v 0.000000 0.891492 7.017650
v 0.000000 0.967062 6.673833
v 0.743410 0.463843 7.328835
v 0.739445 -0.160704 7.198667
v -0.000000 -0.303372 7.155138
v 0.000000 0.680206 7.375366
v 0.909355 1.220166 4.398520
v 0.093018 0.761181 4.280992
v 0.501241 1.467977 4.488708
v 0.909355 0.762716 4.266426
v 0.093126 1.224723 4.419595
v 0.501222 0.504151 4.268638
v 0.899109 0.830530 4.120363
v 0.092998 1.273490 4.258255
v 0.496040 0.540594 4.200111
v 0.899109 1.282068 4.245734
v 0.092918 0.818183 4.125561
v 0.496053 1.538104 4.343673
v -0.008294 -0.288548 7.350667
v 0.663349 -0.163839 7.393811
v 0.666950 0.454693 7.519279
v -0.505538 -1.117313 4.883580
v -0.518655 0.306422 5.797318
v -0.917845 -1.309551 4.994469
v -1.107630 0.102544 6.175512
v -0.917845 -1.653451 5.281773
v -1.109309 -0.374503 6.521050
v -0.505516 -1.829296 5.404029
v -0.511786 -0.686252 6.606478
v -0.093100 -1.646307 5.263995
v -0.083794 -0.366529 6.376422
v -0.093233 -1.284254 5.018512
v -0.510128 0.621903 6.069920
v -1.097583 0.293367 6.355966
v -1.099858 -0.215420 6.663074
v -0.514300 -0.582759 6.654411
v -0.074507 -0.262914 6.411165
v -0.401939 0.796051 6.309108
v -0.936555 0.528834 6.952701
v -0.933031 -0.001806 6.979372
v -0.436996 -0.395880 6.782299
v -0.071483 -0.149437 6.455346
v -0.415765 0.169556 2.919704
v -0.678935 0.041657 2.837681
v -0.678935 -0.214142 2.673635
v -0.415765 -0.342043 2.591614
v -0.152596 -0.214142 2.673635
v -0.152596 0.041657 2.837681
v -0.870885 -1.332307 4.414026
v -0.870885 -0.939231 4.631691
v -0.092645 -0.982695 4.609136
v -0.092645 -1.381277 4.393845
v -0.481765 -0.701904 4.806336
v -0.481765 -1.800052 4.692914
v -0.743410 0.469459 7.325212
v -0.739445 -0.081827 7.244464
v -0.909355 -1.326765 5.003726
v -0.093018 -1.709029 5.065590
v -0.501241 -1.115231 4.984441
v -0.909355 -1.716022 5.108062
v -0.093126 -1.318219 5.013947
v -0.501222 -1.874503 5.268878
v -0.899109 -1.660244 4.854544
v -0.092998 -1.262804 4.946054
v -0.496040 -1.898661 5.090689
v -0.899109 -1.244495 4.945829
v -0.092919 -1.671092 4.860760
v -0.496053 -1.029739 5.005580
v 0.434077 2.077406 1.889576
v 0.615355 1.979328 1.853044
v 0.615355 1.783172 1.779980
v 0.434077 1.685059 1.743405
v 0.252799 1.782947 1.779737
v 0.252799 1.979328 1.853044
v -0.418487 0.067148 2.854029
v -0.576297 -0.009548 2.804844
v -0.576297 -0.162938 2.706474
v -0.418487 -0.239634 2.657289
v -0.260677 -0.162938 2.706474
v -0.260677 -0.009548 2.804844
v -0.492097 0.025272 7.436796
v -0.494691 0.380828 7.500526
v -0.008294 0.526134 7.535631
v -0.008294 -0.156060 7.378865
v 0.475508 -0.080457 7.410565
v 0.478102 0.373049 7.503675
vn 0.5259 0.8239 0.2111
vn 0.9941 0.0312 -0.1039
vn 0.4959 -0.8220 -0.2799
vn -0.5199 -0.8099 -0.2716
vn -0.4649 -0.7442 -0.4795
vn -1.0000 0.0019 -0.0050
vn -0.4998 0.7850 0.3662
vn 0.9972 0.0215 -0.0714
vn -0.9959 -0.0734 0.0537
vn 0.9992 -0.0157 0.0378
vn -0.9872 -0.0975 0.1265
vn 0.4724 0.8015 0.3666
vn 0.4640 -0.7906 -0.3995
vn -0.3173 0.9480 -0.0235
vn -0.3958 -0.6690 0.6290
vn 0.4459 -0.8525 -0.2727
vn 0.4590 0.8032 0.3797
vn -0.1824 0.9820 0.0493
vn -0.4478 -0.8089 -0.3811
vn 0.9586 -0.1205 0.2580
vn -0.9999 0.0029 -0.0096
vn 0.6047 0.7785 0.1684
vn 0.4999 -0.8013 -0.3286
vn -0.4997 0.8234 0.2690
vn -0.4551 -0.8317 -0.3181
vn -0.4868 -0.8007 -0.3491
vn -0.6664 0.7172 0.2037
vn 0.4776 -0.7916 -0.3811
vn 0.6131 0.7234 0.3174
vn -1.0000 -0.0000 0.0006
vn 0.9980 0.0182 -0.0607
vn 0.0332 -0.9912 0.1281
vn -0.4200 -0.4373 -0.7952
vn 0.0710 -0.9919 -0.1049
vn -0.5930 -0.0690 -0.8022
vn -0.0091 0.9766 0.2147
vn 0.3653 0.8720 0.3257
vn 0.1818 -0.9768 0.1128
vn 0.8981 -0.1279 0.4207
vn 0.9981 0.0170 -0.0589
vn -1.0000 0.0001 0.0007
vn 0.5405 0.7552 0.3709
vn 0.4816 -0.7638 -0.4298
vn -0.5027 0.7980 0.3323
vn -0.5162 -0.7640 -0.3872
vn 0.9980 0.0167 -0.0602
vn -1.0000 -0.0000 0.0007
vn 0.5616 0.7526 0.3438
vn 0.4831 -0.7807 -0.3964
vn -0.5267 0.8136 0.2463
vn -0.5018 -0.7789 -0.3763
vn 0.9290 -0.0811 0.3610
vn -0.2581 -0.9441 0.2051
vn 0.2851 0.9451 0.1599
vn -0.4307 0.4846 -0.7613
vn -0.9943 -0.0601 -0.0879
vn -0.4322 -0.6601 0.6144
vn 0.4855 -0.6324 0.6036
vn 0.6217 -0.3167 0.7164
vn 1.0000 -0.0030 -0.0049
vn 0.4253 0.3904 -0.8165
vn -0.9956 0.0453 -0.0818
vn 0.9962 -0.0534 0.0690
vn -0.9990 0.0285 0.0345
vn 0.9956 -0.0929 0.0108
vn -0.5788 0.5421 -0.6092
vn -0.3322 -0.4030 0.8528
vn -0.0303 0.6104 -0.7915
vn -0.0331 0.1415 0.9894
vn -0.2773 -0.4619 0.8425
vn -0.5723 0.7642 -0.2975
vn -0.1951 0.7918 -0.5788
vn 0.6192 -0.2992 0.7260
vn -0.9162 0.2101 0.3413
vn 0.9996 0.0138 -0.0255
vn -0.5939 0.7381 0.3202
vn -0.4890 -0.7094 -0.5076
vn 0.6571 0.6753 0.3349
vn 0.4185 -0.7523 -0.5088
vn 0.3878 -0.8978 -0.2087
vn 0.3872 0.4665 0.7953
vn -0.3893 -0.8907 -0.2348
vn -0.4426 0.6626 0.6041
vn 1.0000 0.0001 0.0006
vn -0.9984 0.0121 -0.0550
vn 0.2923 -0.9484 0.1226
vn -0.2137 -0.4707 -0.8560
vn 0.1319 -0.9858 -0.1043
vn -0.6321 -0.0664 -0.7721
vn -0.3648 0.9275 0.0820
vn -0.3609 0.8736 0.3264
vn -0.3466 -0.9375 -0.0299
vn -0.8038 0.0245 0.5944
vn -0.9988 -0.0313 -0.0375
vn 1.0000 0.0005 0.0002
vn -0.0130 -0.4785 -0.8780
vn -0.4445 -0.8537 0.2714
vn 0.3542 0.1257 -0.9267
vn 0.4692 -0.8329 0.2935
vn -0.9990 -0.0115 -0.0429
vn 1.0000 0.0004 0.0005
vn -0.2625 0.5770 0.7734
vn -0.3977 -0.9107 0.1119
vn 0.3214 0.7333 0.5991
vn 0.4287 -0.8935 0.1336
vn -0.2926 0.9546 0.0566
vn 0.1769 -0.9808 0.0819
vn -0.9529 -0.0541 0.2983
vn -0.0000 0.5398 -0.8418
vn 0.0007 0.3490 -0.9371
vn -0.0000 0.3491 -0.9371
vn -0.0002 0.3497 -0.9369
vn 0.0001 0.3492 -0.9371
vn -0.0008 -0.1988 0.9800
vn 0.0571 -0.1814 0.9818
vn 0.0003 -0.1764 0.9843
vn -0.0128 -0.1941 0.9809
vn 0.0031 -0.1946 0.9809
vn -0.0315 -0.2081 0.9776
vn 0.3779 0.9075 0.1833
vn 0.9945 0.0494 -0.0926
vn 0.4483 -0.8411 -0.3028
vn -0.4589 -0.8354 -0.3026
vn -0.4775 -0.7912 -0.3822
vn -0.9292 -0.2992 -0.2167
vn -0.7393 0.6499 0.1763
vn 0.9973 0.0257 -0.0690
vn -0.9937 -0.0939 -0.0608
vn 0.9990 -0.0160 0.0420
vn -0.9164 -0.3096 -0.2536
vn 0.4302 0.9027 -0.0028
vn 0.4680 -0.8143 -0.3433
vn -0.2329 0.5938 -0.7701
vn -0.4801 -0.2430 0.8429
vn -0.5719 -0.0660 0.8176
vn -0.6447 -0.0254 0.7640
vn 0.4606 -0.8688 -0.1817
vn 0.4562 0.7844 0.4202
vn 0.0602 0.8058 -0.5891
vn -0.4860 -0.7544 -0.4413
vn 0.9447 -0.0968 0.3132
vn -0.9999 0.0036 -0.0095
vn 0.4981 0.8392 0.2185
vn 0.5165 -0.7904 -0.3294
vn -0.6659 0.7199 0.1958
vn -0.4994 -0.8060 -0.3177
vn -0.4802 -0.8296 -0.2849
vn -0.5635 0.7395 0.3682
vn 0.4786 -0.7775 -0.4080
vn 0.5622 0.7818 0.2697
vn -1.0000 -0.0002 0.0007
vn 0.9981 0.0166 -0.0599
vn -0.3254 -0.4762 -0.8169
vn 0.2556 -0.9649 0.0604
vn 0.3335 0.7738 0.5386
vn 0.2718 0.8286 0.4894
vn 0.2542 -0.9665 -0.0347
vn 0.8748 -0.1042 0.4732
vn 0.9980 0.0183 -0.0609
vn -1.0000 -0.0000 0.0008
vn 0.5271 0.7888 0.3162
vn 0.4817 -0.7493 -0.4544
vn -0.5176 0.7528 0.4067
vn -0.5111 -0.7961 -0.3240
vn 0.9979 0.0178 -0.0617
vn -1.0000 -0.0001 0.0008
vn 0.5427 0.7905 0.2839
vn 0.4788 -0.7596 -0.4402
vn -0.5629 0.7360 0.3760
vn -0.5036 -0.8112 -0.2972
vn 0.9263 -0.0801 0.3681
vn -0.3187 -0.9461 0.0582
vn 0.3032 0.9493 0.0825
vn -0.5862 0.4720 -0.6585
vn -0.9942 -0.0689 -0.0825
vn -0.4568 -0.6459 0.6116
vn 0.6676 -0.4912 0.5595
vn 0.6191 -0.2990 0.7262
vn 0.9962 -0.0748 0.0436
vn 0.0036 0.5401 -0.8416
vn -0.9957 0.0499 -0.0778
vn 0.9972 -0.0605 0.0442
vn -0.9992 0.0232 0.0311
vn 0.9962 -0.0534 0.0692
vn -0.5947 0.5687 -0.5682
vn -0.3700 -0.6064 0.7038
vn -0.1017 0.6520 -0.7514
vn 0.6526 0.3333 0.6805
vn 0.5249 0.0462 0.8499
vn 0.5337 0.2712 0.8010
vn -0.3070 -0.7057 0.6385
vn -0.5854 0.7956 -0.1560
vn -0.2606 0.8328 -0.4884
vn 0.7279 -0.5660 0.3871
vn -0.9661 0.0066 0.2581
vn 0.9996 0.0158 -0.0247
vn -0.4971 0.7826 0.3747
vn -0.4994 -0.7028 -0.5066
vn 0.4993 0.7573 0.4210
vn 0.4997 -0.7086 -0.4982
vn 0.4539 -0.7572 -0.4697
vn 0.6601 0.5773 0.4806
vn -0.4491 -0.7027 -0.5519
vn -0.5776 0.4422 0.6861
vn 1.0000 -0.0004 0.0007
vn -0.9978 0.0323 -0.0583
vn -0.3611 -0.5047 -0.7841
vn -0.0240 -0.4711 0.8817
vn -0.5210 0.8337 0.1832
vn -0.2682 0.8295 0.4899
vn -0.2730 -0.9557 0.1104
vn -0.8901 -0.0723 0.4500
vn 0.4671 -0.2289 -0.8540
vn 0.9999 0.0017 0.0107
vn 0.4601 -0.8878 -0.0013
vn -0.4424 -0.8504 0.2847
vn -0.4472 -0.8936 0.0375
vn 0.4729 -0.8401 0.2658
vn -0.9906 0.0293 -0.1336
vn 1.0000 -0.0002 0.0017
vn -0.0166 -0.2391 0.9709
vn -0.4024 -0.8905 -0.2122
vn 0.0044 -0.2403 0.9707
vn 0.4114 -0.8963 -0.1658
vn -0.2783 0.9526 0.1231
vn 0.1859 -0.9809 0.0567
vn -0.9501 -0.0519 0.3075
vn 0.0003 0.3488 -0.9372
vn 0.0002 0.3495 -0.9369
vn 0.0001 0.3491 -0.9371
vn 0.0060 -0.2011 0.9795
vn 0.0391 -0.2080 0.9773
vn 0.0462 -0.1567 0.9866
vn -0.0098 -0.1990 0.9800
vn 0.0034 -0.1941 0.9810
vn -0.0184 -0.2367 0.9714
vt 1.000000 1.000000
vt 0.833333 0.500000
vt 1.000000 0.500000
vt 0.666667 1.000000
vt 0.666667 0.500000
vt 0.500000 1.000000
vt 0.500000 0.500000
vt 0.333333 0.500000
vt 0.333333 1.000000
vt 0.166667 0.500000
vt 0.166667 1.000000
vt -0.000000 0.500000
vt 0.833333 0.500000
vt 0.833333 1.000000
vt -0.000000 1.000000
vt 0.042154 0.130000
vt 0.250000 0.010000
vt 0.457846 0.130000
vt 0.500000 0.500000
vt 0.500000 0.500000
vt 0.166667 0.500000
vt -0.000000 0.500000
vt 0.833333 0.500000
vt 0.000000 0.000000
vt 0.042154 0.370000
vt 0.457846 0.370000
vt 0.333333 0.500000
vt 0.250000 0.490000
s 0
f 670/191/1181 671/192/1181 669/193/1181
f 671/192/1182 674/194/1182 673/195/1182
f 673/195/1183 676/196/1183 675/197/1183
f 676/196/1184 677/198/1184 675/197/1184
f 678/199/1185 684/196/1185 685/199/1185
f 678/199/1186 679/200/1186 677/198/1186
f 680/201/1187 669/202/1187 679/200/1187
f 699/195/1188 694/192/1188 700/203/1188
f 686/201/1189 691/199/1189 692/201/1189
f 672/204/1190 683/194/1190 674/194/1190
f 680/201/1191 685/199/1191 686/201/1191
f 672/204/1192 681/191/1192 682/204/1192
f 674/194/1193 684/196/1193 676/196/1193
f 670/205/1194 686/201/1194 681/205/1194
f 691/206/1195 690/207/1195 689/208/1195
f 683/194/1196 690/196/1196 684/196/1196
f 682/204/1197 687/191/1197 688/204/1197
f 681/205/1198 692/201/1198 687/205/1198
f 684/196/1199 691/199/1199 685/199/1199
f 682/204/1200 689/194/1200 683/194/1200
f 701/200/1201 697/198/1201 702/198/1201
f 700/203/1202 693/193/1202 703/193/1202
f 699/195/1203 696/197/1203 695/195/1203
f 701/200/1204 693/202/1204 698/200/1204
f 702/198/1205 696/197/1205 704/209/1205
f 724/198/1206 704/209/1206 722/210/1206
f 721/211/1207 703/212/1207 701/200/1207
f 720/195/1208 704/209/1208 699/195/1208
f 725/193/1209 700/203/1209 703/193/1209
f 721/211/1210 702/198/1210 724/198/1210
f 723/213/1211 699/195/1211 700/203/1211
f 692/201/1212 687/205/1212 709/214/1212
f 691/214/1213 706/214/1213 705/214/1213
f 690/214/1214 707/214/1214 706/214/1214
f 705/214/1215 692/215/1215 691/206/1215
f 708/214/1216 687/214/1216 709/214/1216
f 708/214/1217 710/214/1217 688/214/1217
f 707/214/1218 711/214/1218 712/214/1218
f 688/216/1219 711/208/1219 689/208/1219
f 671/192/1220 717/195/1220 714/213/1220
f 679/200/1221 715/217/1221 677/198/1221
f 669/193/1222 714/213/1222 716/193/1222
f 673/195/1223 719/197/1223 717/195/1223
f 669/202/1224 718/211/1224 679/200/1224
f 677/198/1225 719/197/1225 675/197/1225
f 714/213/1226 720/195/1226 723/213/1226
f 718/211/1227 724/198/1227 715/217/1227
f 716/193/1228 723/213/1228 725/193/1228
f 717/195/1229 722/210/1229 720/195/1229
f 716/202/1230 721/211/1230 718/211/1230
f 715/217/1231 722/210/1231 719/197/1231
f 710/216/1232 727/208/1232 711/208/1232
f 712/214/1233 665/214/1233 763/214/1233
f 713/214/1234 728/214/1234 710/214/1234
f 731/192/1235 730/191/1235 729/193/1235
f 731/192/1236 734/194/1236 732/204/1236
f 733/195/1237 736/196/1237 734/194/1237
f 737/198/1238 736/196/1238 735/197/1238
f 738/199/1239 743/196/1239 736/196/1239
f 739/200/1240 738/199/1240 737/198/1240
f 729/202/1241 680/201/1241 739/200/1241
f 751/192/1242 756/195/1242 757/203/1242
f 686/201/1243 749/199/1243 744/199/1243
f 742/194/1244 732/204/1244 734/194/1244
f 680/201/1245 744/199/1245 738/199/1245
f 732/204/1246 740/191/1246 730/191/1246
f 743/196/1247 734/194/1247 736/196/1247
f 730/205/1248 686/201/1248 680/201/1248
f 749/206/1249 692/215/1249 745/218/1249
f 748/196/1250 742/194/1250 743/196/1250
f 741/204/1251 745/191/1251 740/191/1251
f 740/205/1252 692/201/1252 686/201/1252
f 749/199/1253 743/196/1253 744/199/1253
f 747/194/1254 741/204/1254 742/194/1254
f 754/198/1255 758/200/1255 759/198/1255
f 750/193/1256 757/203/1256 760/193/1256
f 756/195/1257 753/197/1257 761/209/1257
f 758/200/1258 750/202/1258 760/212/1258
f 753/197/1259 759/198/1259 761/209/1259
f 761/209/1260 774/198/1260 772/210/1260
f 771/211/1261 760/212/1261 775/202/1261
f 770/195/1262 761/209/1262 772/210/1262
f 775/193/1263 757/203/1263 773/213/1263
f 759/198/1264 771/211/1264 774/198/1264
f 773/213/1265 756/195/1265 770/195/1265
f 692/201/1266 709/214/1266 745/205/1266
f 706/214/1267 749/214/1267 705/214/1267
f 707/214/1268 748/214/1268 706/214/1268
f 705/214/1269 749/206/1269 692/215/1269
f 708/214/1270 745/214/1270 746/214/1270
f 762/214/1271 708/214/1271 746/214/1271
f 707/214/1272 763/214/1272 747/214/1272
f 763/208/1273 746/216/1273 747/208/1273
f 731/192/1274 767/195/1274 733/195/1274
f 765/217/1275 739/200/1275 737/198/1275
f 729/193/1276 764/213/1276 731/192/1276
f 733/195/1277 769/197/1277 735/197/1277
f 768/211/1278 729/202/1278 739/200/1278
f 769/197/1279 737/198/1279 735/197/1279
f 764/213/1280 770/195/1280 767/195/1280
f 774/198/1281 768/211/1281 765/217/1281
f 766/193/1282 773/213/1282 764/213/1282
f 767/195/1283 772/210/1283 769/197/1283
f 771/211/1284 766/202/1284 768/211/1284
f 772/210/1285 765/217/1285 769/197/1285
f 713/214/1286 667/214/1286 668/214/1286
f 712/214/1287 727/214/1287 726/214/1287
f 762/216/1288 665/208/1288 667/216/1288
f 752/195/1289 785/197/1289 753/197/1289
f 696/197/1290 780/198/1290 779/197/1290
f 694/192/1291 776/193/1291 693/193/1291
f 753/197/1289 786/198/1289 754/198/1289
f 697/198/1292 781/200/1292 780/198/1292
f 751/192/1289 782/193/1289 783/192/1289
f 695/195/1291 777/192/1291 694/192/1291
f 754/198/1289 787/200/1289 755/200/1289
f 693/202/1291 781/200/1291 698/200/1291
f 751/192/1289 784/195/1289 752/195/1289
f 695/195/1293 779/197/1293 778/195/1293
f 750/202/1289 787/200/1289 782/202/1289
f 728/216/1294 792/208/1294 727/208/1294
f 726/214/1295 788/214/1295 665/214/1295
f 667/216/1296 788/208/1296 789/216/1296
f 668/214/1297 789/214/1297 790/214/1297
f 668/214/1298 793/214/1298 728/214/1298
f 726/214/1299 792/214/1299 791/214/1299
f 670/191/1300 672/204/1300 671/192/1300
f 671/192/1301 672/204/1301 674/194/1301
f 673/195/1302 674/194/1302 676/196/1302
f 676/196/1303 678/199/1303 677/198/1303
f 678/199/1304 676/196/1304 684/196/1304
f 678/199/1305 680/201/1305 679/200/1305
f 680/201/1306 670/205/1306 669/202/1306
f 699/195/1307 695/195/1307 694/192/1307
f 686/201/1308 685/199/1308 691/199/1308
f 672/204/1309 682/204/1309 683/194/1309
f 680/201/1310 678/199/1310 685/199/1310
f 672/204/1311 670/191/1311 681/191/1311
f 674/194/1312 683/194/1312 684/196/1312
f 670/205/1313 680/201/1313 686/201/1313
f 689/208/1314 688/216/1314 691/206/1314
f 688/216/1315 687/218/1315 691/206/1315
f 687/218/1316 692/215/1316 691/206/1316
f 683/194/1317 689/194/1317 690/196/1317
f 682/204/1318 681/191/1318 687/191/1318
f 681/205/1319 686/201/1319 692/201/1319
f 684/196/1320 690/196/1320 691/199/1320
f 682/204/1321 688/204/1321 689/194/1321
f 701/200/1322 698/200/1322 697/198/1322
f 700/203/1323 694/192/1323 693/193/1323
f 699/195/1324 704/209/1324 696/197/1324
f 701/200/1325 703/212/1325 693/202/1325
f 702/198/1326 697/198/1326 696/197/1326
f 724/198/1327 702/198/1327 704/209/1327
f 721/211/1328 725/202/1328 703/212/1328
f 720/195/1329 722/210/1329 704/209/1329
f 725/193/1330 723/213/1330 700/203/1330
f 721/211/1331 701/200/1331 702/198/1331
f 723/213/1332 720/195/1332 699/195/1332
f 691/214/1333 690/214/1333 706/214/1333
f 690/214/1334 689/214/1334 707/214/1334
f 708/214/1335 688/214/1335 687/214/1335
f 708/214/1336 713/214/1336 710/214/1336
f 707/214/1337 689/214/1337 711/214/1337
f 688/216/1338 710/216/1338 711/208/1338
f 671/192/1339 673/195/1339 717/195/1339
f 679/200/1340 718/211/1340 715/217/1340
f 669/193/1341 671/192/1341 714/213/1341
f 673/195/1342 675/197/1342 719/197/1342
f 669/202/1343 716/202/1343 718/211/1343
f 677/198/1344 715/217/1344 719/197/1344
f 714/213/1345 717/195/1345 720/195/1345
f 718/211/1346 721/211/1346 724/198/1346
f 716/193/1347 714/213/1347 723/213/1347
f 717/195/1348 719/197/1348 722/210/1348
f 716/202/1349 725/202/1349 721/211/1349
f 715/217/1350 724/198/1350 722/210/1350
f 710/216/1351 728/216/1351 727/208/1351
f 712/214/1352 726/214/1352 665/214/1352
f 713/214/1353 668/214/1353 728/214/1353
f 731/192/1354 732/204/1354 730/191/1354
f 731/192/1355 733/195/1355 734/194/1355
f 733/195/1356 735/197/1356 736/196/1356
f 737/198/1357 738/199/1357 736/196/1357
f 738/199/1358 744/199/1358 743/196/1358
f 739/200/1359 680/201/1359 738/199/1359
f 729/202/1360 730/205/1360 680/201/1360
f 751/192/1361 752/195/1361 756/195/1361
f 686/201/1362 692/201/1362 749/199/1362
f 742/194/1363 741/204/1363 732/204/1363
f 680/201/1364 686/201/1364 744/199/1364
f 732/204/1365 741/204/1365 740/191/1365
f 743/196/1366 742/194/1366 734/194/1366
f 730/205/1367 740/205/1367 686/201/1367
f 745/218/1368 746/216/1368 749/206/1368
f 746/216/1369 747/208/1369 749/206/1369
f 747/208/1370 748/207/1370 749/206/1370
f 748/196/1371 747/194/1371 742/194/1371
f 741/204/1372 746/204/1372 745/191/1372
f 740/205/1373 745/205/1373 692/201/1373
f 749/199/1374 748/196/1374 743/196/1374
f 747/194/1375 746/204/1375 741/204/1375
f 754/198/1376 755/200/1376 758/200/1376
f 750/193/1377 751/192/1377 757/203/1377
f 756/195/1378 752/195/1378 753/197/1378
f 758/200/1379 755/200/1379 750/202/1379
f 753/197/1380 754/198/1380 759/198/1380
f 761/209/1381 759/198/1381 774/198/1381
f 771/211/1382 758/200/1382 760/212/1382
f 770/195/1383 756/195/1383 761/209/1383
f 775/193/1384 760/193/1384 757/203/1384
f 759/198/1385 758/200/1385 771/211/1385
f 773/213/1386 757/203/1386 756/195/1386
f 706/214/1387 748/214/1387 749/214/1387
f 707/214/1388 747/214/1388 748/214/1388
f 708/214/1389 709/214/1389 745/214/1389
f 762/214/1390 713/214/1390 708/214/1390
f 707/214/1391 712/214/1391 763/214/1391
f 763/208/1392 762/216/1392 746/216/1392
f 731/192/1393 764/213/1393 767/195/1393
f 765/217/1394 768/211/1394 739/200/1394
f 729/193/1395 766/193/1395 764/213/1395
f 733/195/1396 767/195/1396 769/197/1396
f 768/211/1397 766/202/1397 729/202/1397
f 769/197/1398 765/217/1398 737/198/1398
f 764/213/1399 773/213/1399 770/195/1399
f 774/198/1400 771/211/1400 768/211/1400
f 766/193/1401 775/193/1401 773/213/1401
f 767/195/1402 770/195/1402 772/210/1402
f 771/211/1403 775/202/1403 766/202/1403
f 772/210/1404 774/198/1404 765/217/1404
f 713/214/1405 762/214/1405 667/214/1405
f 712/214/1406 711/214/1406 727/214/1406
f 762/216/1407 763/208/1407 665/208/1407
f 752/195/1289 784/195/1289 785/197/1289
f 696/197/1408 697/198/1408 780/198/1408
f 694/192/1291 777/192/1291 776/193/1291
f 753/197/1289 785/197/1289 786/198/1289
f 697/198/1409 698/200/1409 781/200/1409
f 751/192/1289 750/193/1289 782/193/1289
f 695/195/1291 778/195/1291 777/192/1291
f 754/198/1289 786/198/1289 787/200/1289
f 693/202/1291 776/202/1291 781/200/1291
f 751/192/1289 783/192/1289 784/195/1289
f 695/195/1410 696/197/1410 779/197/1410
f 750/202/1289 755/200/1289 787/200/1289
f 728/216/1411 793/216/1411 792/208/1411
f 726/214/1412 791/214/1412 788/214/1412
f 667/216/1413 665/208/1413 788/208/1413
f 668/214/1414 667/214/1414 789/214/1414
f 668/214/1415 790/214/1415 793/214/1415
f 726/214/1416 727/214/1416 792/214/1416
o hair5
v 0.589199 -0.843802 11.794455
v 0.582221 0.534628 11.905766
v -0.000000 0.728349 12.056059
v 0.329380 0.661804 12.006000
v 0.656888 0.611247 11.634373
v 0.673636 0.600560 11.230779
v 0.665231 0.484393 10.797128
v 0.682762 0.241418 11.994983
v 0.737509 -0.176081 12.031976
v 0.695261 -0.577517 11.971423
v 0.682099 -0.825266 11.581203
v 0.350033 -0.931638 11.866080
v -0.000000 -1.097476 11.710264
v -0.000000 0.847084 10.729280
v -0.000000 0.953627 11.230999
v -0.000000 0.955846 11.687227
v 0.334014 0.761026 10.766968
v 0.326528 0.863453 11.234685
v 0.333922 0.862841 11.665098
v 0.893074 0.165393 11.214278
v 0.859308 0.236704 11.648015
v 0.972705 -0.140028 11.192028
v 0.934707 -0.200245 11.654469
v 0.835282 -0.672785 11.173714
v 0.874791 -0.619459 11.616941
v 0.366330 0.292516 12.204836
v -0.000000 0.328335 12.276645
v 0.395758 -0.157589 12.264014
v -0.000000 -0.147655 12.342429
v 0.377653 -0.592305 12.183429
v -0.000000 -0.755598 12.160773
v 0.933113 0.045410 11.280233
v 0.579362 -0.704929 11.645367
v 0.653018 -0.661675 11.486025
v 0.401327 -0.771505 11.693092
v -0.000000 -0.926752 11.524978
v 0.806676 -0.042310 11.206861
v 0.842930 -0.246367 10.351950
v 0.722329 -0.614566 10.165322
v 0.665599 0.398399 10.400604
v -0.000000 0.840761 10.283508
v 0.336142 0.743588 10.400750
v 0.757584 -0.664634 11.188546
v 0.722352 -0.238216 10.366781
v 0.626449 -0.606414 10.131265
v 0.899359 0.056748 10.738582
v 0.893074 0.165393 11.214278
v 0.933113 0.045410 11.280233
v 0.832809 -0.159292 10.313433
v 0.738421 0.106786 10.773639
v 0.732136 0.165998 11.249337
v 0.600419 0.240421 10.400604
v 0.772176 0.046016 11.315291
v 0.671871 -0.089993 10.348491
v -0.000000 0.682784 10.283507
v 0.369721 0.585610 10.400750
v 0.567814 0.438535 10.799673
v 0.368754 0.690587 10.757393
v -0.000000 0.706204 10.729817
v -0.589199 -0.843802 11.794455
v -0.582221 0.534628 11.905766
v -0.329380 0.661804 12.006000
v -0.656888 0.611247 11.634373
v -0.673636 0.600560 11.230779
v -0.665231 0.484393 10.797128
v -0.682762 0.241418 11.994983
v -0.737509 -0.176081 12.031976
v -0.695261 -0.577517 11.971423
v -0.682099 -0.825266 11.581203
v -0.350034 -0.931638 11.866080
v -0.334014 0.761026 10.766968
v -0.326528 0.863453 11.234685
v -0.333923 0.862841 11.665098
v -0.893074 0.165393 11.214278
v -0.859308 0.236704 11.648015
v -0.972705 -0.140028 11.192028
v -0.934707 -0.200245 11.654469
v -0.835282 -0.672785 11.173714
v -0.874791 -0.619459 11.616941
v -0.366331 0.292516 12.204836
v -0.395758 -0.157589 12.264014
v -0.377653 -0.592305 12.183429
v -0.933113 0.045410 11.280233
v -0.579363 -0.704929 11.645367
v -0.653018 -0.661675 11.486025
v -0.401327 -0.771505 11.693092
v -0.806676 -0.042310 11.206861
v -0.842930 -0.246367 10.351950
v -0.722329 -0.614566 10.165322
v -0.665599 0.398399 10.400604
v -0.336142 0.743588 10.400750
v -0.757584 -0.664634 11.188546
v -0.722352 -0.238216 10.366781
v -0.626449 -0.606414 10.131265
v -0.899359 0.056748 10.738582
v -0.893074 0.165393 11.214278
v -0.933113 0.045410 11.280233
v -0.832809 -0.159292 10.313433
v -0.738421 0.106786 10.773639
v -0.732136 0.165998 11.249337
v -0.600419 0.240421 10.400604
v -0.772176 0.046016 11.315291
v -0.671871 -0.089993 10.348491
v -0.369721 0.585610 10.400750
v -0.567814 0.438535 10.799673
v -0.368754 0.690587 10.757393
vn 0.5518 -0.1809 0.8141
vn 0.1864 -0.1866 0.9646
vn 0.6038 0.7971 0.0039
vn 0.4878 -0.7080 -0.5107
vn 0.1958 0.1404 0.9705
vn 0.2137 0.4796 0.8511
vn 0.8717 -0.1659 0.4611
vn 0.9817 0.1612 0.1017
vn 0.9872 -0.1467 0.0620
vn 0.6379 0.7407 -0.2108
vn 0.5934 0.7171 0.3657
vn 0.2623 0.8213 0.5066
vn 0.4589 -0.6113 0.6448
vn 0.8928 0.4504 -0.0045
vn 0.2489 -0.6723 0.6972
vn 0.5611 0.1458 0.8148
vn 0.2629 0.9438 -0.2004
vn 0.8823 0.4501 -0.1377
vn 0.8793 0.1584 0.4492
vn 0.7284 -0.6850 0.0175
vn 0.0886 -0.7259 -0.6820
vn 0.5492 0.4099 0.7283
vn 0.6875 -0.6854 0.2399
vn -0.7787 -0.4131 -0.4721
vn 0.8176 0.4547 0.3533
vn 0.9450 0.3263 0.0199
vn 0.9794 0.1706 0.1078
vn -0.7930 -0.4710 -0.3864
vn 0.2662 0.9639 -0.0032
vn 0.6424 0.7656 -0.0327
vn 0.2821 0.9593 -0.0136
vn -0.0505 -0.9898 0.1331
vn -0.3331 -0.4450 0.8313
vn 0.1127 0.9926 0.0447
vn -0.8890 -0.3379 -0.3091
vn -0.9625 0.2442 0.1178
vn -0.0000 -0.0000 1.0000
vn -0.1897 -0.4545 0.8703
vn 0.9937 -0.0760 -0.0820
vn -0.2609 -0.8435 0.4695
vn -0.1837 -0.5199 -0.8342
vn -0.2476 -0.9453 0.2126
vn -0.0006 -0.0001 -1.0000
vn 0.3293 -0.0000 -0.9442
vn -0.1619 0.1195 -0.9795
vn -0.9349 -0.2430 0.2588
vn -0.8140 -0.5441 0.2036
vn -0.2688 -0.9619 0.0505
vn 0.8992 0.3168 -0.3017
vn 0.5466 -0.1746 0.8190
vn 0.0662 -0.2857 0.9560
vn 0.6140 0.7893 -0.0094
vn 0.5450 -0.6166 -0.5681
vn 0.2032 0.1340 0.9699
vn 0.2247 0.4705 0.8533
vn 0.8704 -0.1617 0.4650
vn 0.9672 -0.2476 -0.0564
vn 0.5945 0.7874 -0.1629
vn 0.5362 0.7239 0.4341
vn 0.2437 0.8340 0.4951
vn 0.4262 -0.6362 0.6431
vn 0.8791 0.4760 0.0239
vn 0.1077 -0.7920 0.6010
vn 0.5630 0.1438 0.8139
vn 0.2657 0.9426 -0.2022
vn 0.8669 0.4883 -0.1001
vn 0.8813 0.1551 0.4463
vn 0.0734 -0.7426 -0.6657
vn 0.5146 0.4458 0.7324
vn 0.7076 -0.5644 0.4252
vn 0.8171 0.4050 0.4103
vn 0.2680 0.9634 -0.0047
vn 0.7155 0.6829 -0.1474
vn 0.2540 0.9662 -0.0445
vn -0.4755 -0.8450 0.2448
vn 0.0763 -0.4706 0.8791
vn 0.0682 0.9966 0.0464
vn -0.1710 -0.9000 -0.4010
vn -0.9599 0.2525 0.1221
vn 0.9766 -0.1709 -0.1305
vn -0.1792 -0.8818 0.4362
vn 0.0232 -0.9920 0.1238
vn -0.0004 0.0002 -1.0000
vn 0.3177 0.0675 -0.9458
vn -0.2135 0.0881 -0.9730
vn -0.8731 -0.4614 0.1577
vn -0.7869 -0.5926 0.1723
vn -0.0616 -0.9575 0.2817
vn 0.8661 0.4886 -0.1052
vn -0.5518 -0.1809 0.8141
vn -0.1864 -0.1866 0.9646
vn -0.6038 0.7971 0.0039
vn -0.4878 -0.7080 -0.5107
vn -0.1958 0.1404 0.9705
vn -0.2137 0.4796 0.8511
vn -0.8717 -0.1659 0.4611
vn -0.9817 0.1612 0.1017
vn -0.9872 -0.1467 0.0620
vn -0.6379 0.7407 -0.2108
vn -0.5934 0.7171 0.3657
vn -0.2623 0.8213 0.5066
vn -0.4589 -0.6113 0.6448
vn -0.8928 0.4504 -0.0045
vn -0.2489 -0.6723 0.6972
vn -0.5611 0.1458 0.8148
vn -0.2629 0.9438 -0.2004
vn -0.8823 0.4501 -0.1377
vn -0.8793 0.1584 0.4492
vn -0.7284 -0.6850 0.0175
vn -0.0886 -0.7259 -0.6820
vn -0.5492 0.4099 0.7283
vn -0.6875 -0.6854 0.2399
vn 0.7787 -0.4131 -0.4721
vn -0.8176 0.4547 0.3533
vn -0.9450 0.3263 0.0199
vn -0.9794 0.1706 0.1078
vn 0.7930 -0.4710 -0.3864
vn -0.2662 0.9639 -0.0032
vn -0.6424 0.7656 -0.0327
vn -0.2821 0.9593 -0.0136
vn 0.0505 -0.9898 0.1331
vn 0.3331 -0.4450 0.8313
vn -0.1127 0.9926 0.0447
vn 0.8890 -0.3379 -0.3091
vn 0.9625 0.2442 0.1178
vn 0.1897 -0.4545 0.8703
vn -0.9937 -0.0760 -0.0820
vn 0.2609 -0.8435 0.4695
vn 0.1837 -0.5199 -0.8342
vn 0.2476 -0.9453 0.2126
vn 0.0006 -0.0001 -1.0000
vn -0.3293 -0.0000 -0.9442
vn 0.1619 0.1195 -0.9795
vn 0.9349 -0.2430 0.2588
vn 0.8140 -0.5441 0.2036
vn 0.2688 -0.9619 0.0505
vn -0.8992 0.3168 -0.3017
vn -0.5466 -0.1746 0.8190
vn -0.0662 -0.2857 0.9560
vn -0.6140 0.7893 -0.0094
vn -0.5450 -0.6166 -0.5681
vn -0.2032 0.1340 0.9699
vn -0.2247 0.4705 0.8533
vn -0.8704 -0.1617 0.4650
vn -0.9672 -0.2476 -0.0564
vn -0.5945 0.7874 -0.1629
vn -0.5362 0.7239 0.4341
vn -0.2437 0.8340 0.4951
vn -0.4262 -0.6362 0.6431
vn -0.8791 0.4760 0.0239
vn -0.1077 -0.7920 0.6010
vn -0.5630 0.1438 0.8139
vn -0.2657 0.9426 -0.2022
vn -0.8669 0.4883 -0.1001
vn -0.8813 0.1551 0.4463
vn -0.0734 -0.7426 -0.6657
vn -0.5146 0.4458 0.7324
vn -0.7076 -0.5644 0.4252
vn -0.8171 0.4050 0.4103
vn -0.2680 0.9634 -0.0047
vn -0.7155 0.6829 -0.1474
vn -0.2540 0.9662 -0.0445
vn 0.4755 -0.8450 0.2448
vn -0.0763 -0.4706 0.8791
vn -0.0682 0.9966 0.0464
vn 0.1710 -0.9000 -0.4010
vn 0.9599 0.2525 0.1221
vn -0.9766 -0.1709 -0.1305
vn 0.1792 -0.8818 0.4362
vn -0.0232 -0.9920 0.1238
vn 0.0004 0.0002 -1.0000
vn -0.3177 0.0675 -0.9458
vn 0.2135 0.0881 -0.9730
vn 0.8731 -0.4614 0.1577
vn 0.7869 -0.5926 0.1723
vn 0.0616 -0.9575 0.2817
vn -0.8661 0.4886 -0.1052
vt 0.625000 0.625000
vt 0.687500 0.687500
vt 0.625000 0.687500
vt 0.750000 0.625000
vt 0.687500 0.625000
vt 0.500000 0.437500
vt 0.562500 0.500000
vt 0.500000 0.500000
vt 0.687500 0.750000
vt 0.750000 0.750000
vt 0.687500 0.562500
vt 0.687500 0.500000
vt 0.750000 0.562500
vt 0.562500 0.625000
vt 0.562500 0.687500
vt 0.500000 0.625000
vt 0.500000 0.593750
vt 0.437500 0.437500
vt 0.437500 0.500000
vt 0.562500 0.437500
vt 0.625000 0.500000
vt 0.625000 0.375000
vt 0.562500 0.375000
vt 0.625000 0.750000
vt 0.562500 0.562500
vt 0.500000 0.562500
vt 0.750000 0.687500
vt 0.625000 0.562500
vt 0.437500 0.375000
vt 0.500000 0.375000
vt 0.562500 0.750000
vt 0.500000 0.687500
vt 0.000000 0.000000
vt 0.437500 0.562500
vt 0.750000 0.500000
vt 0.625000 0.437500
s 0
f 802/219/1417 823/220/1417 803/221/1417
f 822/222/1418 823/220/1418 821/223/1418
f 811/224/1419 798/225/1419 799/226/1419
f 805/227/1420 829/228/1420 828/227/1420
f 819/229/1421 822/222/1421 821/223/1421
f 797/230/1422 820/231/1422 819/229/1422
f 816/232/1423 803/221/1423 818/233/1423
f 816/232/1424 815/234/1424 825/235/1424
f 818/233/1425 815/234/1425 816/232/1425
f 810/236/1426 799/226/1426 800/237/1426
f 812/238/1427 795/239/1427 798/225/1427
f 796/240/1428 812/238/1428 809/241/1428
f 823/220/1429 794/242/1429 803/221/1429
f 799/226/1430 814/243/1430 813/244/1430
f 824/245/1431 805/227/1431 823/220/1431
f 801/246/1432 821/223/1432 802/219/1432
f 811/224/1433 807/247/1433 808/248/1433
f 840/244/1434 800/237/1434 799/226/1434
f 814/243/1435 802/219/1435 816/232/1435
f 818/233/1436 804/249/1436 817/250/1436
f 794/242/1437 828/227/1437 826/242/1437
f 795/239/1438 819/229/1438 801/246/1438
f 818/233/1439 794/242/1439 804/249/1439
f 804/249/1440 826/242/1440 827/249/1440
f 795/239/1441 814/243/1441 798/225/1441
f 825/235/1442 813/244/1442 814/243/1442
f 814/243/1443 816/232/1443 825/235/1443
f 804/249/1444 794/242/1444 826/242/1444
f 808/248/1445 812/238/1445 811/224/1445
f 800/237/1446 835/236/1446 810/236/1446
f 807/247/1447 835/236/1447 834/247/1447
f 815/251/1448 837/251/1448 831/251/1448
f 832/251/1449 837/251/1449 838/251/1449
f 832/251/1450 836/251/1450 817/251/1450
f 836/251/1451 804/251/1451 827/251/1451
f 831/251/1452 817/251/1452 815/251/1452
f 813/244/1453 841/235/1453 840/244/1453
f 841/251/1454 830/251/1454 815/251/1454
f 836/251/1455 837/251/1455 830/251/1455
f 839/252/1456 847/252/1456 842/252/1456
f 840/244/1457 846/235/1457 844/244/1457
f 840/244/1458 843/252/1458 839/252/1458
f 833/237/1459 849/236/1459 835/236/1459
f 835/236/1460 848/247/1460 834/247/1460
f 845/237/1461 842/252/1461 847/252/1461
f 843/252/1462 845/237/1462 847/252/1462
f 850/251/1463 849/236/1463 845/237/1463
f 849/236/1464 852/251/1464 848/247/1464
f 833/237/1465 839/252/1465 842/252/1465
f 802/219/1466 821/223/1466 823/220/1466
f 822/222/1467 824/245/1467 823/220/1467
f 811/224/1468 812/238/1468 798/225/1468
f 805/227/1469 806/228/1469 829/228/1469
f 819/229/1470 820/231/1470 822/222/1470
f 797/230/1471 796/253/1471 820/231/1471
f 816/232/1472 802/219/1472 803/221/1472
f 818/233/1473 817/250/1473 815/234/1473
f 810/236/1474 811/224/1474 799/226/1474
f 812/238/1475 797/254/1475 795/239/1475
f 796/240/1476 797/254/1476 812/238/1476
f 823/220/1477 805/227/1477 794/242/1477
f 799/226/1478 798/225/1478 814/243/1478
f 824/245/1479 806/228/1479 805/227/1479
f 801/246/1480 819/229/1480 821/223/1480
f 811/224/1481 810/236/1481 807/247/1481
f 840/244/1482 839/252/1482 800/237/1482
f 814/243/1483 801/246/1483 802/219/1483
f 794/242/1484 805/227/1484 828/227/1484
f 795/239/1485 797/230/1485 819/229/1485
f 818/233/1486 803/221/1486 794/242/1486
f 795/239/1487 801/246/1487 814/243/1487
f 808/248/1488 809/241/1488 812/238/1488
f 800/237/1489 833/237/1489 835/236/1489
f 807/247/1490 810/236/1490 835/236/1490
f 815/251/1491 830/251/1491 837/251/1491
f 832/251/1492 831/251/1492 837/251/1492
f 832/251/1493 838/251/1493 836/251/1493
f 836/251/1494 817/251/1494 804/251/1494
f 831/251/1495 832/251/1495 817/251/1495
f 813/244/1453 825/235/1453 841/235/1453
f 836/251/1496 838/251/1496 837/251/1496
f 839/252/1497 843/252/1497 847/252/1497
f 840/244/1457 841/235/1457 846/235/1457
f 840/244/1498 844/244/1498 843/252/1498
f 833/237/1499 845/237/1499 849/236/1499
f 835/236/1500 849/236/1500 848/247/1500
f 845/237/1501 833/237/1501 842/252/1501
f 843/252/1502 850/251/1502 845/237/1502
f 850/251/1503 851/251/1503 849/236/1503
f 849/236/1504 851/251/1504 852/251/1504
f 833/237/1505 800/237/1505 839/252/1505
f 860/219/1506 861/221/1506 875/220/1506
f 822/222/1507 874/223/1507 875/220/1507
f 865/224/1508 857/226/1508 856/225/1508
f 863/227/1509 879/227/1509 829/228/1509
f 873/229/1510 874/223/1510 822/222/1510
f 855/230/1511 873/229/1511 820/231/1511
f 870/232/1512 872/233/1512 861/221/1512
f 870/232/1513 876/235/1513 869/234/1513
f 872/233/1514 870/232/1514 869/234/1514
f 864/236/1515 858/237/1515 857/226/1515
f 866/238/1516 856/225/1516 854/239/1516
f 796/240/1517 809/241/1517 866/238/1517
f 875/220/1518 861/221/1518 853/242/1518
f 857/226/1519 867/244/1519 868/243/1519
f 824/245/1520 875/220/1520 863/227/1520
f 859/246/1521 860/219/1521 874/223/1521
f 865/224/1522 808/248/1522 807/247/1522
f 889/244/1523 857/226/1523 858/237/1523
f 868/243/1524 870/232/1524 860/219/1524
f 872/233/1525 871/250/1525 862/249/1525
f 853/242/1526 877/242/1526 879/227/1526
f 854/239/1527 859/246/1527 873/229/1527
f 872/233/1528 862/249/1528 853/242/1528
f 862/249/1529 878/249/1529 877/242/1529
f 854/239/1530 856/225/1530 868/243/1530
f 876/235/1531 868/243/1531 867/244/1531
f 868/243/1532 876/235/1532 870/232/1532
f 862/249/1533 877/242/1533 853/242/1533
f 808/248/1534 865/224/1534 866/238/1534
f 858/237/1535 864/236/1535 884/236/1535
f 807/247/1536 834/247/1536 884/236/1536
f 869/251/1537 881/251/1537 886/251/1537
f 882/251/1538 887/251/1538 886/251/1538
f 882/251/1539 871/251/1539 885/251/1539
f 885/251/1540 878/251/1540 862/251/1540
f 881/251/1541 869/251/1541 871/251/1541
f 867/244/1453 889/244/1453 890/235/1453
f 890/251/1542 869/251/1542 880/251/1542
f 885/251/1543 880/251/1543 886/251/1543
f 888/252/1544 891/252/1544 896/252/1544
f 889/244/1545 893/244/1545 895/235/1545
f 889/244/1546 888/252/1546 892/252/1546
f 883/237/1547 884/236/1547 897/236/1547
f 884/236/1548 834/247/1548 848/247/1548
f 894/237/1549 896/252/1549 891/252/1549
f 892/252/1550 896/252/1550 894/237/1550
f 898/251/1551 894/237/1551 897/236/1551
f 897/236/1552 848/247/1552 852/251/1552
f 883/237/1553 891/252/1553 888/252/1553
f 860/219/1554 875/220/1554 874/223/1554
f 822/222/1555 875/220/1555 824/245/1555
f 865/224/1556 856/225/1556 866/238/1556
f 863/227/1557 829/228/1557 806/228/1557
f 873/229/1558 822/222/1558 820/231/1558
f 855/230/1559 820/231/1559 796/253/1559
f 870/232/1560 861/221/1560 860/219/1560
f 872/233/1561 869/234/1561 871/250/1561
f 864/236/1562 857/226/1562 865/224/1562
f 866/238/1563 854/239/1563 855/254/1563
f 796/240/1564 866/238/1564 855/254/1564
f 875/220/1565 853/242/1565 863/227/1565
f 857/226/1566 868/243/1566 856/225/1566
f 824/245/1567 863/227/1567 806/228/1567
f 859/246/1568 874/223/1568 873/229/1568
f 865/224/1569 807/247/1569 864/236/1569
f 889/244/1570 858/237/1570 888/252/1570
f 868/243/1571 860/219/1571 859/246/1571
f 853/242/1572 879/227/1572 863/227/1572
f 854/239/1573 873/229/1573 855/230/1573
f 872/233/1574 853/242/1574 861/221/1574
f 854/239/1575 868/243/1575 859/246/1575
f 808/248/1576 866/238/1576 809/241/1576
f 858/237/1577 884/236/1577 883/237/1577
f 807/247/1578 884/236/1578 864/236/1578
f 869/251/1579 886/251/1579 880/251/1579
f 882/251/1580 886/251/1580 881/251/1580
f 882/251/1581 885/251/1581 887/251/1581
f 885/251/1582 862/251/1582 871/251/1582
f 881/251/1583 871/251/1583 882/251/1583
f 867/244/1453 890/235/1453 876/235/1453
f 885/251/1584 886/251/1584 887/251/1584
f 888/252/1585 896/252/1585 892/252/1585
f 889/244/1545 895/235/1545 890/235/1545
f 889/244/1586 892/252/1586 893/244/1586
f 883/237/1587 897/236/1587 894/237/1587
f 884/236/1588 848/247/1588 897/236/1588
f 894/237/1589 891/252/1589 883/237/1589
f 892/252/1590 894/237/1590 898/251/1590
f 898/251/1591 897/236/1591 899/251/1591
f 897/236/1592 852/251/1592 899/251/1592
f 883/237/1593 888/252/1593 858/237/1593
l 830 846
l 800 850
l 810 851
l 807 852
l 880 895
l 858 898
l 864 899
