# Blender 4.2.1 LTS
# www.blender.org
o Plane
v -400.000000 -400.000000 0.000000
v 400.000000 -400.000000 0.000000
v -400.000000 400.000000 0.000000
v 400.000000 400.000000 0.000000
v -400.000000 0.000000 0.000000
v 0.000000 -400.000000 0.000000
v 400.000000 0.000000 0.000000
v 0.000000 400.000000 0.000000
v 0.000000 0.000000 0.000000
v -400.000000 -200.000000 0.000000
v 200.000000 -400.000000 0.000000
v 400.000000 200.000000 0.000000
v -200.000000 400.000000 0.000000
v -400.000000 200.000000 0.000000
v -200.000000 -400.000000 0.000000
v 400.000000 -200.000000 0.000000
v 200.000000 400.000000 0.000000
v 0.000000 200.000000 0.000000
v 0.000000 -200.000000 0.000000
v -200.000000 0.000000 0.000000
v 200.000000 0.000000 0.000000
v 200.000000 -200.000000 0.000000
v -200.000000 -200.000000 0.000000
v -200.000000 200.000000 0.000000
v 200.000000 200.000000 0.000000
v -400.000000 -300.000000 0.000000
v 300.000000 -400.000000 0.000000
v 400.000000 300.000000 0.000000
v -300.000000 400.000000 0.000000
v -400.000000 100.000000 0.000000
v -100.000000 -400.000000 0.000000
v 400.000000 -100.000000 0.000000
v 100.000000 400.000000 0.000000
v 0.000000 300.000000 0.000000
v 0.000000 -100.000000 0.000000
v -300.000000 0.000000 0.000000
v 100.000000 0.000000 0.000000
v -400.000000 -100.000000 0.000000
v 100.000000 -400.000000 0.000000
v 400.000000 100.000000 0.000000
v -100.000000 400.000000 0.000000
v -400.000000 300.000000 0.000000
v -300.000000 -400.000000 0.000000
v 400.000000 -300.000000 0.000000
v 300.000000 400.000000 0.000000
v 0.000000 100.000000 0.000000
v 0.000000 -300.000000 0.000000
v -100.000000 0.000000 0.000000
v 300.000000 0.000000 0.000000
v 200.000000 -100.000000 0.000000
v 200.000000 -300.000000 0.000000
v 100.000000 -200.000000 0.000000
v 300.000000 -200.000000 0.000000
v -200.000000 -100.000000 0.000000
v -200.000000 -300.000000 0.000000
v -300.000000 -200.000000 0.000000
v -100.000000 -200.000000 0.000000
v -200.000000 300.000000 0.000000
v -200.000000 100.000000 0.000000
v -300.000000 200.000000 0.000000
v -100.000000 200.000000 0.000000
v 200.000000 300.000000 0.000000
v 200.000000 100.000000 0.000000
v 100.000000 200.000000 0.000000
v 300.000000 200.000000 0.000000
v 300.000000 100.000000 0.000000
v 100.000000 100.000000 0.000000
v 100.000000 300.000000 0.000000
v -100.000000 100.000000 0.000000
v -300.000000 100.000000 0.000000
v -300.000000 300.000000 0.000000
v -100.000000 -300.000000 0.000000
v -300.000000 -300.000000 0.000000
v -300.000000 -100.000000 0.000000
v 300.000000 -300.000000 0.000000
v 100.000000 -300.000000 0.000000
v 100.000000 -100.000000 0.000000
v 300.000000 -100.000000 0.000000
v -100.000000 -100.000000 0.000000
v -100.000000 300.000000 0.000000
v 300.000000 300.000000 0.000000
v -400.000000 -350.000000 0.000000
v 350.000000 -400.000000 0.000000
v 400.000000 350.000000 0.000000
v -350.000000 400.000000 0.000000
v -400.000000 50.000000 0.000000
v -50.000000 -400.000000 0.000000
v 400.000000 -50.000000 0.000000
v 50.000000 400.000000 0.000000
v 0.000000 350.000000 0.000000
v 0.000000 -50.000000 0.000000
v -350.000000 0.000000 0.000000
v 50.000000 0.000000 0.000000
v -400.000000 -150.000000 0.000000
v 150.000000 -400.000000 0.000000
v 400.000000 150.000000 0.000000
v -150.000000 400.000000 0.000000
v -400.000000 250.000000 0.000000
v -250.000000 -400.000000 0.000000
v 400.000000 -250.000000 0.000000
v 250.000000 400.000000 0.000000
v 0.000000 150.000000 0.000000
v 0.000000 -250.000000 0.000000
v -150.000000 0.000000 0.000000
v 250.000000 0.000000 0.000000
v 200.000000 -50.000000 0.000000
v 200.000000 -250.000000 0.000000
v 50.000000 -200.000000 0.000000
v 250.000000 -200.000000 0.000000
v -200.000000 -50.000000 0.000000
v -200.000000 -250.000000 0.000000
v -350.000000 -200.000000 0.000000
v -150.000000 -200.000000 0.000000
v -200.000000 350.000000 0.000000
v -200.000000 150.000000 0.000000
v -350.000000 200.000000 0.000000
v -150.000000 200.000000 0.000000
v 200.000000 350.000000 0.000000
v 200.000000 150.000000 0.000000
v 50.000000 200.000000 0.000000
v 250.000000 200.000000 0.000000
v -400.000000 -250.000000 0.000000
v 250.000000 -400.000000 0.000000
v 400.000000 250.000000 0.000000
v -250.000000 400.000000 0.000000
v -400.000000 150.000000 0.000000
v -150.000000 -400.000000 0.000000
v 400.000000 -150.000000 0.000000
v 150.000000 400.000000 0.000000
v 0.000000 250.000000 0.000000
v 0.000000 -150.000000 0.000000
v -250.000000 0.000000 0.000000
v 150.000000 0.000000 0.000000
v -400.000000 -50.000000 0.000000
v 50.000000 -400.000000 0.000000
v 400.000000 50.000000 0.000000
v -50.000000 400.000000 0.000000
v -400.000000 350.000000 0.000000
v -350.000000 -400.000000 0.000000
v 400.000000 -350.000000 0.000000
v 350.000000 400.000000 0.000000
v 0.000000 50.000000 0.000000
v 0.000000 -350.000000 0.000000
v -50.000000 0.000000 0.000000
v 350.000000 0.000000 0.000000
v 200.000000 -150.000000 0.000000
v 200.000000 -350.000000 0.000000
v 150.000000 -200.000000 0.000000
v 350.000000 -200.000000 0.000000
v -200.000000 -150.000000 0.000000
v -200.000000 -350.000000 0.000000
v -250.000000 -200.000000 0.000000
v -50.000000 -200.000000 0.000000
v -200.000000 250.000000 0.000000
v -200.000000 50.000000 0.000000
v -250.000000 200.000000 0.000000
v -50.000000 200.000000 0.000000
v 200.000000 250.000000 0.000000
v 200.000000 50.000000 0.000000
v 150.000000 200.000000 0.000000
v 350.000000 200.000000 0.000000
v 300.000000 150.000000 0.000000
v 300.000000 50.000000 0.000000
v 250.000000 100.000000 0.000000
v 350.000000 100.000000 0.000000
v 100.000000 150.000000 0.000000
v 100.000000 50.000000 0.000000
v 50.000000 100.000000 0.000000
v 150.000000 100.000000 0.000000
v 100.000000 350.000000 0.000000
v 100.000000 250.000000 0.000000
v 50.000000 300.000000 0.000000
v 150.000000 300.000000 0.000000
v -100.000000 150.000000 0.000000
v -100.000000 50.000000 0.000000
v -150.000000 100.000000 0.000000
v -50.000000 100.000000 0.000000
v -300.000000 150.000000 0.000000
v -300.000000 50.000000 0.000000
v -350.000000 100.000000 0.000000
v -250.000000 100.000000 0.000000
v -300.000000 350.000000 0.000000
v -300.000000 250.000000 0.000000
v -350.000000 300.000000 0.000000
v -250.000000 300.000000 0.000000
v -100.000000 -250.000000 0.000000
v -100.000000 -350.000000 0.000000
v -150.000000 -300.000000 0.000000
v -50.000000 -300.000000 0.000000
v -300.000000 -250.000000 0.000000
v -300.000000 -350.000000 0.000000
v -350.000000 -300.000000 0.000000
v -250.000000 -300.000000 0.000000
v -300.000000 -50.000000 0.000000
v -300.000000 -150.000000 0.000000
v -350.000000 -100.000000 0.000000
v -250.000000 -100.000000 0.000000
v 300.000000 -250.000000 0.000000
v 300.000000 -350.000000 0.000000
v 250.000000 -300.000000 0.000000
v 350.000000 -300.000000 0.000000
v 100.000000 -250.000000 0.000000
v 100.000000 -350.000000 0.000000
v 50.000000 -300.000000 0.000000
v 150.000000 -300.000000 0.000000
v 100.000000 -50.000000 0.000000
v 100.000000 -150.000000 0.000000
v 50.000000 -100.000000 0.000000
v 150.000000 -100.000000 0.000000
v 300.000000 -50.000000 0.000000
v 300.000000 -150.000000 0.000000
v 250.000000 -100.000000 0.000000
v 350.000000 -100.000000 0.000000
v -100.000000 -50.000000 0.000000
v -100.000000 -150.000000 0.000000
v -150.000000 -100.000000 0.000000
v -50.000000 -100.000000 0.000000
v -100.000000 350.000000 0.000000
v -100.000000 250.000000 0.000000
v -150.000000 300.000000 0.000000
v -50.000000 300.000000 0.000000
v 300.000000 350.000000 0.000000
v 300.000000 250.000000 0.000000
v 250.000000 300.000000 0.000000
v 350.000000 300.000000 0.000000
v 350.000000 250.000000 0.000000
v 250.000000 250.000000 0.000000
v 250.000000 350.000000 0.000000
v -50.000000 250.000000 0.000000
v -150.000000 250.000000 0.000000
v -150.000000 350.000000 0.000000
v -50.000000 -150.000000 0.000000
v -150.000000 -150.000000 0.000000
v -150.000000 -50.000000 0.000000
v 350.000000 -150.000000 0.000000
v 250.000000 -150.000000 0.000000
v 250.000000 -50.000000 0.000000
v 150.000000 -150.000000 0.000000
v 50.000000 -150.000000 0.000000
v 50.000000 -50.000000 0.000000
v 150.000000 -350.000000 0.000000
v 50.000000 -350.000000 0.000000
v 50.000000 -250.000000 0.000000
v 350.000000 -350.000000 0.000000
v 250.000000 -350.000000 0.000000
v 250.000000 -250.000000 0.000000
v -250.000000 -150.000000 0.000000
v -350.000000 -150.000000 0.000000
v -350.000000 -50.000000 0.000000
v -250.000000 -350.000000 0.000000
v -350.000000 -350.000000 0.000000
v -350.000000 -250.000000 0.000000
v -50.000000 -350.000000 0.000000
v -150.000000 -350.000000 0.000000
v -150.000000 -250.000000 0.000000
v -250.000000 250.000000 0.000000
v -350.000000 250.000000 0.000000
v -350.000000 350.000000 0.000000
v -250.000000 50.000000 0.000000
v -350.000000 50.000000 0.000000
v -350.000000 150.000000 0.000000
v -50.000000 50.000000 0.000000
v -150.000000 50.000000 0.000000
v -150.000000 150.000000 0.000000
v 150.000000 250.000000 0.000000
v 50.000000 250.000000 0.000000
v 50.000000 350.000000 0.000000
v 150.000000 50.000000 0.000000
v 50.000000 50.000000 0.000000
v 50.000000 150.000000 0.000000
v 350.000000 50.000000 0.000000
v 250.000000 50.000000 0.000000
v 250.000000 150.000000 0.000000
v 350.000000 150.000000 0.000000
v 150.000000 150.000000 0.000000
v 150.000000 350.000000 0.000000
v -50.000000 150.000000 0.000000
v -250.000000 150.000000 0.000000
v -250.000000 350.000000 0.000000
v -50.000000 -250.000000 0.000000
v -250.000000 -250.000000 0.000000
v -250.000000 -50.000000 0.000000
v 350.000000 -250.000000 0.000000
v 150.000000 -250.000000 0.000000
v 150.000000 -50.000000 0.000000
v 350.000000 -50.000000 0.000000
v -50.000000 -50.000000 0.000000
v -50.000000 350.000000 0.000000
v 350.000000 350.000000 0.000000
v -400.000000 -375.000000 0.000000
v 375.000000 -400.000000 0.000000
v 400.000000 375.000000 0.000000
v -375.000000 400.000000 0.000000
v -400.000000 25.000000 0.000000
v -25.000000 -400.000000 0.000000
v 400.000000 -25.000000 0.000000
v 25.000000 400.000000 0.000000
v 0.000000 375.000000 0.000000
v 0.000000 -25.000000 0.000000
v -375.000000 0.000000 0.000000
v 25.000000 0.000000 0.000000
v -400.000000 -175.000000 0.000000
v 175.000000 -400.000000 0.000000
v 400.000000 175.000000 0.000000
v -175.000000 400.000000 0.000000
v -400.000000 225.000000 0.000000
v -225.000000 -400.000000 0.000000
v 400.000000 -225.000000 0.000000
v 225.000000 400.000000 0.000000
v 0.000000 175.000000 0.000000
v 0.000000 -225.000000 0.000000
v -175.000000 0.000000 0.000000
v 225.000000 0.000000 0.000000
v 200.000000 -25.000000 0.000000
v 200.000000 -225.000000 0.000000
v 25.000000 -200.000000 0.000000
v 225.000000 -200.000000 0.000000
v -200.000000 -25.000000 0.000000
v -200.000000 -225.000000 0.000000
v -375.000000 -200.000000 0.000000
v -175.000000 -200.000000 0.000000
v -200.000000 375.000000 0.000000
v -200.000000 175.000000 0.000000
v -375.000000 200.000000 0.000000
v -175.000000 200.000000 0.000000
v 200.000000 375.000000 0.000000
v 200.000000 175.000000 0.000000
v 25.000000 200.000000 0.000000
v 225.000000 200.000000 0.000000
v -400.000000 -275.000000 0.000000
v 275.000000 -400.000000 0.000000
v 400.000000 275.000000 0.000000
v -275.000000 400.000000 0.000000
v -400.000000 125.000000 0.000000
v -125.000000 -400.000000 0.000000
v 400.000000 -125.000000 0.000000
v 125.000000 400.000000 0.000000
v 0.000000 275.000000 0.000000
v 0.000000 -125.000000 0.000000
v -275.000000 0.000000 0.000000
v 125.000000 0.000000 0.000000
v -400.000000 -75.000000 0.000000
v 75.000000 -400.000000 0.000000
v 400.000000 75.000000 0.000000
v -75.000000 400.000000 0.000000
v -400.000000 325.000000 0.000000
v -325.000000 -400.000000 0.000000
v 400.000000 -325.000000 0.000000
v 325.000000 400.000000 0.000000
v 0.000000 75.000000 0.000000
v 0.000000 -325.000000 0.000000
v -75.000000 0.000000 0.000000
v 325.000000 0.000000 0.000000
v 200.000000 -125.000000 0.000000
v 200.000000 -325.000000 0.000000
v 125.000000 -200.000000 0.000000
v 325.000000 -200.000000 0.000000
v -200.000000 -125.000000 0.000000
v -200.000000 -325.000000 0.000000
v -275.000000 -200.000000 0.000000
v -75.000000 -200.000000 0.000000
v -200.000000 275.000000 0.000000
v -200.000000 75.000000 0.000000
v -275.000000 200.000000 0.000000
v -75.000000 200.000000 0.000000
v 200.000000 275.000000 0.000000
v 200.000000 75.000000 0.000000
v 125.000000 200.000000 0.000000
v 325.000000 200.000000 0.000000
v 300.000000 175.000000 0.000000
v 300.000000 75.000000 0.000000
v 225.000000 100.000000 0.000000
v 325.000000 100.000000 0.000000
v 100.000000 175.000000 0.000000
v 100.000000 75.000000 0.000000
v 25.000000 100.000000 0.000000
v 125.000000 100.000000 0.000000
v 100.000000 375.000000 0.000000
v 100.000000 275.000000 0.000000
v 25.000000 300.000000 0.000000
v 125.000000 300.000000 0.000000
v -100.000000 175.000000 0.000000
v -100.000000 75.000000 0.000000
v -175.000000 100.000000 0.000000
v -75.000000 100.000000 0.000000
v -300.000000 175.000000 0.000000
v -300.000000 75.000000 0.000000
v -375.000000 100.000000 0.000000
v -275.000000 100.000000 0.000000
v -300.000000 375.000000 0.000000
v -300.000000 275.000000 0.000000
v -375.000000 300.000000 0.000000
v -275.000000 300.000000 0.000000
v -100.000000 -225.000000 0.000000
v -100.000000 -325.000000 0.000000
v -175.000000 -300.000000 0.000000
v -75.000000 -300.000000 0.000000
v -300.000000 -225.000000 0.000000
v -300.000000 -325.000000 0.000000
v -375.000000 -300.000000 0.000000
v -275.000000 -300.000000 0.000000
v -300.000000 -25.000000 0.000000
v -300.000000 -125.000000 0.000000
v -375.000000 -100.000000 0.000000
v -275.000000 -100.000000 0.000000
v 300.000000 -225.000000 0.000000
v 300.000000 -325.000000 0.000000
v 225.000000 -300.000000 0.000000
v 325.000000 -300.000000 0.000000
v 100.000000 -225.000000 0.000000
v 100.000000 -325.000000 0.000000
v 25.000000 -300.000000 0.000000
v 125.000000 -300.000000 0.000000
v 100.000000 -25.000000 0.000000
v 100.000000 -125.000000 0.000000
v 25.000000 -100.000000 0.000000
v 125.000000 -100.000000 0.000000
v 300.000000 -25.000000 0.000000
v 300.000000 -125.000000 0.000000
v 225.000000 -100.000000 0.000000
v 325.000000 -100.000000 0.000000
v -100.000000 -25.000000 0.000000
v -100.000000 -125.000000 0.000000
v -175.000000 -100.000000 0.000000
v -75.000000 -100.000000 0.000000
v -100.000000 375.000000 0.000000
v -100.000000 275.000000 0.000000
v -175.000000 300.000000 0.000000
v -75.000000 300.000000 0.000000
v 300.000000 375.000000 0.000000
v 300.000000 275.000000 0.000000
v 225.000000 300.000000 0.000000
v 325.000000 300.000000 0.000000
v -400.000000 -325.000000 0.000000
v 325.000000 -400.000000 0.000000
v 400.000000 325.000000 0.000000
v -325.000000 400.000000 0.000000
v -400.000000 75.000000 0.000000
v -75.000000 -400.000000 0.000000
v 400.000000 -75.000000 0.000000
v 75.000000 400.000000 0.000000
v 0.000000 325.000000 0.000000
v 0.000000 -75.000000 0.000000
v -325.000000 0.000000 0.000000
v 75.000000 0.000000 0.000000
v -400.000000 -125.000000 0.000000
v 125.000000 -400.000000 0.000000
v 400.000000 125.000000 0.000000
v -125.000000 400.000000 0.000000
v -400.000000 275.000000 0.000000
v -275.000000 -400.000000 0.000000
v 400.000000 -275.000000 0.000000
v 275.000000 400.000000 0.000000
v 0.000000 125.000000 0.000000
v 0.000000 -275.000000 0.000000
v -125.000000 0.000000 0.000000
v 275.000000 0.000000 0.000000
v 200.000000 -75.000000 0.000000
v 200.000000 -275.000000 0.000000
v 75.000000 -200.000000 0.000000
v 275.000000 -200.000000 0.000000
v -200.000000 -75.000000 0.000000
v -200.000000 -275.000000 0.000000
v -325.000000 -200.000000 0.000000
v -125.000000 -200.000000 0.000000
v -200.000000 325.000000 0.000000
v -200.000000 125.000000 0.000000
v -325.000000 200.000000 0.000000
v -125.000000 200.000000 0.000000
v 200.000000 325.000000 0.000000
v 200.000000 125.000000 0.000000
v 75.000000 200.000000 0.000000
v 275.000000 200.000000 0.000000
v -400.000000 -225.000000 0.000000
v 225.000000 -400.000000 0.000000
v 400.000000 225.000000 0.000000
v -225.000000 400.000000 0.000000
v -400.000000 175.000000 0.000000
v -175.000000 -400.000000 0.000000
v 400.000000 -175.000000 0.000000
v 175.000000 400.000000 0.000000
v 0.000000 225.000000 0.000000
v 0.000000 -175.000000 0.000000
v -225.000000 0.000000 0.000000
v 175.000000 0.000000 0.000000
v -400.000000 -25.000000 0.000000
v 25.000000 -400.000000 0.000000
v 400.000000 25.000000 0.000000
v -25.000000 400.000000 0.000000
v -400.000000 375.000000 0.000000
v -375.000000 -400.000000 0.000000
v 400.000000 -375.000000 0.000000
v 375.000000 400.000000 0.000000
v 0.000000 25.000000 0.000000
v 0.000000 -375.000000 0.000000
v -25.000000 0.000000 0.000000
v 375.000000 0.000000 0.000000
v 200.000000 -175.000000 0.000000
v 200.000000 -375.000000 0.000000
v 175.000000 -200.000000 0.000000
v 375.000000 -200.000000 0.000000
v -200.000000 -175.000000 0.000000
v -200.000000 -375.000000 0.000000
v -225.000000 -200.000000 0.000000
v -25.000000 -200.000000 0.000000
v -200.000000 225.000000 0.000000
v -200.000000 25.000000 0.000000
v -225.000000 200.000000 0.000000
v -25.000000 200.000000 0.000000
v 200.000000 225.000000 0.000000
v 200.000000 25.000000 0.000000
v 175.000000 200.000000 0.000000
v 375.000000 200.000000 0.000000
v 300.000000 125.000000 0.000000
v 300.000000 25.000000 0.000000
v 275.000000 100.000000 0.000000
v 375.000000 100.000000 0.000000
v 100.000000 125.000000 0.000000
v 100.000000 25.000000 0.000000
v 75.000000 100.000000 0.000000
v 175.000000 100.000000 0.000000
v 100.000000 325.000000 0.000000
v 100.000000 225.000000 0.000000
v 75.000000 300.000000 0.000000
v 175.000000 300.000000 0.000000
v -100.000000 125.000000 0.000000
v -100.000000 25.000000 0.000000
v -125.000000 100.000000 0.000000
v -25.000000 100.000000 0.000000
v -300.000000 125.000000 0.000000
v -300.000000 25.000000 0.000000
v -325.000000 100.000000 0.000000
v -225.000000 100.000000 0.000000
v -300.000000 325.000000 0.000000
v -300.000000 225.000000 0.000000
v -325.000000 300.000000 0.000000
v -225.000000 300.000000 0.000000
v -100.000000 -275.000000 0.000000
v -100.000000 -375.000000 0.000000
v -125.000000 -300.000000 0.000000
v -25.000000 -300.000000 0.000000
v -300.000000 -275.000000 0.000000
v -300.000000 -375.000000 0.000000
v -325.000000 -300.000000 0.000000
v -225.000000 -300.000000 0.000000
v -300.000000 -75.000000 0.000000
v -300.000000 -175.000000 0.000000
v -325.000000 -100.000000 0.000000
v -225.000000 -100.000000 0.000000
v 300.000000 -275.000000 0.000000
v 300.000000 -375.000000 0.000000
v 275.000000 -300.000000 0.000000
v 375.000000 -300.000000 0.000000
v 100.000000 -275.000000 0.000000
v 100.000000 -375.000000 0.000000
v 75.000000 -300.000000 0.000000
v 175.000000 -300.000000 0.000000
v 100.000000 -75.000000 0.000000
v 100.000000 -175.000000 0.000000
v 75.000000 -100.000000 0.000000
v 175.000000 -100.000000 0.000000
v 300.000000 -75.000000 0.000000
v 300.000000 -175.000000 0.000000
v 275.000000 -100.000000 0.000000
v 375.000000 -100.000000 0.000000
v -100.000000 -75.000000 0.000000
v -100.000000 -175.000000 0.000000
v -125.000000 -100.000000 0.000000
v -25.000000 -100.000000 0.000000
v -100.000000 325.000000 0.000000
v -100.000000 225.000000 0.000000
v -125.000000 300.000000 0.000000
v -25.000000 300.000000 0.000000
v 300.000000 325.000000 0.000000
v 300.000000 225.000000 0.000000
v 275.000000 300.000000 0.000000
v 375.000000 300.000000 0.000000
v 350.000000 275.000000 0.000000
v 350.000000 225.000000 0.000000
v 325.000000 250.000000 0.000000
v 375.000000 250.000000 0.000000
v 250.000000 275.000000 0.000000
v 250.000000 225.000000 0.000000
v 225.000000 250.000000 0.000000
v 275.000000 250.000000 0.000000
v 250.000000 375.000000 0.000000
v 250.000000 325.000000 0.000000
v 225.000000 350.000000 0.000000
v 275.000000 350.000000 0.000000
v -50.000000 275.000000 0.000000
v -50.000000 225.000000 0.000000
v -75.000000 250.000000 0.000000
v -25.000000 250.000000 0.000000
v -150.000000 275.000000 0.000000
v -150.000000 225.000000 0.000000
v -175.000000 250.000000 0.000000
v -125.000000 250.000000 0.000000
v -150.000000 375.000000 0.000000
v -150.000000 325.000000 0.000000
v -175.000000 350.000000 0.000000
v -125.000000 350.000000 0.000000
v -50.000000 -125.000000 0.000000
v -50.000000 -175.000000 0.000000
v -75.000000 -150.000000 0.000000
v -25.000000 -150.000000 0.000000
v -150.000000 -125.000000 0.000000
v -150.000000 -175.000000 0.000000
v -175.000000 -150.000000 0.000000
v -125.000000 -150.000000 0.000000
v -150.000000 -25.000000 0.000000
v -150.000000 -75.000000 0.000000
v -175.000000 -50.000000 0.000000
v -125.000000 -50.000000 0.000000
v 350.000000 -125.000000 0.000000
v 350.000000 -175.000000 0.000000
v 325.000000 -150.000000 0.000000
v 375.000000 -150.000000 0.000000
v 250.000000 -125.000000 0.000000
v 250.000000 -175.000000 0.000000
v 225.000000 -150.000000 0.000000
v 275.000000 -150.000000 0.000000
v 250.000000 -25.000000 0.000000
v 250.000000 -75.000000 0.000000
v 225.000000 -50.000000 0.000000
v 275.000000 -50.000000 0.000000
v 150.000000 -125.000000 0.000000
v 150.000000 -175.000000 0.000000
v 125.000000 -150.000000 0.000000
v 175.000000 -150.000000 0.000000
v 50.000000 -125.000000 0.000000
v 50.000000 -175.000000 0.000000
v 25.000000 -150.000000 0.000000
v 75.000000 -150.000000 0.000000
v 50.000000 -25.000000 0.000000
v 50.000000 -75.000000 0.000000
v 25.000000 -50.000000 0.000000
v 75.000000 -50.000000 0.000000
v 150.000000 -325.000000 0.000000
v 150.000000 -375.000000 0.000000
v 125.000000 -350.000000 0.000000
v 175.000000 -350.000000 0.000000
v 50.000000 -325.000000 0.000000
v 50.000000 -375.000000 0.000000
v 25.000000 -350.000000 0.000000
v 75.000000 -350.000000 0.000000
v 50.000000 -225.000000 0.000000
v 50.000000 -275.000000 0.000000
v 25.000000 -250.000000 0.000000
v 75.000000 -250.000000 0.000000
v 350.000000 -325.000000 0.000000
v 350.000000 -375.000000 0.000000
v 325.000000 -350.000000 0.000000
v 375.000000 -350.000000 0.000000
v 250.000000 -325.000000 0.000000
v 250.000000 -375.000000 0.000000
v 225.000000 -350.000000 0.000000
v 275.000000 -350.000000 0.000000
v 250.000000 -225.000000 0.000000
v 250.000000 -275.000000 0.000000
v 225.000000 -250.000000 0.000000
v 275.000000 -250.000000 0.000000
v -250.000000 -125.000000 0.000000
v -250.000000 -175.000000 0.000000
v -275.000000 -150.000000 0.000000
v -225.000000 -150.000000 0.000000
v -350.000000 -125.000000 0.000000
v -350.000000 -175.000000 0.000000
v -375.000000 -150.000000 0.000000
v -325.000000 -150.000000 0.000000
v -350.000000 -25.000000 0.000000
v -350.000000 -75.000000 0.000000
v -375.000000 -50.000000 0.000000
v -325.000000 -50.000000 0.000000
v -250.000000 -325.000000 0.000000
v -250.000000 -375.000000 0.000000
v -275.000000 -350.000000 0.000000
v -225.000000 -350.000000 0.000000
v -350.000000 -325.000000 0.000000
v -350.000000 -375.000000 0.000000
v -375.000000 -350.000000 0.000000
v -325.000000 -350.000000 0.000000
v -350.000000 -225.000000 0.000000
v -350.000000 -275.000000 0.000000
v -375.000000 -250.000000 0.000000
v -325.000000 -250.000000 0.000000
v -50.000000 -325.000000 0.000000
v -50.000000 -375.000000 0.000000
v -75.000000 -350.000000 0.000000
v -25.000000 -350.000000 0.000000
v -150.000000 -325.000000 0.000000
v -150.000000 -375.000000 0.000000
v -175.000000 -350.000000 0.000000
v -125.000000 -350.000000 0.000000
v -150.000000 -225.000000 0.000000
v -150.000000 -275.000000 0.000000
v -175.000000 -250.000000 0.000000
v -125.000000 -250.000000 0.000000
v -250.000000 275.000000 0.000000
v -250.000000 225.000000 0.000000
v -275.000000 250.000000 0.000000
v -225.000000 250.000000 0.000000
v -350.000000 275.000000 0.000000
v -350.000000 225.000000 0.000000
v -375.000000 250.000000 0.000000
v -325.000000 250.000000 0.000000
v -350.000000 375.000000 0.000000
v -350.000000 325.000000 0.000000
v -375.000000 350.000000 0.000000
v -325.000000 350.000000 0.000000
v -250.000000 75.000000 0.000000
v -250.000000 25.000000 0.000000
v -275.000000 50.000000 0.000000
v -225.000000 50.000000 0.000000
v -350.000000 75.000000 0.000000
v -350.000000 25.000000 0.000000
v -375.000000 50.000000 0.000000
v -325.000000 50.000000 0.000000
v -350.000000 175.000000 0.000000
v -350.000000 125.000000 0.000000
v -375.000000 150.000000 0.000000
v -325.000000 150.000000 0.000000
v -50.000000 75.000000 0.000000
v -50.000000 25.000000 0.000000
v -75.000000 50.000000 0.000000
v -25.000000 50.000000 0.000000
v -150.000000 75.000000 0.000000
v -150.000000 25.000000 0.000000
v -175.000000 50.000000 0.000000
v -125.000000 50.000000 0.000000
v -150.000000 175.000000 0.000000
v -150.000000 125.000000 0.000000
v -175.000000 150.000000 0.000000
v -125.000000 150.000000 0.000000
v 150.000000 275.000000 0.000000
v 150.000000 225.000000 0.000000
v 125.000000 250.000000 0.000000
v 175.000000 250.000000 0.000000
v 50.000000 275.000000 0.000000
v 50.000000 225.000000 0.000000
v 25.000000 250.000000 0.000000
v 75.000000 250.000000 0.000000
v 50.000000 375.000000 0.000000
v 50.000000 325.000000 0.000000
v 25.000000 350.000000 0.000000
v 75.000000 350.000000 0.000000
v 150.000000 75.000000 0.000000
v 150.000000 25.000000 0.000000
v 125.000000 50.000000 0.000000
v 175.000000 50.000000 0.000000
v 50.000000 75.000000 0.000000
v 50.000000 25.000000 0.000000
v 25.000000 50.000000 0.000000
v 75.000000 50.000000 0.000000
v 50.000000 175.000000 0.000000
v 50.000000 125.000000 0.000000
v 25.000000 150.000000 0.000000
v 75.000000 150.000000 0.000000
v 350.000000 75.000000 0.000000
v 350.000000 25.000000 0.000000
v 325.000000 50.000000 0.000000
v 375.000000 50.000000 0.000000
v 250.000000 75.000000 0.000000
v 250.000000 25.000000 0.000000
v 225.000000 50.000000 0.000000
v 275.000000 50.000000 0.000000
v 250.000000 175.000000 0.000000
v 250.000000 125.000000 0.000000
v 225.000000 150.000000 0.000000
v 275.000000 150.000000 0.000000
v 350.000000 175.000000 0.000000
v 350.000000 125.000000 0.000000
v 325.000000 150.000000 0.000000
v 375.000000 150.000000 0.000000
v 150.000000 175.000000 0.000000
v 150.000000 125.000000 0.000000
v 125.000000 150.000000 0.000000
v 175.000000 150.000000 0.000000
v 150.000000 375.000000 0.000000
v 150.000000 325.000000 0.000000
v 125.000000 350.000000 0.000000
v 175.000000 350.000000 0.000000
v -50.000000 175.000000 0.000000
v -50.000000 125.000000 0.000000
v -75.000000 150.000000 0.000000
v -25.000000 150.000000 0.000000
v -250.000000 175.000000 0.000000
v -250.000000 125.000000 0.000000
v -275.000000 150.000000 0.000000
v -225.000000 150.000000 0.000000
v -250.000000 375.000000 0.000000
v -250.000000 325.000000 0.000000
v -275.000000 350.000000 0.000000
v -225.000000 350.000000 0.000000
v -50.000000 -225.000000 0.000000
v -50.000000 -275.000000 0.000000
v -75.000000 -250.000000 0.000000
v -25.000000 -250.000000 0.000000
v -250.000000 -225.000000 0.000000
v -250.000000 -275.000000 0.000000
v -275.000000 -250.000000 0.000000
v -225.000000 -250.000000 0.000000
v -250.000000 -25.000000 0.000000
v -250.000000 -75.000000 0.000000
v -275.000000 -50.000000 0.000000
v -225.000000 -50.000000 0.000000
v 350.000000 -225.000000 0.000000
v 350.000000 -275.000000 0.000000
v 325.000000 -250.000000 0.000000
v 375.000000 -250.000000 0.000000
v 150.000000 -225.000000 0.000000
v 150.000000 -275.000000 0.000000
v 125.000000 -250.000000 0.000000
v 175.000000 -250.000000 0.000000
v 150.000000 -25.000000 0.000000
v 150.000000 -75.000000 0.000000
v 125.000000 -50.000000 0.000000
v 175.000000 -50.000000 0.000000
v 350.000000 -25.000000 0.000000
v 350.000000 -75.000000 0.000000
v 325.000000 -50.000000 0.000000
v 375.000000 -50.000000 0.000000
v -50.000000 -25.000000 0.000000
v -50.000000 -75.000000 0.000000
v -75.000000 -50.000000 0.000000
v -25.000000 -50.000000 0.000000
v -50.000000 375.000000 0.000000
v -50.000000 325.000000 0.000000
v -75.000000 350.000000 0.000000
v -25.000000 350.000000 0.000000
v 350.000000 375.000000 0.000000
v 350.000000 325.000000 0.000000
v 325.000000 350.000000 0.000000
v 375.000000 350.000000 0.000000
v 375.000000 325.000000 0.000000
v 325.000000 325.000000 0.000000
v 325.000000 375.000000 0.000000
v -25.000000 325.000000 0.000000
v -75.000000 325.000000 0.000000
v -75.000000 375.000000 0.000000
v -25.000000 -75.000000 0.000000
v -75.000000 -75.000000 0.000000
v -75.000000 -25.000000 0.000000
v 375.000000 -75.000000 0.000000
v 325.000000 -75.000000 0.000000
v 325.000000 -25.000000 0.000000
v 175.000000 -75.000000 0.000000
v 125.000000 -75.000000 0.000000
v 125.000000 -25.000000 0.000000
v 175.000000 -275.000000 0.000000
v 125.000000 -275.000000 0.000000
v 125.000000 -225.000000 0.000000
v 375.000000 -275.000000 0.000000
v 325.000000 -275.000000 0.000000
v 325.000000 -225.000000 0.000000
v -225.000000 -75.000000 0.000000
v -275.000000 -75.000000 0.000000
v -275.000000 -25.000000 0.000000
v -225.000000 -275.000000 0.000000
v -275.000000 -275.000000 0.000000
v -275.000000 -225.000000 0.000000
v -25.000000 -275.000000 0.000000
v -75.000000 -275.000000 0.000000
v -75.000000 -225.000000 0.000000
v -225.000000 325.000000 0.000000
v -275.000000 325.000000 0.000000
v -275.000000 375.000000 0.000000
v -225.000000 125.000000 0.000000
v -275.000000 125.000000 0.000000
v -275.000000 175.000000 0.000000
v -25.000000 125.000000 0.000000
v -75.000000 125.000000 0.000000
v -75.000000 175.000000 0.000000
v 175.000000 325.000000 0.000000
v 125.000000 325.000000 0.000000
v 125.000000 375.000000 0.000000
v 175.000000 125.000000 0.000000
v 125.000000 125.000000 0.000000
v 125.000000 175.000000 0.000000
v 375.000000 125.000000 0.000000
v 325.000000 125.000000 0.000000
v 325.000000 175.000000 0.000000
v 275.000000 125.000000 0.000000
v 225.000000 125.000000 0.000000
v 225.000000 175.000000 0.000000
v 275.000000 25.000000 0.000000
v 225.000000 25.000000 0.000000
v 225.000000 75.000000 0.000000
v 375.000000 25.000000 0.000000
v 325.000000 25.000000 0.000000
v 325.000000 75.000000 0.000000
v 75.000000 125.000000 0.000000
v 25.000000 125.000000 0.000000
v 25.000000 175.000000 0.000000
v 75.000000 25.000000 0.000000
v 25.000000 25.000000 0.000000
v 25.000000 75.000000 0.000000
v 175.000000 25.000000 0.000000
v 125.000000 25.000000 0.000000
v 125.000000 75.000000 0.000000
v 75.000000 325.000000 0.000000
v 25.000000 325.000000 0.000000
v 25.000000 375.000000 0.000000
v 75.000000 225.000000 0.000000
v 25.000000 225.000000 0.000000
v 25.000000 275.000000 0.000000
v 175.000000 225.000000 0.000000
v 125.000000 225.000000 0.000000
v 125.000000 275.000000 0.000000
v -125.000000 125.000000 0.000000
v -175.000000 125.000000 0.000000
v -175.000000 175.000000 0.000000
v -125.000000 25.000000 0.000000
v -175.000000 25.000000 0.000000
v -175.000000 75.000000 0.000000
v -25.000000 25.000000 0.000000
v -75.000000 25.000000 0.000000
v -75.000000 75.000000 0.000000
v -325.000000 125.000000 0.000000
v -375.000000 125.000000 0.000000
v -375.000000 175.000000 0.000000
v -325.000000 25.000000 0.000000
v -375.000000 25.000000 0.000000
v -375.000000 75.000000 0.000000
v -225.000000 25.000000 0.000000
v -275.000000 25.000000 0.000000
v -275.000000 75.000000 0.000000
v -325.000000 325.000000 0.000000
v -375.000000 325.000000 0.000000
v -375.000000 375.000000 0.000000
v -325.000000 225.000000 0.000000
v -375.000000 225.000000 0.000000
v -375.000000 275.000000 0.000000
v -225.000000 225.000000 0.000000
v -275.000000 225.000000 0.000000
v -275.000000 275.000000 0.000000
v -125.000000 -275.000000 0.000000
v -175.000000 -275.000000 0.000000
v -175.000000 -225.000000 0.000000
v -125.000000 -375.000000 0.000000
v -175.000000 -375.000000 0.000000
v -175.000000 -325.000000 0.000000
v -25.000000 -375.000000 0.000000
v -75.000000 -375.000000 0.000000
v -75.000000 -325.000000 0.000000
v -325.000000 -275.000000 0.000000
v -375.000000 -275.000000 0.000000
v -375.000000 -225.000000 0.000000
v -325.000000 -375.000000 0.000000
v -375.000000 -375.000000 0.000000
v -375.000000 -325.000000 0.000000
v -225.000000 -375.000000 0.000000
v -275.000000 -375.000000 0.000000
v -275.000000 -325.000000 0.000000
v -325.000000 -75.000000 0.000000
v -375.000000 -75.000000 0.000000
v -375.000000 -25.000000 0.000000
v -325.000000 -175.000000 0.000000
v -375.000000 -175.000000 0.000000
v -375.000000 -125.000000 0.000000
v -225.000000 -175.000000 0.000000
v -275.000000 -175.000000 0.000000
v -275.000000 -125.000000 0.000000
v 275.000000 -275.000000 0.000000
v 225.000000 -275.000000 0.000000
v 225.000000 -225.000000 0.000000
v 275.000000 -375.000000 0.000000
v 225.000000 -375.000000 0.000000
v 225.000000 -325.000000 0.000000
v 375.000000 -375.000000 0.000000
v 325.000000 -375.000000 0.000000
v 325.000000 -325.000000 0.000000
v 75.000000 -275.000000 0.000000
v 25.000000 -275.000000 0.000000
v 25.000000 -225.000000 0.000000
v 75.000000 -375.000000 0.000000
v 25.000000 -375.000000 0.000000
v 25.000000 -325.000000 0.000000
v 175.000000 -375.000000 0.000000
v 125.000000 -375.000000 0.000000
v 125.000000 -325.000000 0.000000
v 75.000000 -75.000000 0.000000
v 25.000000 -75.000000 0.000000
v 25.000000 -25.000000 0.000000
v 75.000000 -175.000000 0.000000
v 25.000000 -175.000000 0.000000
v 25.000000 -125.000000 0.000000
v 175.000000 -175.000000 0.000000
v 125.000000 -175.000000 0.000000
v 125.000000 -125.000000 0.000000
v 275.000000 -75.000000 0.000000
v 225.000000 -75.000000 0.000000
v 225.000000 -25.000000 0.000000
v 275.000000 -175.000000 0.000000
v 225.000000 -175.000000 0.000000
v 225.000000 -125.000000 0.000000
v 375.000000 -175.000000 0.000000
v 325.000000 -175.000000 0.000000
v 325.000000 -125.000000 0.000000
v -125.000000 -75.000000 0.000000
v -175.000000 -75.000000 0.000000
v -175.000000 -25.000000 0.000000
v -125.000000 -175.000000 0.000000
v -175.000000 -175.000000 0.000000
v -175.000000 -125.000000 0.000000
v -25.000000 -175.000000 0.000000
v -75.000000 -175.000000 0.000000
v -75.000000 -125.000000 0.000000
v -125.000000 325.000000 0.000000
v -175.000000 325.000000 0.000000
v -175.000000 375.000000 0.000000
v -125.000000 225.000000 0.000000
v -175.000000 225.000000 0.000000
v -175.000000 275.000000 0.000000
v -25.000000 225.000000 0.000000
v -75.000000 225.000000 0.000000
v -75.000000 275.000000 0.000000
v 275.000000 325.000000 0.000000
v 225.000000 325.000000 0.000000
v 225.000000 375.000000 0.000000
v 275.000000 225.000000 0.000000
v 225.000000 225.000000 0.000000
v 225.000000 275.000000 0.000000
v 375.000000 225.000000 0.000000
v 325.000000 225.000000 0.000000
v 325.000000 275.000000 0.000000
v 375.000000 275.000000 0.000000
v 275.000000 275.000000 0.000000
v 275.000000 375.000000 0.000000
v -25.000000 275.000000 0.000000
v -125.000000 275.000000 0.000000
v -125.000000 375.000000 0.000000
v -25.000000 -125.000000 0.000000
v -125.000000 -125.000000 0.000000
v -125.000000 -25.000000 0.000000
v 375.000000 -125.000000 0.000000
v 275.000000 -125.000000 0.000000
v 275.000000 -25.000000 0.000000
v 175.000000 -125.000000 0.000000
v 75.000000 -125.000000 0.000000
v 75.000000 -25.000000 0.000000
v 175.000000 -325.000000 0.000000
v 75.000000 -325.000000 0.000000
v 75.000000 -225.000000 0.000000
v 375.000000 -325.000000 0.000000
v 275.000000 -325.000000 0.000000
v 275.000000 -225.000000 0.000000
v -225.000000 -125.000000 0.000000
v -325.000000 -125.000000 0.000000
v -325.000000 -25.000000 0.000000
v -225.000000 -325.000000 0.000000
v -325.000000 -325.000000 0.000000
v -325.000000 -225.000000 0.000000
v -25.000000 -325.000000 0.000000
v -125.000000 -325.000000 0.000000
v -125.000000 -225.000000 0.000000
v -225.000000 275.000000 0.000000
v -325.000000 275.000000 0.000000
v -325.000000 375.000000 0.000000
v -225.000000 75.000000 0.000000
v -325.000000 75.000000 0.000000
v -325.000000 175.000000 0.000000
v -25.000000 75.000000 0.000000
v -125.000000 75.000000 0.000000
v -125.000000 175.000000 0.000000
v 175.000000 275.000000 0.000000
v 75.000000 275.000000 0.000000
v 75.000000 375.000000 0.000000
v 175.000000 75.000000 0.000000
v 75.000000 75.000000 0.000000
v 75.000000 175.000000 0.000000
v 375.000000 75.000000 0.000000
v 275.000000 75.000000 0.000000
v 275.000000 175.000000 0.000000
v 375.000000 175.000000 0.000000
v 175.000000 175.000000 0.000000
v 175.000000 375.000000 0.000000
v -25.000000 175.000000 0.000000
v -225.000000 175.000000 0.000000
v -225.000000 375.000000 0.000000
v -25.000000 -225.000000 0.000000
v -225.000000 -225.000000 0.000000
v -225.000000 -25.000000 0.000000
v 375.000000 -225.000000 0.000000
v 175.000000 -225.000000 0.000000
v 175.000000 -25.000000 0.000000
v 375.000000 -25.000000 0.000000
v -25.000000 -25.000000 0.000000
v -25.000000 375.000000 0.000000
v 375.000000 375.000000 0.000000
v -400.000000 -387.500000 0.000000
v 387.500000 -400.000000 0.000000
v 400.000000 387.500000 0.000000
v -387.500000 400.000000 0.000000
v -400.000000 12.500000 0.000000
v -12.500000 -400.000000 0.000000
v 400.000000 -12.500000 0.000000
v 12.500000 400.000000 0.000000
v 0.000000 387.500000 0.000000
v 0.000000 -12.500000 0.000000
v -387.500000 0.000000 0.000000
v 12.500000 0.000000 0.000000
v -400.000000 -187.500000 0.000000
v 187.500000 -400.000000 0.000000
v 400.000000 187.500000 0.000000
v -187.500000 400.000000 0.000000
v -400.000000 212.500000 0.000000
v -212.500000 -400.000000 0.000000
v 400.000000 -212.500000 0.000000
v 212.500000 400.000000 0.000000
v 0.000000 187.500000 0.000000
v 0.000000 -212.500000 0.000000
v -187.500000 0.000000 0.000000
v 212.500000 0.000000 0.000000
v 200.000000 -12.500000 0.000000
v 200.000000 -212.500000 0.000000
v 12.500000 -200.000000 0.000000
v 212.500000 -200.000000 0.000000
v -200.000000 -12.500000 0.000000
v -200.000000 -212.500000 0.000000
v -387.500000 -200.000000 0.000000
v -187.500000 -200.000000 0.000000
v -200.000000 387.500000 0.000000
v -200.000000 187.500000 0.000000
v -387.500000 200.000000 0.000000
v -187.500000 200.000000 0.000000
v 200.000000 387.500000 0.000000
v 200.000000 187.500000 0.000000
v 12.500000 200.000000 0.000000
v 212.500000 200.000000 0.000000
v -400.000000 -287.500000 0.000000
v 287.500000 -400.000000 0.000000
v 400.000000 287.500000 0.000000
v -287.500000 400.000000 0.000000
v -400.000000 112.500000 0.000000
v -112.500000 -400.000000 0.000000
v 400.000000 -112.500000 0.000000
v 112.500000 400.000000 0.000000
v 0.000000 287.500000 0.000000
v 0.000000 -112.500000 0.000000
v -287.500000 0.000000 0.000000
v 112.500000 0.000000 0.000000
v -400.000000 -87.500000 0.000000
v 87.500000 -400.000000 0.000000
v 400.000000 87.500000 0.000000
v -87.500000 400.000000 0.000000
v -400.000000 312.500000 0.000000
v -312.500000 -400.000000 0.000000
v 400.000000 -312.500000 0.000000
v 312.500000 400.000000 0.000000
v 0.000000 87.500000 0.000000
v 0.000000 -312.500000 0.000000
v -87.500000 0.000000 0.000000
v 312.500000 0.000000 0.000000
v 200.000000 -112.500000 0.000000
v 200.000000 -312.500000 0.000000
v 112.500000 -200.000000 0.000000
v 312.500000 -200.000000 0.000000
v -200.000000 -112.500000 0.000000
v -200.000000 -312.500000 0.000000
v -287.500000 -200.000000 0.000000
v -87.500000 -200.000000 0.000000
v -200.000000 287.500000 0.000000
v -200.000000 87.500000 0.000000
v -287.500000 200.000000 0.000000
v -87.500000 200.000000 0.000000
v 200.000000 287.500000 0.000000
v 200.000000 87.500000 0.000000
v 112.500000 200.000000 0.000000
v 312.500000 200.000000 0.000000
v 300.000000 187.500000 0.000000
v 300.000000 87.500000 0.000000
v 212.500000 100.000000 0.000000
v 312.500000 100.000000 0.000000
v 100.000000 187.500000 0.000000
v 100.000000 87.500000 0.000000
v 12.500000 100.000000 0.000000
v 112.500000 100.000000 0.000000
v 100.000000 387.500000 0.000000
v 100.000000 287.500000 0.000000
v 12.500000 300.000000 0.000000
v 112.500000 300.000000 0.000000
v -100.000000 187.500000 0.000000
v -100.000000 87.500000 0.000000
v -187.500000 100.000000 0.000000
v -87.500000 100.000000 0.000000
v -300.000000 187.500000 0.000000
v -300.000000 87.500000 0.000000
v -387.500000 100.000000 0.000000
v -287.500000 100.000000 0.000000
v -300.000000 387.500000 0.000000
v -300.000000 287.500000 0.000000
v -387.500000 300.000000 0.000000
v -287.500000 300.000000 0.000000
v -100.000000 -212.500000 0.000000
v -100.000000 -312.500000 0.000000
v -187.500000 -300.000000 0.000000
v -87.500000 -300.000000 0.000000
v -300.000000 -212.500000 0.000000
v -300.000000 -312.500000 0.000000
v -387.500000 -300.000000 0.000000
v -287.500000 -300.000000 0.000000
v -300.000000 -12.500000 0.000000
v -300.000000 -112.500000 0.000000
v -387.500000 -100.000000 0.000000
v -287.500000 -100.000000 0.000000
v 300.000000 -212.500000 0.000000
v 300.000000 -312.500000 0.000000
v 212.500000 -300.000000 0.000000
v 312.500000 -300.000000 0.000000
v 100.000000 -212.500000 0.000000
v 100.000000 -312.500000 0.000000
v 12.500000 -300.000000 0.000000
v 112.500000 -300.000000 0.000000
v 100.000000 -12.500000 0.000000
v 100.000000 -112.500000 0.000000
v 12.500000 -100.000000 0.000000
v 112.500000 -100.000000 0.000000
v 300.000000 -12.500000 0.000000
v 300.000000 -112.500000 0.000000
v 212.500000 -100.000000 0.000000
v 312.500000 -100.000000 0.000000
v -100.000000 -12.500000 0.000000
v -100.000000 -112.500000 0.000000
v -187.500000 -100.000000 0.000000
v -87.500000 -100.000000 0.000000
v -100.000000 387.500000 0.000000
v -100.000000 287.500000 0.000000
v -187.500000 300.000000 0.000000
v -87.500000 300.000000 0.000000
v 300.000000 387.500000 0.000000
v 300.000000 287.500000 0.000000
v 212.500000 300.000000 0.000000
v 312.500000 300.000000 0.000000
v -400.000000 -337.500000 0.000000
v 337.500000 -400.000000 0.000000
v 400.000000 337.500000 0.000000
v -337.500000 400.000000 0.000000
v -400.000000 62.500000 0.000000
v -62.500000 -400.000000 0.000000
v 400.000000 -62.500000 0.000000
v 62.500000 400.000000 0.000000
v 0.000000 337.500000 0.000000
v 0.000000 -62.500000 0.000000
v -337.500000 0.000000 0.000000
v 62.500000 0.000000 0.000000
v -400.000000 -137.500000 0.000000
v 137.500000 -400.000000 0.000000
v 400.000000 137.500000 0.000000
v -137.500000 400.000000 0.000000
v -400.000000 262.500000 0.000000
v -262.500000 -400.000000 0.000000
v 400.000000 -262.500000 0.000000
v 262.500000 400.000000 0.000000
v 0.000000 137.500000 0.000000
v 0.000000 -262.500000 0.000000
v -137.500000 0.000000 0.000000
v 262.500000 0.000000 0.000000
v 200.000000 -62.500000 0.000000
v 200.000000 -262.500000 0.000000
v 62.500000 -200.000000 0.000000
v 262.500000 -200.000000 0.000000
v -200.000000 -62.500000 0.000000
v -200.000000 -262.500000 0.000000
v -337.500000 -200.000000 0.000000
v -137.500000 -200.000000 0.000000
v -200.000000 337.500000 0.000000
v -200.000000 137.500000 0.000000
v -337.500000 200.000000 0.000000
v -137.500000 200.000000 0.000000
v 200.000000 337.500000 0.000000
v 200.000000 137.500000 0.000000
v 62.500000 200.000000 0.000000
v 262.500000 200.000000 0.000000
v -400.000000 -237.500000 0.000000
v 237.500000 -400.000000 0.000000
v 400.000000 237.500000 0.000000
v -237.500000 400.000000 0.000000
v -400.000000 162.500000 0.000000
v -162.500000 -400.000000 0.000000
v 400.000000 -162.500000 0.000000
v 162.500000 400.000000 0.000000
v 0.000000 237.500000 0.000000
v 0.000000 -162.500000 0.000000
v -237.500000 0.000000 0.000000
v 162.500000 0.000000 0.000000
v -400.000000 -37.500000 0.000000
v 37.500000 -400.000000 0.000000
v 400.000000 37.500000 0.000000
v -37.500000 400.000000 0.000000
v -400.000000 362.500000 0.000000
v -362.500000 -400.000000 0.000000
v 400.000000 -362.500000 0.000000
v 362.500000 400.000000 0.000000
v 0.000000 37.500000 0.000000
v 0.000000 -362.500000 0.000000
v -37.500000 0.000000 0.000000
v 362.500000 0.000000 0.000000
v 200.000000 -162.500000 0.000000
v 200.000000 -362.500000 0.000000
v 162.500000 -200.000000 0.000000
v 362.500000 -200.000000 0.000000
v -200.000000 -162.500000 0.000000
v -200.000000 -362.500000 0.000000
v -237.500000 -200.000000 0.000000
v -37.500000 -200.000000 0.000000
v -200.000000 237.500000 0.000000
v -200.000000 37.500000 0.000000
v -237.500000 200.000000 0.000000
v -37.500000 200.000000 0.000000
v 200.000000 237.500000 0.000000
v 200.000000 37.500000 0.000000
v 162.500000 200.000000 0.000000
v 362.500000 200.000000 0.000000
v 300.000000 137.500000 0.000000
v 300.000000 37.500000 0.000000
v 262.500000 100.000000 0.000000
v 362.500000 100.000000 0.000000
v 100.000000 137.500000 0.000000
v 100.000000 37.500000 0.000000
v 62.500000 100.000000 0.000000
v 162.500000 100.000000 0.000000
v 100.000000 337.500000 0.000000
v 100.000000 237.500000 0.000000
v 62.500000 300.000000 0.000000
v 162.500000 300.000000 0.000000
v -100.000000 137.500000 0.000000
v -100.000000 37.500000 0.000000
v -137.500000 100.000000 0.000000
v -37.500000 100.000000 0.000000
v -300.000000 137.500000 0.000000
v -300.000000 37.500000 0.000000
v -337.500000 100.000000 0.000000
v -237.500000 100.000000 0.000000
v -300.000000 337.500000 0.000000
v -300.000000 237.500000 0.000000
v -337.500000 300.000000 0.000000
v -237.500000 300.000000 0.000000
v -100.000000 -262.500000 0.000000
v -100.000000 -362.500000 0.000000
v -137.500000 -300.000000 0.000000
v -37.500000 -300.000000 0.000000
v -300.000000 -262.500000 0.000000
v -300.000000 -362.500000 0.000000
v -337.500000 -300.000000 0.000000
v -237.500000 -300.000000 0.000000
v -300.000000 -62.500000 0.000000
v -300.000000 -162.500000 0.000000
v -337.500000 -100.000000 0.000000
v -237.500000 -100.000000 0.000000
v 300.000000 -262.500000 0.000000
v 300.000000 -362.500000 0.000000
v 262.500000 -300.000000 0.000000
v 362.500000 -300.000000 0.000000
v 100.000000 -262.500000 0.000000
v 100.000000 -362.500000 0.000000
v 62.500000 -300.000000 0.000000
v 162.500000 -300.000000 0.000000
v 100.000000 -62.500000 0.000000
v 100.000000 -162.500000 0.000000
v 62.500000 -100.000000 0.000000
v 162.500000 -100.000000 0.000000
v 300.000000 -62.500000 0.000000
v 300.000000 -162.500000 0.000000
v 262.500000 -100.000000 0.000000
v 362.500000 -100.000000 0.000000
v -100.000000 -62.500000 0.000000
v -100.000000 -162.500000 0.000000
v -137.500000 -100.000000 0.000000
v -37.500000 -100.000000 0.000000
v -100.000000 337.500000 0.000000
v -100.000000 237.500000 0.000000
v -137.500000 300.000000 0.000000
v -37.500000 300.000000 0.000000
v 300.000000 337.500000 0.000000
v 300.000000 237.500000 0.000000
v 262.500000 300.000000 0.000000
v 362.500000 300.000000 0.000000
v 350.000000 287.500000 0.000000
v 350.000000 237.500000 0.000000
v 312.500000 250.000000 0.000000
v 362.500000 250.000000 0.000000
v 250.000000 287.500000 0.000000
v 250.000000 237.500000 0.000000
v 212.500000 250.000000 0.000000
v 262.500000 250.000000 0.000000
v 250.000000 387.500000 0.000000
v 250.000000 337.500000 0.000000
v 212.500000 350.000000 0.000000
v 262.500000 350.000000 0.000000
v -50.000000 287.500000 0.000000
v -50.000000 237.500000 0.000000
v -87.500000 250.000000 0.000000
v -37.500000 250.000000 0.000000
v -150.000000 287.500000 0.000000
v -150.000000 237.500000 0.000000
v -187.500000 250.000000 0.000000
v -137.500000 250.000000 0.000000
v -150.000000 387.500000 0.000000
v -150.000000 337.500000 0.000000
v -187.500000 350.000000 0.000000
v -137.500000 350.000000 0.000000
v -50.000000 -112.500000 0.000000
v -50.000000 -162.500000 0.000000
v -87.500000 -150.000000 0.000000
v -37.500000 -150.000000 0.000000
v -150.000000 -112.500000 0.000000
v -150.000000 -162.500000 0.000000
v -187.500000 -150.000000 0.000000
v -137.500000 -150.000000 0.000000
v -150.000000 -12.500000 0.000000
v -150.000000 -62.500000 0.000000
v -187.500000 -50.000000 0.000000
v -137.500000 -50.000000 0.000000
v 350.000000 -112.500000 0.000000
v 350.000000 -162.500000 0.000000
v 312.500000 -150.000000 0.000000
v 362.500000 -150.000000 0.000000
v 250.000000 -112.500000 0.000000
v 250.000000 -162.500000 0.000000
v 212.500000 -150.000000 0.000000
v 262.500000 -150.000000 0.000000
v 250.000000 -12.500000 0.000000
v 250.000000 -62.500000 0.000000
v 212.500000 -50.000000 0.000000
v 262.500000 -50.000000 0.000000
v 150.000000 -112.500000 0.000000
v 150.000000 -162.500000 0.000000
v 112.500000 -150.000000 0.000000
v 162.500000 -150.000000 0.000000
v 50.000000 -112.500000 0.000000
v 50.000000 -162.500000 0.000000
v 12.500000 -150.000000 0.000000
v 62.500000 -150.000000 0.000000
v 50.000000 -12.500000 0.000000
v 50.000000 -62.500000 0.000000
v 12.500000 -50.000000 0.000000
v 62.500000 -50.000000 0.000000
v 150.000000 -312.500000 0.000000
v 150.000000 -362.500000 0.000000
v 112.500000 -350.000000 0.000000
v 162.500000 -350.000000 0.000000
v 50.000000 -312.500000 0.000000
v 50.000000 -362.500000 0.000000
v 12.500000 -350.000000 0.000000
v 62.500000 -350.000000 0.000000
v 50.000000 -212.500000 0.000000
v 50.000000 -262.500000 0.000000
v 12.500000 -250.000000 0.000000
v 62.500000 -250.000000 0.000000
v 350.000000 -312.500000 0.000000
v 350.000000 -362.500000 0.000000
v 312.500000 -350.000000 0.000000
v 362.500000 -350.000000 0.000000
v 250.000000 -312.500000 0.000000
v 250.000000 -362.500000 0.000000
v 212.500000 -350.000000 0.000000
v 262.500000 -350.000000 0.000000
v 250.000000 -212.500000 0.000000
v 250.000000 -262.500000 0.000000
v 212.500000 -250.000000 0.000000
v 262.500000 -250.000000 0.000000
v -250.000000 -112.500000 0.000000
v -250.000000 -162.500000 0.000000
v -287.500000 -150.000000 0.000000
v -237.500000 -150.000000 0.000000
v -350.000000 -112.500000 0.000000
v -350.000000 -162.500000 0.000000
v -387.500000 -150.000000 0.000000
v -337.500000 -150.000000 0.000000
v -350.000000 -12.500000 0.000000
v -350.000000 -62.500000 0.000000
v -387.500000 -50.000000 0.000000
v -337.500000 -50.000000 0.000000
v -250.000000 -312.500000 0.000000
v -250.000000 -362.500000 0.000000
v -287.500000 -350.000000 0.000000
v -237.500000 -350.000000 0.000000
v -350.000000 -312.500000 0.000000
v -350.000000 -362.500000 0.000000
v -387.500000 -350.000000 0.000000
v -337.500000 -350.000000 0.000000
v -350.000000 -212.500000 0.000000
v -350.000000 -262.500000 0.000000
v -387.500000 -250.000000 0.000000
v -337.500000 -250.000000 0.000000
v -50.000000 -312.500000 0.000000
v -50.000000 -362.500000 0.000000
v -87.500000 -350.000000 0.000000
v -37.500000 -350.000000 0.000000
v -150.000000 -312.500000 0.000000
v -150.000000 -362.500000 0.000000
v -187.500000 -350.000000 0.000000
v -137.500000 -350.000000 0.000000
v -150.000000 -212.500000 0.000000
v -150.000000 -262.500000 0.000000
v -187.500000 -250.000000 0.000000
v -137.500000 -250.000000 0.000000
v -250.000000 287.500000 0.000000
v -250.000000 237.500000 0.000000
v -287.500000 250.000000 0.000000
v -237.500000 250.000000 0.000000
v -350.000000 287.500000 0.000000
v -350.000000 237.500000 0.000000
v -387.500000 250.000000 0.000000
v -337.500000 250.000000 0.000000
v -350.000000 387.500000 0.000000
v -350.000000 337.500000 0.000000
v -387.500000 350.000000 0.000000
v -337.500000 350.000000 0.000000
v -250.000000 87.500000 0.000000
v -250.000000 37.500000 0.000000
v -287.500000 50.000000 0.000000
v -237.500000 50.000000 0.000000
v -350.000000 87.500000 0.000000
v -350.000000 37.500000 0.000000
v -387.500000 50.000000 0.000000
v -337.500000 50.000000 0.000000
v -350.000000 187.500000 0.000000
v -350.000000 137.500000 0.000000
v -387.500000 150.000000 0.000000
v -337.500000 150.000000 0.000000
v -50.000000 87.500000 0.000000
v -50.000000 37.500000 0.000000
v -87.500000 50.000000 0.000000
v -37.500000 50.000000 0.000000
v -150.000000 87.500000 0.000000
v -150.000000 37.500000 0.000000
v -187.500000 50.000000 0.000000
v -137.500000 50.000000 0.000000
v -150.000000 187.500000 0.000000
v -150.000000 137.500000 0.000000
v -187.500000 150.000000 0.000000
v -137.500000 150.000000 0.000000
v 150.000000 287.500000 0.000000
v 150.000000 237.500000 0.000000
v 112.500000 250.000000 0.000000
v 162.500000 250.000000 0.000000
v 50.000000 287.500000 0.000000
v 50.000000 237.500000 0.000000
v 12.500000 250.000000 0.000000
v 62.500000 250.000000 0.000000
v 50.000000 387.500000 0.000000
v 50.000000 337.500000 0.000000
v 12.500000 350.000000 0.000000
v 62.500000 350.000000 0.000000
v 150.000000 87.500000 0.000000
v 150.000000 37.500000 0.000000
v 112.500000 50.000000 0.000000
v 162.500000 50.000000 0.000000
v 50.000000 87.500000 0.000000
v 50.000000 37.500000 0.000000
v 12.500000 50.000000 0.000000
v 62.500000 50.000000 0.000000
v 50.000000 187.500000 0.000000
v 50.000000 137.500000 0.000000
v 12.500000 150.000000 0.000000
v 62.500000 150.000000 0.000000
v 350.000000 87.500000 0.000000
v 350.000000 37.500000 0.000000
v 312.500000 50.000000 0.000000
v 362.500000 50.000000 0.000000
v 250.000000 87.500000 0.000000
v 250.000000 37.500000 0.000000
v 212.500000 50.000000 0.000000
v 262.500000 50.000000 0.000000
v 250.000000 187.500000 0.000000
v 250.000000 137.500000 0.000000
v 212.500000 150.000000 0.000000
v 262.500000 150.000000 0.000000
v 350.000000 187.500000 0.000000
v 350.000000 137.500000 0.000000
v 312.500000 150.000000 0.000000
v 362.500000 150.000000 0.000000
v 150.000000 187.500000 0.000000
v 150.000000 137.500000 0.000000
v 112.500000 150.000000 0.000000
v 162.500000 150.000000 0.000000
v 150.000000 387.500000 0.000000
v 150.000000 337.500000 0.000000
v 112.500000 350.000000 0.000000
v 162.500000 350.000000 0.000000
v -50.000000 187.500000 0.000000
v -50.000000 137.500000 0.000000
v -87.500000 150.000000 0.000000
v -37.500000 150.000000 0.000000
v -250.000000 187.500000 0.000000
v -250.000000 137.500000 0.000000
v -287.500000 150.000000 0.000000
v -237.500000 150.000000 0.000000
v -250.000000 387.500000 0.000000
v -250.000000 337.500000 0.000000
v -287.500000 350.000000 0.000000
v -237.500000 350.000000 0.000000
v -50.000000 -212.500000 0.000000
v -50.000000 -262.500000 0.000000
v -87.500000 -250.000000 0.000000
v -37.500000 -250.000000 0.000000
v -250.000000 -212.500000 0.000000
v -250.000000 -262.500000 0.000000
v -287.500000 -250.000000 0.000000
v -237.500000 -250.000000 0.000000
v -250.000000 -12.500000 0.000000
v -250.000000 -62.500000 0.000000
v -287.500000 -50.000000 0.000000
v -237.500000 -50.000000 0.000000
v 350.000000 -212.500000 0.000000
v 350.000000 -262.500000 0.000000
v 312.500000 -250.000000 0.000000
v 362.500000 -250.000000 0.000000
v 150.000000 -212.500000 0.000000
v 150.000000 -262.500000 0.000000
v 112.500000 -250.000000 0.000000
v 162.500000 -250.000000 0.000000
v 150.000000 -12.500000 0.000000
v 150.000000 -62.500000 0.000000
v 112.500000 -50.000000 0.000000
v 162.500000 -50.000000 0.000000
v 350.000000 -12.500000 0.000000
v 350.000000 -62.500000 0.000000
v 312.500000 -50.000000 0.000000
v 362.500000 -50.000000 0.000000
v -50.000000 -12.500000 0.000000
v -50.000000 -62.500000 0.000000
v -87.500000 -50.000000 0.000000
v -37.500000 -50.000000 0.000000
v -50.000000 387.500000 0.000000
v -50.000000 337.500000 0.000000
v -87.500000 350.000000 0.000000
v -37.500000 350.000000 0.000000
v 350.000000 387.500000 0.000000
v 350.000000 337.500000 0.000000
v 312.500000 350.000000 0.000000
v 362.500000 350.000000 0.000000
v -400.000000 -362.500000 0.000000
v 362.500000 -400.000000 0.000000
v 400.000000 362.500000 0.000000
v -362.500000 400.000000 0.000000
v -400.000000 37.500000 0.000000
v -37.500000 -400.000000 0.000000
v 400.000000 -37.500000 0.000000
v 37.500000 400.000000 0.000000
v 0.000000 362.500000 0.000000
v 0.000000 -37.500000 0.000000
v -362.500000 0.000000 0.000000
v 37.500000 0.000000 0.000000
v -400.000000 -162.500000 0.000000
v 162.500000 -400.000000 0.000000
v 400.000000 162.500000 0.000000
v -162.500000 400.000000 0.000000
v -400.000000 237.500000 0.000000
v -237.500000 -400.000000 0.000000
v 400.000000 -237.500000 0.000000
v 237.500000 400.000000 0.000000
v 0.000000 162.500000 0.000000
v 0.000000 -237.500000 0.000000
v -162.500000 0.000000 0.000000
v 237.500000 0.000000 0.000000
v 200.000000 -37.500000 0.000000
v 200.000000 -237.500000 0.000000
v 37.500000 -200.000000 0.000000
v 237.500000 -200.000000 0.000000
v -200.000000 -37.500000 0.000000
v -200.000000 -237.500000 0.000000
v -362.500000 -200.000000 0.000000
v -162.500000 -200.000000 0.000000
v -200.000000 362.500000 0.000000
v -200.000000 162.500000 0.000000
v -362.500000 200.000000 0.000000
v -162.500000 200.000000 0.000000
v 200.000000 362.500000 0.000000
v 200.000000 162.500000 0.000000
v 37.500000 200.000000 0.000000
v 237.500000 200.000000 0.000000
v -400.000000 -262.500000 0.000000
v 262.500000 -400.000000 0.000000
v 400.000000 262.500000 0.000000
v -262.500000 400.000000 0.000000
v -400.000000 137.500000 0.000000
v -137.500000 -400.000000 0.000000
v 400.000000 -137.500000 0.000000
v 137.500000 400.000000 0.000000
v 0.000000 262.500000 0.000000
v 0.000000 -137.500000 0.000000
v -262.500000 0.000000 0.000000
v 137.500000 0.000000 0.000000
v -400.000000 -62.500000 0.000000
v 62.500000 -400.000000 0.000000
v 400.000000 62.500000 0.000000
v -62.500000 400.000000 0.000000
v -400.000000 337.500000 0.000000
v -337.500000 -400.000000 0.000000
v 400.000000 -337.500000 0.000000
v 337.500000 400.000000 0.000000
v 0.000000 62.500000 0.000000
v 0.000000 -337.500000 0.000000
v -62.500000 0.000000 0.000000
v 337.500000 0.000000 0.000000
v 200.000000 -137.500000 0.000000
v 200.000000 -337.500000 0.000000
v 137.500000 -200.000000 0.000000
v 337.500000 -200.000000 0.000000
v -200.000000 -137.500000 0.000000
v -200.000000 -337.500000 0.000000
v -262.500000 -200.000000 0.000000
v -62.500000 -200.000000 0.000000
v -200.000000 262.500000 0.000000
v -200.000000 62.500000 0.000000
v -262.500000 200.000000 0.000000
v -62.500000 200.000000 0.000000
v 200.000000 262.500000 0.000000
v 200.000000 62.500000 0.000000
v 137.500000 200.000000 0.000000
v 337.500000 200.000000 0.000000
v 300.000000 162.500000 0.000000
v 300.000000 62.500000 0.000000
v 237.500000 100.000000 0.000000
v 337.500000 100.000000 0.000000
v 100.000000 162.500000 0.000000
v 100.000000 62.500000 0.000000
v 37.500000 100.000000 0.000000
v 137.500000 100.000000 0.000000
v 100.000000 362.500000 0.000000
v 100.000000 262.500000 0.000000
v 37.500000 300.000000 0.000000
v 137.500000 300.000000 0.000000
v -100.000000 162.500000 0.000000
v -100.000000 62.500000 0.000000
v -162.500000 100.000000 0.000000
v -62.500000 100.000000 0.000000
v -300.000000 162.500000 0.000000
v -300.000000 62.500000 0.000000
v -362.500000 100.000000 0.000000
v -262.500000 100.000000 0.000000
v -300.000000 362.500000 0.000000
v -300.000000 262.500000 0.000000
v -362.500000 300.000000 0.000000
v -262.500000 300.000000 0.000000
v -100.000000 -237.500000 0.000000
v -100.000000 -337.500000 0.000000
v -162.500000 -300.000000 0.000000
v -62.500000 -300.000000 0.000000
v -300.000000 -237.500000 0.000000
v -300.000000 -337.500000 0.000000
v -362.500000 -300.000000 0.000000
v -262.500000 -300.000000 0.000000
v -300.000000 -37.500000 0.000000
v -300.000000 -137.500000 0.000000
v -362.500000 -100.000000 0.000000
v -262.500000 -100.000000 0.000000
v 300.000000 -237.500000 0.000000
v 300.000000 -337.500000 0.000000
v 237.500000 -300.000000 0.000000
v 337.500000 -300.000000 0.000000
v 100.000000 -237.500000 0.000000
v 100.000000 -337.500000 0.000000
v 37.500000 -300.000000 0.000000
v 137.500000 -300.000000 0.000000
v 100.000000 -37.500000 0.000000
v 100.000000 -137.500000 0.000000
v 37.500000 -100.000000 0.000000
v 137.500000 -100.000000 0.000000
v 300.000000 -37.500000 0.000000
v 300.000000 -137.500000 0.000000
v 237.500000 -100.000000 0.000000
v 337.500000 -100.000000 0.000000
v -100.000000 -37.500000 0.000000
v -100.000000 -137.500000 0.000000
v -162.500000 -100.000000 0.000000
v -62.500000 -100.000000 0.000000
v -100.000000 362.500000 0.000000
v -100.000000 262.500000 0.000000
v -162.500000 300.000000 0.000000
v -62.500000 300.000000 0.000000
v 300.000000 362.500000 0.000000
v 300.000000 262.500000 0.000000
v 237.500000 300.000000 0.000000
v 337.500000 300.000000 0.000000
v -400.000000 -312.500000 0.000000
v 312.500000 -400.000000 0.000000
v 400.000000 312.500000 0.000000
v -312.500000 400.000000 0.000000
v -400.000000 87.500000 0.000000
v -87.500000 -400.000000 0.000000
v 400.000000 -87.500000 0.000000
v 87.500000 400.000000 0.000000
v 0.000000 312.500000 0.000000
v 0.000000 -87.500000 0.000000
v -312.500000 0.000000 0.000000
v 87.500000 0.000000 0.000000
v -400.000000 -112.500000 0.000000
v 112.500000 -400.000000 0.000000
v 400.000000 112.500000 0.000000
v -112.500000 400.000000 0.000000
v -400.000000 287.500000 0.000000
v -287.500000 -400.000000 0.000000
v 400.000000 -287.500000 0.000000
v 287.500000 400.000000 0.000000
v 0.000000 112.500000 0.000000
v 0.000000 -287.500000 0.000000
v -112.500000 0.000000 0.000000
v 287.500000 0.000000 0.000000
v 200.000000 -87.500000 0.000000
v 200.000000 -287.500000 0.000000
v 87.500000 -200.000000 0.000000
v 287.500000 -200.000000 0.000000
v -200.000000 -87.500000 0.000000
v -200.000000 -287.500000 0.000000
v -312.500000 -200.000000 0.000000
v -112.500000 -200.000000 0.000000
v -200.000000 312.500000 0.000000
v -200.000000 112.500000 0.000000
v -312.500000 200.000000 0.000000
v -112.500000 200.000000 0.000000
v 200.000000 312.500000 0.000000
v 200.000000 112.500000 0.000000
v 87.500000 200.000000 0.000000
v 287.500000 200.000000 0.000000
v -400.000000 -212.500000 0.000000
v 212.500000 -400.000000 0.000000
v 400.000000 212.500000 0.000000
v -212.500000 400.000000 0.000000
v -400.000000 187.500000 0.000000
v -187.500000 -400.000000 0.000000
v 400.000000 -187.500000 0.000000
v 187.500000 400.000000 0.000000
v 0.000000 212.500000 0.000000
v 0.000000 -187.500000 0.000000
v -212.500000 0.000000 0.000000
v 187.500000 0.000000 0.000000
v -400.000000 -12.500000 0.000000
v 12.500000 -400.000000 0.000000
v 400.000000 12.500000 0.000000
v -12.500000 400.000000 0.000000
v -400.000000 387.500000 0.000000
v -387.500000 -400.000000 0.000000
v 400.000000 -387.500000 0.000000
v 387.500000 400.000000 0.000000
v 0.000000 12.500000 0.000000
v 0.000000 -387.500000 0.000000
v -12.500000 0.000000 0.000000
v 387.500000 0.000000 0.000000
v 200.000000 -187.500000 0.000000
v 200.000000 -387.500000 0.000000
v 187.500000 -200.000000 0.000000
v 387.500000 -200.000000 0.000000
v -200.000000 -187.500000 0.000000
v -200.000000 -387.500000 0.000000
v -212.500000 -200.000000 0.000000
v -12.500000 -200.000000 0.000000
v -200.000000 212.500000 0.000000
v -200.000000 12.500000 0.000000
v -212.500000 200.000000 0.000000
v -12.500000 200.000000 0.000000
v 200.000000 212.500000 0.000000
v 200.000000 12.500000 0.000000
v 187.500000 200.000000 0.000000
v 387.500000 200.000000 0.000000
v 300.000000 112.500000 0.000000
v 300.000000 12.500000 0.000000
v 287.500000 100.000000 0.000000
v 387.500000 100.000000 0.000000
v 100.000000 112.500000 0.000000
v 100.000000 12.500000 0.000000
v 87.500000 100.000000 0.000000
v 187.500000 100.000000 0.000000
v 100.000000 312.500000 0.000000
v 100.000000 212.500000 0.000000
v 87.500000 300.000000 0.000000
v 187.500000 300.000000 0.000000
v -100.000000 112.500000 0.000000
v -100.000000 12.500000 0.000000
v -112.500000 100.000000 0.000000
v -12.500000 100.000000 0.000000
v -300.000000 112.500000 0.000000
v -300.000000 12.500000 0.000000
v -312.500000 100.000000 0.000000
v -212.500000 100.000000 0.000000
v -300.000000 312.500000 0.000000
v -300.000000 212.500000 0.000000
v -312.500000 300.000000 0.000000
v -212.500000 300.000000 0.000000
v -100.000000 -287.500000 0.000000
v -100.000000 -387.500000 0.000000
v -112.500000 -300.000000 0.000000
v -12.500000 -300.000000 0.000000
v -300.000000 -287.500000 0.000000
v -300.000000 -387.500000 0.000000
v -312.500000 -300.000000 0.000000
v -212.500000 -300.000000 0.000000
v -300.000000 -87.500000 0.000000
v -300.000000 -187.500000 0.000000
v -312.500000 -100.000000 0.000000
v -212.500000 -100.000000 0.000000
v 300.000000 -287.500000 0.000000
v 300.000000 -387.500000 0.000000
v 287.500000 -300.000000 0.000000
v 387.500000 -300.000000 0.000000
v 100.000000 -287.500000 0.000000
v 100.000000 -387.500000 0.000000
v 87.500000 -300.000000 0.000000
v 187.500000 -300.000000 0.000000
v 100.000000 -87.500000 0.000000
v 100.000000 -187.500000 0.000000
v 87.500000 -100.000000 0.000000
v 187.500000 -100.000000 0.000000
v 300.000000 -87.500000 0.000000
v 300.000000 -187.500000 0.000000
v 287.500000 -100.000000 0.000000
v 387.500000 -100.000000 0.000000
v -100.000000 -87.500000 0.000000
v -100.000000 -187.500000 0.000000
v -112.500000 -100.000000 0.000000
v -12.500000 -100.000000 0.000000
v -100.000000 312.500000 0.000000
v -100.000000 212.500000 0.000000
v -112.500000 300.000000 0.000000
v -12.500000 300.000000 0.000000
v 300.000000 312.500000 0.000000
v 300.000000 212.500000 0.000000
v 287.500000 300.000000 0.000000
v 387.500000 300.000000 0.000000
v 350.000000 262.500000 0.000000
v 350.000000 212.500000 0.000000
v 337.500000 250.000000 0.000000
v 387.500000 250.000000 0.000000
v 250.000000 262.500000 0.000000
v 250.000000 212.500000 0.000000
v 237.500000 250.000000 0.000000
v 287.500000 250.000000 0.000000
v 250.000000 362.500000 0.000000
v 250.000000 312.500000 0.000000
v 237.500000 350.000000 0.000000
v 287.500000 350.000000 0.000000
v -50.000000 262.500000 0.000000
v -50.000000 212.500000 0.000000
v -62.500000 250.000000 0.000000
v -12.500000 250.000000 0.000000
v -150.000000 262.500000 0.000000
v -150.000000 212.500000 0.000000
v -162.500000 250.000000 0.000000
v -112.500000 250.000000 0.000000
v -150.000000 362.500000 0.000000
v -150.000000 312.500000 0.000000
v -162.500000 350.000000 0.000000
v -112.500000 350.000000 0.000000
v -50.000000 -137.500000 0.000000
v -50.000000 -187.500000 0.000000
v -62.500000 -150.000000 0.000000
v -12.500000 -150.000000 0.000000
v -150.000000 -137.500000 0.000000
v -150.000000 -187.500000 0.000000
v -162.500000 -150.000000 0.000000
v -112.500000 -150.000000 0.000000
v -150.000000 -37.500000 0.000000
v -150.000000 -87.500000 0.000000
v -162.500000 -50.000000 0.000000
v -112.500000 -50.000000 0.000000
v 350.000000 -137.500000 0.000000
v 350.000000 -187.500000 0.000000
v 337.500000 -150.000000 0.000000
v 387.500000 -150.000000 0.000000
v 250.000000 -137.500000 0.000000
v 250.000000 -187.500000 0.000000
v 237.500000 -150.000000 0.000000
v 287.500000 -150.000000 0.000000
v 250.000000 -37.500000 0.000000
v 250.000000 -87.500000 0.000000
v 237.500000 -50.000000 0.000000
v 287.500000 -50.000000 0.000000
v 150.000000 -137.500000 0.000000
v 150.000000 -187.500000 0.000000
v 137.500000 -150.000000 0.000000
v 187.500000 -150.000000 0.000000
v 50.000000 -137.500000 0.000000
v 50.000000 -187.500000 0.000000
v 37.500000 -150.000000 0.000000
v 87.500000 -150.000000 0.000000
v 50.000000 -37.500000 0.000000
v 50.000000 -87.500000 0.000000
v 37.500000 -50.000000 0.000000
v 87.500000 -50.000000 0.000000
v 150.000000 -337.500000 0.000000
v 150.000000 -387.500000 0.000000
v 137.500000 -350.000000 0.000000
v 187.500000 -350.000000 0.000000
v 50.000000 -337.500000 0.000000
v 50.000000 -387.500000 0.000000
v 37.500000 -350.000000 0.000000
v 87.500000 -350.000000 0.000000
v 50.000000 -237.500000 0.000000
v 50.000000 -287.500000 0.000000
v 37.500000 -250.000000 0.000000
v 87.500000 -250.000000 0.000000
v 350.000000 -337.500000 0.000000
v 350.000000 -387.500000 0.000000
v 337.500000 -350.000000 0.000000
v 387.500000 -350.000000 0.000000
v 250.000000 -337.500000 0.000000
v 250.000000 -387.500000 0.000000
v 237.500000 -350.000000 0.000000
v 287.500000 -350.000000 0.000000
v 250.000000 -237.500000 0.000000
v 250.000000 -287.500000 0.000000
v 237.500000 -250.000000 0.000000
v 287.500000 -250.000000 0.000000
v -250.000000 -137.500000 0.000000
v -250.000000 -187.500000 0.000000
v -262.500000 -150.000000 0.000000
v -212.500000 -150.000000 0.000000
v -350.000000 -137.500000 0.000000
v -350.000000 -187.500000 0.000000
v -362.500000 -150.000000 0.000000
v -312.500000 -150.000000 0.000000
v -350.000000 -37.500000 0.000000
v -350.000000 -87.500000 0.000000
v -362.500000 -50.000000 0.000000
v -312.500000 -50.000000 0.000000
v -250.000000 -337.500000 0.000000
v -250.000000 -387.500000 0.000000
v -262.500000 -350.000000 0.000000
v -212.500000 -350.000000 0.000000
v -350.000000 -337.500000 0.000000
v -350.000000 -387.500000 0.000000
v -362.500000 -350.000000 0.000000
v -312.500000 -350.000000 0.000000
v -350.000000 -237.500000 0.000000
v -350.000000 -287.500000 0.000000
v -362.500000 -250.000000 0.000000
v -312.500000 -250.000000 0.000000
v -50.000000 -337.500000 0.000000
v -50.000000 -387.500000 0.000000
v -62.500000 -350.000000 0.000000
v -12.500000 -350.000000 0.000000
v -150.000000 -337.500000 0.000000
v -150.000000 -387.500000 0.000000
v -162.500000 -350.000000 0.000000
v -112.500000 -350.000000 0.000000
v -150.000000 -237.500000 0.000000
v -150.000000 -287.500000 0.000000
v -162.500000 -250.000000 0.000000
v -112.500000 -250.000000 0.000000
v -250.000000 262.500000 0.000000
v -250.000000 212.500000 0.000000
v -262.500000 250.000000 0.000000
v -212.500000 250.000000 0.000000
v -350.000000 262.500000 0.000000
v -350.000000 212.500000 0.000000
v -362.500000 250.000000 0.000000
v -312.500000 250.000000 0.000000
v -350.000000 362.500000 0.000000
v -350.000000 312.500000 0.000000
v -362.500000 350.000000 0.000000
v -312.500000 350.000000 0.000000
v -250.000000 62.500000 0.000000
v -250.000000 12.500000 0.000000
v -262.500000 50.000000 0.000000
v -212.500000 50.000000 0.000000
v -350.000000 62.500000 0.000000
v -350.000000 12.500000 0.000000
v -362.500000 50.000000 0.000000
v -312.500000 50.000000 0.000000
v -350.000000 162.500000 0.000000
v -350.000000 112.500000 0.000000
v -362.500000 150.000000 0.000000
v -312.500000 150.000000 0.000000
v -50.000000 62.500000 0.000000
v -50.000000 12.500000 0.000000
v -62.500000 50.000000 0.000000
v -12.500000 50.000000 0.000000
v -150.000000 62.500000 0.000000
v -150.000000 12.500000 0.000000
v -162.500000 50.000000 0.000000
v -112.500000 50.000000 0.000000
v -150.000000 162.500000 0.000000
v -150.000000 112.500000 0.000000
v -162.500000 150.000000 0.000000
v -112.500000 150.000000 0.000000
v 150.000000 262.500000 0.000000
v 150.000000 212.500000 0.000000
v 137.500000 250.000000 0.000000
v 187.500000 250.000000 0.000000
v 50.000000 262.500000 0.000000
v 50.000000 212.500000 0.000000
v 37.500000 250.000000 0.000000
v 87.500000 250.000000 0.000000
v 50.000000 362.500000 0.000000
v 50.000000 312.500000 0.000000
v 37.500000 350.000000 0.000000
v 87.500000 350.000000 0.000000
v 150.000000 62.500000 0.000000
v 150.000000 12.500000 0.000000
v 137.500000 50.000000 0.000000
v 187.500000 50.000000 0.000000
v 50.000000 62.500000 0.000000
v 50.000000 12.500000 0.000000
v 37.500000 50.000000 0.000000
v 87.500000 50.000000 0.000000
v 50.000000 162.500000 0.000000
v 50.000000 112.500000 0.000000
v 37.500000 150.000000 0.000000
v 87.500000 150.000000 0.000000
v 350.000000 62.500000 0.000000
v 350.000000 12.500000 0.000000
v 337.500000 50.000000 0.000000
v 387.500000 50.000000 0.000000
v 250.000000 62.500000 0.000000
v 250.000000 12.500000 0.000000
v 237.500000 50.000000 0.000000
v 287.500000 50.000000 0.000000
v 250.000000 162.500000 0.000000
v 250.000000 112.500000 0.000000
v 237.500000 150.000000 0.000000
v 287.500000 150.000000 0.000000
v 350.000000 162.500000 0.000000
v 350.000000 112.500000 0.000000
v 337.500000 150.000000 0.000000
v 387.500000 150.000000 0.000000
v 150.000000 162.500000 0.000000
v 150.000000 112.500000 0.000000
v 137.500000 150.000000 0.000000
v 187.500000 150.000000 0.000000
v 150.000000 362.500000 0.000000
v 150.000000 312.500000 0.000000
v 137.500000 350.000000 0.000000
v 187.500000 350.000000 0.000000
v -50.000000 162.500000 0.000000
v -50.000000 112.500000 0.000000
v -62.500000 150.000000 0.000000
v -12.500000 150.000000 0.000000
v -250.000000 162.500000 0.000000
v -250.000000 112.500000 0.000000
v -262.500000 150.000000 0.000000
v -212.500000 150.000000 0.000000
v -250.000000 362.500000 0.000000
v -250.000000 312.500000 0.000000
v -262.500000 350.000000 0.000000
v -212.500000 350.000000 0.000000
v -50.000000 -237.500000 0.000000
v -50.000000 -287.500000 0.000000
v -62.500000 -250.000000 0.000000
v -12.500000 -250.000000 0.000000
v -250.000000 -237.500000 0.000000
v -250.000000 -287.500000 0.000000
v -262.500000 -250.000000 0.000000
v -212.500000 -250.000000 0.000000
v -250.000000 -37.500000 0.000000
v -250.000000 -87.500000 0.000000
v -262.500000 -50.000000 0.000000
v -212.500000 -50.000000 0.000000
v 350.000000 -237.500000 0.000000
v 350.000000 -287.500000 0.000000
v 337.500000 -250.000000 0.000000
v 387.500000 -250.000000 0.000000
v 150.000000 -237.500000 0.000000
v 150.000000 -287.500000 0.000000
v 137.500000 -250.000000 0.000000
v 187.500000 -250.000000 0.000000
v 150.000000 -37.500000 0.000000
v 150.000000 -87.500000 0.000000
v 137.500000 -50.000000 0.000000
v 187.500000 -50.000000 0.000000
v 350.000000 -37.500000 0.000000
v 350.000000 -87.500000 0.000000
v 337.500000 -50.000000 0.000000
v 387.500000 -50.000000 0.000000
v -50.000000 -37.500000 0.000000
v -50.000000 -87.500000 0.000000
v -62.500000 -50.000000 0.000000
v -12.500000 -50.000000 0.000000
v -50.000000 362.500000 0.000000
v -50.000000 312.500000 0.000000
v -62.500000 350.000000 0.000000
v -12.500000 350.000000 0.000000
v 350.000000 362.500000 0.000000
v 350.000000 312.500000 0.000000
v 337.500000 350.000000 0.000000
v 387.500000 350.000000 0.000000
v 375.000000 337.500000 0.000000
v 375.000000 312.500000 0.000000
v 362.500000 325.000000 0.000000
v 387.500000 325.000000 0.000000
v 325.000000 337.500000 0.000000
v 325.000000 312.500000 0.000000
v 312.500000 325.000000 0.000000
v 337.500000 325.000000 0.000000
v 325.000000 387.500000 0.000000
v 325.000000 362.500000 0.000000
v 312.500000 375.000000 0.000000
v 337.500000 375.000000 0.000000
v -25.000000 337.500000 0.000000
v -25.000000 312.500000 0.000000
v -37.500000 325.000000 0.000000
v -12.500000 325.000000 0.000000
v -75.000000 337.500000 0.000000
v -75.000000 312.500000 0.000000
v -87.500000 325.000000 0.000000
v -62.500000 325.000000 0.000000
v -75.000000 387.500000 0.000000
v -75.000000 362.500000 0.000000
v -87.500000 375.000000 0.000000
v -62.500000 375.000000 0.000000
v -25.000000 -62.500000 0.000000
v -25.000000 -87.500000 0.000000
v -37.500000 -75.000000 0.000000
v -12.500000 -75.000000 0.000000
v -75.000000 -62.500000 0.000000
v -75.000000 -87.500000 0.000000
v -87.500000 -75.000000 0.000000
v -62.500000 -75.000000 0.000000
v -75.000000 -12.500000 0.000000
v -75.000000 -37.500000 0.000000
v -87.500000 -25.000000 0.000000
v -62.500000 -25.000000 0.000000
v 375.000000 -62.500000 0.000000
v 375.000000 -87.500000 0.000000
v 362.500000 -75.000000 0.000000
v 387.500000 -75.000000 0.000000
v 325.000000 -62.500000 0.000000
v 325.000000 -87.500000 0.000000
v 312.500000 -75.000000 0.000000
v 337.500000 -75.000000 0.000000
v 325.000000 -12.500000 0.000000
v 325.000000 -37.500000 0.000000
v 312.500000 -25.000000 0.000000
v 337.500000 -25.000000 0.000000
v 175.000000 -62.500000 0.000000
v 175.000000 -87.500000 0.000000
v 162.500000 -75.000000 0.000000
v 187.500000 -75.000000 0.000000
v 125.000000 -62.500000 0.000000
v 125.000000 -87.500000 0.000000
v 112.500000 -75.000000 0.000000
v 137.500000 -75.000000 0.000000
v 125.000000 -12.500000 0.000000
v 125.000000 -37.500000 0.000000
v 112.500000 -25.000000 0.000000
v 137.500000 -25.000000 0.000000
v 175.000000 -262.500000 0.000000
v 175.000000 -287.500000 0.000000
v 162.500000 -275.000000 0.000000
v 187.500000 -275.000000 0.000000
v 125.000000 -262.500000 0.000000
v 125.000000 -287.500000 0.000000
v 112.500000 -275.000000 0.000000
v 137.500000 -275.000000 0.000000
v 125.000000 -212.500000 0.000000
v 125.000000 -237.500000 0.000000
v 112.500000 -225.000000 0.000000
v 137.500000 -225.000000 0.000000
v 375.000000 -262.500000 0.000000
v 375.000000 -287.500000 0.000000
v 362.500000 -275.000000 0.000000
v 387.500000 -275.000000 0.000000
v 325.000000 -262.500000 0.000000
v 325.000000 -287.500000 0.000000
v 312.500000 -275.000000 0.000000
v 337.500000 -275.000000 0.000000
v 325.000000 -212.500000 0.000000
v 325.000000 -237.500000 0.000000
v 312.500000 -225.000000 0.000000
v 337.500000 -225.000000 0.000000
v -225.000000 -62.500000 0.000000
v -225.000000 -87.500000 0.000000
v -237.500000 -75.000000 0.000000
v -212.500000 -75.000000 0.000000
v -275.000000 -62.500000 0.000000
v -275.000000 -87.500000 0.000000
v -287.500000 -75.000000 0.000000
v -262.500000 -75.000000 0.000000
v -275.000000 -12.500000 0.000000
v -275.000000 -37.500000 0.000000
v -287.500000 -25.000000 0.000000
v -262.500000 -25.000000 0.000000
v -225.000000 -262.500000 0.000000
v -225.000000 -287.500000 0.000000
v -237.500000 -275.000000 0.000000
v -212.500000 -275.000000 0.000000
v -275.000000 -262.500000 0.000000
v -275.000000 -287.500000 0.000000
v -287.500000 -275.000000 0.000000
v -262.500000 -275.000000 0.000000
v -275.000000 -212.500000 0.000000
v -275.000000 -237.500000 0.000000
v -287.500000 -225.000000 0.000000
v -262.500000 -225.000000 0.000000
v -25.000000 -262.500000 0.000000
v -25.000000 -287.500000 0.000000
v -37.500000 -275.000000 0.000000
v -12.500000 -275.000000 0.000000
v -75.000000 -262.500000 0.000000
v -75.000000 -287.500000 0.000000
v -87.500000 -275.000000 0.000000
v -62.500000 -275.000000 0.000000
v -75.000000 -212.500000 0.000000
v -75.000000 -237.500000 0.000000
v -87.500000 -225.000000 0.000000
v -62.500000 -225.000000 0.000000
v -225.000000 337.500000 0.000000
v -225.000000 312.500000 0.000000
v -237.500000 325.000000 0.000000
v -212.500000 325.000000 0.000000
v -275.000000 337.500000 0.000000
v -275.000000 312.500000 0.000000
v -287.500000 325.000000 0.000000
v -262.500000 325.000000 0.000000
v -275.000000 387.500000 0.000000
v -275.000000 362.500000 0.000000
v -287.500000 375.000000 0.000000
v -262.500000 375.000000 0.000000
v -225.000000 137.500000 0.000000
v -225.000000 112.500000 0.000000
v -237.500000 125.000000 0.000000
v -212.500000 125.000000 0.000000
v -275.000000 137.500000 0.000000
v -275.000000 112.500000 0.000000
v -287.500000 125.000000 0.000000
v -262.500000 125.000000 0.000000
v -275.000000 187.500000 0.000000
v -275.000000 162.500000 0.000000
v -287.500000 175.000000 0.000000
v -262.500000 175.000000 0.000000
v -25.000000 137.500000 0.000000
v -25.000000 112.500000 0.000000
v -37.500000 125.000000 0.000000
v -12.500000 125.000000 0.000000
v -75.000000 137.500000 0.000000
v -75.000000 112.500000 0.000000
v -87.500000 125.000000 0.000000
v -62.500000 125.000000 0.000000
v -75.000000 187.500000 0.000000
v -75.000000 162.500000 0.000000
v -87.500000 175.000000 0.000000
v -62.500000 175.000000 0.000000
v 175.000000 337.500000 0.000000
v 175.000000 312.500000 0.000000
v 162.500000 325.000000 0.000000
v 187.500000 325.000000 0.000000
v 125.000000 337.500000 0.000000
v 125.000000 312.500000 0.000000
v 112.500000 325.000000 0.000000
v 137.500000 325.000000 0.000000
v 125.000000 387.500000 0.000000
v 125.000000 362.500000 0.000000
v 112.500000 375.000000 0.000000
v 137.500000 375.000000 0.000000
v 175.000000 137.500000 0.000000
v 175.000000 112.500000 0.000000
v 162.500000 125.000000 0.000000
v 187.500000 125.000000 0.000000
v 125.000000 137.500000 0.000000
v 125.000000 112.500000 0.000000
v 112.500000 125.000000 0.000000
v 137.500000 125.000000 0.000000
v 125.000000 187.500000 0.000000
v 125.000000 162.500000 0.000000
v 112.500000 175.000000 0.000000
v 137.500000 175.000000 0.000000
v 375.000000 137.500000 0.000000
v 375.000000 112.500000 0.000000
v 362.500000 125.000000 0.000000
v 387.500000 125.000000 0.000000
v 325.000000 137.500000 0.000000
v 325.000000 112.500000 0.000000
v 312.500000 125.000000 0.000000
v 337.500000 125.000000 0.000000
v 325.000000 187.500000 0.000000
v 325.000000 162.500000 0.000000
v 312.500000 175.000000 0.000000
v 337.500000 175.000000 0.000000
v 275.000000 137.500000 0.000000
v 275.000000 112.500000 0.000000
v 262.500000 125.000000 0.000000
v 287.500000 125.000000 0.000000
v 225.000000 137.500000 0.000000
v 225.000000 112.500000 0.000000
v 212.500000 125.000000 0.000000
v 237.500000 125.000000 0.000000
v 225.000000 187.500000 0.000000
v 225.000000 162.500000 0.000000
v 212.500000 175.000000 0.000000
v 237.500000 175.000000 0.000000
v 275.000000 37.500000 0.000000
v 275.000000 12.500000 0.000000
v 262.500000 25.000000 0.000000
v 287.500000 25.000000 0.000000
v 225.000000 37.500000 0.000000
v 225.000000 12.500000 0.000000
v 212.500000 25.000000 0.000000
v 237.500000 25.000000 0.000000
v 225.000000 87.500000 0.000000
v 225.000000 62.500000 0.000000
v 212.500000 75.000000 0.000000
v 237.500000 75.000000 0.000000
v 375.000000 37.500000 0.000000
v 375.000000 12.500000 0.000000
v 362.500000 25.000000 0.000000
v 387.500000 25.000000 0.000000
v 325.000000 37.500000 0.000000
v 325.000000 12.500000 0.000000
v 312.500000 25.000000 0.000000
v 337.500000 25.000000 0.000000
v 325.000000 87.500000 0.000000
v 325.000000 62.500000 0.000000
v 312.500000 75.000000 0.000000
v 337.500000 75.000000 0.000000
v 75.000000 137.500000 0.000000
v 75.000000 112.500000 0.000000
v 62.500000 125.000000 0.000000
v 87.500000 125.000000 0.000000
v 25.000000 137.500000 0.000000
v 25.000000 112.500000 0.000000
v 12.500000 125.000000 0.000000
v 37.500000 125.000000 0.000000
v 25.000000 187.500000 0.000000
v 25.000000 162.500000 0.000000
v 12.500000 175.000000 0.000000
v 37.500000 175.000000 0.000000
v 75.000000 37.500000 0.000000
v 75.000000 12.500000 0.000000
v 62.500000 25.000000 0.000000
v 87.500000 25.000000 0.000000
v 25.000000 37.500000 0.000000
v 25.000000 12.500000 0.000000
v 12.500000 25.000000 0.000000
v 37.500000 25.000000 0.000000
v 25.000000 87.500000 0.000000
v 25.000000 62.500000 0.000000
v 12.500000 75.000000 0.000000
v 37.500000 75.000000 0.000000
v 175.000000 37.500000 0.000000
v 175.000000 12.500000 0.000000
v 162.500000 25.000000 0.000000
v 187.500000 25.000000 0.000000
v 125.000000 37.500000 0.000000
v 125.000000 12.500000 0.000000
v 112.500000 25.000000 0.000000
v 137.500000 25.000000 0.000000
v 125.000000 87.500000 0.000000
v 125.000000 62.500000 0.000000
v 112.500000 75.000000 0.000000
v 137.500000 75.000000 0.000000
v 75.000000 337.500000 0.000000
v 75.000000 312.500000 0.000000
v 62.500000 325.000000 0.000000
v 87.500000 325.000000 0.000000
v 25.000000 337.500000 0.000000
v 25.000000 312.500000 0.000000
v 12.500000 325.000000 0.000000
v 37.500000 325.000000 0.000000
v 25.000000 387.500000 0.000000
v 25.000000 362.500000 0.000000
v 12.500000 375.000000 0.000000
v 37.500000 375.000000 0.000000
v 75.000000 237.500000 0.000000
v 75.000000 212.500000 0.000000
v 62.500000 225.000000 0.000000
v 87.500000 225.000000 0.000000
v 25.000000 237.500000 0.000000
v 25.000000 212.500000 0.000000
v 12.500000 225.000000 0.000000
v 37.500000 225.000000 0.000000
v 25.000000 287.500000 0.000000
v 25.000000 262.500000 0.000000
v 12.500000 275.000000 0.000000
v 37.500000 275.000000 0.000000
v 175.000000 237.500000 0.000000
v 175.000000 212.500000 0.000000
v 162.500000 225.000000 0.000000
v 187.500000 225.000000 0.000000
v 125.000000 237.500000 0.000000
v 125.000000 212.500000 0.000000
v 112.500000 225.000000 0.000000
v 137.500000 225.000000 0.000000
v 125.000000 287.500000 0.000000
v 125.000000 262.500000 0.000000
v 112.500000 275.000000 0.000000
v 137.500000 275.000000 0.000000
v -125.000000 137.500000 0.000000
v -125.000000 112.500000 0.000000
v -137.500000 125.000000 0.000000
v -112.500000 125.000000 0.000000
v -175.000000 137.500000 0.000000
v -175.000000 112.500000 0.000000
v -187.500000 125.000000 0.000000
v -162.500000 125.000000 0.000000
v -175.000000 187.500000 0.000000
v -175.000000 162.500000 0.000000
v -187.500000 175.000000 0.000000
v -162.500000 175.000000 0.000000
v -125.000000 37.500000 0.000000
v -125.000000 12.500000 0.000000
v -137.500000 25.000000 0.000000
v -112.500000 25.000000 0.000000
v -175.000000 37.500000 0.000000
v -175.000000 12.500000 0.000000
v -187.500000 25.000000 0.000000
v -162.500000 25.000000 0.000000
v -175.000000 87.500000 0.000000
v -175.000000 62.500000 0.000000
v -187.500000 75.000000 0.000000
v -162.500000 75.000000 0.000000
v -25.000000 37.500000 0.000000
v -25.000000 12.500000 0.000000
v -37.500000 25.000000 0.000000
v -12.500000 25.000000 0.000000
v -75.000000 37.500000 0.000000
v -75.000000 12.500000 0.000000
v -87.500000 25.000000 0.000000
v -62.500000 25.000000 0.000000
v -75.000000 87.500000 0.000000
v -75.000000 62.500000 0.000000
v -87.500000 75.000000 0.000000
v -62.500000 75.000000 0.000000
v -325.000000 137.500000 0.000000
v -325.000000 112.500000 0.000000
v -337.500000 125.000000 0.000000
v -312.500000 125.000000 0.000000
v -375.000000 137.500000 0.000000
v -375.000000 112.500000 0.000000
v -387.500000 125.000000 0.000000
v -362.500000 125.000000 0.000000
v -375.000000 187.500000 0.000000
v -375.000000 162.500000 0.000000
v -387.500000 175.000000 0.000000
v -362.500000 175.000000 0.000000
v -325.000000 37.500000 0.000000
v -325.000000 12.500000 0.000000
v -337.500000 25.000000 0.000000
v -312.500000 25.000000 0.000000
v -375.000000 37.500000 0.000000
v -375.000000 12.500000 0.000000
v -387.500000 25.000000 0.000000
v -362.500000 25.000000 0.000000
v -375.000000 87.500000 0.000000
v -375.000000 62.500000 0.000000
v -387.500000 75.000000 0.000000
v -362.500000 75.000000 0.000000
v -225.000000 37.500000 0.000000
v -225.000000 12.500000 0.000000
v -237.500000 25.000000 0.000000
v -212.500000 25.000000 0.000000
v -275.000000 37.500000 0.000000
v -275.000000 12.500000 0.000000
v -287.500000 25.000000 0.000000
v -262.500000 25.000000 0.000000
v -275.000000 87.500000 0.000000
v -275.000000 62.500000 0.000000
v -287.500000 75.000000 0.000000
v -262.500000 75.000000 0.000000
v -325.000000 337.500000 0.000000
v -325.000000 312.500000 0.000000
v -337.500000 325.000000 0.000000
v -312.500000 325.000000 0.000000
v -375.000000 337.500000 0.000000
v -375.000000 312.500000 0.000000
v -387.500000 325.000000 0.000000
v -362.500000 325.000000 0.000000
v -375.000000 387.500000 0.000000
v -375.000000 362.500000 0.000000
v -387.500000 375.000000 0.000000
v -362.500000 375.000000 0.000000
v -325.000000 237.500000 0.000000
v -325.000000 212.500000 0.000000
v -337.500000 225.000000 0.000000
v -312.500000 225.000000 0.000000
v -375.000000 237.500000 0.000000
v -375.000000 212.500000 0.000000
v -387.500000 225.000000 0.000000
v -362.500000 225.000000 0.000000
v -375.000000 287.500000 0.000000
v -375.000000 262.500000 0.000000
v -387.500000 275.000000 0.000000
v -362.500000 275.000000 0.000000
v -225.000000 237.500000 0.000000
v -225.000000 212.500000 0.000000
v -237.500000 225.000000 0.000000
v -212.500000 225.000000 0.000000
v -275.000000 237.500000 0.000000
v -275.000000 212.500000 0.000000
v -287.500000 225.000000 0.000000
v -262.500000 225.000000 0.000000
v -275.000000 287.500000 0.000000
v -275.000000 262.500000 0.000000
v -287.500000 275.000000 0.000000
v -262.500000 275.000000 0.000000
v -125.000000 -262.500000 0.000000
v -125.000000 -287.500000 0.000000
v -137.500000 -275.000000 0.000000
v -112.500000 -275.000000 0.000000
v -175.000000 -262.500000 0.000000
v -175.000000 -287.500000 0.000000
v -187.500000 -275.000000 0.000000
v -162.500000 -275.000000 0.000000
v -175.000000 -212.500000 0.000000
v -175.000000 -237.500000 0.000000
v -187.500000 -225.000000 0.000000
v -162.500000 -225.000000 0.000000
v -125.000000 -362.500000 0.000000
v -125.000000 -387.500000 0.000000
v -137.500000 -375.000000 0.000000
v -112.500000 -375.000000 0.000000
v -175.000000 -362.500000 0.000000
v -175.000000 -387.500000 0.000000
v -187.500000 -375.000000 0.000000
v -162.500000 -375.000000 0.000000
v -175.000000 -312.500000 0.000000
v -175.000000 -337.500000 0.000000
v -187.500000 -325.000000 0.000000
v -162.500000 -325.000000 0.000000
v -25.000000 -362.500000 0.000000
v -25.000000 -387.500000 0.000000
v -37.500000 -375.000000 0.000000
v -12.500000 -375.000000 0.000000
v -75.000000 -362.500000 0.000000
v -75.000000 -387.500000 0.000000
v -87.500000 -375.000000 0.000000
v -62.500000 -375.000000 0.000000
v -75.000000 -312.500000 0.000000
v -75.000000 -337.500000 0.000000
v -87.500000 -325.000000 0.000000
v -62.500000 -325.000000 0.000000
v -325.000000 -262.500000 0.000000
v -325.000000 -287.500000 0.000000
v -337.500000 -275.000000 0.000000
v -312.500000 -275.000000 0.000000
v -375.000000 -262.500000 0.000000
v -375.000000 -287.500000 0.000000
v -387.500000 -275.000000 0.000000
v -362.500000 -275.000000 0.000000
v -375.000000 -212.500000 0.000000
v -375.000000 -237.500000 0.000000
v -387.500000 -225.000000 0.000000
v -362.500000 -225.000000 0.000000
v -325.000000 -362.500000 0.000000
v -325.000000 -387.500000 0.000000
v -337.500000 -375.000000 0.000000
v -312.500000 -375.000000 0.000000
v -375.000000 -362.500000 0.000000
v -375.000000 -387.500000 0.000000
v -387.500000 -375.000000 0.000000
v -362.500000 -375.000000 0.000000
v -375.000000 -312.500000 0.000000
v -375.000000 -337.500000 0.000000
v -387.500000 -325.000000 0.000000
v -362.500000 -325.000000 0.000000
v -225.000000 -362.500000 0.000000
v -225.000000 -387.500000 0.000000
v -237.500000 -375.000000 0.000000
v -212.500000 -375.000000 0.000000
v -275.000000 -362.500000 0.000000
v -275.000000 -387.500000 0.000000
v -287.500000 -375.000000 0.000000
v -262.500000 -375.000000 0.000000
v -275.000000 -312.500000 0.000000
v -275.000000 -337.500000 0.000000
v -287.500000 -325.000000 0.000000
v -262.500000 -325.000000 0.000000
v -325.000000 -62.500000 0.000000
v -325.000000 -87.500000 0.000000
v -337.500000 -75.000000 0.000000
v -312.500000 -75.000000 0.000000
v -375.000000 -62.500000 0.000000
v -375.000000 -87.500000 0.000000
v -387.500000 -75.000000 0.000000
v -362.500000 -75.000000 0.000000
v -375.000000 -12.500000 0.000000
v -375.000000 -37.500000 0.000000
v -387.500000 -25.000000 0.000000
v -362.500000 -25.000000 0.000000
v -325.000000 -162.500000 0.000000
v -325.000000 -187.500000 0.000000
v -337.500000 -175.000000 0.000000
v -312.500000 -175.000000 0.000000
v -375.000000 -162.500000 0.000000
v -375.000000 -187.500000 0.000000
v -387.500000 -175.000000 0.000000
v -362.500000 -175.000000 0.000000
v -375.000000 -112.500000 0.000000
v -375.000000 -137.500000 0.000000
v -387.500000 -125.000000 0.000000
v -362.500000 -125.000000 0.000000
v -225.000000 -162.500000 0.000000
v -225.000000 -187.500000 0.000000
v -237.500000 -175.000000 0.000000
v -212.500000 -175.000000 0.000000
v -275.000000 -162.500000 0.000000
v -275.000000 -187.500000 0.000000
v -287.500000 -175.000000 0.000000
v -262.500000 -175.000000 0.000000
v -275.000000 -112.500000 0.000000
v -275.000000 -137.500000 0.000000
v -287.500000 -125.000000 0.000000
v -262.500000 -125.000000 0.000000
v 275.000000 -262.500000 0.000000
v 275.000000 -287.500000 0.000000
v 262.500000 -275.000000 0.000000
v 287.500000 -275.000000 0.000000
v 225.000000 -262.500000 0.000000
v 225.000000 -287.500000 0.000000
v 212.500000 -275.000000 0.000000
v 237.500000 -275.000000 0.000000
v 225.000000 -212.500000 0.000000
v 225.000000 -237.500000 0.000000
v 212.500000 -225.000000 0.000000
v 237.500000 -225.000000 0.000000
v 275.000000 -362.500000 0.000000
v 275.000000 -387.500000 0.000000
v 262.500000 -375.000000 0.000000
v 287.500000 -375.000000 0.000000
v 225.000000 -362.500000 0.000000
v 225.000000 -387.500000 0.000000
v 212.500000 -375.000000 0.000000
v 237.500000 -375.000000 0.000000
v 225.000000 -312.500000 0.000000
v 225.000000 -337.500000 0.000000
v 212.500000 -325.000000 0.000000
v 237.500000 -325.000000 0.000000
v 375.000000 -362.500000 0.000000
v 375.000000 -387.500000 0.000000
v 362.500000 -375.000000 0.000000
v 387.500000 -375.000000 0.000000
v 325.000000 -362.500000 0.000000
v 325.000000 -387.500000 0.000000
v 312.500000 -375.000000 0.000000
v 337.500000 -375.000000 0.000000
v 325.000000 -312.500000 0.000000
v 325.000000 -337.500000 0.000000
v 312.500000 -325.000000 0.000000
v 337.500000 -325.000000 0.000000
v 75.000000 -262.500000 0.000000
v 75.000000 -287.500000 0.000000
v 62.500000 -275.000000 0.000000
v 87.500000 -275.000000 0.000000
v 25.000000 -262.500000 0.000000
v 25.000000 -287.500000 0.000000
v 12.500000 -275.000000 0.000000
v 37.500000 -275.000000 0.000000
v 25.000000 -212.500000 0.000000
v 25.000000 -237.500000 0.000000
v 12.500000 -225.000000 0.000000
v 37.500000 -225.000000 0.000000
v 75.000000 -362.500000 0.000000
v 75.000000 -387.500000 0.000000
v 62.500000 -375.000000 0.000000
v 87.500000 -375.000000 0.000000
v 25.000000 -362.500000 0.000000
v 25.000000 -387.500000 0.000000
v 12.500000 -375.000000 0.000000
v 37.500000 -375.000000 0.000000
v 25.000000 -312.500000 0.000000
v 25.000000 -337.500000 0.000000
v 12.500000 -325.000000 0.000000
v 37.500000 -325.000000 0.000000
v 175.000000 -362.500000 0.000000
v 175.000000 -387.500000 0.000000
v 162.500000 -375.000000 0.000000
v 187.500000 -375.000000 0.000000
v 125.000000 -362.500000 0.000000
v 125.000000 -387.500000 0.000000
v 112.500000 -375.000000 0.000000
v 137.500000 -375.000000 0.000000
v 125.000000 -312.500000 0.000000
v 125.000000 -337.500000 0.000000
v 112.500000 -325.000000 0.000000
v 137.500000 -325.000000 0.000000
v 75.000000 -62.500000 0.000000
v 75.000000 -87.500000 0.000000
v 62.500000 -75.000000 0.000000
v 87.500000 -75.000000 0.000000
v 25.000000 -62.500000 0.000000
v 25.000000 -87.500000 0.000000
v 12.500000 -75.000000 0.000000
v 37.500000 -75.000000 0.000000
v 25.000000 -12.500000 0.000000
v 25.000000 -37.500000 0.000000
v 12.500000 -25.000000 0.000000
v 37.500000 -25.000000 0.000000
v 75.000000 -162.500000 0.000000
v 75.000000 -187.500000 0.000000
v 62.500000 -175.000000 0.000000
v 87.500000 -175.000000 0.000000
v 25.000000 -162.500000 0.000000
v 25.000000 -187.500000 0.000000
v 12.500000 -175.000000 0.000000
v 37.500000 -175.000000 0.000000
v 25.000000 -112.500000 0.000000
v 25.000000 -137.500000 0.000000
v 12.500000 -125.000000 0.000000
v 37.500000 -125.000000 0.000000
v 175.000000 -162.500000 0.000000
v 175.000000 -187.500000 0.000000
v 162.500000 -175.000000 0.000000
v 187.500000 -175.000000 0.000000
v 125.000000 -162.500000 0.000000
v 125.000000 -187.500000 0.000000
v 112.500000 -175.000000 0.000000
v 137.500000 -175.000000 0.000000
v 125.000000 -112.500000 0.000000
v 125.000000 -137.500000 0.000000
v 112.500000 -125.000000 0.000000
v 137.500000 -125.000000 0.000000
v 275.000000 -62.500000 0.000000
v 275.000000 -87.500000 0.000000
v 262.500000 -75.000000 0.000000
v 287.500000 -75.000000 0.000000
v 225.000000 -62.500000 0.000000
v 225.000000 -87.500000 0.000000
v 212.500000 -75.000000 0.000000
v 237.500000 -75.000000 0.000000
v 225.000000 -12.500000 0.000000
v 225.000000 -37.500000 0.000000
v 212.500000 -25.000000 0.000000
v 237.500000 -25.000000 0.000000
v 275.000000 -162.500000 0.000000
v 275.000000 -187.500000 0.000000
v 262.500000 -175.000000 0.000000
v 287.500000 -175.000000 0.000000
v 225.000000 -162.500000 0.000000
v 225.000000 -187.500000 0.000000
v 212.500000 -175.000000 0.000000
v 237.500000 -175.000000 0.000000
v 225.000000 -112.500000 0.000000
v 225.000000 -137.500000 0.000000
v 212.500000 -125.000000 0.000000
v 237.500000 -125.000000 0.000000
v 375.000000 -162.500000 0.000000
v 375.000000 -187.500000 0.000000
v 362.500000 -175.000000 0.000000
v 387.500000 -175.000000 0.000000
v 325.000000 -162.500000 0.000000
v 325.000000 -187.500000 0.000000
v 312.500000 -175.000000 0.000000
v 337.500000 -175.000000 0.000000
v 325.000000 -112.500000 0.000000
v 325.000000 -137.500000 0.000000
v 312.500000 -125.000000 0.000000
v 337.500000 -125.000000 0.000000
v -125.000000 -62.500000 0.000000
v -125.000000 -87.500000 0.000000
v -137.500000 -75.000000 0.000000
v -112.500000 -75.000000 0.000000
v -175.000000 -62.500000 0.000000
v -175.000000 -87.500000 0.000000
v -187.500000 -75.000000 0.000000
v -162.500000 -75.000000 0.000000
v -175.000000 -12.500000 0.000000
v -175.000000 -37.500000 0.000000
v -187.500000 -25.000000 0.000000
v -162.500000 -25.000000 0.000000
v -125.000000 -162.500000 0.000000
v -125.000000 -187.500000 0.000000
v -137.500000 -175.000000 0.000000
v -112.500000 -175.000000 0.000000
v -175.000000 -162.500000 0.000000
v -175.000000 -187.500000 0.000000
v -187.500000 -175.000000 0.000000
v -162.500000 -175.000000 0.000000
v -175.000000 -112.500000 0.000000
v -175.000000 -137.500000 0.000000
v -187.500000 -125.000000 0.000000
v -162.500000 -125.000000 0.000000
v -25.000000 -162.500000 0.000000
v -25.000000 -187.500000 0.000000
v -37.500000 -175.000000 0.000000
v -12.500000 -175.000000 0.000000
v -75.000000 -162.500000 0.000000
v -75.000000 -187.500000 0.000000
v -87.500000 -175.000000 0.000000
v -62.500000 -175.000000 0.000000
v -75.000000 -112.500000 0.000000
v -75.000000 -137.500000 0.000000
v -87.500000 -125.000000 0.000000
v -62.500000 -125.000000 0.000000
v -125.000000 337.500000 0.000000
v -125.000000 312.500000 0.000000
v -137.500000 325.000000 0.000000
v -112.500000 325.000000 0.000000
v -175.000000 337.500000 0.000000
v -175.000000 312.500000 0.000000
v -187.500000 325.000000 0.000000
v -162.500000 325.000000 0.000000
v -175.000000 387.500000 0.000000
v -175.000000 362.500000 0.000000
v -187.500000 375.000000 0.000000
v -162.500000 375.000000 0.000000
v -125.000000 237.500000 0.000000
v -125.000000 212.500000 0.000000
v -137.500000 225.000000 0.000000
v -112.500000 225.000000 0.000000
v -175.000000 237.500000 0.000000
v -175.000000 212.500000 0.000000
v -187.500000 225.000000 0.000000
v -162.500000 225.000000 0.000000
v -175.000000 287.500000 0.000000
v -175.000000 262.500000 0.000000
v -187.500000 275.000000 0.000000
v -162.500000 275.000000 0.000000
v -25.000000 237.500000 0.000000
v -25.000000 212.500000 0.000000
v -37.500000 225.000000 0.000000
v -12.500000 225.000000 0.000000
v -75.000000 237.500000 0.000000
v -75.000000 212.500000 0.000000
v -87.500000 225.000000 0.000000
v -62.500000 225.000000 0.000000
v -75.000000 287.500000 0.000000
v -75.000000 262.500000 0.000000
v -87.500000 275.000000 0.000000
v -62.500000 275.000000 0.000000
v 275.000000 337.500000 0.000000
v 275.000000 312.500000 0.000000
v 262.500000 325.000000 0.000000
v 287.500000 325.000000 0.000000
v 225.000000 337.500000 0.000000
v 225.000000 312.500000 0.000000
v 212.500000 325.000000 0.000000
v 237.500000 325.000000 0.000000
v 225.000000 387.500000 0.000000
v 225.000000 362.500000 0.000000
v 212.500000 375.000000 0.000000
v 237.500000 375.000000 0.000000
v 275.000000 237.500000 0.000000
v 275.000000 212.500000 0.000000
v 262.500000 225.000000 0.000000
v 287.500000 225.000000 0.000000
v 225.000000 237.500000 0.000000
v 225.000000 212.500000 0.000000
v 212.500000 225.000000 0.000000
v 237.500000 225.000000 0.000000
v 225.000000 287.500000 0.000000
v 225.000000 262.500000 0.000000
v 212.500000 275.000000 0.000000
v 237.500000 275.000000 0.000000
v 375.000000 237.500000 0.000000
v 375.000000 212.500000 0.000000
v 362.500000 225.000000 0.000000
v 387.500000 225.000000 0.000000
v 325.000000 237.500000 0.000000
v 325.000000 212.500000 0.000000
v 312.500000 225.000000 0.000000
v 337.500000 225.000000 0.000000
v 325.000000 287.500000 0.000000
v 325.000000 262.500000 0.000000
v 312.500000 275.000000 0.000000
v 337.500000 275.000000 0.000000
v 375.000000 287.500000 0.000000
v 375.000000 262.500000 0.000000
v 362.500000 275.000000 0.000000
v 387.500000 275.000000 0.000000
v 275.000000 287.500000 0.000000
v 275.000000 262.500000 0.000000
v 262.500000 275.000000 0.000000
v 287.500000 275.000000 0.000000
v 275.000000 387.500000 0.000000
v 275.000000 362.500000 0.000000
v 262.500000 375.000000 0.000000
v 287.500000 375.000000 0.000000
v -25.000000 287.500000 0.000000
v -25.000000 262.500000 0.000000
v -37.500000 275.000000 0.000000
v -12.500000 275.000000 0.000000
v -125.000000 287.500000 0.000000
v -125.000000 262.500000 0.000000
v -137.500000 275.000000 0.000000
v -112.500000 275.000000 0.000000
v -125.000000 387.500000 0.000000
v -125.000000 362.500000 0.000000
v -137.500000 375.000000 0.000000
v -112.500000 375.000000 0.000000
v -25.000000 -112.500000 0.000000
v -25.000000 -137.500000 0.000000
v -37.500000 -125.000000 0.000000
v -12.500000 -125.000000 0.000000
v -125.000000 -112.500000 0.000000
v -125.000000 -137.500000 0.000000
v -137.500000 -125.000000 0.000000
v -112.500000 -125.000000 0.000000
v -125.000000 -12.500000 0.000000
v -125.000000 -37.500000 0.000000
v -137.500000 -25.000000 0.000000
v -112.500000 -25.000000 0.000000
v 375.000000 -112.500000 0.000000
v 375.000000 -137.500000 0.000000
v 362.500000 -125.000000 0.000000
v 387.500000 -125.000000 0.000000
v 275.000000 -112.500000 0.000000
v 275.000000 -137.500000 0.000000
v 262.500000 -125.000000 0.000000
v 287.500000 -125.000000 0.000000
v 275.000000 -12.500000 0.000000
v 275.000000 -37.500000 0.000000
v 262.500000 -25.000000 0.000000
v 287.500000 -25.000000 0.000000
v 175.000000 -112.500000 0.000000
v 175.000000 -137.500000 0.000000
v 162.500000 -125.000000 0.000000
v 187.500000 -125.000000 0.000000
v 75.000000 -112.500000 0.000000
v 75.000000 -137.500000 0.000000
v 62.500000 -125.000000 0.000000
v 87.500000 -125.000000 0.000000
v 75.000000 -12.500000 0.000000
v 75.000000 -37.500000 0.000000
v 62.500000 -25.000000 0.000000
v 87.500000 -25.000000 0.000000
v 175.000000 -312.500000 0.000000
v 175.000000 -337.500000 0.000000
v 162.500000 -325.000000 0.000000
v 187.500000 -325.000000 0.000000
v 75.000000 -312.500000 0.000000
v 75.000000 -337.500000 0.000000
v 62.500000 -325.000000 0.000000
v 87.500000 -325.000000 0.000000
v 75.000000 -212.500000 0.000000
v 75.000000 -237.500000 0.000000
v 62.500000 -225.000000 0.000000
v 87.500000 -225.000000 0.000000
v 375.000000 -312.500000 0.000000
v 375.000000 -337.500000 0.000000
v 362.500000 -325.000000 0.000000
v 387.500000 -325.000000 0.000000
v 275.000000 -312.500000 0.000000
v 275.000000 -337.500000 0.000000
v 262.500000 -325.000000 0.000000
v 287.500000 -325.000000 0.000000
v 275.000000 -212.500000 0.000000
v 275.000000 -237.500000 0.000000
v 262.500000 -225.000000 0.000000
v 287.500000 -225.000000 0.000000
v -225.000000 -112.500000 0.000000
v -225.000000 -137.500000 0.000000
v -237.500000 -125.000000 0.000000
v -212.500000 -125.000000 0.000000
v -325.000000 -112.500000 0.000000
v -325.000000 -137.500000 0.000000
v -337.500000 -125.000000 0.000000
v -312.500000 -125.000000 0.000000
v -325.000000 -12.500000 0.000000
v -325.000000 -37.500000 0.000000
v -337.500000 -25.000000 0.000000
v -312.500000 -25.000000 0.000000
v -225.000000 -312.500000 0.000000
v -225.000000 -337.500000 0.000000
v -237.500000 -325.000000 0.000000
v -212.500000 -325.000000 0.000000
v -325.000000 -312.500000 0.000000
v -325.000000 -337.500000 0.000000
v -337.500000 -325.000000 0.000000
v -312.500000 -325.000000 0.000000
v -325.000000 -212.500000 0.000000
v -325.000000 -237.500000 0.000000
v -337.500000 -225.000000 0.000000
v -312.500000 -225.000000 0.000000
v -25.000000 -312.500000 0.000000
v -25.000000 -337.500000 0.000000
v -37.500000 -325.000000 0.000000
v -12.500000 -325.000000 0.000000
v -125.000000 -312.500000 0.000000
v -125.000000 -337.500000 0.000000
v -137.500000 -325.000000 0.000000
v -112.500000 -325.000000 0.000000
v -125.000000 -212.500000 0.000000
v -125.000000 -237.500000 0.000000
v -137.500000 -225.000000 0.000000
v -112.500000 -225.000000 0.000000
v -225.000000 287.500000 0.000000
v -225.000000 262.500000 0.000000
v -237.500000 275.000000 0.000000
v -212.500000 275.000000 0.000000
v -325.000000 287.500000 0.000000
v -325.000000 262.500000 0.000000
v -337.500000 275.000000 0.000000
v -312.500000 275.000000 0.000000
v -325.000000 387.500000 0.000000
v -325.000000 362.500000 0.000000
v -337.500000 375.000000 0.000000
v -312.500000 375.000000 0.000000
v -225.000000 87.500000 0.000000
v -225.000000 62.500000 0.000000
v -237.500000 75.000000 0.000000
v -212.500000 75.000000 0.000000
v -325.000000 87.500000 0.000000
v -325.000000 62.500000 0.000000
v -337.500000 75.000000 0.000000
v -312.500000 75.000000 0.000000
v -325.000000 187.500000 0.000000
v -325.000000 162.500000 0.000000
v -337.500000 175.000000 0.000000
v -312.500000 175.000000 0.000000
v -25.000000 87.500000 0.000000
v -25.000000 62.500000 0.000000
v -37.500000 75.000000 0.000000
v -12.500000 75.000000 0.000000
v -125.000000 87.500000 0.000000
v -125.000000 62.500000 0.000000
v -137.500000 75.000000 0.000000
v -112.500000 75.000000 0.000000
v -125.000000 187.500000 0.000000
v -125.000000 162.500000 0.000000
v -137.500000 175.000000 0.000000
v -112.500000 175.000000 0.000000
v 175.000000 287.500000 0.000000
v 175.000000 262.500000 0.000000
v 162.500000 275.000000 0.000000
v 187.500000 275.000000 0.000000
v 75.000000 287.500000 0.000000
v 75.000000 262.500000 0.000000
v 62.500000 275.000000 0.000000
v 87.500000 275.000000 0.000000
v 75.000000 387.500000 0.000000
v 75.000000 362.500000 0.000000
v 62.500000 375.000000 0.000000
v 87.500000 375.000000 0.000000
v 175.000000 87.500000 0.000000
v 175.000000 62.500000 0.000000
v 162.500000 75.000000 0.000000
v 187.500000 75.000000 0.000000
v 75.000000 87.500000 0.000000
v 75.000000 62.500000 0.000000
v 62.500000 75.000000 0.000000
v 87.500000 75.000000 0.000000
v 75.000000 187.500000 0.000000
v 75.000000 162.500000 0.000000
v 62.500000 175.000000 0.000000
v 87.500000 175.000000 0.000000
v 375.000000 87.500000 0.000000
v 375.000000 62.500000 0.000000
v 362.500000 75.000000 0.000000
v 387.500000 75.000000 0.000000
v 275.000000 87.500000 0.000000
v 275.000000 62.500000 0.000000
v 262.500000 75.000000 0.000000
v 287.500000 75.000000 0.000000
v 275.000000 187.500000 0.000000
v 275.000000 162.500000 0.000000
v 262.500000 175.000000 0.000000
v 287.500000 175.000000 0.000000
v 375.000000 187.500000 0.000000
v 375.000000 162.500000 0.000000
v 362.500000 175.000000 0.000000
v 387.500000 175.000000 0.000000
v 175.000000 187.500000 0.000000
v 175.000000 162.500000 0.000000
v 162.500000 175.000000 0.000000
v 187.500000 175.000000 0.000000
v 175.000000 387.500000 0.000000
v 175.000000 362.500000 0.000000
v 162.500000 375.000000 0.000000
v 187.500000 375.000000 0.000000
v -25.000000 187.500000 0.000000
v -25.000000 162.500000 0.000000
v -37.500000 175.000000 0.000000
v -12.500000 175.000000 0.000000
v -225.000000 187.500000 0.000000
v -225.000000 162.500000 0.000000
v -237.500000 175.000000 0.000000
v -212.500000 175.000000 0.000000
v -225.000000 387.500000 0.000000
v -225.000000 362.500000 0.000000
v -237.500000 375.000000 0.000000
v -212.500000 375.000000 0.000000
v -25.000000 -212.500000 0.000000
v -25.000000 -237.500000 0.000000
v -37.500000 -225.000000 0.000000
v -12.500000 -225.000000 0.000000
v -225.000000 -212.500000 0.000000
v -225.000000 -237.500000 0.000000
v -237.500000 -225.000000 0.000000
v -212.500000 -225.000000 0.000000
v -225.000000 -12.500000 0.000000
v -225.000000 -37.500000 0.000000
v -237.500000 -25.000000 0.000000
v -212.500000 -25.000000 0.000000
v 375.000000 -212.500000 0.000000
v 375.000000 -237.500000 0.000000
v 362.500000 -225.000000 0.000000
v 387.500000 -225.000000 0.000000
v 175.000000 -212.500000 0.000000
v 175.000000 -237.500000 0.000000
v 162.500000 -225.000000 0.000000
v 187.500000 -225.000000 0.000000
v 175.000000 -12.500000 0.000000
v 175.000000 -37.500000 0.000000
v 162.500000 -25.000000 0.000000
v 187.500000 -25.000000 0.000000
v 375.000000 -12.500000 0.000000
v 375.000000 -37.500000 0.000000
v 362.500000 -25.000000 0.000000
v 387.500000 -25.000000 0.000000
v -25.000000 -12.500000 0.000000
v -25.000000 -37.500000 0.000000
v -37.500000 -25.000000 0.000000
v -12.500000 -25.000000 0.000000
v -25.000000 387.500000 0.000000
v -25.000000 362.500000 0.000000
v -37.500000 375.000000 0.000000
v -12.500000 375.000000 0.000000
v 375.000000 387.500000 0.000000
v 375.000000 362.500000 0.000000
v 362.500000 375.000000 0.000000
v 387.500000 375.000000 0.000000
v 387.500000 362.500000 0.000000
v 362.500000 362.500000 0.000000
v 362.500000 387.500000 0.000000
v -12.500000 362.500000 0.000000
v -37.500000 362.500000 0.000000
v -37.500000 387.500000 0.000000
v -12.500000 -37.500000 0.000000
v -37.500000 -37.500000 0.000000
v -37.500000 -12.500000 0.000000
v 387.500000 -37.500000 0.000000
v 362.500000 -37.500000 0.000000
v 362.500000 -12.500000 0.000000
v 187.500000 -37.500000 0.000000
v 162.500000 -37.500000 0.000000
v 162.500000 -12.500000 0.000000
v 187.500000 -237.500000 0.000000
v 162.500000 -237.500000 0.000000
v 162.500000 -212.500000 0.000000
v 387.500000 -237.500000 0.000000
v 362.500000 -237.500000 0.000000
v 362.500000 -212.500000 0.000000
v -212.500000 -37.500000 0.000000
v -237.500000 -37.500000 0.000000
v -237.500000 -12.500000 0.000000
v -212.500000 -237.500000 0.000000
v -237.500000 -237.500000 0.000000
v -237.500000 -212.500000 0.000000
v -12.500000 -237.500000 0.000000
v -37.500000 -237.500000 0.000000
v -37.500000 -212.500000 0.000000
v -212.500000 362.500000 0.000000
v -237.500000 362.500000 0.000000
v -237.500000 387.500000 0.000000
v -212.500000 162.500000 0.000000
v -237.500000 162.500000 0.000000
v -237.500000 187.500000 0.000000
v -12.500000 162.500000 0.000000
v -37.500000 162.500000 0.000000
v -37.500000 187.500000 0.000000
v 187.500000 362.500000 0.000000
v 162.500000 362.500000 0.000000
v 162.500000 387.500000 0.000000
v 187.500000 162.500000 0.000000
v 162.500000 162.500000 0.000000
v 162.500000 187.500000 0.000000
v 387.500000 162.500000 0.000000
v 362.500000 162.500000 0.000000
v 362.500000 187.500000 0.000000
v 287.500000 162.500000 0.000000
v 262.500000 162.500000 0.000000
v 262.500000 187.500000 0.000000
v 287.500000 62.500000 0.000000
v 262.500000 62.500000 0.000000
v 262.500000 87.500000 0.000000
v 387.500000 62.500000 0.000000
v 362.500000 62.500000 0.000000
v 362.500000 87.500000 0.000000
v 87.500000 162.500000 0.000000
v 62.500000 162.500000 0.000000
v 62.500000 187.500000 0.000000
v 87.500000 62.500000 0.000000
v 62.500000 62.500000 0.000000
v 62.500000 87.500000 0.000000
v 187.500000 62.500000 0.000000
v 162.500000 62.500000 0.000000
v 162.500000 87.500000 0.000000
v 87.500000 362.500000 0.000000
v 62.500000 362.500000 0.000000
v 62.500000 387.500000 0.000000
v 87.500000 262.500000 0.000000
v 62.500000 262.500000 0.000000
v 62.500000 287.500000 0.000000
v 187.500000 262.500000 0.000000
v 162.500000 262.500000 0.000000
v 162.500000 287.500000 0.000000
v -112.500000 162.500000 0.000000
v -137.500000 162.500000 0.000000
v -137.500000 187.500000 0.000000
v -112.500000 62.500000 0.000000
v -137.500000 62.500000 0.000000
v -137.500000 87.500000 0.000000
v -12.500000 62.500000 0.000000
v -37.500000 62.500000 0.000000
v -37.500000 87.500000 0.000000
v -312.500000 162.500000 0.000000
v -337.500000 162.500000 0.000000
v -337.500000 187.500000 0.000000
v -312.500000 62.500000 0.000000
v -337.500000 62.500000 0.000000
v -337.500000 87.500000 0.000000
v -212.500000 62.500000 0.000000
v -237.500000 62.500000 0.000000
v -237.500000 87.500000 0.000000
v -312.500000 362.500000 0.000000
v -337.500000 362.500000 0.000000
v -337.500000 387.500000 0.000000
v -312.500000 262.500000 0.000000
v -337.500000 262.500000 0.000000
v -337.500000 287.500000 0.000000
v -212.500000 262.500000 0.000000
v -237.500000 262.500000 0.000000
v -237.500000 287.500000 0.000000
v -112.500000 -237.500000 0.000000
v -137.500000 -237.500000 0.000000
v -137.500000 -212.500000 0.000000
v -112.500000 -337.500000 0.000000
v -137.500000 -337.500000 0.000000
v -137.500000 -312.500000 0.000000
v -12.500000 -337.500000 0.000000
v -37.500000 -337.500000 0.000000
v -37.500000 -312.500000 0.000000
v -312.500000 -237.500000 0.000000
v -337.500000 -237.500000 0.000000
v -337.500000 -212.500000 0.000000
v -312.500000 -337.500000 0.000000
v -337.500000 -337.500000 0.000000
v -337.500000 -312.500000 0.000000
v -212.500000 -337.500000 0.000000
v -237.500000 -337.500000 0.000000
v -237.500000 -312.500000 0.000000
v -312.500000 -37.500000 0.000000
v -337.500000 -37.500000 0.000000
v -337.500000 -12.500000 0.000000
v -312.500000 -137.500000 0.000000
v -337.500000 -137.500000 0.000000
v -337.500000 -112.500000 0.000000
v -212.500000 -137.500000 0.000000
v -237.500000 -137.500000 0.000000
v -237.500000 -112.500000 0.000000
v 287.500000 -237.500000 0.000000
v 262.500000 -237.500000 0.000000
v 262.500000 -212.500000 0.000000
v 287.500000 -337.500000 0.000000
v 262.500000 -337.500000 0.000000
v 262.500000 -312.500000 0.000000
v 387.500000 -337.500000 0.000000
v 362.500000 -337.500000 0.000000
v 362.500000 -312.500000 0.000000
v 87.500000 -237.500000 0.000000
v 62.500000 -237.500000 0.000000
v 62.500000 -212.500000 0.000000
v 87.500000 -337.500000 0.000000
v 62.500000 -337.500000 0.000000
v 62.500000 -312.500000 0.000000
v 187.500000 -337.500000 0.000000
v 162.500000 -337.500000 0.000000
v 162.500000 -312.500000 0.000000
v 87.500000 -37.500000 0.000000
v 62.500000 -37.500000 0.000000
v 62.500000 -12.500000 0.000000
v 87.500000 -137.500000 0.000000
v 62.500000 -137.500000 0.000000
v 62.500000 -112.500000 0.000000
v 187.500000 -137.500000 0.000000
v 162.500000 -137.500000 0.000000
v 162.500000 -112.500000 0.000000
v 287.500000 -37.500000 0.000000
v 262.500000 -37.500000 0.000000
v 262.500000 -12.500000 0.000000
v 287.500000 -137.500000 0.000000
v 262.500000 -137.500000 0.000000
v 262.500000 -112.500000 0.000000
v 387.500000 -137.500000 0.000000
v 362.500000 -137.500000 0.000000
v 362.500000 -112.500000 0.000000
v -112.500000 -37.500000 0.000000
v -137.500000 -37.500000 0.000000
v -137.500000 -12.500000 0.000000
v -112.500000 -137.500000 0.000000
v -137.500000 -137.500000 0.000000
v -137.500000 -112.500000 0.000000
v -12.500000 -137.500000 0.000000
v -37.500000 -137.500000 0.000000
v -37.500000 -112.500000 0.000000
v -112.500000 362.500000 0.000000
v -137.500000 362.500000 0.000000
v -137.500000 387.500000 0.000000
v -112.500000 262.500000 0.000000
v -137.500000 262.500000 0.000000
v -137.500000 287.500000 0.000000
v -12.500000 262.500000 0.000000
v -37.500000 262.500000 0.000000
v -37.500000 287.500000 0.000000
v 287.500000 362.500000 0.000000
v 262.500000 362.500000 0.000000
v 262.500000 387.500000 0.000000
v 287.500000 262.500000 0.000000
v 262.500000 262.500000 0.000000
v 262.500000 287.500000 0.000000
v 387.500000 262.500000 0.000000
v 362.500000 262.500000 0.000000
v 362.500000 287.500000 0.000000
v 337.500000 262.500000 0.000000
v 312.500000 262.500000 0.000000
v 312.500000 287.500000 0.000000
v 337.500000 212.500000 0.000000
v 312.500000 212.500000 0.000000
v 312.500000 237.500000 0.000000
v 387.500000 212.500000 0.000000
v 362.500000 212.500000 0.000000
v 362.500000 237.500000 0.000000
v 237.500000 262.500000 0.000000
v 212.500000 262.500000 0.000000
v 212.500000 287.500000 0.000000
v 237.500000 212.500000 0.000000
v 212.500000 212.500000 0.000000
v 212.500000 237.500000 0.000000
v 287.500000 212.500000 0.000000
v 262.500000 212.500000 0.000000
v 262.500000 237.500000 0.000000
v 237.500000 362.500000 0.000000
v 212.500000 362.500000 0.000000
v 212.500000 387.500000 0.000000
v 237.500000 312.500000 0.000000
v 212.500000 312.500000 0.000000
v 212.500000 337.500000 0.000000
v 287.500000 312.500000 0.000000
v 262.500000 312.500000 0.000000
v 262.500000 337.500000 0.000000
v -62.500000 262.500000 0.000000
v -87.500000 262.500000 0.000000
v -87.500000 287.500000 0.000000
v -62.500000 212.500000 0.000000
v -87.500000 212.500000 0.000000
v -87.500000 237.500000 0.000000
v -12.500000 212.500000 0.000000
v -37.500000 212.500000 0.000000
v -37.500000 237.500000 0.000000
v -162.500000 262.500000 0.000000
v -187.500000 262.500000 0.000000
v -187.500000 287.500000 0.000000
v -162.500000 212.500000 0.000000
v -187.500000 212.500000 0.000000
v -187.500000 237.500000 0.000000
v -112.500000 212.500000 0.000000
v -137.500000 212.500000 0.000000
v -137.500000 237.500000 0.000000
v -162.500000 362.500000 0.000000
v -187.500000 362.500000 0.000000
v -187.500000 387.500000 0.000000
v -162.500000 312.500000 0.000000
v -187.500000 312.500000 0.000000
v -187.500000 337.500000 0.000000
v -112.500000 312.500000 0.000000
v -137.500000 312.500000 0.000000
v -137.500000 337.500000 0.000000
v -62.500000 -137.500000 0.000000
v -87.500000 -137.500000 0.000000
v -87.500000 -112.500000 0.000000
v -62.500000 -187.500000 0.000000
v -87.500000 -187.500000 0.000000
v -87.500000 -162.500000 0.000000
v -12.500000 -187.500000 0.000000
v -37.500000 -187.500000 0.000000
v -37.500000 -162.500000 0.000000
v -162.500000 -137.500000 0.000000
v -187.500000 -137.500000 0.000000
v -187.500000 -112.500000 0.000000
v -162.500000 -187.500000 0.000000
v -187.500000 -187.500000 0.000000
v -187.500000 -162.500000 0.000000
v -112.500000 -187.500000 0.000000
v -137.500000 -187.500000 0.000000
v -137.500000 -162.500000 0.000000
v -162.500000 -37.500000 0.000000
v -187.500000 -37.500000 0.000000
v -187.500000 -12.500000 0.000000
v -162.500000 -87.500000 0.000000
v -187.500000 -87.500000 0.000000
v -187.500000 -62.500000 0.000000
v -112.500000 -87.500000 0.000000
v -137.500000 -87.500000 0.000000
v -137.500000 -62.500000 0.000000
v 337.500000 -137.500000 0.000000
v 312.500000 -137.500000 0.000000
v 312.500000 -112.500000 0.000000
v 337.500000 -187.500000 0.000000
v 312.500000 -187.500000 0.000000
v 312.500000 -162.500000 0.000000
v 387.500000 -187.500000 0.000000
v 362.500000 -187.500000 0.000000
v 362.500000 -162.500000 0.000000
v 237.500000 -137.500000 0.000000
v 212.500000 -137.500000 0.000000
v 212.500000 -112.500000 0.000000
v 237.500000 -187.500000 0.000000
v 212.500000 -187.500000 0.000000
v 212.500000 -162.500000 0.000000
v 287.500000 -187.500000 0.000000
v 262.500000 -187.500000 0.000000
v 262.500000 -162.500000 0.000000
v 237.500000 -37.500000 0.000000
v 212.500000 -37.500000 0.000000
v 212.500000 -12.500000 0.000000
v 237.500000 -87.500000 0.000000
v 212.500000 -87.500000 0.000000
v 212.500000 -62.500000 0.000000
v 287.500000 -87.500000 0.000000
v 262.500000 -87.500000 0.000000
v 262.500000 -62.500000 0.000000
v 137.500000 -137.500000 0.000000
v 112.500000 -137.500000 0.000000
v 112.500000 -112.500000 0.000000
v 137.500000 -187.500000 0.000000
v 112.500000 -187.500000 0.000000
v 112.500000 -162.500000 0.000000
v 187.500000 -187.500000 0.000000
v 162.500000 -187.500000 0.000000
v 162.500000 -162.500000 0.000000
v 37.500000 -137.500000 0.000000
v 12.500000 -137.500000 0.000000
v 12.500000 -112.500000 0.000000
v 37.500000 -187.500000 0.000000
v 12.500000 -187.500000 0.000000
v 12.500000 -162.500000 0.000000
v 87.500000 -187.500000 0.000000
v 62.500000 -187.500000 0.000000
v 62.500000 -162.500000 0.000000
v 37.500000 -37.500000 0.000000
v 12.500000 -37.500000 0.000000
v 12.500000 -12.500000 0.000000
v 37.500000 -87.500000 0.000000
v 12.500000 -87.500000 0.000000
v 12.500000 -62.500000 0.000000
v 87.500000 -87.500000 0.000000
v 62.500000 -87.500000 0.000000
v 62.500000 -62.500000 0.000000
v 137.500000 -337.500000 0.000000
v 112.500000 -337.500000 0.000000
v 112.500000 -312.500000 0.000000
v 137.500000 -387.500000 0.000000
v 112.500000 -387.500000 0.000000
v 112.500000 -362.500000 0.000000
v 187.500000 -387.500000 0.000000
v 162.500000 -387.500000 0.000000
v 162.500000 -362.500000 0.000000
v 37.500000 -337.500000 0.000000
v 12.500000 -337.500000 0.000000
v 12.500000 -312.500000 0.000000
v 37.500000 -387.500000 0.000000
v 12.500000 -387.500000 0.000000
v 12.500000 -362.500000 0.000000
v 87.500000 -387.500000 0.000000
v 62.500000 -387.500000 0.000000
v 62.500000 -362.500000 0.000000
v 37.500000 -237.500000 0.000000
v 12.500000 -237.500000 0.000000
v 12.500000 -212.500000 0.000000
v 37.500000 -287.500000 0.000000
v 12.500000 -287.500000 0.000000
v 12.500000 -262.500000 0.000000
v 87.500000 -287.500000 0.000000
v 62.500000 -287.500000 0.000000
v 62.500000 -262.500000 0.000000
v 337.500000 -337.500000 0.000000
v 312.500000 -337.500000 0.000000
v 312.500000 -312.500000 0.000000
v 337.500000 -387.500000 0.000000
v 312.500000 -387.500000 0.000000
v 312.500000 -362.500000 0.000000
v 387.500000 -387.500000 0.000000
v 362.500000 -387.500000 0.000000
v 362.500000 -362.500000 0.000000
v 237.500000 -337.500000 0.000000
v 212.500000 -337.500000 0.000000
v 212.500000 -312.500000 0.000000
v 237.500000 -387.500000 0.000000
v 212.500000 -387.500000 0.000000
v 212.500000 -362.500000 0.000000
v 287.500000 -387.500000 0.000000
v 262.500000 -387.500000 0.000000
v 262.500000 -362.500000 0.000000
v 237.500000 -237.500000 0.000000
v 212.500000 -237.500000 0.000000
v 212.500000 -212.500000 0.000000
v 237.500000 -287.500000 0.000000
v 212.500000 -287.500000 0.000000
v 212.500000 -262.500000 0.000000
v 287.500000 -287.500000 0.000000
v 262.500000 -287.500000 0.000000
v 262.500000 -262.500000 0.000000
v -262.500000 -137.500000 0.000000
v -287.500000 -137.500000 0.000000
v -287.500000 -112.500000 0.000000
v -262.500000 -187.500000 0.000000
v -287.500000 -187.500000 0.000000
v -287.500000 -162.500000 0.000000
v -212.500000 -187.500000 0.000000
v -237.500000 -187.500000 0.000000
v -237.500000 -162.500000 0.000000
v -362.500000 -137.500000 0.000000
v -387.500000 -137.500000 0.000000
v -387.500000 -112.500000 0.000000
v -362.500000 -187.500000 0.000000
v -387.500000 -187.500000 0.000000
v -387.500000 -162.500000 0.000000
v -312.500000 -187.500000 0.000000
v -337.500000 -187.500000 0.000000
v -337.500000 -162.500000 0.000000
v -362.500000 -37.500000 0.000000
v -387.500000 -37.500000 0.000000
v -387.500000 -12.500000 0.000000
v -362.500000 -87.500000 0.000000
v -387.500000 -87.500000 0.000000
v -387.500000 -62.500000 0.000000
v -312.500000 -87.500000 0.000000
v -337.500000 -87.500000 0.000000
v -337.500000 -62.500000 0.000000
v -262.500000 -337.500000 0.000000
v -287.500000 -337.500000 0.000000
v -287.500000 -312.500000 0.000000
v -262.500000 -387.500000 0.000000
v -287.500000 -387.500000 0.000000
v -287.500000 -362.500000 0.000000
v -212.500000 -387.500000 0.000000
v -237.500000 -387.500000 0.000000
v -237.500000 -362.500000 0.000000
v -362.500000 -337.500000 0.000000
v -387.500000 -337.500000 0.000000
v -387.500000 -312.500000 0.000000
v -362.500000 -387.500000 0.000000
v -387.500000 -387.500000 0.000000
v -387.500000 -362.500000 0.000000
v -312.500000 -387.500000 0.000000
v -337.500000 -387.500000 0.000000
v -337.500000 -362.500000 0.000000
v -362.500000 -237.500000 0.000000
v -387.500000 -237.500000 0.000000
v -387.500000 -212.500000 0.000000
v -362.500000 -287.500000 0.000000
v -387.500000 -287.500000 0.000000
v -387.500000 -262.500000 0.000000
v -312.500000 -287.500000 0.000000
v -337.500000 -287.500000 0.000000
v -337.500000 -262.500000 0.000000
v -62.500000 -337.500000 0.000000
v -87.500000 -337.500000 0.000000
v -87.500000 -312.500000 0.000000
v -62.500000 -387.500000 0.000000
v -87.500000 -387.500000 0.000000
v -87.500000 -362.500000 0.000000
v -12.500000 -387.500000 0.000000
v -37.500000 -387.500000 0.000000
v -37.500000 -362.500000 0.000000
v -162.500000 -337.500000 0.000000
v -187.500000 -337.500000 0.000000
v -187.500000 -312.500000 0.000000
v -162.500000 -387.500000 0.000000
v -187.500000 -387.500000 0.000000
v -187.500000 -362.500000 0.000000
v -112.500000 -387.500000 0.000000
v -137.500000 -387.500000 0.000000
v -137.500000 -362.500000 0.000000
v -162.500000 -237.500000 0.000000
v -187.500000 -237.500000 0.000000
v -187.500000 -212.500000 0.000000
v -162.500000 -287.500000 0.000000
v -187.500000 -287.500000 0.000000
v -187.500000 -262.500000 0.000000
v -112.500000 -287.500000 0.000000
v -137.500000 -287.500000 0.000000
v -137.500000 -262.500000 0.000000
v -262.500000 262.500000 0.000000
v -287.500000 262.500000 0.000000
v -287.500000 287.500000 0.000000
v -262.500000 212.500000 0.000000
v -287.500000 212.500000 0.000000
v -287.500000 237.500000 0.000000
v -212.500000 212.500000 0.000000
v -237.500000 212.500000 0.000000
v -237.500000 237.500000 0.000000
v -362.500000 262.500000 0.000000
v -387.500000 262.500000 0.000000
v -387.500000 287.500000 0.000000
v -362.500000 212.500000 0.000000
v -387.500000 212.500000 0.000000
v -387.500000 237.500000 0.000000
v -312.500000 212.500000 0.000000
v -337.500000 212.500000 0.000000
v -337.500000 237.500000 0.000000
v -362.500000 362.500000 0.000000
v -387.500000 362.500000 0.000000
v -387.500000 387.500000 0.000000
v -362.500000 312.500000 0.000000
v -387.500000 312.500000 0.000000
v -387.500000 337.500000 0.000000
v -312.500000 312.500000 0.000000
v -337.500000 312.500000 0.000000
v -337.500000 337.500000 0.000000
v -262.500000 62.500000 0.000000
v -287.500000 62.500000 0.000000
v -287.500000 87.500000 0.000000
v -262.500000 12.500000 0.000000
v -287.500000 12.500000 0.000000
v -287.500000 37.500000 0.000000
v -212.500000 12.500000 0.000000
v -237.500000 12.500000 0.000000
v -237.500000 37.500000 0.000000
v -362.500000 62.500000 0.000000
v -387.500000 62.500000 0.000000
v -387.500000 87.500000 0.000000
v -362.500000 12.500000 0.000000
v -387.500000 12.500000 0.000000
v -387.500000 37.500000 0.000000
v -312.500000 12.500000 0.000000
v -337.500000 12.500000 0.000000
v -337.500000 37.500000 0.000000
v -362.500000 162.500000 0.000000
v -387.500000 162.500000 0.000000
v -387.500000 187.500000 0.000000
v -362.500000 112.500000 0.000000
v -387.500000 112.500000 0.000000
v -387.500000 137.500000 0.000000
v -312.500000 112.500000 0.000000
v -337.500000 112.500000 0.000000
v -337.500000 137.500000 0.000000
v -62.500000 62.500000 0.000000
v -87.500000 62.500000 0.000000
v -87.500000 87.500000 0.000000
v -62.500000 12.500000 0.000000
v -87.500000 12.500000 0.000000
v -87.500000 37.500000 0.000000
v -12.500000 12.500000 0.000000
v -37.500000 12.500000 0.000000
v -37.500000 37.500000 0.000000
v -162.500000 62.500000 0.000000
v -187.500000 62.500000 0.000000
v -187.500000 87.500000 0.000000
v -162.500000 12.500000 0.000000
v -187.500000 12.500000 0.000000
v -187.500000 37.500000 0.000000
v -112.500000 12.500000 0.000000
v -137.500000 12.500000 0.000000
v -137.500000 37.500000 0.000000
v -162.500000 162.500000 0.000000
v -187.500000 162.500000 0.000000
v -187.500000 187.500000 0.000000
v -162.500000 112.500000 0.000000
v -187.500000 112.500000 0.000000
v -187.500000 137.500000 0.000000
v -112.500000 112.500000 0.000000
v -137.500000 112.500000 0.000000
v -137.500000 137.500000 0.000000
v 137.500000 262.500000 0.000000
v 112.500000 262.500000 0.000000
v 112.500000 287.500000 0.000000
v 137.500000 212.500000 0.000000
v 112.500000 212.500000 0.000000
v 112.500000 237.500000 0.000000
v 187.500000 212.500000 0.000000
v 162.500000 212.500000 0.000000
v 162.500000 237.500000 0.000000
v 37.500000 262.500000 0.000000
v 12.500000 262.500000 0.000000
v 12.500000 287.500000 0.000000
v 37.500000 212.500000 0.000000
v 12.500000 212.500000 0.000000
v 12.500000 237.500000 0.000000
v 87.500000 212.500000 0.000000
v 62.500000 212.500000 0.000000
v 62.500000 237.500000 0.000000
v 37.500000 362.500000 0.000000
v 12.500000 362.500000 0.000000
v 12.500000 387.500000 0.000000
v 37.500000 312.500000 0.000000
v 12.500000 312.500000 0.000000
v 12.500000 337.500000 0.000000
v 87.500000 312.500000 0.000000
v 62.500000 312.500000 0.000000
v 62.500000 337.500000 0.000000
v 137.500000 62.500000 0.000000
v 112.500000 62.500000 0.000000
v 112.500000 87.500000 0.000000
v 137.500000 12.500000 0.000000
v 112.500000 12.500000 0.000000
v 112.500000 37.500000 0.000000
v 187.500000 12.500000 0.000000
v 162.500000 12.500000 0.000000
v 162.500000 37.500000 0.000000
v 37.500000 62.500000 0.000000
v 12.500000 62.500000 0.000000
v 12.500000 87.500000 0.000000
v 37.500000 12.500000 0.000000
v 12.500000 12.500000 0.000000
v 12.500000 37.500000 0.000000
v 87.500000 12.500000 0.000000
v 62.500000 12.500000 0.000000
v 62.500000 37.500000 0.000000
v 37.500000 162.500000 0.000000
v 12.500000 162.500000 0.000000
v 12.500000 187.500000 0.000000
v 37.500000 112.500000 0.000000
v 12.500000 112.500000 0.000000
v 12.500000 137.500000 0.000000
v 87.500000 112.500000 0.000000
v 62.500000 112.500000 0.000000
v 62.500000 137.500000 0.000000
v 337.500000 62.500000 0.000000
v 312.500000 62.500000 0.000000
v 312.500000 87.500000 0.000000
v 337.500000 12.500000 0.000000
v 312.500000 12.500000 0.000000
v 312.500000 37.500000 0.000000
v 387.500000 12.500000 0.000000
v 362.500000 12.500000 0.000000
v 362.500000 37.500000 0.000000
v 237.500000 62.500000 0.000000
v 212.500000 62.500000 0.000000
v 212.500000 87.500000 0.000000
v 237.500000 12.500000 0.000000
v 212.500000 12.500000 0.000000
v 212.500000 37.500000 0.000000
v 287.500000 12.500000 0.000000
v 262.500000 12.500000 0.000000
v 262.500000 37.500000 0.000000
v 237.500000 162.500000 0.000000
v 212.500000 162.500000 0.000000
v 212.500000 187.500000 0.000000
v 237.500000 112.500000 0.000000
v 212.500000 112.500000 0.000000
v 212.500000 137.500000 0.000000
v 287.500000 112.500000 0.000000
v 262.500000 112.500000 0.000000
v 262.500000 137.500000 0.000000
v 337.500000 162.500000 0.000000
v 312.500000 162.500000 0.000000
v 312.500000 187.500000 0.000000
v 337.500000 112.500000 0.000000
v 312.500000 112.500000 0.000000
v 312.500000 137.500000 0.000000
v 387.500000 112.500000 0.000000
v 362.500000 112.500000 0.000000
v 362.500000 137.500000 0.000000
v 137.500000 162.500000 0.000000
v 112.500000 162.500000 0.000000
v 112.500000 187.500000 0.000000
v 137.500000 112.500000 0.000000
v 112.500000 112.500000 0.000000
v 112.500000 137.500000 0.000000
v 187.500000 112.500000 0.000000
v 162.500000 112.500000 0.000000
v 162.500000 137.500000 0.000000
v 137.500000 362.500000 0.000000
v 112.500000 362.500000 0.000000
v 112.500000 387.500000 0.000000
v 137.500000 312.500000 0.000000
v 112.500000 312.500000 0.000000
v 112.500000 337.500000 0.000000
v 187.500000 312.500000 0.000000
v 162.500000 312.500000 0.000000
v 162.500000 337.500000 0.000000
v -62.500000 162.500000 0.000000
v -87.500000 162.500000 0.000000
v -87.500000 187.500000 0.000000
v -62.500000 112.500000 0.000000
v -87.500000 112.500000 0.000000
v -87.500000 137.500000 0.000000
v -12.500000 112.500000 0.000000
v -37.500000 112.500000 0.000000
v -37.500000 137.500000 0.000000
v -262.500000 162.500000 0.000000
v -287.500000 162.500000 0.000000
v -287.500000 187.500000 0.000000
v -262.500000 112.500000 0.000000
v -287.500000 112.500000 0.000000
v -287.500000 137.500000 0.000000
v -212.500000 112.500000 0.000000
v -237.500000 112.500000 0.000000
v -237.500000 137.500000 0.000000
v -262.500000 362.500000 0.000000
v -287.500000 362.500000 0.000000
v -287.500000 387.500000 0.000000
v -262.500000 312.500000 0.000000
v -287.500000 312.500000 0.000000
v -287.500000 337.500000 0.000000
v -212.500000 312.500000 0.000000
v -237.500000 312.500000 0.000000
v -237.500000 337.500000 0.000000
v -62.500000 -237.500000 0.000000
v -87.500000 -237.500000 0.000000
v -87.500000 -212.500000 0.000000
v -62.500000 -287.500000 0.000000
v -87.500000 -287.500000 0.000000
v -87.500000 -262.500000 0.000000
v -12.500000 -287.500000 0.000000
v -37.500000 -287.500000 0.000000
v -37.500000 -262.500000 0.000000
v -262.500000 -237.500000 0.000000
v -287.500000 -237.500000 0.000000
v -287.500000 -212.500000 0.000000
v -262.500000 -287.500000 0.000000
v -287.500000 -287.500000 0.000000
v -287.500000 -262.500000 0.000000
v -212.500000 -287.500000 0.000000
v -237.500000 -287.500000 0.000000
v -237.500000 -262.500000 0.000000
v -262.500000 -37.500000 0.000000
v -287.500000 -37.500000 0.000000
v -287.500000 -12.500000 0.000000
v -262.500000 -87.500000 0.000000
v -287.500000 -87.500000 0.000000
v -287.500000 -62.500000 0.000000
v -212.500000 -87.500000 0.000000
v -237.500000 -87.500000 0.000000
v -237.500000 -62.500000 0.000000
v 337.500000 -237.500000 0.000000
v 312.500000 -237.500000 0.000000
v 312.500000 -212.500000 0.000000
v 337.500000 -287.500000 0.000000
v 312.500000 -287.500000 0.000000
v 312.500000 -262.500000 0.000000
v 387.500000 -287.500000 0.000000
v 362.500000 -287.500000 0.000000
v 362.500000 -262.500000 0.000000
v 137.500000 -237.500000 0.000000
v 112.500000 -237.500000 0.000000
v 112.500000 -212.500000 0.000000
v 137.500000 -287.500000 0.000000
v 112.500000 -287.500000 0.000000
v 112.500000 -262.500000 0.000000
v 187.500000 -287.500000 0.000000
v 162.500000 -287.500000 0.000000
v 162.500000 -262.500000 0.000000
v 137.500000 -37.500000 0.000000
v 112.500000 -37.500000 0.000000
v 112.500000 -12.500000 0.000000
v 137.500000 -87.500000 0.000000
v 112.500000 -87.500000 0.000000
v 112.500000 -62.500000 0.000000
v 187.500000 -87.500000 0.000000
v 162.500000 -87.500000 0.000000
v 162.500000 -62.500000 0.000000
v 337.500000 -37.500000 0.000000
v 312.500000 -37.500000 0.000000
v 312.500000 -12.500000 0.000000
v 337.500000 -87.500000 0.000000
v 312.500000 -87.500000 0.000000
v 312.500000 -62.500000 0.000000
v 387.500000 -87.500000 0.000000
v 362.500000 -87.500000 0.000000
v 362.500000 -62.500000 0.000000
v -62.500000 -37.500000 0.000000
v -87.500000 -37.500000 0.000000
v -87.500000 -12.500000 0.000000
v -62.500000 -87.500000 0.000000
v -87.500000 -87.500000 0.000000
v -87.500000 -62.500000 0.000000
v -12.500000 -87.500000 0.000000
v -37.500000 -87.500000 0.000000
v -37.500000 -62.500000 0.000000
v -62.500000 362.500000 0.000000
v -87.500000 362.500000 0.000000
v -87.500000 387.500000 0.000000
v -62.500000 312.500000 0.000000
v -87.500000 312.500000 0.000000
v -87.500000 337.500000 0.000000
v -12.500000 312.500000 0.000000
v -37.500000 312.500000 0.000000
v -37.500000 337.500000 0.000000
v 337.500000 362.500000 0.000000
v 312.500000 362.500000 0.000000
v 312.500000 387.500000 0.000000
v 337.500000 312.500000 0.000000
v 312.500000 312.500000 0.000000
v 312.500000 337.500000 0.000000
v 387.500000 312.500000 0.000000
v 362.500000 312.500000 0.000000
v 362.500000 337.500000 0.000000
v 387.500000 337.500000 0.000000
v 337.500000 337.500000 0.000000
v 337.500000 387.500000 0.000000
v -12.500000 337.500000 0.000000
v -62.500000 337.500000 0.000000
v -62.500000 387.500000 0.000000
v -12.500000 -62.500000 0.000000
v -62.500000 -62.500000 0.000000
v -62.500000 -12.500000 0.000000
v 387.500000 -62.500000 0.000000
v 337.500000 -62.500000 0.000000
v 337.500000 -12.500000 0.000000
v 187.500000 -62.500000 0.000000
v 137.500000 -62.500000 0.000000
v 137.500000 -12.500000 0.000000
v 187.500000 -262.500000 0.000000
v 137.500000 -262.500000 0.000000
v 137.500000 -212.500000 0.000000
v 387.500000 -262.500000 0.000000
v 337.500000 -262.500000 0.000000
v 337.500000 -212.500000 0.000000
v -212.500000 -62.500000 0.000000
v -262.500000 -62.500000 0.000000
v -262.500000 -12.500000 0.000000
v -212.500000 -262.500000 0.000000
v -262.500000 -262.500000 0.000000
v -262.500000 -212.500000 0.000000
v -12.500000 -262.500000 0.000000
v -62.500000 -262.500000 0.000000
v -62.500000 -212.500000 0.000000
v -212.500000 337.500000 0.000000
v -262.500000 337.500000 0.000000
v -262.500000 387.500000 0.000000
v -212.500000 137.500000 0.000000
v -262.500000 137.500000 0.000000
v -262.500000 187.500000 0.000000
v -12.500000 137.500000 0.000000
v -62.500000 137.500000 0.000000
v -62.500000 187.500000 0.000000
v 187.500000 337.500000 0.000000
v 137.500000 337.500000 0.000000
v 137.500000 387.500000 0.000000
v 187.500000 137.500000 0.000000
v 137.500000 137.500000 0.000000
v 137.500000 187.500000 0.000000
v 387.500000 137.500000 0.000000
v 337.500000 137.500000 0.000000
v 337.500000 187.500000 0.000000
v 287.500000 137.500000 0.000000
v 237.500000 137.500000 0.000000
v 237.500000 187.500000 0.000000
v 287.500000 37.500000 0.000000
v 237.500000 37.500000 0.000000
v 237.500000 87.500000 0.000000
v 387.500000 37.500000 0.000000
v 337.500000 37.500000 0.000000
v 337.500000 87.500000 0.000000
v 87.500000 137.500000 0.000000
v 37.500000 137.500000 0.000000
v 37.500000 187.500000 0.000000
v 87.500000 37.500000 0.000000
v 37.500000 37.500000 0.000000
v 37.500000 87.500000 0.000000
v 187.500000 37.500000 0.000000
v 137.500000 37.500000 0.000000
v 137.500000 87.500000 0.000000
v 87.500000 337.500000 0.000000
v 37.500000 337.500000 0.000000
v 37.500000 387.500000 0.000000
v 87.500000 237.500000 0.000000
v 37.500000 237.500000 0.000000
v 37.500000 287.500000 0.000000
v 187.500000 237.500000 0.000000
v 137.500000 237.500000 0.000000
v 137.500000 287.500000 0.000000
v -112.500000 137.500000 0.000000
v -162.500000 137.500000 0.000000
v -162.500000 187.500000 0.000000
v -112.500000 37.500000 0.000000
v -162.500000 37.500000 0.000000
v -162.500000 87.500000 0.000000
v -12.500000 37.500000 0.000000
v -62.500000 37.500000 0.000000
v -62.500000 87.500000 0.000000
v -312.500000 137.500000 0.000000
v -362.500000 137.500000 0.000000
v -362.500000 187.500000 0.000000
v -312.500000 37.500000 0.000000
v -362.500000 37.500000 0.000000
v -362.500000 87.500000 0.000000
v -212.500000 37.500000 0.000000
v -262.500000 37.500000 0.000000
v -262.500000 87.500000 0.000000
v -312.500000 337.500000 0.000000
v -362.500000 337.500000 0.000000
v -362.500000 387.500000 0.000000
v -312.500000 237.500000 0.000000
v -362.500000 237.500000 0.000000
v -362.500000 287.500000 0.000000
v -212.500000 237.500000 0.000000
v -262.500000 237.500000 0.000000
v -262.500000 287.500000 0.000000
v -112.500000 -262.500000 0.000000
v -162.500000 -262.500000 0.000000
v -162.500000 -212.500000 0.000000
v -112.500000 -362.500000 0.000000
v -162.500000 -362.500000 0.000000
v -162.500000 -312.500000 0.000000
v -12.500000 -362.500000 0.000000
v -62.500000 -362.500000 0.000000
v -62.500000 -312.500000 0.000000
v -312.500000 -262.500000 0.000000
v -362.500000 -262.500000 0.000000
v -362.500000 -212.500000 0.000000
v -312.500000 -362.500000 0.000000
v -362.500000 -362.500000 0.000000
v -362.500000 -312.500000 0.000000
v -212.500000 -362.500000 0.000000
v -262.500000 -362.500000 0.000000
v -262.500000 -312.500000 0.000000
v -312.500000 -62.500000 0.000000
v -362.500000 -62.500000 0.000000
v -362.500000 -12.500000 0.000000
v -312.500000 -162.500000 0.000000
v -362.500000 -162.500000 0.000000
v -362.500000 -112.500000 0.000000
v -212.500000 -162.500000 0.000000
v -262.500000 -162.500000 0.000000
v -262.500000 -112.500000 0.000000
v 287.500000 -262.500000 0.000000
v 237.500000 -262.500000 0.000000
v 237.500000 -212.500000 0.000000
v 287.500000 -362.500000 0.000000
v 237.500000 -362.500000 0.000000
v 237.500000 -312.500000 0.000000
v 387.500000 -362.500000 0.000000
v 337.500000 -362.500000 0.000000
v 337.500000 -312.500000 0.000000
v 87.500000 -262.500000 0.000000
v 37.500000 -262.500000 0.000000
v 37.500000 -212.500000 0.000000
v 87.500000 -362.500000 0.000000
v 37.500000 -362.500000 0.000000
v 37.500000 -312.500000 0.000000
v 187.500000 -362.500000 0.000000
v 137.500000 -362.500000 0.000000
v 137.500000 -312.500000 0.000000
v 87.500000 -62.500000 0.000000
v 37.500000 -62.500000 0.000000
v 37.500000 -12.500000 0.000000
v 87.500000 -162.500000 0.000000
v 37.500000 -162.500000 0.000000
v 37.500000 -112.500000 0.000000
v 187.500000 -162.500000 0.000000
v 137.500000 -162.500000 0.000000
v 137.500000 -112.500000 0.000000
v 287.500000 -62.500000 0.000000
v 237.500000 -62.500000 0.000000
v 237.500000 -12.500000 0.000000
v 287.500000 -162.500000 0.000000
v 237.500000 -162.500000 0.000000
v 237.500000 -112.500000 0.000000
v 387.500000 -162.500000 0.000000
v 337.500000 -162.500000 0.000000
v 337.500000 -112.500000 0.000000
v -112.500000 -62.500000 0.000000
v -162.500000 -62.500000 0.000000
v -162.500000 -12.500000 0.000000
v -112.500000 -162.500000 0.000000
v -162.500000 -162.500000 0.000000
v -162.500000 -112.500000 0.000000
v -12.500000 -162.500000 0.000000
v -62.500000 -162.500000 0.000000
v -62.500000 -112.500000 0.000000
v -112.500000 337.500000 0.000000
v -162.500000 337.500000 0.000000
v -162.500000 387.500000 0.000000
v -112.500000 237.500000 0.000000
v -162.500000 237.500000 0.000000
v -162.500000 287.500000 0.000000
v -12.500000 237.500000 0.000000
v -62.500000 237.500000 0.000000
v -62.500000 287.500000 0.000000
v 287.500000 337.500000 0.000000
v 237.500000 337.500000 0.000000
v 237.500000 387.500000 0.000000
v 287.500000 237.500000 0.000000
v 237.500000 237.500000 0.000000
v 237.500000 287.500000 0.000000
v 387.500000 237.500000 0.000000
v 337.500000 237.500000 0.000000
v 337.500000 287.500000 0.000000
v 387.500000 287.500000 0.000000
v 287.500000 287.500000 0.000000
v 287.500000 387.500000 0.000000
v -12.500000 287.500000 0.000000
v -112.500000 287.500000 0.000000
v -112.500000 387.500000 0.000000
v -12.500000 -112.500000 0.000000
v -112.500000 -112.500000 0.000000
v -112.500000 -12.500000 0.000000
v 387.500000 -112.500000 0.000000
v 287.500000 -112.500000 0.000000
v 287.500000 -12.500000 0.000000
v 187.500000 -112.500000 0.000000
v 87.500000 -112.500000 0.000000
v 87.500000 -12.500000 0.000000
v 187.500000 -312.500000 0.000000
v 87.500000 -312.500000 0.000000
v 87.500000 -212.500000 0.000000
v 387.500000 -312.500000 0.000000
v 287.500000 -312.500000 0.000000
v 287.500000 -212.500000 0.000000
v -212.500000 -112.500000 0.000000
v -312.500000 -112.500000 0.000000
v -312.500000 -12.500000 0.000000
v -212.500000 -312.500000 0.000000
v -312.500000 -312.500000 0.000000
v -312.500000 -212.500000 0.000000
v -12.500000 -312.500000 0.000000
v -112.500000 -312.500000 0.000000
v -112.500000 -212.500000 0.000000
v -212.500000 287.500000 0.000000
v -312.500000 287.500000 0.000000
v -312.500000 387.500000 0.000000
v -212.500000 87.500000 0.000000
v -312.500000 87.500000 0.000000
v -312.500000 187.500000 0.000000
v -12.500000 87.500000 0.000000
v -112.500000 87.500000 0.000000
v -112.500000 187.500000 0.000000
v 187.500000 287.500000 0.000000
v 87.500000 287.500000 0.000000
v 87.500000 387.500000 0.000000
v 187.500000 87.500000 0.000000
v 87.500000 87.500000 0.000000
v 87.500000 187.500000 0.000000
v 387.500000 87.500000 0.000000
v 287.500000 87.500000 0.000000
v 287.500000 187.500000 0.000000
v 387.500000 187.500000 0.000000
v 187.500000 187.500000 0.000000
v 187.500000 387.500000 0.000000
v -12.500000 187.500000 0.000000
v -212.500000 187.500000 0.000000
v -212.500000 387.500000 0.000000
v -12.500000 -212.500000 0.000000
v -212.500000 -212.500000 0.000000
v -212.500000 -12.500000 0.000000
v 387.500000 -212.500000 0.000000
v 187.500000 -212.500000 0.000000
v 187.500000 -12.500000 0.000000
v 387.500000 -12.500000 0.000000
v -12.500000 -12.500000 0.000000
v -12.500000 387.500000 0.000000
v 387.500000 387.500000 0.000000
v -400.000000 -400.000000 2.212709
v 400.000000 -400.000000 2.212709
v -400.000000 400.000000 2.212709
v 400.000000 400.000000 2.212709
v -400.000000 0.000000 2.212709
v 0.000000 -400.000000 2.212709
v 400.000000 0.000000 2.212709
v 0.000000 400.000000 2.212709
v 0.000000 0.000000 2.212709
v -400.000000 -200.000000 2.212709
v 200.000000 -400.000000 2.212709
v 400.000000 200.000000 2.212709
v -200.000000 400.000000 2.212709
v -400.000000 200.000000 2.212709
v -200.000000 -400.000000 2.212709
v 400.000000 -200.000000 2.212709
v 200.000000 400.000000 2.212709
v 0.000000 200.000000 2.212709
v 0.000000 -200.000000 2.212709
v -200.000000 0.000000 2.212709
v 200.000000 0.000000 2.212709
v 200.000000 -200.000000 2.212709
v -200.000000 -200.000000 2.212709
v -200.000000 200.000000 2.212709
v 200.000000 200.000000 2.212709
v -400.000000 -300.000000 2.212709
v 300.000000 -400.000000 2.212709
v 400.000000 300.000000 2.212709
v -300.000000 400.000000 2.212709
v -400.000000 100.000000 2.212709
v -100.000000 -400.000000 2.212709
v 400.000000 -100.000000 2.212709
v 100.000000 400.000000 2.212709
v 0.000000 300.000000 2.212709
v 0.000000 -100.000000 2.212709
v -300.000000 0.000000 2.212709
v 100.000000 0.000000 2.212709
v -400.000000 -100.000000 2.212709
v 100.000000 -400.000000 2.212709
v 400.000000 100.000000 2.212709
v -100.000000 400.000000 2.212709
v -400.000000 300.000000 2.212709
v -300.000000 -400.000000 2.212709
v 400.000000 -300.000000 2.212709
v 300.000000 400.000000 2.212709
v 0.000000 100.000000 2.212709
v 0.000000 -300.000000 2.212709
v -100.000000 0.000000 2.212709
v 300.000000 0.000000 2.212709
v 200.000000 -100.000000 2.212709
v 200.000000 -300.000000 2.212709
v 100.000000 -200.000000 2.212709
v 300.000000 -200.000000 2.212709
v -200.000000 -100.000000 2.212709
v -200.000000 -300.000000 2.212709
v -300.000000 -200.000000 2.212709
v -100.000000 -200.000000 2.212709
v -200.000000 300.000000 2.212709
v -200.000000 100.000000 2.212709
v -300.000000 200.000000 2.212709
v -100.000000 200.000000 2.212709
v 200.000000 300.000000 2.212709
v 200.000000 100.000000 2.212709
v 100.000000 200.000000 2.212709
v 300.000000 200.000000 2.212709
v 300.000000 100.000000 2.212709
v 100.000000 100.000000 2.212709
v 100.000000 300.000000 2.212709
v -100.000000 100.000000 2.212709
v -300.000000 100.000000 2.212709
v -300.000000 300.000000 2.212709
v -100.000000 -300.000000 2.212709
v -300.000000 -300.000000 2.212709
v -300.000000 -100.000000 2.212709
v 300.000000 -300.000000 2.212709
v 100.000000 -300.000000 2.212709
v 100.000000 -100.000000 2.212709
v 300.000000 -100.000000 2.212709
v -100.000000 -100.000000 2.212709
v -100.000000 300.000000 2.212709
v 300.000000 300.000000 2.212709
v -400.000000 -350.000000 2.212709
v 350.000000 -400.000000 2.212709
v 400.000000 350.000000 2.212709
v -350.000000 400.000000 2.212709
v -400.000000 50.000000 2.212709
v -50.000000 -400.000000 2.212709
v 400.000000 -50.000000 2.212709
v 50.000000 400.000000 2.212709
v 0.000000 350.000000 2.212709
v 0.000000 -50.000000 2.212709
v -350.000000 0.000000 2.212709
v 50.000000 0.000000 2.212709
v -400.000000 -150.000000 2.212709
v 150.000000 -400.000000 2.212709
v 400.000000 150.000000 2.212709
v -150.000000 400.000000 2.212709
v -400.000000 250.000000 2.212709
v -250.000000 -400.000000 2.212709
v 400.000000 -250.000000 2.212709
v 250.000000 400.000000 2.212709
v 0.000000 150.000000 2.212709
v 0.000000 -250.000000 2.212709
v -150.000000 0.000000 2.212709
v 250.000000 0.000000 2.212709
v 200.000000 -50.000000 2.212709
v 200.000000 -250.000000 2.212709
v 50.000000 -200.000000 2.212709
v 250.000000 -200.000000 2.212709
v -200.000000 -50.000000 2.212709
v -200.000000 -250.000000 2.212709
v -350.000000 -200.000000 2.212709
v -150.000000 -200.000000 2.212709
v -200.000000 350.000000 2.212709
v -200.000000 150.000000 2.212709
v -350.000000 200.000000 2.212709
v -150.000000 200.000000 2.212709
v 200.000000 350.000000 2.212709
v 200.000000 150.000000 2.212709
v 50.000000 200.000000 2.212709
v 250.000000 200.000000 2.212709
v -400.000000 -250.000000 2.212709
v 250.000000 -400.000000 2.212709
v 400.000000 250.000000 2.212709
v -250.000000 400.000000 2.212709
v -400.000000 150.000000 2.212709
v -150.000000 -400.000000 2.212709
v 400.000000 -150.000000 2.212709
v 150.000000 400.000000 2.212709
v 0.000000 250.000000 2.212709
v 0.000000 -150.000000 2.212709
v -250.000000 0.000000 2.212709
v 150.000000 0.000000 2.212709
v -400.000000 -50.000000 2.212709
v 50.000000 -400.000000 2.212709
v 400.000000 50.000000 2.212709
v -50.000000 400.000000 2.212709
v -400.000000 350.000000 2.212709
v -350.000000 -400.000000 2.212709
v 400.000000 -350.000000 2.212709
v 350.000000 400.000000 2.212709
v 0.000000 50.000000 2.212709
v 0.000000 -350.000000 2.212709
v -50.000000 0.000000 2.212709
v 350.000000 0.000000 2.212709
v 200.000000 -150.000000 2.212709
v 200.000000 -350.000000 2.212709
v 150.000000 -200.000000 2.212709
v 350.000000 -200.000000 2.212709
v -200.000000 -150.000000 2.212709
v -200.000000 -350.000000 2.212709
v -250.000000 -200.000000 2.212709
v -50.000000 -200.000000 2.212709
v -200.000000 250.000000 2.212709
v -200.000000 50.000000 2.212709
v -250.000000 200.000000 2.212709
v -50.000000 200.000000 2.212709
v 200.000000 250.000000 2.212709
v 200.000000 50.000000 2.212709
v 150.000000 200.000000 2.212709
v 350.000000 200.000000 2.212709
v 300.000000 150.000000 2.212709
v 300.000000 50.000000 2.212709
v 250.000000 100.000000 2.212709
v 350.000000 100.000000 2.212709
v 100.000000 150.000000 2.212709
v 100.000000 50.000000 2.212709
v 50.000000 100.000000 2.212709
v 150.000000 100.000000 2.212709
v 100.000000 350.000000 2.212709
v 100.000000 250.000000 2.212709
v 50.000000 300.000000 2.212709
v 150.000000 300.000000 2.212709
v -100.000000 150.000000 2.212709
v -100.000000 50.000000 2.212709
v -150.000000 100.000000 2.212709
v -50.000000 100.000000 2.212709
v -300.000000 150.000000 2.212709
v -300.000000 50.000000 2.212709
v -350.000000 100.000000 2.212709
v -250.000000 100.000000 2.212709
v -300.000000 350.000000 2.212709
v -300.000000 250.000000 2.212709
v -350.000000 300.000000 2.212709
v -250.000000 300.000000 2.212709
v -100.000000 -250.000000 2.212709
v -100.000000 -350.000000 2.212709
v -150.000000 -300.000000 2.212709
v -50.000000 -300.000000 2.212709
v -300.000000 -250.000000 2.212709
v -300.000000 -350.000000 2.212709
v -350.000000 -300.000000 2.212709
v -250.000000 -300.000000 2.212709
v -300.000000 -50.000000 2.212709
v -300.000000 -150.000000 2.212709
v -350.000000 -100.000000 2.212709
v -250.000000 -100.000000 2.212709
v 300.000000 -250.000000 2.212709
v 300.000000 -350.000000 2.212709
v 250.000000 -300.000000 2.212709
v 350.000000 -300.000000 2.212709
v 100.000000 -250.000000 2.212709
v 100.000000 -350.000000 2.212709
v 50.000000 -300.000000 2.212709
v 150.000000 -300.000000 2.212709
v 100.000000 -50.000000 2.212709
v 100.000000 -150.000000 2.212709
v 50.000000 -100.000000 2.212709
v 150.000000 -100.000000 2.212709
v 300.000000 -50.000000 2.212709
v 300.000000 -150.000000 2.212709
v 250.000000 -100.000000 2.212709
v 350.000000 -100.000000 2.212709
v -100.000000 -50.000000 2.212709
v -100.000000 -150.000000 2.212709
v -150.000000 -100.000000 2.212709
v -50.000000 -100.000000 2.212709
v -100.000000 350.000000 2.212709
v -100.000000 250.000000 2.212709
v -150.000000 300.000000 2.212709
v -50.000000 300.000000 2.212709
v 300.000000 350.000000 2.212709
v 300.000000 250.000000 2.212709
v 250.000000 300.000000 2.212709
v 350.000000 300.000000 2.212709
v 350.000000 250.000000 2.212709
v 250.000000 250.000000 2.212709
v 250.000000 350.000000 2.212709
v -50.000000 250.000000 2.212709
v -150.000000 250.000000 2.212709
v -150.000000 350.000000 2.212709
v -50.000000 -150.000000 2.212709
v -150.000000 -150.000000 2.212709
v -150.000000 -50.000000 2.212709
v 350.000000 -150.000000 2.212709
v 250.000000 -150.000000 2.212709
v 250.000000 -50.000000 2.212709
v 150.000000 -150.000000 2.212709
v 50.000000 -150.000000 2.212709
v 50.000000 -50.000000 2.212709
v 150.000000 -350.000000 2.212709
v 50.000000 -350.000000 2.212709
v 50.000000 -250.000000 2.212709
v 350.000000 -350.000000 2.212709
v 250.000000 -350.000000 2.212709
v 250.000000 -250.000000 2.212709
v -250.000000 -150.000000 2.212709
v -350.000000 -150.000000 2.212709
v -350.000000 -50.000000 2.212709
v -250.000000 -350.000000 2.212709
v -350.000000 -350.000000 2.212709
v -350.000000 -250.000000 2.212709
v -50.000000 -350.000000 2.212709
v -150.000000 -350.000000 2.212709
v -150.000000 -250.000000 2.212709
v -250.000000 250.000000 2.212709
v -350.000000 250.000000 2.212709
v -350.000000 350.000000 2.212709
v -250.000000 50.000000 2.212709
v -350.000000 50.000000 2.212709
v -350.000000 150.000000 2.212709
v -50.000000 50.000000 2.212709
v -150.000000 50.000000 2.212709
v -150.000000 150.000000 2.212709
v 150.000000 250.000000 2.212709
v 50.000000 250.000000 2.212709
v 50.000000 350.000000 2.212709
v 150.000000 50.000000 2.212709
v 50.000000 50.000000 2.212709
v 50.000000 150.000000 2.212709
v 350.000000 50.000000 2.212709
v 250.000000 50.000000 2.212709
v 250.000000 150.000000 2.212709
v 350.000000 150.000000 2.212709
v 150.000000 150.000000 2.212709
v 150.000000 350.000000 2.212709
v -50.000000 150.000000 2.212709
v -250.000000 150.000000 2.212709
v -250.000000 350.000000 2.212709
v -50.000000 -250.000000 2.212709
v -250.000000 -250.000000 2.212709
v -250.000000 -50.000000 2.212709
v 350.000000 -250.000000 2.212709
v 150.000000 -250.000000 2.212709
v 150.000000 -50.000000 2.212709
v 350.000000 -50.000000 2.212709
v -50.000000 -50.000000 2.212709
v -50.000000 350.000000 2.212709
v 350.000000 350.000000 2.212709
v -400.000000 -375.000000 2.212709
v 375.000000 -400.000000 2.212709
v 400.000000 375.000000 2.212709
v -375.000000 400.000000 2.212709
v -400.000000 25.000000 2.212709
v -25.000000 -400.000000 2.212709
v 400.000000 -25.000000 2.212709
v 25.000000 400.000000 2.212709
v 0.000000 375.000000 2.212709
v 0.000000 -25.000000 2.212709
v -375.000000 0.000000 2.212709
v 25.000000 0.000000 2.212709
v -400.000000 -175.000000 2.212709
v 175.000000 -400.000000 2.212709
v 400.000000 175.000000 2.212709
v -175.000000 400.000000 2.212709
v -400.000000 225.000000 2.212709
v -225.000000 -400.000000 2.212709
v 400.000000 -225.000000 2.212709
v 225.000000 400.000000 2.212709
v 0.000000 175.000000 2.212709
v 0.000000 -225.000000 2.212709
v -175.000000 0.000000 2.212709
v 225.000000 0.000000 2.212709
v 200.000000 -25.000000 2.212709
v 200.000000 -225.000000 2.212709
v 25.000000 -200.000000 2.212709
v 225.000000 -200.000000 2.212709
v -200.000000 -25.000000 2.212709
v -200.000000 -225.000000 2.212709
v -375.000000 -200.000000 2.212709
v -175.000000 -200.000000 2.212709
v -200.000000 375.000000 2.212709
v -200.000000 175.000000 2.212709
v -375.000000 200.000000 2.212709
v -175.000000 200.000000 2.212709
v 200.000000 375.000000 2.212709
v 200.000000 175.000000 2.212709
v 25.000000 200.000000 2.212709
v 225.000000 200.000000 2.212709
v -400.000000 -275.000000 2.212709
v 275.000000 -400.000000 2.212709
v 400.000000 275.000000 2.212709
v -275.000000 400.000000 2.212709
v -400.000000 125.000000 2.212709
v -125.000000 -400.000000 2.212709
v 400.000000 -125.000000 2.212709
v 125.000000 400.000000 2.212709
v 0.000000 275.000000 2.212709
v 0.000000 -125.000000 2.212709
v -275.000000 0.000000 2.212709
v 125.000000 0.000000 2.212709
v -400.000000 -75.000000 2.212709
v 75.000000 -400.000000 2.212709
v 400.000000 75.000000 2.212709
v -75.000000 400.000000 2.212709
v -400.000000 325.000000 2.212709
v -325.000000 -400.000000 2.212709
v 400.000000 -325.000000 2.212709
v 325.000000 400.000000 2.212709
v 0.000000 75.000000 2.212709
v 0.000000 -325.000000 2.212709
v -75.000000 0.000000 2.212709
v 325.000000 0.000000 2.212709
v 200.000000 -125.000000 2.212709
v 200.000000 -325.000000 2.212709
v 125.000000 -200.000000 2.212709
v 325.000000 -200.000000 2.212709
v -200.000000 -125.000000 2.212709
v -200.000000 -325.000000 2.212709
v -275.000000 -200.000000 2.212709
v -75.000000 -200.000000 2.212709
v -200.000000 275.000000 2.212709
v -200.000000 75.000000 2.212709
v -275.000000 200.000000 2.212709
v -75.000000 200.000000 2.212709
v 200.000000 275.000000 2.212709
v 200.000000 75.000000 2.212709
v 125.000000 200.000000 2.212709
v 325.000000 200.000000 2.212709
v 300.000000 175.000000 2.212709
v 300.000000 75.000000 2.212709
v 225.000000 100.000000 2.212709
v 325.000000 100.000000 2.212709
v 100.000000 175.000000 2.212709
v 100.000000 75.000000 2.212709
v 25.000000 100.000000 2.212709
v 125.000000 100.000000 2.212709
v 100.000000 375.000000 2.212709
v 100.000000 275.000000 2.212709
v 25.000000 300.000000 2.212709
v 125.000000 300.000000 2.212709
v -100.000000 175.000000 2.212709
v -100.000000 75.000000 2.212709
v -175.000000 100.000000 2.212709
v -75.000000 100.000000 2.212709
v -300.000000 175.000000 2.212709
v -300.000000 75.000000 2.212709
v -375.000000 100.000000 2.212709
v -275.000000 100.000000 2.212709
v -300.000000 375.000000 2.212709
v -300.000000 275.000000 2.212709
v -375.000000 300.000000 2.212709
v -275.000000 300.000000 2.212709
v -100.000000 -225.000000 2.212709
v -100.000000 -325.000000 2.212709
v -175.000000 -300.000000 2.212709
v -75.000000 -300.000000 2.212709
v -300.000000 -225.000000 2.212709
v -300.000000 -325.000000 2.212709
v -375.000000 -300.000000 2.212709
v -275.000000 -300.000000 2.212709
v -300.000000 -25.000000 2.212709
v -300.000000 -125.000000 2.212709
v -375.000000 -100.000000 2.212709
v -275.000000 -100.000000 2.212709
v 300.000000 -225.000000 2.212709
v 300.000000 -325.000000 2.212709
v 225.000000 -300.000000 2.212709
v 325.000000 -300.000000 2.212709
v 100.000000 -225.000000 2.212709
v 100.000000 -325.000000 2.212709
v 25.000000 -300.000000 2.212709
v 125.000000 -300.000000 2.212709
v 100.000000 -25.000000 2.212709
v 100.000000 -125.000000 2.212709
v 25.000000 -100.000000 2.212709
v 125.000000 -100.000000 2.212709
v 300.000000 -25.000000 2.212709
v 300.000000 -125.000000 2.212709
v 225.000000 -100.000000 2.212709
v 325.000000 -100.000000 2.212709
v -100.000000 -25.000000 2.212709
v -100.000000 -125.000000 2.212709
v -175.000000 -100.000000 2.212709
v -75.000000 -100.000000 2.212709
v -100.000000 375.000000 2.212709
v -100.000000 275.000000 2.212709
v -175.000000 300.000000 2.212709
v -75.000000 300.000000 2.212709
v 300.000000 375.000000 2.212709
v 300.000000 275.000000 2.212709
v 225.000000 300.000000 2.212709
v 325.000000 300.000000 2.212709
v -400.000000 -325.000000 2.212709
v 325.000000 -400.000000 2.212709
v 400.000000 325.000000 2.212709
v -325.000000 400.000000 2.212709
v -400.000000 75.000000 2.212709
v -75.000000 -400.000000 2.212709
v 400.000000 -75.000000 2.212709
v 75.000000 400.000000 2.212709
v 0.000000 325.000000 2.212709
v 0.000000 -75.000000 2.212709
v -325.000000 0.000000 2.212709
v 75.000000 0.000000 2.212709
v -400.000000 -125.000000 2.212709
v 125.000000 -400.000000 2.212709
v 400.000000 125.000000 2.212709
v -125.000000 400.000000 2.212709
v -400.000000 275.000000 2.212709
v -275.000000 -400.000000 2.212709
v 400.000000 -275.000000 2.212709
v 275.000000 400.000000 2.212709
v 0.000000 125.000000 2.212709
v 0.000000 -275.000000 2.212709
v -125.000000 0.000000 2.212709
v 275.000000 0.000000 2.212709
v 200.000000 -75.000000 2.212709
v 200.000000 -275.000000 2.212709
v 75.000000 -200.000000 2.212709
v 275.000000 -200.000000 2.212709
v -200.000000 -75.000000 2.212709
v -200.000000 -275.000000 2.212709
v -325.000000 -200.000000 2.212709
v -125.000000 -200.000000 2.212709
v -200.000000 325.000000 2.212709
v -200.000000 125.000000 2.212709
v -325.000000 200.000000 2.212709
v -125.000000 200.000000 2.212709
v 200.000000 325.000000 2.212709
v 200.000000 125.000000 2.212709
v 75.000000 200.000000 2.212709
v 275.000000 200.000000 2.212709
v -400.000000 -225.000000 2.212709
v 225.000000 -400.000000 2.212709
v 400.000000 225.000000 2.212709
v -225.000000 400.000000 2.212709
v -400.000000 175.000000 2.212709
v -175.000000 -400.000000 2.212709
v 400.000000 -175.000000 2.212709
v 175.000000 400.000000 2.212709
v 0.000000 225.000000 2.212709
v 0.000000 -175.000000 2.212709
v -225.000000 0.000000 2.212709
v 175.000000 0.000000 2.212709
v -400.000000 -25.000000 2.212709
v 25.000000 -400.000000 2.212709
v 400.000000 25.000000 2.212709
v -25.000000 400.000000 2.212709
v -400.000000 375.000000 2.212709
v -375.000000 -400.000000 2.212709
v 400.000000 -375.000000 2.212709
v 375.000000 400.000000 2.212709
v 0.000000 25.000000 2.212709
v 0.000000 -375.000000 2.212709
v -25.000000 0.000000 2.212709
v 375.000000 0.000000 2.212709
v 200.000000 -175.000000 2.212709
v 200.000000 -375.000000 2.212709
v 175.000000 -200.000000 2.212709
v 375.000000 -200.000000 2.212709
v -200.000000 -175.000000 2.212709
v -200.000000 -375.000000 2.212709
v -225.000000 -200.000000 2.212709
v -25.000000 -200.000000 2.212709
v -200.000000 225.000000 2.212709
v -200.000000 25.000000 2.212709
v -225.000000 200.000000 2.212709
v -25.000000 200.000000 2.212709
v 200.000000 225.000000 2.212709
v 200.000000 25.000000 2.212709
v 175.000000 200.000000 2.212709
v 375.000000 200.000000 2.212709
v 300.000000 125.000000 2.212709
v 300.000000 25.000000 2.212709
v 275.000000 100.000000 2.212709
v 375.000000 100.000000 2.212709
v 100.000000 125.000000 2.212709
v 100.000000 25.000000 2.212709
v 75.000000 100.000000 2.212709
v 175.000000 100.000000 2.212709
v 100.000000 325.000000 2.212709
v 100.000000 225.000000 2.212709
v 75.000000 300.000000 2.212709
v 175.000000 300.000000 2.212709
v -100.000000 125.000000 2.212709
v -100.000000 25.000000 2.212709
v -125.000000 100.000000 2.212709
v -25.000000 100.000000 2.212709
v -300.000000 125.000000 2.212709
v -300.000000 25.000000 2.212709
v -325.000000 100.000000 2.212709
v -225.000000 100.000000 2.212709
v -300.000000 325.000000 2.212709
v -300.000000 225.000000 2.212709
v -325.000000 300.000000 2.212709
v -225.000000 300.000000 2.212709
v -100.000000 -275.000000 2.212709
v -100.000000 -375.000000 2.212709
v -125.000000 -300.000000 2.212709
v -25.000000 -300.000000 2.212709
v -300.000000 -275.000000 2.212709
v -300.000000 -375.000000 2.212709
v -325.000000 -300.000000 2.212709
v -225.000000 -300.000000 2.212709
v -300.000000 -75.000000 2.212709
v -300.000000 -175.000000 2.212709
v -325.000000 -100.000000 2.212709
v -225.000000 -100.000000 2.212709
v 300.000000 -275.000000 2.212709
v 300.000000 -375.000000 2.212709
v 275.000000 -300.000000 2.212709
v 375.000000 -300.000000 2.212709
v 100.000000 -275.000000 2.212709
v 100.000000 -375.000000 2.212709
v 75.000000 -300.000000 2.212709
v 175.000000 -300.000000 2.212709
v 100.000000 -75.000000 2.212709
v 100.000000 -175.000000 2.212709
v 75.000000 -100.000000 2.212709
v 175.000000 -100.000000 2.212709
v 300.000000 -75.000000 2.212709
v 300.000000 -175.000000 2.212709
v 275.000000 -100.000000 2.212709
v 375.000000 -100.000000 2.212709
v -100.000000 -75.000000 2.212709
v -100.000000 -175.000000 2.212709
v -125.000000 -100.000000 2.212709
v -25.000000 -100.000000 2.212709
v -100.000000 325.000000 2.212709
v -100.000000 225.000000 2.212709
v -125.000000 300.000000 2.212709
v -25.000000 300.000000 2.212709
v 300.000000 325.000000 2.212709
v 300.000000 225.000000 2.212709
v 275.000000 300.000000 2.212709
v 375.000000 300.000000 2.212709
v 350.000000 275.000000 2.212709
v 350.000000 225.000000 2.212709
v 325.000000 250.000000 2.212709
v 375.000000 250.000000 2.212709
v 250.000000 275.000000 2.212709
v 250.000000 225.000000 2.212709
v 225.000000 250.000000 2.212709
v 275.000000 250.000000 2.212709
v 250.000000 375.000000 2.212709
v 250.000000 325.000000 2.212709
v 225.000000 350.000000 2.212709
v 275.000000 350.000000 2.212709
v -50.000000 275.000000 2.212709
v -50.000000 225.000000 2.212709
v -75.000000 250.000000 2.212709
v -25.000000 250.000000 2.212709
v -150.000000 275.000000 2.212709
v -150.000000 225.000000 2.212709
v -175.000000 250.000000 2.212709
v -125.000000 250.000000 2.212709
v -150.000000 375.000000 2.212709
v -150.000000 325.000000 2.212709
v -175.000000 350.000000 2.212709
v -125.000000 350.000000 2.212709
v -50.000000 -125.000000 2.212709
v -50.000000 -175.000000 2.212709
v -75.000000 -150.000000 2.212709
v -25.000000 -150.000000 2.212709
v -150.000000 -125.000000 2.212709
v -150.000000 -175.000000 2.212709
v -175.000000 -150.000000 2.212709
v -125.000000 -150.000000 2.212709
v -150.000000 -25.000000 2.212709
v -150.000000 -75.000000 2.212709
v -175.000000 -50.000000 2.212709
v -125.000000 -50.000000 2.212709
v 350.000000 -125.000000 2.212709
v 350.000000 -175.000000 2.212709
v 325.000000 -150.000000 2.212709
v 375.000000 -150.000000 2.212709
v 250.000000 -125.000000 2.212709
v 250.000000 -175.000000 2.212709
v 225.000000 -150.000000 2.212709
v 275.000000 -150.000000 2.212709
v 250.000000 -25.000000 2.212709
v 250.000000 -75.000000 2.212709
v 225.000000 -50.000000 2.212709
v 275.000000 -50.000000 2.212709
v 150.000000 -125.000000 2.212709
v 150.000000 -175.000000 2.212709
v 125.000000 -150.000000 2.212709
v 175.000000 -150.000000 2.212709
v 50.000000 -125.000000 2.212709
v 50.000000 -175.000000 2.212709
v 25.000000 -150.000000 2.212709
v 75.000000 -150.000000 2.212709
v 50.000000 -25.000000 2.212709
v 50.000000 -75.000000 2.212709
v 25.000000 -50.000000 2.212709
v 75.000000 -50.000000 2.212709
v 150.000000 -325.000000 2.212709
v 150.000000 -375.000000 2.212709
v 125.000000 -350.000000 2.212709
v 175.000000 -350.000000 2.212709
v 50.000000 -325.000000 2.212709
v 50.000000 -375.000000 2.212709
v 25.000000 -350.000000 2.212709
v 75.000000 -350.000000 2.212709
v 50.000000 -225.000000 2.212709
v 50.000000 -275.000000 2.212709
v 25.000000 -250.000000 2.212709
v 75.000000 -250.000000 2.212709
v 350.000000 -325.000000 2.212709
v 350.000000 -375.000000 2.212709
v 325.000000 -350.000000 2.212709
v 375.000000 -350.000000 2.212709
v 250.000000 -325.000000 2.212709
v 250.000000 -375.000000 2.212709
v 225.000000 -350.000000 2.212709
v 275.000000 -350.000000 2.212709
v 250.000000 -225.000000 2.212709
v 250.000000 -275.000000 2.212709
v 225.000000 -250.000000 2.212709
v 275.000000 -250.000000 2.212709
v -250.000000 -125.000000 2.212709
v -250.000000 -175.000000 2.212709
v -275.000000 -150.000000 2.212709
v -225.000000 -150.000000 2.212709
v -350.000000 -125.000000 2.212709
v -350.000000 -175.000000 2.212709
v -375.000000 -150.000000 2.212709
v -325.000000 -150.000000 2.212709
v -350.000000 -25.000000 2.212709
v -350.000000 -75.000000 2.212709
v -375.000000 -50.000000 2.212709
v -325.000000 -50.000000 2.212709
v -250.000000 -325.000000 2.212709
v -250.000000 -375.000000 2.212709
v -275.000000 -350.000000 2.212709
v -225.000000 -350.000000 2.212709
v -350.000000 -325.000000 2.212709
v -350.000000 -375.000000 2.212709
v -375.000000 -350.000000 2.212709
v -325.000000 -350.000000 2.212709
v -350.000000 -225.000000 2.212709
v -350.000000 -275.000000 2.212709
v -375.000000 -250.000000 2.212709
v -325.000000 -250.000000 2.212709
v -50.000000 -325.000000 2.212709
v -50.000000 -375.000000 2.212709
v -75.000000 -350.000000 2.212709
v -25.000000 -350.000000 2.212709
v -150.000000 -325.000000 2.212709
v -150.000000 -375.000000 2.212709
v -175.000000 -350.000000 2.212709
v -125.000000 -350.000000 2.212709
v -150.000000 -225.000000 2.212709
v -150.000000 -275.000000 2.212709
v -175.000000 -250.000000 2.212709
v -125.000000 -250.000000 2.212709
v -250.000000 275.000000 2.212709
v -250.000000 225.000000 2.212709
v -275.000000 250.000000 2.212709
v -225.000000 250.000000 2.212709
v -350.000000 275.000000 2.212709
v -350.000000 225.000000 2.212709
v -375.000000 250.000000 2.212709
v -325.000000 250.000000 2.212709
v -350.000000 375.000000 2.212709
v -350.000000 325.000000 2.212709
v -375.000000 350.000000 2.212709
v -325.000000 350.000000 2.212709
v -250.000000 75.000000 2.212709
v -250.000000 25.000000 2.212709
v -275.000000 50.000000 2.212709
v -225.000000 50.000000 2.212709
v -350.000000 75.000000 2.212709
v -350.000000 25.000000 2.212709
v -375.000000 50.000000 2.212709
v -325.000000 50.000000 2.212709
v -350.000000 175.000000 2.212709
v -350.000000 125.000000 2.212709
v -375.000000 150.000000 2.212709
v -325.000000 150.000000 2.212709
v -50.000000 75.000000 2.212709
v -50.000000 25.000000 2.212709
v -75.000000 50.000000 2.212709
v -25.000000 50.000000 2.212709
v -150.000000 75.000000 2.212709
v -150.000000 25.000000 2.212709
v -175.000000 50.000000 2.212709
v -125.000000 50.000000 2.212709
v -150.000000 175.000000 2.212709
v -150.000000 125.000000 2.212709
v -175.000000 150.000000 2.212709
v -125.000000 150.000000 2.212709
v 150.000000 275.000000 2.212709
v 150.000000 225.000000 2.212709
v 125.000000 250.000000 2.212709
v 175.000000 250.000000 2.212709
v 50.000000 275.000000 2.212709
v 50.000000 225.000000 2.212709
v 25.000000 250.000000 2.212709
v 75.000000 250.000000 2.212709
v 50.000000 375.000000 2.212709
v 50.000000 325.000000 2.212709
v 25.000000 350.000000 2.212709
v 75.000000 350.000000 2.212709
v 150.000000 75.000000 2.212709
v 150.000000 25.000000 2.212709
v 125.000000 50.000000 2.212709
v 175.000000 50.000000 2.212709
v 50.000000 75.000000 2.212709
v 50.000000 25.000000 2.212709
v 25.000000 50.000000 2.212709
v 75.000000 50.000000 2.212709
v 50.000000 175.000000 2.212709
v 50.000000 125.000000 2.212709
v 25.000000 150.000000 2.212709
v 75.000000 150.000000 2.212709
v 350.000000 75.000000 2.212709
v 350.000000 25.000000 2.212709
v 325.000000 50.000000 2.212709
v 375.000000 50.000000 2.212709
v 250.000000 75.000000 2.212709
v 250.000000 25.000000 2.212709
v 225.000000 50.000000 2.212709
v 275.000000 50.000000 2.212709
v 250.000000 175.000000 2.212709
v 250.000000 125.000000 2.212709
v 225.000000 150.000000 2.212709
v 275.000000 150.000000 2.212709
v 350.000000 175.000000 2.212709
v 350.000000 125.000000 2.212709
v 325.000000 150.000000 2.212709
v 375.000000 150.000000 2.212709
v 150.000000 175.000000 2.212709
v 150.000000 125.000000 2.212709
v 125.000000 150.000000 2.212709
v 175.000000 150.000000 2.212709
v 150.000000 375.000000 2.212709
v 150.000000 325.000000 2.212709
v 125.000000 350.000000 2.212709
v 175.000000 350.000000 2.212709
v -50.000000 175.000000 2.212709
v -50.000000 125.000000 2.212709
v -75.000000 150.000000 2.212709
v -25.000000 150.000000 2.212709
v -250.000000 175.000000 2.212709
v -250.000000 125.000000 2.212709
v -275.000000 150.000000 2.212709
v -225.000000 150.000000 2.212709
v -250.000000 375.000000 2.212709
v -250.000000 325.000000 2.212709
v -275.000000 350.000000 2.212709
v -225.000000 350.000000 2.212709
v -50.000000 -225.000000 2.212709
v -50.000000 -275.000000 2.212709
v -75.000000 -250.000000 2.212709
v -25.000000 -250.000000 2.212709
v -250.000000 -225.000000 2.212709
v -250.000000 -275.000000 2.212709
v -275.000000 -250.000000 2.212709
v -225.000000 -250.000000 2.212709
v -250.000000 -25.000000 2.212709
v -250.000000 -75.000000 2.212709
v -275.000000 -50.000000 2.212709
v -225.000000 -50.000000 2.212709
v 350.000000 -225.000000 2.212709
v 350.000000 -275.000000 2.212709
v 325.000000 -250.000000 2.212709
v 375.000000 -250.000000 2.212709
v 150.000000 -225.000000 2.212709
v 150.000000 -275.000000 2.212709
v 125.000000 -250.000000 2.212709
v 175.000000 -250.000000 2.212709
v 150.000000 -25.000000 2.212709
v 150.000000 -75.000000 2.212709
v 125.000000 -50.000000 2.212709
v 175.000000 -50.000000 2.212709
v 350.000000 -25.000000 2.212709
v 350.000000 -75.000000 2.212709
v 325.000000 -50.000000 2.212709
v 375.000000 -50.000000 2.212709
v -50.000000 -25.000000 2.212709
v -50.000000 -75.000000 2.212709
v -75.000000 -50.000000 2.212709
v -25.000000 -50.000000 2.212709
v -50.000000 375.000000 2.212709
v -50.000000 325.000000 2.212709
v -75.000000 350.000000 2.212709
v -25.000000 350.000000 2.212709
v 350.000000 375.000000 2.212709
v 350.000000 325.000000 2.212709
v 325.000000 350.000000 2.212709
v 375.000000 350.000000 2.212709
v 375.000000 325.000000 2.212709
v 325.000000 325.000000 2.212709
v 325.000000 375.000000 2.212709
v -25.000000 325.000000 2.212709
v -75.000000 325.000000 2.212709
v -75.000000 375.000000 2.212709
v -25.000000 -75.000000 2.212709
v -75.000000 -75.000000 2.212709
v -75.000000 -25.000000 2.212709
v 375.000000 -75.000000 2.212709
v 325.000000 -75.000000 2.212709
v 325.000000 -25.000000 2.212709
v 175.000000 -75.000000 2.212709
v 125.000000 -75.000000 2.212709
v 125.000000 -25.000000 2.212709
v 175.000000 -275.000000 2.212709
v 125.000000 -275.000000 2.212709
v 125.000000 -225.000000 2.212709
v 375.000000 -275.000000 2.212709
v 325.000000 -275.000000 2.212709
v 325.000000 -225.000000 2.212709
v -225.000000 -75.000000 2.212709
v -275.000000 -75.000000 2.212709
v -275.000000 -25.000000 2.212709
v -225.000000 -275.000000 2.212709
v -275.000000 -275.000000 2.212709
v -275.000000 -225.000000 2.212709
v -25.000000 -275.000000 2.212709
v -75.000000 -275.000000 2.212709
v -75.000000 -225.000000 2.212709
v -225.000000 325.000000 2.212709
v -275.000000 325.000000 2.212709
v -275.000000 375.000000 2.212709
v -225.000000 125.000000 2.212709
v -275.000000 125.000000 2.212709
v -275.000000 175.000000 2.212709
v -25.000000 125.000000 2.212709
v -75.000000 125.000000 2.212709
v -75.000000 175.000000 2.212709
v 175.000000 325.000000 2.212709
v 125.000000 325.000000 2.212709
v 125.000000 375.000000 2.212709
v 175.000000 125.000000 2.212709
v 125.000000 125.000000 2.212709
v 125.000000 175.000000 2.212709
v 375.000000 125.000000 2.212709
v 325.000000 125.000000 2.212709
v 325.000000 175.000000 2.212709
v 275.000000 125.000000 2.212709
v 225.000000 125.000000 2.212709
v 225.000000 175.000000 2.212709
v 275.000000 25.000000 2.212709
v 225.000000 25.000000 2.212709
v 225.000000 75.000000 2.212709
v 375.000000 25.000000 2.212709
v 325.000000 25.000000 2.212709
v 325.000000 75.000000 2.212709
v 75.000000 125.000000 2.212709
v 25.000000 125.000000 2.212709
v 25.000000 175.000000 2.212709
v 75.000000 25.000000 2.212709
v 25.000000 25.000000 2.212709
v 25.000000 75.000000 2.212709
v 175.000000 25.000000 2.212709
v 125.000000 25.000000 2.212709
v 125.000000 75.000000 2.212709
v 75.000000 325.000000 2.212709
v 25.000000 325.000000 2.212709
v 25.000000 375.000000 2.212709
v 75.000000 225.000000 2.212709
v 25.000000 225.000000 2.212709
v 25.000000 275.000000 2.212709
v 175.000000 225.000000 2.212709
v 125.000000 225.000000 2.212709
v 125.000000 275.000000 2.212709
v -125.000000 125.000000 2.212709
v -175.000000 125.000000 2.212709
v -175.000000 175.000000 2.212709
v -125.000000 25.000000 2.212709
v -175.000000 25.000000 2.212709
v -175.000000 75.000000 2.212709
v -25.000000 25.000000 2.212709
v -75.000000 25.000000 2.212709
v -75.000000 75.000000 2.212709
v -325.000000 125.000000 2.212709
v -375.000000 125.000000 2.212709
v -375.000000 175.000000 2.212709
v -325.000000 25.000000 2.212709
v -375.000000 25.000000 2.212709
v -375.000000 75.000000 2.212709
v -225.000000 25.000000 2.212709
v -275.000000 25.000000 2.212709
v -275.000000 75.000000 2.212709
v -325.000000 325.000000 2.212709
v -375.000000 325.000000 2.212709
v -375.000000 375.000000 2.212709
v -325.000000 225.000000 2.212709
v -375.000000 225.000000 2.212709
v -375.000000 275.000000 2.212709
v -225.000000 225.000000 2.212709
v -275.000000 225.000000 2.212709
v -275.000000 275.000000 2.212709
v -125.000000 -275.000000 2.212709
v -175.000000 -275.000000 2.212709
v -175.000000 -225.000000 2.212709
v -125.000000 -375.000000 2.212709
v -175.000000 -375.000000 2.212709
v -175.000000 -325.000000 2.212709
v -25.000000 -375.000000 2.212709
v -75.000000 -375.000000 2.212709
v -75.000000 -325.000000 2.212709
v -325.000000 -275.000000 2.212709
v -375.000000 -275.000000 2.212709
v -375.000000 -225.000000 2.212709
v -325.000000 -375.000000 2.212709
v -375.000000 -375.000000 2.212709
v -375.000000 -325.000000 2.212709
v -225.000000 -375.000000 2.212709
v -275.000000 -375.000000 2.212709
v -275.000000 -325.000000 2.212709
v -325.000000 -75.000000 2.212709
v -375.000000 -75.000000 2.212709
v -375.000000 -25.000000 2.212709
v -325.000000 -175.000000 2.212709
v -375.000000 -175.000000 2.212709
v -375.000000 -125.000000 2.212709
v -225.000000 -175.000000 2.212709
v -275.000000 -175.000000 2.212709
v -275.000000 -125.000000 2.212709
v 275.000000 -275.000000 2.212709
v 225.000000 -275.000000 2.212709
v 225.000000 -225.000000 2.212709
v 275.000000 -375.000000 2.212709
v 225.000000 -375.000000 2.212709
v 225.000000 -325.000000 2.212709
v 375.000000 -375.000000 2.212709
v 325.000000 -375.000000 2.212709
v 325.000000 -325.000000 2.212709
v 75.000000 -275.000000 2.212709
v 25.000000 -275.000000 2.212709
v 25.000000 -225.000000 2.212709
v 75.000000 -375.000000 2.212709
v 25.000000 -375.000000 2.212709
v 25.000000 -325.000000 2.212709
v 175.000000 -375.000000 2.212709
v 125.000000 -375.000000 2.212709
v 125.000000 -325.000000 2.212709
v 75.000000 -75.000000 2.212709
v 25.000000 -75.000000 2.212709
v 25.000000 -25.000000 2.212709
v 75.000000 -175.000000 2.212709
v 25.000000 -175.000000 2.212709
v 25.000000 -125.000000 2.212709
v 175.000000 -175.000000 2.212709
v 125.000000 -175.000000 2.212709
v 125.000000 -125.000000 2.212709
v 275.000000 -75.000000 2.212709
v 225.000000 -75.000000 2.212709
v 225.000000 -25.000000 2.212709
v 275.000000 -175.000000 2.212709
v 225.000000 -175.000000 2.212709
v 225.000000 -125.000000 2.212709
v 375.000000 -175.000000 2.212709
v 325.000000 -175.000000 2.212709
v 325.000000 -125.000000 2.212709
v -125.000000 -75.000000 2.212709
v -175.000000 -75.000000 2.212709
v -175.000000 -25.000000 2.212709
v -125.000000 -175.000000 2.212709
v -175.000000 -175.000000 2.212709
v -175.000000 -125.000000 2.212709
v -25.000000 -175.000000 2.212709
v -75.000000 -175.000000 2.212709
v -75.000000 -125.000000 2.212709
v -125.000000 325.000000 2.212709
v -175.000000 325.000000 2.212709
v -175.000000 375.000000 2.212709
v -125.000000 225.000000 2.212709
v -175.000000 225.000000 2.212709
v -175.000000 275.000000 2.212709
v -25.000000 225.000000 2.212709
v -75.000000 225.000000 2.212709
v -75.000000 275.000000 2.212709
v 275.000000 325.000000 2.212709
v 225.000000 325.000000 2.212709
v 225.000000 375.000000 2.212709
v 275.000000 225.000000 2.212709
v 225.000000 225.000000 2.212709
v 225.000000 275.000000 2.212709
v 375.000000 225.000000 2.212709
v 325.000000 225.000000 2.212709
v 325.000000 275.000000 2.212709
v 375.000000 275.000000 2.212709
v 275.000000 275.000000 2.212709
v 275.000000 375.000000 2.212709
v -25.000000 275.000000 2.212709
v -125.000000 275.000000 2.212709
v -125.000000 375.000000 2.212709
v -25.000000 -125.000000 2.212709
v -125.000000 -125.000000 2.212709
v -125.000000 -25.000000 2.212709
v 375.000000 -125.000000 2.212709
v 275.000000 -125.000000 2.212709
v 275.000000 -25.000000 2.212709
v 175.000000 -125.000000 2.212709
v 75.000000 -125.000000 2.212709
v 75.000000 -25.000000 2.212709
v 175.000000 -325.000000 2.212709
v 75.000000 -325.000000 2.212709
v 75.000000 -225.000000 2.212709
v 375.000000 -325.000000 2.212709
v 275.000000 -325.000000 2.212709
v 275.000000 -225.000000 2.212709
v -225.000000 -125.000000 2.212709
v -325.000000 -125.000000 2.212709
v -325.000000 -25.000000 2.212709
v -225.000000 -325.000000 2.212709
v -325.000000 -325.000000 2.212709
v -325.000000 -225.000000 2.212709
v -25.000000 -325.000000 2.212709
v -125.000000 -325.000000 2.212709
v -125.000000 -225.000000 2.212709
v -225.000000 275.000000 2.212709
v -325.000000 275.000000 2.212709
v -325.000000 375.000000 2.212709
v -225.000000 75.000000 2.212709
v -325.000000 75.000000 2.212709
v -325.000000 175.000000 2.212709
v -25.000000 75.000000 2.212709
v -125.000000 75.000000 2.212709
v -125.000000 175.000000 2.212709
v 175.000000 275.000000 2.212709
v 75.000000 275.000000 2.212709
v 75.000000 375.000000 2.212709
v 175.000000 75.000000 2.212709
v 75.000000 75.000000 2.212709
v 75.000000 175.000000 2.212709
v 375.000000 75.000000 2.212709
v 275.000000 75.000000 2.212709
v 275.000000 175.000000 2.212709
v 375.000000 175.000000 2.212709
v 175.000000 175.000000 2.212709
v 175.000000 375.000000 2.212709
v -25.000000 175.000000 2.212709
v -225.000000 175.000000 2.212709
v -225.000000 375.000000 2.212709
v -25.000000 -225.000000 2.212709
v -225.000000 -225.000000 2.212709
v -225.000000 -25.000000 2.212709
v 375.000000 -225.000000 2.212709
v 175.000000 -225.000000 2.212709
v 175.000000 -25.000000 2.212709
v 375.000000 -25.000000 2.212709
v -25.000000 -25.000000 2.212709
v -25.000000 375.000000 2.212709
v 375.000000 375.000000 2.212709
v -400.000000 -387.500000 2.212709
v 387.500000 -400.000000 2.212709
v 400.000000 387.500000 2.212709
v -387.500000 400.000000 2.212709
v -400.000000 12.500000 2.212709
v -12.500000 -400.000000 2.212709
v 400.000000 -12.500000 2.212709
v 12.500000 400.000000 2.212709
v 0.000000 387.500000 2.212709
v 0.000000 -12.500000 2.212709
v -387.500000 0.000000 2.212709
v 12.500000 0.000000 2.212709
v -400.000000 -187.500000 2.212709
v 187.500000 -400.000000 2.212709
v 400.000000 187.500000 2.212709
v -187.500000 400.000000 2.212709
v -400.000000 212.500000 2.212709
v -212.500000 -400.000000 2.212709
v 400.000000 -212.500000 2.212709
v 212.500000 400.000000 2.212709
v 0.000000 187.500000 2.212709
v 0.000000 -212.500000 2.212709
v -187.500000 0.000000 2.212709
v 212.500000 0.000000 2.212709
v 200.000000 -12.500000 2.212709
v 200.000000 -212.500000 2.212709
v 12.500000 -200.000000 2.212709
v 212.500000 -200.000000 2.212709
v -200.000000 -12.500000 2.212709
v -200.000000 -212.500000 2.212709
v -387.500000 -200.000000 2.212709
v -187.500000 -200.000000 2.212709
v -200.000000 387.500000 2.212709
v -200.000000 187.500000 2.212709
v -387.500000 200.000000 2.212709
v -187.500000 200.000000 2.212709
v 200.000000 387.500000 2.212709
v 200.000000 187.500000 2.212709
v 12.500000 200.000000 2.212709
v 212.500000 200.000000 2.212709
v -400.000000 -287.500000 2.212709
v 287.500000 -400.000000 2.212709
v 400.000000 287.500000 2.212709
v -287.500000 400.000000 2.212709
v -400.000000 112.500000 2.212709
v -112.500000 -400.000000 2.212709
v 400.000000 -112.500000 2.212709
v 112.500000 400.000000 2.212709
v 0.000000 287.500000 2.212709
v 0.000000 -112.500000 2.212709
v -287.500000 0.000000 2.212709
v 112.500000 0.000000 2.212709
v -400.000000 -87.500000 2.212709
v 87.500000 -400.000000 2.212709
v 400.000000 87.500000 2.212709
v -87.500000 400.000000 2.212709
v -400.000000 312.500000 2.212709
v -312.500000 -400.000000 2.212709
v 400.000000 -312.500000 2.212709
v 312.500000 400.000000 2.212709
v 0.000000 87.500000 2.212709
v 0.000000 -312.500000 2.212709
v -87.500000 0.000000 2.212709
v 312.500000 0.000000 2.212709
v 200.000000 -112.500000 2.212709
v 200.000000 -312.500000 2.212709
v 112.500000 -200.000000 2.212709
v 312.500000 -200.000000 2.212709
v -200.000000 -112.500000 2.212709
v -200.000000 -312.500000 2.212709
v -287.500000 -200.000000 2.212709
v -87.500000 -200.000000 2.212709
v -200.000000 287.500000 2.212709
v -200.000000 87.500000 2.212709
v -287.500000 200.000000 2.212709
v -87.500000 200.000000 2.212709
v 200.000000 287.500000 2.212709
v 200.000000 87.500000 2.212709
v 112.500000 200.000000 2.212709
v 312.500000 200.000000 2.212709
v 300.000000 187.500000 2.212709
v 300.000000 87.500000 2.212709
v 212.500000 100.000000 2.212709
v 312.500000 100.000000 2.212709
v 100.000000 187.500000 2.212709
v 100.000000 87.500000 2.212709
v 12.500000 100.000000 2.212709
v 112.500000 100.000000 2.212709
v 100.000000 387.500000 2.212709
v 100.000000 287.500000 2.212709
v 12.500000 300.000000 2.212709
v 112.500000 300.000000 2.212709
v -100.000000 187.500000 2.212709
v -100.000000 87.500000 2.212709
v -187.500000 100.000000 2.212709
v -87.500000 100.000000 2.212709
v -300.000000 187.500000 2.212709
v -300.000000 87.500000 2.212709
v -387.500000 100.000000 2.212709
v -287.500000 100.000000 2.212709
v -300.000000 387.500000 2.212709
v -300.000000 287.500000 2.212709
v -387.500000 300.000000 2.212709
v -287.500000 300.000000 2.212709
v -100.000000 -212.500000 2.212709
v -100.000000 -312.500000 2.212709
v -187.500000 -300.000000 2.212709
v -87.500000 -300.000000 2.212709
v -300.000000 -212.500000 2.212709
v -300.000000 -312.500000 2.212709
v -387.500000 -300.000000 2.212709
v -287.500000 -300.000000 2.212709
v -300.000000 -12.500000 2.212709
v -300.000000 -112.500000 2.212709
v -387.500000 -100.000000 2.212709
v -287.500000 -100.000000 2.212709
v 300.000000 -212.500000 2.212709
v 300.000000 -312.500000 2.212709
v 212.500000 -300.000000 2.212709
v 312.500000 -300.000000 2.212709
v 100.000000 -212.500000 2.212709
v 100.000000 -312.500000 2.212709
v 12.500000 -300.000000 2.212709
v 112.500000 -300.000000 2.212709
v 100.000000 -12.500000 2.212709
v 100.000000 -112.500000 2.212709
v 12.500000 -100.000000 2.212709
v 112.500000 -100.000000 2.212709
v 300.000000 -12.500000 2.212709
v 300.000000 -112.500000 2.212709
v 212.500000 -100.000000 2.212709
v 312.500000 -100.000000 2.212709
v -100.000000 -12.500000 2.212709
v -100.000000 -112.500000 2.212709
v -187.500000 -100.000000 2.212709
v -87.500000 -100.000000 2.212709
v -100.000000 387.500000 2.212709
v -100.000000 287.500000 2.212709
v -187.500000 300.000000 2.212709
v -87.500000 300.000000 2.212709
v 300.000000 387.500000 2.212709
v 300.000000 287.500000 2.212709
v 212.500000 300.000000 2.212709
v 312.500000 300.000000 2.212709
v -400.000000 -337.500000 2.212709
v 337.500000 -400.000000 2.212709
v 400.000000 337.500000 2.212709
v -337.500000 400.000000 2.212709
v -400.000000 62.500000 2.212709
v -62.500000 -400.000000 2.212709
v 400.000000 -62.500000 2.212709
v 62.500000 400.000000 2.212709
v 0.000000 337.500000 2.212709
v 0.000000 -62.500000 2.212709
v -337.500000 0.000000 2.212709
v 62.500000 0.000000 2.212709
v -400.000000 -137.500000 2.212709
v 137.500000 -400.000000 2.212709
v 400.000000 137.500000 2.212709
v -137.500000 400.000000 2.212709
v -400.000000 262.500000 2.212709
v -262.500000 -400.000000 2.212709
v 400.000000 -262.500000 2.212709
v 262.500000 400.000000 2.212709
v 0.000000 137.500000 2.212709
v 0.000000 -262.500000 2.212709
v -137.500000 0.000000 2.212709
v 262.500000 0.000000 2.212709
v 200.000000 -62.500000 2.212709
v 200.000000 -262.500000 2.212709
v 62.500000 -200.000000 2.212709
v 262.500000 -200.000000 2.212709
v -200.000000 -62.500000 2.212709
v -200.000000 -262.500000 2.212709
v -337.500000 -200.000000 2.212709
v -137.500000 -200.000000 2.212709
v -200.000000 337.500000 2.212709
v -200.000000 137.500000 2.212709
v -337.500000 200.000000 2.212709
v -137.500000 200.000000 2.212709
v 200.000000 337.500000 2.212709
v 200.000000 137.500000 2.212709
v 62.500000 200.000000 2.212709
v 262.500000 200.000000 2.212709
v -400.000000 -237.500000 2.212709
v 237.500000 -400.000000 2.212709
v 400.000000 237.500000 2.212709
v -237.500000 400.000000 2.212709
v -400.000000 162.500000 2.212709
v -162.500000 -400.000000 2.212709
v 400.000000 -162.500000 2.212709
v 162.500000 400.000000 2.212709
v 0.000000 237.500000 2.212709
v 0.000000 -162.500000 2.212709
v -237.500000 0.000000 2.212709
v 162.500000 0.000000 2.212709
v -400.000000 -37.500000 2.212709
v 37.500000 -400.000000 2.212709
v 400.000000 37.500000 2.212709
v -37.500000 400.000000 2.212709
v -400.000000 362.500000 2.212709
v -362.500000 -400.000000 2.212709
v 400.000000 -362.500000 2.212709
v 362.500000 400.000000 2.212709
v 0.000000 37.500000 2.212709
v 0.000000 -362.500000 2.212709
v -37.500000 0.000000 2.212709
v 362.500000 0.000000 2.212709
v 200.000000 -162.500000 2.212709
v 200.000000 -362.500000 2.212709
v 162.500000 -200.000000 2.212709
v 362.500000 -200.000000 2.212709
v -200.000000 -162.500000 2.212709
v -200.000000 -362.500000 2.212709
v -237.500000 -200.000000 2.212709
v -37.500000 -200.000000 2.212709
v -200.000000 237.500000 2.212709
v -200.000000 37.500000 2.212709
v -237.500000 200.000000 2.212709
v -37.500000 200.000000 2.212709
v 200.000000 237.500000 2.212709
v 200.000000 37.500000 2.212709
v 162.500000 200.000000 2.212709
v 362.500000 200.000000 2.212709
v 300.000000 137.500000 2.212709
v 300.000000 37.500000 2.212709
v 262.500000 100.000000 2.212709
v 362.500000 100.000000 2.212709
v 100.000000 137.500000 2.212709
v 100.000000 37.500000 2.212709
v 62.500000 100.000000 2.212709
v 162.500000 100.000000 2.212709
v 100.000000 337.500000 2.212709
v 100.000000 237.500000 2.212709
v 62.500000 300.000000 2.212709
v 162.500000 300.000000 2.212709
v -100.000000 137.500000 2.212709
v -100.000000 37.500000 2.212709
v -137.500000 100.000000 2.212709
v -37.500000 100.000000 2.212709
v -300.000000 137.500000 2.212709
v -300.000000 37.500000 2.212709
v -337.500000 100.000000 2.212709
v -237.500000 100.000000 2.212709
v -300.000000 337.500000 2.212709
v -300.000000 237.500000 2.212709
v -337.500000 300.000000 2.212709
v -237.500000 300.000000 2.212709
v -100.000000 -262.500000 2.212709
v -100.000000 -362.500000 2.212709
v -137.500000 -300.000000 2.212709
v -37.500000 -300.000000 2.212709
v -300.000000 -262.500000 2.212709
v -300.000000 -362.500000 2.212709
v -337.500000 -300.000000 2.212709
v -237.500000 -300.000000 2.212709
v -300.000000 -62.500000 2.212709
v -300.000000 -162.500000 2.212709
v -337.500000 -100.000000 2.212709
v -237.500000 -100.000000 2.212709
v 300.000000 -262.500000 2.212709
v 300.000000 -362.500000 2.212709
v 262.500000 -300.000000 2.212709
v 362.500000 -300.000000 2.212709
v 100.000000 -262.500000 2.212709
v 100.000000 -362.500000 2.212709
v 62.500000 -300.000000 2.212709
v 162.500000 -300.000000 2.212709
v 100.000000 -62.500000 2.212709
v 100.000000 -162.500000 2.212709
v 62.500000 -100.000000 2.212709
v 162.500000 -100.000000 2.212709
v 300.000000 -62.500000 2.212709
v 300.000000 -162.500000 2.212709
v 262.500000 -100.000000 2.212709
v 362.500000 -100.000000 2.212709
v -100.000000 -62.500000 2.212709
v -100.000000 -162.500000 2.212709
v -137.500000 -100.000000 2.212709
v -37.500000 -100.000000 2.212709
v -100.000000 337.500000 2.212709
v -100.000000 237.500000 2.212709
v -137.500000 300.000000 2.212709
v -37.500000 300.000000 2.212709
v 300.000000 337.500000 2.212709
v 300.000000 237.500000 2.212709
v 262.500000 300.000000 2.212709
v 362.500000 300.000000 2.212709
v 350.000000 287.500000 2.212709
v 350.000000 237.500000 2.212709
v 312.500000 250.000000 2.212709
v 362.500000 250.000000 2.212709
v 250.000000 287.500000 2.212709
v 250.000000 237.500000 2.212709
v 212.500000 250.000000 2.212709
v 262.500000 250.000000 2.212709
v 250.000000 387.500000 2.212709
v 250.000000 337.500000 2.212709
v 212.500000 350.000000 2.212709
v 262.500000 350.000000 2.212709
v -50.000000 287.500000 2.212709
v -50.000000 237.500000 2.212709
v -87.500000 250.000000 2.212709
v -37.500000 250.000000 2.212709
v -150.000000 287.500000 2.212709
v -150.000000 237.500000 2.212709
v -187.500000 250.000000 2.212709
v -137.500000 250.000000 2.212709
v -150.000000 387.500000 2.212709
v -150.000000 337.500000 2.212709
v -187.500000 350.000000 2.212709
v -137.500000 350.000000 2.212709
v -50.000000 -112.500000 2.212709
v -50.000000 -162.500000 2.212709
v -87.500000 -150.000000 2.212709
v -37.500000 -150.000000 2.212709
v -150.000000 -112.500000 2.212709
v -150.000000 -162.500000 2.212709
v -187.500000 -150.000000 2.212709
v -137.500000 -150.000000 2.212709
v -150.000000 -12.500000 2.212709
v -150.000000 -62.500000 2.212709
v -187.500000 -50.000000 2.212709
v -137.500000 -50.000000 2.212709
v 350.000000 -112.500000 2.212709
v 350.000000 -162.500000 2.212709
v 312.500000 -150.000000 2.212709
v 362.500000 -150.000000 2.212709
v 250.000000 -112.500000 2.212709
v 250.000000 -162.500000 2.212709
v 212.500000 -150.000000 2.212709
v 262.500000 -150.000000 2.212709
v 250.000000 -12.500000 2.212709
v 250.000000 -62.500000 2.212709
v 212.500000 -50.000000 2.212709
v 262.500000 -50.000000 2.212709
v 150.000000 -112.500000 2.212709
v 150.000000 -162.500000 2.212709
v 112.500000 -150.000000 2.212709
v 162.500000 -150.000000 2.212709
v 50.000000 -112.500000 2.212709
v 50.000000 -162.500000 2.212709
v 12.500000 -150.000000 2.212709
v 62.500000 -150.000000 2.212709
v 50.000000 -12.500000 2.212709
v 50.000000 -62.500000 2.212709
v 12.500000 -50.000000 2.212709
v 62.500000 -50.000000 2.212709
v 150.000000 -312.500000 2.212709
v 150.000000 -362.500000 2.212709
v 112.500000 -350.000000 2.212709
v 162.500000 -350.000000 2.212709
v 50.000000 -312.500000 2.212709
v 50.000000 -362.500000 2.212709
v 12.500000 -350.000000 2.212709
v 62.500000 -350.000000 2.212709
v 50.000000 -212.500000 2.212709
v 50.000000 -262.500000 2.212709
v 12.500000 -250.000000 2.212709
v 62.500000 -250.000000 2.212709
v 350.000000 -312.500000 2.212709
v 350.000000 -362.500000 2.212709
v 312.500000 -350.000000 2.212709
v 362.500000 -350.000000 2.212709
v 250.000000 -312.500000 2.212709
v 250.000000 -362.500000 2.212709
v 212.500000 -350.000000 2.212709
v 262.500000 -350.000000 2.212709
v 250.000000 -212.500000 2.212709
v 250.000000 -262.500000 2.212709
v 212.500000 -250.000000 2.212709
v 262.500000 -250.000000 2.212709
v -250.000000 -112.500000 2.212709
v -250.000000 -162.500000 2.212709
v -287.500000 -150.000000 2.212709
v -237.500000 -150.000000 2.212709
v -350.000000 -112.500000 2.212709
v -350.000000 -162.500000 2.212709
v -387.500000 -150.000000 2.212709
v -337.500000 -150.000000 2.212709
v -350.000000 -12.500000 2.212709
v -350.000000 -62.500000 2.212709
v -387.500000 -50.000000 2.212709
v -337.500000 -50.000000 2.212709
v -250.000000 -312.500000 2.212709
v -250.000000 -362.500000 2.212709
v -287.500000 -350.000000 2.212709
v -237.500000 -350.000000 2.212709
v -350.000000 -312.500000 2.212709
v -350.000000 -362.500000 2.212709
v -387.500000 -350.000000 2.212709
v -337.500000 -350.000000 2.212709
v -350.000000 -212.500000 2.212709
v -350.000000 -262.500000 2.212709
v -387.500000 -250.000000 2.212709
v -337.500000 -250.000000 2.212709
v -50.000000 -312.500000 2.212709
v -50.000000 -362.500000 2.212709
v -87.500000 -350.000000 2.212709
v -37.500000 -350.000000 2.212709
v -150.000000 -312.500000 2.212709
v -150.000000 -362.500000 2.212709
v -187.500000 -350.000000 2.212709
v -137.500000 -350.000000 2.212709
v -150.000000 -212.500000 2.212709
v -150.000000 -262.500000 2.212709
v -187.500000 -250.000000 2.212709
v -137.500000 -250.000000 2.212709
v -250.000000 287.500000 2.212709
v -250.000000 237.500000 2.212709
v -287.500000 250.000000 2.212709
v -237.500000 250.000000 2.212709
v -350.000000 287.500000 2.212709
v -350.000000 237.500000 2.212709
v -387.500000 250.000000 2.212709
v -337.500000 250.000000 2.212709
v -350.000000 387.500000 2.212709
v -350.000000 337.500000 2.212709
v -387.500000 350.000000 2.212709
v -337.500000 350.000000 2.212709
v -250.000000 87.500000 2.212709
v -250.000000 37.500000 2.212709
v -287.500000 50.000000 2.212709
v -237.500000 50.000000 2.212709
v -350.000000 87.500000 2.212709
v -350.000000 37.500000 2.212709
v -387.500000 50.000000 2.212709
v -337.500000 50.000000 2.212709
v -350.000000 187.500000 2.212709
v -350.000000 137.500000 2.212709
v -387.500000 150.000000 2.212709
v -337.500000 150.000000 2.212709
v -50.000000 87.500000 2.212709
v -50.000000 37.500000 2.212709
v -87.500000 50.000000 2.212709
v -37.500000 50.000000 2.212709
v -150.000000 87.500000 2.212709
v -150.000000 37.500000 2.212709
v -187.500000 50.000000 2.212709
v -137.500000 50.000000 2.212709
v -150.000000 187.500000 2.212709
v -150.000000 137.500000 2.212709
v -187.500000 150.000000 2.212709
v -137.500000 150.000000 2.212709
v 150.000000 287.500000 2.212709
v 150.000000 237.500000 2.212709
v 112.500000 250.000000 2.212709
v 162.500000 250.000000 2.212709
v 50.000000 287.500000 2.212709
v 50.000000 237.500000 2.212709
v 12.500000 250.000000 2.212709
v 62.500000 250.000000 2.212709
v 50.000000 387.500000 2.212709
v 50.000000 337.500000 2.212709
v 12.500000 350.000000 2.212709
v 62.500000 350.000000 2.212709
v 150.000000 87.500000 2.212709
v 150.000000 37.500000 2.212709
v 112.500000 50.000000 2.212709
v 162.500000 50.000000 2.212709
v 50.000000 87.500000 2.212709
v 50.000000 37.500000 2.212709
v 12.500000 50.000000 2.212709
v 62.500000 50.000000 2.212709
v 50.000000 187.500000 2.212709
v 50.000000 137.500000 2.212709
v 12.500000 150.000000 2.212709
v 62.500000 150.000000 2.212709
v 350.000000 87.500000 2.212709
v 350.000000 37.500000 2.212709
v 312.500000 50.000000 2.212709
v 362.500000 50.000000 2.212709
v 250.000000 87.500000 2.212709
v 250.000000 37.500000 2.212709
v 212.500000 50.000000 2.212709
v 262.500000 50.000000 2.212709
v 250.000000 187.500000 2.212709
v 250.000000 137.500000 2.212709
v 212.500000 150.000000 2.212709
v 262.500000 150.000000 2.212709
v 350.000000 187.500000 2.212709
v 350.000000 137.500000 2.212709
v 312.500000 150.000000 2.212709
v 362.500000 150.000000 2.212709
v 150.000000 187.500000 2.212709
v 150.000000 137.500000 2.212709
v 112.500000 150.000000 2.212709
v 162.500000 150.000000 2.212709
v 150.000000 387.500000 2.212709
v 150.000000 337.500000 2.212709
v 112.500000 350.000000 2.212709
v 162.500000 350.000000 2.212709
v -50.000000 187.500000 2.212709
v -50.000000 137.500000 2.212709
v -87.500000 150.000000 2.212709
v -37.500000 150.000000 2.212709
v -250.000000 187.500000 2.212709
v -250.000000 137.500000 2.212709
v -287.500000 150.000000 2.212709
v -237.500000 150.000000 2.212709
v -250.000000 387.500000 2.212709
v -250.000000 337.500000 2.212709
v -287.500000 350.000000 2.212709
v -237.500000 350.000000 2.212709
v -50.000000 -212.500000 2.212709
v -50.000000 -262.500000 2.212709
v -87.500000 -250.000000 2.212709
v -37.500000 -250.000000 2.212709
v -250.000000 -212.500000 2.212709
v -250.000000 -262.500000 2.212709
v -287.500000 -250.000000 2.212709
v -237.500000 -250.000000 2.212709
v -250.000000 -12.500000 2.212709
v -250.000000 -62.500000 2.212709
v -287.500000 -50.000000 2.212709
v -237.500000 -50.000000 2.212709
v 350.000000 -212.500000 2.212709
v 350.000000 -262.500000 2.212709
v 312.500000 -250.000000 2.212709
v 362.500000 -250.000000 2.212709
v 150.000000 -212.500000 2.212709
v 150.000000 -262.500000 2.212709
v 112.500000 -250.000000 2.212709
v 162.500000 -250.000000 2.212709
v 150.000000 -12.500000 2.212709
v 150.000000 -62.500000 2.212709
v 112.500000 -50.000000 2.212709
v 162.500000 -50.000000 2.212709
v 350.000000 -12.500000 2.212709
v 350.000000 -62.500000 2.212709
v 312.500000 -50.000000 2.212709
v 362.500000 -50.000000 2.212709
v -50.000000 -12.500000 2.212709
v -50.000000 -62.500000 2.212709
v -87.500000 -50.000000 2.212709
v -37.500000 -50.000000 2.212709
v -50.000000 387.500000 2.212709
v -50.000000 337.500000 2.212709
v -87.500000 350.000000 2.212709
v -37.500000 350.000000 2.212709
v 350.000000 387.500000 2.212709
v 350.000000 337.500000 2.212709
v 312.500000 350.000000 2.212709
v 362.500000 350.000000 2.212709
v -400.000000 -362.500000 2.212709
v 362.500000 -400.000000 2.212709
v 400.000000 362.500000 2.212709
v -362.500000 400.000000 2.212709
v -400.000000 37.500000 2.212709
v -37.500000 -400.000000 2.212709
v 400.000000 -37.500000 2.212709
v 37.500000 400.000000 2.212709
v 0.000000 362.500000 2.212709
v 0.000000 -37.500000 2.212709
v -362.500000 0.000000 2.212709
v 37.500000 0.000000 2.212709
v -400.000000 -162.500000 2.212709
v 162.500000 -400.000000 2.212709
v 400.000000 162.500000 2.212709
v -162.500000 400.000000 2.212709
v -400.000000 237.500000 2.212709
v -237.500000 -400.000000 2.212709
v 400.000000 -237.500000 2.212709
v 237.500000 400.000000 2.212709
v 0.000000 162.500000 2.212709
v 0.000000 -237.500000 2.212709
v -162.500000 0.000000 2.212709
v 237.500000 0.000000 2.212709
v 200.000000 -37.500000 2.212709
v 200.000000 -237.500000 2.212709
v 37.500000 -200.000000 2.212709
v 237.500000 -200.000000 2.212709
v -200.000000 -37.500000 2.212709
v -200.000000 -237.500000 2.212709
v -362.500000 -200.000000 2.212709
v -162.500000 -200.000000 2.212709
v -200.000000 362.500000 2.212709
v -200.000000 162.500000 2.212709
v -362.500000 200.000000 2.212709
v -162.500000 200.000000 2.212709
v 200.000000 362.500000 2.212709
v 200.000000 162.500000 2.212709
v 37.500000 200.000000 2.212709
v 237.500000 200.000000 2.212709
v -400.000000 -262.500000 2.212709
v 262.500000 -400.000000 2.212709
v 400.000000 262.500000 2.212709
v -262.500000 400.000000 2.212709
v -400.000000 137.500000 2.212709
v -137.500000 -400.000000 2.212709
v 400.000000 -137.500000 2.212709
v 137.500000 400.000000 2.212709
v 0.000000 262.500000 2.212709
v 0.000000 -137.500000 2.212709
v -262.500000 0.000000 2.212709
v 137.500000 0.000000 2.212709
v -400.000000 -62.500000 2.212709
v 62.500000 -400.000000 2.212709
v 400.000000 62.500000 2.212709
v -62.500000 400.000000 2.212709
v -400.000000 337.500000 2.212709
v -337.500000 -400.000000 2.212709
v 400.000000 -337.500000 2.212709
v 337.500000 400.000000 2.212709
v 0.000000 62.500000 2.212709
v 0.000000 -337.500000 2.212709
v -62.500000 0.000000 2.212709
v 337.500000 0.000000 2.212709
v 200.000000 -137.500000 2.212709
v 200.000000 -337.500000 2.212709
v 137.500000 -200.000000 2.212709
v 337.500000 -200.000000 2.212709
v -200.000000 -137.500000 2.212709
v -200.000000 -337.500000 2.212709
v -262.500000 -200.000000 2.212709
v -62.500000 -200.000000 2.212709
v -200.000000 262.500000 2.212709
v -200.000000 62.500000 2.212709
v -262.500000 200.000000 2.212709
v -62.500000 200.000000 2.212709
v 200.000000 262.500000 2.212709
v 200.000000 62.500000 2.212709
v 137.500000 200.000000 2.212709
v 337.500000 200.000000 2.212709
v 300.000000 162.500000 2.212709
v 300.000000 62.500000 2.212709
v 237.500000 100.000000 2.212709
v 337.500000 100.000000 2.212709
v 100.000000 162.500000 2.212709
v 100.000000 62.500000 2.212709
v 37.500000 100.000000 2.212709
v 137.500000 100.000000 2.212709
v 100.000000 362.500000 2.212709
v 100.000000 262.500000 2.212709
v 37.500000 300.000000 2.212709
v 137.500000 300.000000 2.212709
v -100.000000 162.500000 2.212709
v -100.000000 62.500000 2.212709
v -162.500000 100.000000 2.212709
v -62.500000 100.000000 2.212709
v -300.000000 162.500000 2.212709
v -300.000000 62.500000 2.212709
v -362.500000 100.000000 2.212709
v -262.500000 100.000000 2.212709
v -300.000000 362.500000 2.212709
v -300.000000 262.500000 2.212709
v -362.500000 300.000000 2.212709
v -262.500000 300.000000 2.212709
v -100.000000 -237.500000 2.212709
v -100.000000 -337.500000 2.212709
v -162.500000 -300.000000 2.212709
v -62.500000 -300.000000 2.212709
v -300.000000 -237.500000 2.212709
v -300.000000 -337.500000 2.212709
v -362.500000 -300.000000 2.212709
v -262.500000 -300.000000 2.212709
v -300.000000 -37.500000 2.212709
v -300.000000 -137.500000 2.212709
v -362.500000 -100.000000 2.212709
v -262.500000 -100.000000 2.212709
v 300.000000 -237.500000 2.212709
v 300.000000 -337.500000 2.212709
v 237.500000 -300.000000 2.212709
v 337.500000 -300.000000 2.212709
v 100.000000 -237.500000 2.212709
v 100.000000 -337.500000 2.212709
v 37.500000 -300.000000 2.212709
v 137.500000 -300.000000 2.212709
v 100.000000 -37.500000 2.212709
v 100.000000 -137.500000 2.212709
v 37.500000 -100.000000 2.212709
v 137.500000 -100.000000 2.212709
v 300.000000 -37.500000 2.212709
v 300.000000 -137.500000 2.212709
v 237.500000 -100.000000 2.212709
v 337.500000 -100.000000 2.212709
v -100.000000 -37.500000 2.212709
v -100.000000 -137.500000 2.212709
v -162.500000 -100.000000 2.212709
v -62.500000 -100.000000 2.212709
v -100.000000 362.500000 2.212709
v -100.000000 262.500000 2.212709
v -162.500000 300.000000 2.212709
v -62.500000 300.000000 2.212709
v 300.000000 362.500000 2.212709
v 300.000000 262.500000 2.212709
v 237.500000 300.000000 2.212709
v 337.500000 300.000000 2.212709
v -400.000000 -312.500000 2.212709
v 312.500000 -400.000000 2.212709
v 400.000000 312.500000 2.212709
v -312.500000 400.000000 2.212709
v -400.000000 87.500000 2.212709
v -87.500000 -400.000000 2.212709
v 400.000000 -87.500000 2.212709
v 87.500000 400.000000 2.212709
v 0.000000 312.500000 2.212709
v 0.000000 -87.500000 2.212709
v -312.500000 0.000000 2.212709
v 87.500000 0.000000 2.212709
v -400.000000 -112.500000 2.212709
v 112.500000 -400.000000 2.212709
v 400.000000 112.500000 2.212709
v -112.500000 400.000000 2.212709
v -400.000000 287.500000 2.212709
v -287.500000 -400.000000 2.212709
v 400.000000 -287.500000 2.212709
v 287.500000 400.000000 2.212709
v 0.000000 112.500000 2.212709
v 0.000000 -287.500000 2.212709
v -112.500000 0.000000 2.212709
v 287.500000 0.000000 2.212709
v 200.000000 -87.500000 2.212709
v 200.000000 -287.500000 2.212709
v 87.500000 -200.000000 2.212709
v 287.500000 -200.000000 2.212709
v -200.000000 -87.500000 2.212709
v -200.000000 -287.500000 2.212709
v -312.500000 -200.000000 2.212709
v -112.500000 -200.000000 2.212709
v -200.000000 312.500000 2.212709
v -200.000000 112.500000 2.212709
v -312.500000 200.000000 2.212709
v -112.500000 200.000000 2.212709
v 200.000000 312.500000 2.212709
v 200.000000 112.500000 2.212709
v 87.500000 200.000000 2.212709
v 287.500000 200.000000 2.212709
v -400.000000 -212.500000 2.212709
v 212.500000 -400.000000 2.212709
v 400.000000 212.500000 2.212709
v -212.500000 400.000000 2.212709
v -400.000000 187.500000 2.212709
v -187.500000 -400.000000 2.212709
v 400.000000 -187.500000 2.212709
v 187.500000 400.000000 2.212709
v 0.000000 212.500000 2.212709
v 0.000000 -187.500000 2.212709
v -212.500000 0.000000 2.212709
v 187.500000 0.000000 2.212709
v -400.000000 -12.500000 2.212709
v 12.500000 -400.000000 2.212709
v 400.000000 12.500000 2.212709
v -12.500000 400.000000 2.212709
v -400.000000 387.500000 2.212709
v -387.500000 -400.000000 2.212709
v 400.000000 -387.500000 2.212709
v 387.500000 400.000000 2.212709
v 0.000000 12.500000 2.212709
v 0.000000 -387.500000 2.212709
v -12.500000 0.000000 2.212709
v 387.500000 0.000000 2.212709
v 200.000000 -187.500000 2.212709
v 200.000000 -387.500000 2.212709
v 187.500000 -200.000000 2.212709
v 387.500000 -200.000000 2.212709
v -200.000000 -187.500000 2.212709
v -200.000000 -387.500000 2.212709
v -212.500000 -200.000000 2.212709
v -12.500000 -200.000000 2.212709
v -200.000000 212.500000 2.212709
v -200.000000 12.500000 2.212709
v -212.500000 200.000000 2.212709
v -12.500000 200.000000 2.212709
v 200.000000 212.500000 2.212709
v 200.000000 12.500000 2.212709
v 187.500000 200.000000 2.212709
v 387.500000 200.000000 2.212709
v 300.000000 112.500000 2.212709
v 300.000000 12.500000 2.212709
v 287.500000 100.000000 2.212709
v 387.500000 100.000000 2.212709
v 100.000000 112.500000 2.212709
v 100.000000 12.500000 2.212709
v 87.500000 100.000000 2.212709
v 187.500000 100.000000 2.212709
v 100.000000 312.500000 2.212709
v 100.000000 212.500000 2.212709
v 87.500000 300.000000 2.212709
v 187.500000 300.000000 2.212709
v -100.000000 112.500000 2.212709
v -100.000000 12.500000 2.212709
v -112.500000 100.000000 2.212709
v -12.500000 100.000000 2.212709
v -300.000000 112.500000 2.212709
v -300.000000 12.500000 2.212709
v -312.500000 100.000000 2.212709
v -212.500000 100.000000 2.212709
v -300.000000 312.500000 2.212709
v -300.000000 212.500000 2.212709
v -312.500000 300.000000 2.212709
v -212.500000 300.000000 2.212709
v -100.000000 -287.500000 2.212709
v -100.000000 -387.500000 2.212709
v -112.500000 -300.000000 2.212709
v -12.500000 -300.000000 2.212709
v -300.000000 -287.500000 2.212709
v -300.000000 -387.500000 2.212709
v -312.500000 -300.000000 2.212709
v -212.500000 -300.000000 2.212709
v -300.000000 -87.500000 2.212709
v -300.000000 -187.500000 2.212709
v -312.500000 -100.000000 2.212709
v -212.500000 -100.000000 2.212709
v 300.000000 -287.500000 2.212709
v 300.000000 -387.500000 2.212709
v 287.500000 -300.000000 2.212709
v 387.500000 -300.000000 2.212709
v 100.000000 -287.500000 2.212709
v 100.000000 -387.500000 2.212709
v 87.500000 -300.000000 2.212709
v 187.500000 -300.000000 2.212709
v 100.000000 -87.500000 2.212709
v 100.000000 -187.500000 2.212709
v 87.500000 -100.000000 2.212709
v 187.500000 -100.000000 2.212709
v 300.000000 -87.500000 2.212709
v 300.000000 -187.500000 2.212709
v 287.500000 -100.000000 2.212709
v 387.500000 -100.000000 2.212709
v -100.000000 -87.500000 2.212709
v -100.000000 -187.500000 2.212709
v -112.500000 -100.000000 2.212709
v -12.500000 -100.000000 2.212709
v -100.000000 312.500000 2.212709
v -100.000000 212.500000 2.212709
v -112.500000 300.000000 2.212709
v -12.500000 300.000000 2.212709
v 300.000000 312.500000 2.212709
v 300.000000 212.500000 2.212709
v 287.500000 300.000000 2.212709
v 387.500000 300.000000 2.212709
v 350.000000 262.500000 2.212709
v 350.000000 212.500000 2.212709
v 337.500000 250.000000 2.212709
v 387.500000 250.000000 2.212709
v 250.000000 262.500000 2.212709
v 250.000000 212.500000 2.212709
v 237.500000 250.000000 2.212709
v 287.500000 250.000000 2.212709
v 250.000000 362.500000 2.212709
v 250.000000 312.500000 2.212709
v 237.500000 350.000000 2.212709
v 287.500000 350.000000 2.212709
v -50.000000 262.500000 2.212709
v -50.000000 212.500000 2.212709
v -62.500000 250.000000 2.212709
v -12.500000 250.000000 2.212709
v -150.000000 262.500000 2.212709
v -150.000000 212.500000 2.212709
v -162.500000 250.000000 2.212709
v -112.500000 250.000000 2.212709
v -150.000000 362.500000 2.212709
v -150.000000 312.500000 2.212709
v -162.500000 350.000000 2.212709
v -112.500000 350.000000 2.212709
v -50.000000 -137.500000 2.212709
v -50.000000 -187.500000 2.212709
v -62.500000 -150.000000 2.212709
v -12.500000 -150.000000 2.212709
v -150.000000 -137.500000 2.212709
v -150.000000 -187.500000 2.212709
v -162.500000 -150.000000 2.212709
v -112.500000 -150.000000 2.212709
v -150.000000 -37.500000 2.212709
v -150.000000 -87.500000 2.212709
v -162.500000 -50.000000 2.212709
v -112.500000 -50.000000 2.212709
v 350.000000 -137.500000 2.212709
v 350.000000 -187.500000 2.212709
v 337.500000 -150.000000 2.212709
v 387.500000 -150.000000 2.212709
v 250.000000 -137.500000 2.212709
v 250.000000 -187.500000 2.212709
v 237.500000 -150.000000 2.212709
v 287.500000 -150.000000 2.212709
v 250.000000 -37.500000 2.212709
v 250.000000 -87.500000 2.212709
v 237.500000 -50.000000 2.212709
v 287.500000 -50.000000 2.212709
v 150.000000 -137.500000 2.212709
v 150.000000 -187.500000 2.212709
v 137.500000 -150.000000 2.212709
v 187.500000 -150.000000 2.212709
v 50.000000 -137.500000 2.212709
v 50.000000 -187.500000 2.212709
v 37.500000 -150.000000 2.212709
v 87.500000 -150.000000 2.212709
v 50.000000 -37.500000 2.212709
v 50.000000 -87.500000 2.212709
v 37.500000 -50.000000 2.212709
v 87.500000 -50.000000 2.212709
v 150.000000 -337.500000 2.212709
v 150.000000 -387.500000 2.212709
v 137.500000 -350.000000 2.212709
v 187.500000 -350.000000 2.212709
v 50.000000 -337.500000 2.212709
v 50.000000 -387.500000 2.212709
v 37.500000 -350.000000 2.212709
v 87.500000 -350.000000 2.212709
v 50.000000 -237.500000 2.212709
v 50.000000 -287.500000 2.212709
v 37.500000 -250.000000 2.212709
v 87.500000 -250.000000 2.212709
v 350.000000 -337.500000 2.212709
v 350.000000 -387.500000 2.212709
v 337.500000 -350.000000 2.212709
v 387.500000 -350.000000 2.212709
v 250.000000 -337.500000 2.212709
v 250.000000 -387.500000 2.212709
v 237.500000 -350.000000 2.212709
v 287.500000 -350.000000 2.212709
v 250.000000 -237.500000 2.212709
v 250.000000 -287.500000 2.212709
v 237.500000 -250.000000 2.212709
v 287.500000 -250.000000 2.212709
v -250.000000 -137.500000 2.212709
v -250.000000 -187.500000 2.212709
v -262.500000 -150.000000 2.212709
v -212.500000 -150.000000 2.212709
v -350.000000 -137.500000 2.212709
v -350.000000 -187.500000 2.212709
v -362.500000 -150.000000 2.212709
v -312.500000 -150.000000 2.212709
v -350.000000 -37.500000 2.212709
v -350.000000 -87.500000 2.212709
v -362.500000 -50.000000 2.212709
v -312.500000 -50.000000 2.212709
v -250.000000 -337.500000 2.212709
v -250.000000 -387.500000 2.212709
v -262.500000 -350.000000 2.212709
v -212.500000 -350.000000 2.212709
v -350.000000 -337.500000 2.212709
v -350.000000 -387.500000 2.212709
v -362.500000 -350.000000 2.212709
v -312.500000 -350.000000 2.212709
v -350.000000 -237.500000 2.212709
v -350.000000 -287.500000 2.212709
v -362.500000 -250.000000 2.212709
v -312.500000 -250.000000 2.212709
v -50.000000 -337.500000 2.212709
v -50.000000 -387.500000 2.212709
v -62.500000 -350.000000 2.212709
v -12.500000 -350.000000 2.212709
v -150.000000 -337.500000 2.212709
v -150.000000 -387.500000 2.212709
v -162.500000 -350.000000 2.212709
v -112.500000 -350.000000 2.212709
v -150.000000 -237.500000 2.212709
v -150.000000 -287.500000 2.212709
v -162.500000 -250.000000 2.212709
v -112.500000 -250.000000 2.212709
v -250.000000 262.500000 2.212709
v -250.000000 212.500000 2.212709
v -262.500000 250.000000 2.212709
v -212.500000 250.000000 2.212709
v -350.000000 262.500000 2.212709
v -350.000000 212.500000 2.212709
v -362.500000 250.000000 2.212709
v -312.500000 250.000000 2.212709
v -350.000000 362.500000 2.212709
v -350.000000 312.500000 2.212709
v -362.500000 350.000000 2.212709
v -312.500000 350.000000 2.212709
v -250.000000 62.500000 2.212709
v -250.000000 12.500000 2.212709
v -262.500000 50.000000 2.212709
v -212.500000 50.000000 2.212709
v -350.000000 62.500000 2.212709
v -350.000000 12.500000 2.212709
v -362.500000 50.000000 2.212709
v -312.500000 50.000000 2.212709
v -350.000000 162.500000 2.212709
v -350.000000 112.500000 2.212709
v -362.500000 150.000000 2.212709
v -312.500000 150.000000 2.212709
v -50.000000 62.500000 2.212709
v -50.000000 12.500000 2.212709
v -62.500000 50.000000 2.212709
v -12.500000 50.000000 2.212709
v -150.000000 62.500000 2.212709
v -150.000000 12.500000 2.212709
v -162.500000 50.000000 2.212709
v -112.500000 50.000000 2.212709
v -150.000000 162.500000 2.212709
v -150.000000 112.500000 2.212709
v -162.500000 150.000000 2.212709
v -112.500000 150.000000 2.212709
v 150.000000 262.500000 2.212709
v 150.000000 212.500000 2.212709
v 137.500000 250.000000 2.212709
v 187.500000 250.000000 2.212709
v 50.000000 262.500000 2.212709
v 50.000000 212.500000 2.212709
v 37.500000 250.000000 2.212709
v 87.500000 250.000000 2.212709
v 50.000000 362.500000 2.212709
v 50.000000 312.500000 2.212709
v 37.500000 350.000000 2.212709
v 87.500000 350.000000 2.212709
v 150.000000 62.500000 2.212709
v 150.000000 12.500000 2.212709
v 137.500000 50.000000 2.212709
v 187.500000 50.000000 2.212709
v 50.000000 62.500000 2.212709
v 50.000000 12.500000 2.212709
v 37.500000 50.000000 2.212709
v 87.500000 50.000000 2.212709
v 50.000000 162.500000 2.212709
v 50.000000 112.500000 2.212709
v 37.500000 150.000000 2.212709
v 87.500000 150.000000 2.212709
v 350.000000 62.500000 2.212709
v 350.000000 12.500000 2.212709
v 337.500000 50.000000 2.212709
v 387.500000 50.000000 2.212709
v 250.000000 62.500000 2.212709
v 250.000000 12.500000 2.212709
v 237.500000 50.000000 2.212709
v 287.500000 50.000000 2.212709
v 250.000000 162.500000 2.212709
v 250.000000 112.500000 2.212709
v 237.500000 150.000000 2.212709
v 287.500000 150.000000 2.212709
v 350.000000 162.500000 2.212709
v 350.000000 112.500000 2.212709
v 337.500000 150.000000 2.212709
v 387.500000 150.000000 2.212709
v 150.000000 162.500000 2.212709
v 150.000000 112.500000 2.212709
v 137.500000 150.000000 2.212709
v 187.500000 150.000000 2.212709
v 150.000000 362.500000 2.212709
v 150.000000 312.500000 2.212709
v 137.500000 350.000000 2.212709
v 187.500000 350.000000 2.212709
v -50.000000 162.500000 2.212709
v -50.000000 112.500000 2.212709
v -62.500000 150.000000 2.212709
v -12.500000 150.000000 2.212709
v -250.000000 162.500000 2.212709
v -250.000000 112.500000 2.212709
v -262.500000 150.000000 2.212709
v -212.500000 150.000000 2.212709
v -250.000000 362.500000 2.212709
v -250.000000 312.500000 2.212709
v -262.500000 350.000000 2.212709
v -212.500000 350.000000 2.212709
v -50.000000 -237.500000 2.212709
v -50.000000 -287.500000 2.212709
v -62.500000 -250.000000 2.212709
v -12.500000 -250.000000 2.212709
v -250.000000 -237.500000 2.212709
v -250.000000 -287.500000 2.212709
v -262.500000 -250.000000 2.212709
v -212.500000 -250.000000 2.212709
v -250.000000 -37.500000 2.212709
v -250.000000 -87.500000 2.212709
v -262.500000 -50.000000 2.212709
v -212.500000 -50.000000 2.212709
v 350.000000 -237.500000 2.212709
v 350.000000 -287.500000 2.212709
v 337.500000 -250.000000 2.212709
v 387.500000 -250.000000 2.212709
v 150.000000 -237.500000 2.212709
v 150.000000 -287.500000 2.212709
v 137.500000 -250.000000 2.212709
v 187.500000 -250.000000 2.212709
v 150.000000 -37.500000 2.212709
v 150.000000 -87.500000 2.212709
v 137.500000 -50.000000 2.212709
v 187.500000 -50.000000 2.212709
v 350.000000 -37.500000 2.212709
v 350.000000 -87.500000 2.212709
v 337.500000 -50.000000 2.212709
v 387.500000 -50.000000 2.212709
v -50.000000 -37.500000 2.212709
v -50.000000 -87.500000 2.212709
v -62.500000 -50.000000 2.212709
v -12.500000 -50.000000 2.212709
v -50.000000 362.500000 2.212709
v -50.000000 312.500000 2.212709
v -62.500000 350.000000 2.212709
v -12.500000 350.000000 2.212709
v 350.000000 362.500000 2.212709
v 350.000000 312.500000 2.212709
v 337.500000 350.000000 2.212709
v 387.500000 350.000000 2.212709
v 375.000000 337.500000 2.212709
v 375.000000 312.500000 2.212709
v 362.500000 325.000000 2.212709
v 387.500000 325.000000 2.212709
v 325.000000 337.500000 2.212709
v 325.000000 312.500000 2.212709
v 312.500000 325.000000 2.212709
v 337.500000 325.000000 2.212709
v 325.000000 387.500000 2.212709
v 325.000000 362.500000 2.212709
v 312.500000 375.000000 2.212709
v 337.500000 375.000000 2.212709
v -25.000000 337.500000 2.212709
v -25.000000 312.500000 2.212709
v -37.500000 325.000000 2.212709
v -12.500000 325.000000 2.212709
v -75.000000 337.500000 2.212709
v -75.000000 312.500000 2.212709
v -87.500000 325.000000 2.212709
v -62.500000 325.000000 2.212709
v -75.000000 387.500000 2.212709
v -75.000000 362.500000 2.212709
v -87.500000 375.000000 2.212709
v -62.500000 375.000000 2.212709
v -25.000000 -62.500000 2.212709
v -25.000000 -87.500000 2.212709
v -37.500000 -75.000000 2.212709
v -12.500000 -75.000000 2.212709
v -75.000000 -62.500000 2.212709
v -75.000000 -87.500000 2.212709
v -87.500000 -75.000000 2.212709
v -62.500000 -75.000000 2.212709
v -75.000000 -12.500000 2.212709
v -75.000000 -37.500000 2.212709
v -87.500000 -25.000000 2.212709
v -62.500000 -25.000000 2.212709
v 375.000000 -62.500000 2.212709
v 375.000000 -87.500000 2.212709
v 362.500000 -75.000000 2.212709
v 387.500000 -75.000000 2.212709
v 325.000000 -62.500000 2.212709
v 325.000000 -87.500000 2.212709
v 312.500000 -75.000000 2.212709
v 337.500000 -75.000000 2.212709
v 325.000000 -12.500000 2.212709
v 325.000000 -37.500000 2.212709
v 312.500000 -25.000000 2.212709
v 337.500000 -25.000000 2.212709
v 175.000000 -62.500000 2.212709
v 175.000000 -87.500000 2.212709
v 162.500000 -75.000000 2.212709
v 187.500000 -75.000000 2.212709
v 125.000000 -62.500000 2.212709
v 125.000000 -87.500000 2.212709
v 112.500000 -75.000000 2.212709
v 137.500000 -75.000000 2.212709
v 125.000000 -12.500000 2.212709
v 125.000000 -37.500000 2.212709
v 112.500000 -25.000000 2.212709
v 137.500000 -25.000000 2.212709
v 175.000000 -262.500000 2.212709
v 175.000000 -287.500000 2.212709
v 162.500000 -275.000000 2.212709
v 187.500000 -275.000000 2.212709
v 125.000000 -262.500000 2.212709
v 125.000000 -287.500000 2.212709
v 112.500000 -275.000000 2.212709
v 137.500000 -275.000000 2.212709
v 125.000000 -212.500000 2.212709
v 125.000000 -237.500000 2.212709
v 112.500000 -225.000000 2.212709
v 137.500000 -225.000000 2.212709
v 375.000000 -262.500000 2.212709
v 375.000000 -287.500000 2.212709
v 362.500000 -275.000000 2.212709
v 387.500000 -275.000000 2.212709
v 325.000000 -262.500000 2.212709
v 325.000000 -287.500000 2.212709
v 312.500000 -275.000000 2.212709
v 337.500000 -275.000000 2.212709
v 325.000000 -212.500000 2.212709
v 325.000000 -237.500000 2.212709
v 312.500000 -225.000000 2.212709
v 337.500000 -225.000000 2.212709
v -225.000000 -62.500000 2.212709
v -225.000000 -87.500000 2.212709
v -237.500000 -75.000000 2.212709
v -212.500000 -75.000000 2.212709
v -275.000000 -62.500000 2.212709
v -275.000000 -87.500000 2.212709
v -287.500000 -75.000000 2.212709
v -262.500000 -75.000000 2.212709
v -275.000000 -12.500000 2.212709
v -275.000000 -37.500000 2.212709
v -287.500000 -25.000000 2.212709
v -262.500000 -25.000000 2.212709
v -225.000000 -262.500000 2.212709
v -225.000000 -287.500000 2.212709
v -237.500000 -275.000000 2.212709
v -212.500000 -275.000000 2.212709
v -275.000000 -262.500000 2.212709
v -275.000000 -287.500000 2.212709
v -287.500000 -275.000000 2.212709
v -262.500000 -275.000000 2.212709
v -275.000000 -212.500000 2.212709
v -275.000000 -237.500000 2.212709
v -287.500000 -225.000000 2.212709
v -262.500000 -225.000000 2.212709
v -25.000000 -262.500000 2.212709
v -25.000000 -287.500000 2.212709
v -37.500000 -275.000000 2.212709
v -12.500000 -275.000000 2.212709
v -75.000000 -262.500000 2.212709
v -75.000000 -287.500000 2.212709
v -87.500000 -275.000000 2.212709
v -62.500000 -275.000000 2.212709
v -75.000000 -212.500000 2.212709
v -75.000000 -237.500000 2.212709
v -87.500000 -225.000000 2.212709
v -62.500000 -225.000000 2.212709
v -225.000000 337.500000 2.212709
v -225.000000 312.500000 2.212709
v -237.500000 325.000000 2.212709
v -212.500000 325.000000 2.212709
v -275.000000 337.500000 2.212709
v -275.000000 312.500000 2.212709
v -287.500000 325.000000 2.212709
v -262.500000 325.000000 2.212709
v -275.000000 387.500000 2.212709
v -275.000000 362.500000 2.212709
v -287.500000 375.000000 2.212709
v -262.500000 375.000000 2.212709
v -225.000000 137.500000 2.212709
v -225.000000 112.500000 2.212709
v -237.500000 125.000000 2.212709
v -212.500000 125.000000 2.212709
v -275.000000 137.500000 2.212709
v -275.000000 112.500000 2.212709
v -287.500000 125.000000 2.212709
v -262.500000 125.000000 2.212709
v -275.000000 187.500000 2.212709
v -275.000000 162.500000 2.212709
v -287.500000 175.000000 2.212709
v -262.500000 175.000000 2.212709
v -25.000000 137.500000 2.212709
v -25.000000 112.500000 2.212709
v -37.500000 125.000000 2.212709
v -12.500000 125.000000 2.212709
v -75.000000 137.500000 2.212709
v -75.000000 112.500000 2.212709
v -87.500000 125.000000 2.212709
v -62.500000 125.000000 2.212709
v -75.000000 187.500000 2.212709
v -75.000000 162.500000 2.212709
v -87.500000 175.000000 2.212709
v -62.500000 175.000000 2.212709
v 175.000000 337.500000 2.212709
v 175.000000 312.500000 2.212709
v 162.500000 325.000000 2.212709
v 187.500000 325.000000 2.212709
v 125.000000 337.500000 2.212709
v 125.000000 312.500000 2.212709
v 112.500000 325.000000 2.212709
v 137.500000 325.000000 2.212709
v 125.000000 387.500000 2.212709
v 125.000000 362.500000 2.212709
v 112.500000 375.000000 2.212709
v 137.500000 375.000000 2.212709
v 175.000000 137.500000 2.212709
v 175.000000 112.500000 2.212709
v 162.500000 125.000000 2.212709
v 187.500000 125.000000 2.212709
v 125.000000 137.500000 2.212709
v 125.000000 112.500000 2.212709
v 112.500000 125.000000 2.212709
v 137.500000 125.000000 2.212709
v 125.000000 187.500000 2.212709
v 125.000000 162.500000 2.212709
v 112.500000 175.000000 2.212709
v 137.500000 175.000000 2.212709
v 375.000000 137.500000 2.212709
v 375.000000 112.500000 2.212709
v 362.500000 125.000000 2.212709
v 387.500000 125.000000 2.212709
v 325.000000 137.500000 2.212709
v 325.000000 112.500000 2.212709
v 312.500000 125.000000 2.212709
v 337.500000 125.000000 2.212709
v 325.000000 187.500000 2.212709
v 325.000000 162.500000 2.212709
v 312.500000 175.000000 2.212709
v 337.500000 175.000000 2.212709
v 275.000000 137.500000 2.212709
v 275.000000 112.500000 2.212709
v 262.500000 125.000000 2.212709
v 287.500000 125.000000 2.212709
v 225.000000 137.500000 2.212709
v 225.000000 112.500000 2.212709
v 212.500000 125.000000 2.212709
v 237.500000 125.000000 2.212709
v 225.000000 187.500000 2.212709
v 225.000000 162.500000 2.212709
v 212.500000 175.000000 2.212709
v 237.500000 175.000000 2.212709
v 275.000000 37.500000 2.212709
v 275.000000 12.500000 2.212709
v 262.500000 25.000000 2.212709
v 287.500000 25.000000 2.212709
v 225.000000 37.500000 2.212709
v 225.000000 12.500000 2.212709
v 212.500000 25.000000 2.212709
v 237.500000 25.000000 2.212709
v 225.000000 87.500000 2.212709
v 225.000000 62.500000 2.212709
v 212.500000 75.000000 2.212709
v 237.500000 75.000000 2.212709
v 375.000000 37.500000 2.212709
v 375.000000 12.500000 2.212709
v 362.500000 25.000000 2.212709
v 387.500000 25.000000 2.212709
v 325.000000 37.500000 2.212709
v 325.000000 12.500000 2.212709
v 312.500000 25.000000 2.212709
v 337.500000 25.000000 2.212709
v 325.000000 87.500000 2.212709
v 325.000000 62.500000 2.212709
v 312.500000 75.000000 2.212709
v 337.500000 75.000000 2.212709
v 75.000000 137.500000 2.212709
v 75.000000 112.500000 2.212709
v 62.500000 125.000000 2.212709
v 87.500000 125.000000 2.212709
v 25.000000 137.500000 2.212709
v 25.000000 112.500000 2.212709
v 12.500000 125.000000 2.212709
v 37.500000 125.000000 2.212709
v 25.000000 187.500000 2.212709
v 25.000000 162.500000 2.212709
v 12.500000 175.000000 2.212709
v 37.500000 175.000000 2.212709
v 75.000000 37.500000 2.212709
v 75.000000 12.500000 2.212709
v 62.500000 25.000000 2.212709
v 87.500000 25.000000 2.212709
v 25.000000 37.500000 2.212709
v 25.000000 12.500000 2.212709
v 12.500000 25.000000 2.212709
v 37.500000 25.000000 2.212709
v 25.000000 87.500000 2.212709
v 25.000000 62.500000 2.212709
v 12.500000 75.000000 2.212709
v 37.500000 75.000000 2.212709
v 175.000000 37.500000 2.212709
v 175.000000 12.500000 2.212709
v 162.500000 25.000000 2.212709
v 187.500000 25.000000 2.212709
v 125.000000 37.500000 2.212709
v 125.000000 12.500000 2.212709
v 112.500000 25.000000 2.212709
v 137.500000 25.000000 2.212709
v 125.000000 87.500000 2.212709
v 125.000000 62.500000 2.212709
v 112.500000 75.000000 2.212709
v 137.500000 75.000000 2.212709
v 75.000000 337.500000 2.212709
v 75.000000 312.500000 2.212709
v 62.500000 325.000000 2.212709
v 87.500000 325.000000 2.212709
v 25.000000 337.500000 2.212709
v 25.000000 312.500000 2.212709
v 12.500000 325.000000 2.212709
v 37.500000 325.000000 2.212709
v 25.000000 387.500000 2.212709
v 25.000000 362.500000 2.212709
v 12.500000 375.000000 2.212709
v 37.500000 375.000000 2.212709
v 75.000000 237.500000 2.212709
v 75.000000 212.500000 2.212709
v 62.500000 225.000000 2.212709
v 87.500000 225.000000 2.212709
v 25.000000 237.500000 2.212709
v 25.000000 212.500000 2.212709
v 12.500000 225.000000 2.212709
v 37.500000 225.000000 2.212709
v 25.000000 287.500000 2.212709
v 25.000000 262.500000 2.212709
v 12.500000 275.000000 2.212709
v 37.500000 275.000000 2.212709
v 175.000000 237.500000 2.212709
v 175.000000 212.500000 2.212709
v 162.500000 225.000000 2.212709
v 187.500000 225.000000 2.212709
v 125.000000 237.500000 2.212709
v 125.000000 212.500000 2.212709
v 112.500000 225.000000 2.212709
v 137.500000 225.000000 2.212709
v 125.000000 287.500000 2.212709
v 125.000000 262.500000 2.212709
v 112.500000 275.000000 2.212709
v 137.500000 275.000000 2.212709
v -125.000000 137.500000 2.212709
v -125.000000 112.500000 2.212709
v -137.500000 125.000000 2.212709
v -112.500000 125.000000 2.212709
v -175.000000 137.500000 2.212709
v -175.000000 112.500000 2.212709
v -187.500000 125.000000 2.212709
v -162.500000 125.000000 2.212709
v -175.000000 187.500000 2.212709
v -175.000000 162.500000 2.212709
v -187.500000 175.000000 2.212709
v -162.500000 175.000000 2.212709
v -125.000000 37.500000 2.212709
v -125.000000 12.500000 2.212709
v -137.500000 25.000000 2.212709
v -112.500000 25.000000 2.212709
v -175.000000 37.500000 2.212709
v -175.000000 12.500000 2.212709
v -187.500000 25.000000 2.212709
v -162.500000 25.000000 2.212709
v -175.000000 87.500000 2.212709
v -175.000000 62.500000 2.212709
v -187.500000 75.000000 2.212709
v -162.500000 75.000000 2.212709
v -25.000000 37.500000 2.212709
v -25.000000 12.500000 2.212709
v -37.500000 25.000000 2.212709
v -12.500000 25.000000 2.212709
v -75.000000 37.500000 2.212709
v -75.000000 12.500000 2.212709
v -87.500000 25.000000 2.212709
v -62.500000 25.000000 2.212709
v -75.000000 87.500000 2.212709
v -75.000000 62.500000 2.212709
v -87.500000 75.000000 2.212709
v -62.500000 75.000000 2.212709
v -325.000000 137.500000 2.212709
v -325.000000 112.500000 2.212709
v -337.500000 125.000000 2.212709
v -312.500000 125.000000 2.212709
v -375.000000 137.500000 2.212709
v -375.000000 112.500000 2.212709
v -387.500000 125.000000 2.212709
v -362.500000 125.000000 2.212709
v -375.000000 187.500000 2.212709
v -375.000000 162.500000 2.212709
v -387.500000 175.000000 2.212709
v -362.500000 175.000000 2.212709
v -325.000000 37.500000 2.212709
v -325.000000 12.500000 2.212709
v -337.500000 25.000000 2.212709
v -312.500000 25.000000 2.212709
v -375.000000 37.500000 2.212709
v -375.000000 12.500000 2.212709
v -387.500000 25.000000 2.212709
v -362.500000 25.000000 2.212709
v -375.000000 87.500000 2.212709
v -375.000000 62.500000 2.212709
v -387.500000 75.000000 2.212709
v -362.500000 75.000000 2.212709
v -225.000000 37.500000 2.212709
v -225.000000 12.500000 2.212709
v -237.500000 25.000000 2.212709
v -212.500000 25.000000 2.212709
v -275.000000 37.500000 2.212709
v -275.000000 12.500000 2.212709
v -287.500000 25.000000 2.212709
v -262.500000 25.000000 2.212709
v -275.000000 87.500000 2.212709
v -275.000000 62.500000 2.212709
v -287.500000 75.000000 2.212709
v -262.500000 75.000000 2.212709
v -325.000000 337.500000 2.212709
v -325.000000 312.500000 2.212709
v -337.500000 325.000000 2.212709
v -312.500000 325.000000 2.212709
v -375.000000 337.500000 2.212709
v -375.000000 312.500000 2.212709
v -387.500000 325.000000 2.212709
v -362.500000 325.000000 2.212709
v -375.000000 387.500000 2.212709
v -375.000000 362.500000 2.212709
v -387.500000 375.000000 2.212709
v -362.500000 375.000000 2.212709
v -325.000000 237.500000 2.212709
v -325.000000 212.500000 2.212709
v -337.500000 225.000000 2.212709
v -312.500000 225.000000 2.212709
v -375.000000 237.500000 2.212709
v -375.000000 212.500000 2.212709
v -387.500000 225.000000 2.212709
v -362.500000 225.000000 2.212709
v -375.000000 287.500000 2.212709
v -375.000000 262.500000 2.212709
v -387.500000 275.000000 2.212709
v -362.500000 275.000000 2.212709
v -225.000000 237.500000 2.212709
v -225.000000 212.500000 2.212709
v -237.500000 225.000000 2.212709
v -212.500000 225.000000 2.212709
v -275.000000 237.500000 2.212709
v -275.000000 212.500000 2.212709
v -287.500000 225.000000 2.212709
v -262.500000 225.000000 2.212709
v -275.000000 287.500000 2.212709
v -275.000000 262.500000 2.212709
v -287.500000 275.000000 2.212709
v -262.500000 275.000000 2.212709
v -125.000000 -262.500000 2.212709
v -125.000000 -287.500000 2.212709
v -137.500000 -275.000000 2.212709
v -112.500000 -275.000000 2.212709
v -175.000000 -262.500000 2.212709
v -175.000000 -287.500000 2.212709
v -187.500000 -275.000000 2.212709
v -162.500000 -275.000000 2.212709
v -175.000000 -212.500000 2.212709
v -175.000000 -237.500000 2.212709
v -187.500000 -225.000000 2.212709
v -162.500000 -225.000000 2.212709
v -125.000000 -362.500000 2.212709
v -125.000000 -387.500000 2.212709
v -137.500000 -375.000000 2.212709
v -112.500000 -375.000000 2.212709
v -175.000000 -362.500000 2.212709
v -175.000000 -387.500000 2.212709
v -187.500000 -375.000000 2.212709
v -162.500000 -375.000000 2.212709
v -175.000000 -312.500000 2.212709
v -175.000000 -337.500000 2.212709
v -187.500000 -325.000000 2.212709
v -162.500000 -325.000000 2.212709
v -25.000000 -362.500000 2.212709
v -25.000000 -387.500000 2.212709
v -37.500000 -375.000000 2.212709
v -12.500000 -375.000000 2.212709
v -75.000000 -362.500000 2.212709
v -75.000000 -387.500000 2.212709
v -87.500000 -375.000000 2.212709
v -62.500000 -375.000000 2.212709
v -75.000000 -312.500000 2.212709
v -75.000000 -337.500000 2.212709
v -87.500000 -325.000000 2.212709
v -62.500000 -325.000000 2.212709
v -325.000000 -262.500000 2.212709
v -325.000000 -287.500000 2.212709
v -337.500000 -275.000000 2.212709
v -312.500000 -275.000000 2.212709
v -375.000000 -262.500000 2.212709
v -375.000000 -287.500000 2.212709
v -387.500000 -275.000000 2.212709
v -362.500000 -275.000000 2.212709
v -375.000000 -212.500000 2.212709
v -375.000000 -237.500000 2.212709
v -387.500000 -225.000000 2.212709
v -362.500000 -225.000000 2.212709
v -325.000000 -362.500000 2.212709
v -325.000000 -387.500000 2.212709
v -337.500000 -375.000000 2.212709
v -312.500000 -375.000000 2.212709
v -375.000000 -362.500000 2.212709
v -375.000000 -387.500000 2.212709
v -387.500000 -375.000000 2.212709
v -362.500000 -375.000000 2.212709
v -375.000000 -312.500000 2.212709
v -375.000000 -337.500000 2.212709
v -387.500000 -325.000000 2.212709
v -362.500000 -325.000000 2.212709
v -225.000000 -362.500000 2.212709
v -225.000000 -387.500000 2.212709
v -237.500000 -375.000000 2.212709
v -212.500000 -375.000000 2.212709
v -275.000000 -362.500000 2.212709
v -275.000000 -387.500000 2.212709
v -287.500000 -375.000000 2.212709
v -262.500000 -375.000000 2.212709
v -275.000000 -312.500000 2.212709
v -275.000000 -337.500000 2.212709
v -287.500000 -325.000000 2.212709
v -262.500000 -325.000000 2.212709
v -325.000000 -62.500000 2.212709
v -325.000000 -87.500000 2.212709
v -337.500000 -75.000000 2.212709
v -312.500000 -75.000000 2.212709
v -375.000000 -62.500000 2.212709
v -375.000000 -87.500000 2.212709
v -387.500000 -75.000000 2.212709
v -362.500000 -75.000000 2.212709
v -375.000000 -12.500000 2.212709
v -375.000000 -37.500000 2.212709
v -387.500000 -25.000000 2.212709
v -362.500000 -25.000000 2.212709
v -325.000000 -162.500000 2.212709
v -325.000000 -187.500000 2.212709
v -337.500000 -175.000000 2.212709
v -312.500000 -175.000000 2.212709
v -375.000000 -162.500000 2.212709
v -375.000000 -187.500000 2.212709
v -387.500000 -175.000000 2.212709
v -362.500000 -175.000000 2.212709
v -375.000000 -112.500000 2.212709
v -375.000000 -137.500000 2.212709
v -387.500000 -125.000000 2.212709
v -362.500000 -125.000000 2.212709
v -225.000000 -162.500000 2.212709
v -225.000000 -187.500000 2.212709
v -237.500000 -175.000000 2.212709
v -212.500000 -175.000000 2.212709
v -275.000000 -162.500000 2.212709
v -275.000000 -187.500000 2.212709
v -287.500000 -175.000000 2.212709
v -262.500000 -175.000000 2.212709
v -275.000000 -112.500000 2.212709
v -275.000000 -137.500000 2.212709
v -287.500000 -125.000000 2.212709
v -262.500000 -125.000000 2.212709
v 275.000000 -262.500000 2.212709
v 275.000000 -287.500000 2.212709
v 262.500000 -275.000000 2.212709
v 287.500000 -275.000000 2.212709
v 225.000000 -262.500000 2.212709
v 225.000000 -287.500000 2.212709
v 212.500000 -275.000000 2.212709
v 237.500000 -275.000000 2.212709
v 225.000000 -212.500000 2.212709
v 225.000000 -237.500000 2.212709
v 212.500000 -225.000000 2.212709
v 237.500000 -225.000000 2.212709
v 275.000000 -362.500000 2.212709
v 275.000000 -387.500000 2.212709
v 262.500000 -375.000000 2.212709
v 287.500000 -375.000000 2.212709
v 225.000000 -362.500000 2.212709
v 225.000000 -387.500000 2.212709
v 212.500000 -375.000000 2.212709
v 237.500000 -375.000000 2.212709
v 225.000000 -312.500000 2.212709
v 225.000000 -337.500000 2.212709
v 212.500000 -325.000000 2.212709
v 237.500000 -325.000000 2.212709
v 375.000000 -362.500000 2.212709
v 375.000000 -387.500000 2.212709
v 362.500000 -375.000000 2.212709
v 387.500000 -375.000000 2.212709
v 325.000000 -362.500000 2.212709
v 325.000000 -387.500000 2.212709
v 312.500000 -375.000000 2.212709
v 337.500000 -375.000000 2.212709
v 325.000000 -312.500000 2.212709
v 325.000000 -337.500000 2.212709
v 312.500000 -325.000000 2.212709
v 337.500000 -325.000000 2.212709
v 75.000000 -262.500000 2.212709
v 75.000000 -287.500000 2.212709
v 62.500000 -275.000000 2.212709
v 87.500000 -275.000000 2.212709
v 25.000000 -262.500000 2.212709
v 25.000000 -287.500000 2.212709
v 12.500000 -275.000000 2.212709
v 37.500000 -275.000000 2.212709
v 25.000000 -212.500000 2.212709
v 25.000000 -237.500000 2.212709
v 12.500000 -225.000000 2.212709
v 37.500000 -225.000000 2.212709
v 75.000000 -362.500000 2.212709
v 75.000000 -387.500000 2.212709
v 62.500000 -375.000000 2.212709
v 87.500000 -375.000000 2.212709
v 25.000000 -362.500000 2.212709
v 25.000000 -387.500000 2.212709
v 12.500000 -375.000000 2.212709
v 37.500000 -375.000000 2.212709
v 25.000000 -312.500000 2.212709
v 25.000000 -337.500000 2.212709
v 12.500000 -325.000000 2.212709
v 37.500000 -325.000000 2.212709
v 175.000000 -362.500000 2.212709
v 175.000000 -387.500000 2.212709
v 162.500000 -375.000000 2.212709
v 187.500000 -375.000000 2.212709
v 125.000000 -362.500000 2.212709
v 125.000000 -387.500000 2.212709
v 112.500000 -375.000000 2.212709
v 137.500000 -375.000000 2.212709
v 125.000000 -312.500000 2.212709
v 125.000000 -337.500000 2.212709
v 112.500000 -325.000000 2.212709
v 137.500000 -325.000000 2.212709
v 75.000000 -62.500000 2.212709
v 75.000000 -87.500000 2.212709
v 62.500000 -75.000000 2.212709
v 87.500000 -75.000000 2.212709
v 25.000000 -62.500000 2.212709
v 25.000000 -87.500000 2.212709
v 12.500000 -75.000000 2.212709
v 37.500000 -75.000000 2.212709
v 25.000000 -12.500000 2.212709
v 25.000000 -37.500000 2.212709
v 12.500000 -25.000000 2.212709
v 37.500000 -25.000000 2.212709
v 75.000000 -162.500000 2.212709
v 75.000000 -187.500000 2.212709
v 62.500000 -175.000000 2.212709
v 87.500000 -175.000000 2.212709
v 25.000000 -162.500000 2.212709
v 25.000000 -187.500000 2.212709
v 12.500000 -175.000000 2.212709
v 37.500000 -175.000000 2.212709
v 25.000000 -112.500000 2.212709
v 25.000000 -137.500000 2.212709
v 12.500000 -125.000000 2.212709
v 37.500000 -125.000000 2.212709
v 175.000000 -162.500000 2.212709
v 175.000000 -187.500000 2.212709
v 162.500000 -175.000000 2.212709
v 187.500000 -175.000000 2.212709
v 125.000000 -162.500000 2.212709
v 125.000000 -187.500000 2.212709
v 112.500000 -175.000000 2.212709
v 137.500000 -175.000000 2.212709
v 125.000000 -112.500000 2.212709
v 125.000000 -137.500000 2.212709
v 112.500000 -125.000000 2.212709
v 137.500000 -125.000000 2.212709
v 275.000000 -62.500000 2.212709
v 275.000000 -87.500000 2.212709
v 262.500000 -75.000000 2.212709
v 287.500000 -75.000000 2.212709
v 225.000000 -62.500000 2.212709
v 225.000000 -87.500000 2.212709
v 212.500000 -75.000000 2.212709
v 237.500000 -75.000000 2.212709
v 225.000000 -12.500000 2.212709
v 225.000000 -37.500000 2.212709
v 212.500000 -25.000000 2.212709
v 237.500000 -25.000000 2.212709
v 275.000000 -162.500000 2.212709
v 275.000000 -187.500000 2.212709
v 262.500000 -175.000000 2.212709
v 287.500000 -175.000000 2.212709
v 225.000000 -162.500000 2.212709
v 225.000000 -187.500000 2.212709
v 212.500000 -175.000000 2.212709
v 237.500000 -175.000000 2.212709
v 225.000000 -112.500000 2.212709
v 225.000000 -137.500000 2.212709
v 212.500000 -125.000000 2.212709
v 237.500000 -125.000000 2.212709
v 375.000000 -162.500000 2.212709
v 375.000000 -187.500000 2.212709
v 362.500000 -175.000000 2.212709
v 387.500000 -175.000000 2.212709
v 325.000000 -162.500000 2.212709
v 325.000000 -187.500000 2.212709
v 312.500000 -175.000000 2.212709
v 337.500000 -175.000000 2.212709
v 325.000000 -112.500000 2.212709
v 325.000000 -137.500000 2.212709
v 312.500000 -125.000000 2.212709
v 337.500000 -125.000000 2.212709
v -125.000000 -62.500000 2.212709
v -125.000000 -87.500000 2.212709
v -137.500000 -75.000000 2.212709
v -112.500000 -75.000000 2.212709
v -175.000000 -62.500000 2.212709
v -175.000000 -87.500000 2.212709
v -187.500000 -75.000000 2.212709
v -162.500000 -75.000000 2.212709
v -175.000000 -12.500000 2.212709
v -175.000000 -37.500000 2.212709
v -187.500000 -25.000000 2.212709
v -162.500000 -25.000000 2.212709
v -125.000000 -162.500000 2.212709
v -125.000000 -187.500000 2.212709
v -137.500000 -175.000000 2.212709
v -112.500000 -175.000000 2.212709
v -175.000000 -162.500000 2.212709
v -175.000000 -187.500000 2.212709
v -187.500000 -175.000000 2.212709
v -162.500000 -175.000000 2.212709
v -175.000000 -112.500000 2.212709
v -175.000000 -137.500000 2.212709
v -187.500000 -125.000000 2.212709
v -162.500000 -125.000000 2.212709
v -25.000000 -162.500000 2.212709
v -25.000000 -187.500000 2.212709
v -37.500000 -175.000000 2.212709
v -12.500000 -175.000000 2.212709
v -75.000000 -162.500000 2.212709
v -75.000000 -187.500000 2.212709
v -87.500000 -175.000000 2.212709
v -62.500000 -175.000000 2.212709
v -75.000000 -112.500000 2.212709
v -75.000000 -137.500000 2.212709
v -87.500000 -125.000000 2.212709
v -62.500000 -125.000000 2.212709
v -125.000000 337.500000 2.212709
v -125.000000 312.500000 2.212709
v -137.500000 325.000000 2.212709
v -112.500000 325.000000 2.212709
v -175.000000 337.500000 2.212709
v -175.000000 312.500000 2.212709
v -187.500000 325.000000 2.212709
v -162.500000 325.000000 2.212709
v -175.000000 387.500000 2.212709
v -175.000000 362.500000 2.212709
v -187.500000 375.000000 2.212709
v -162.500000 375.000000 2.212709
v -125.000000 237.500000 2.212709
v -125.000000 212.500000 2.212709
v -137.500000 225.000000 2.212709
v -112.500000 225.000000 2.212709
v -175.000000 237.500000 2.212709
v -175.000000 212.500000 2.212709
v -187.500000 225.000000 2.212709
v -162.500000 225.000000 2.212709
v -175.000000 287.500000 2.212709
v -175.000000 262.500000 2.212709
v -187.500000 275.000000 2.212709
v -162.500000 275.000000 2.212709
v -25.000000 237.500000 2.212709
v -25.000000 212.500000 2.212709
v -37.500000 225.000000 2.212709
v -12.500000 225.000000 2.212709
v -75.000000 237.500000 2.212709
v -75.000000 212.500000 2.212709
v -87.500000 225.000000 2.212709
v -62.500000 225.000000 2.212709
v -75.000000 287.500000 2.212709
v -75.000000 262.500000 2.212709
v -87.500000 275.000000 2.212709
v -62.500000 275.000000 2.212709
v 275.000000 337.500000 2.212709
v 275.000000 312.500000 2.212709
v 262.500000 325.000000 2.212709
v 287.500000 325.000000 2.212709
v 225.000000 337.500000 2.212709
v 225.000000 312.500000 2.212709
v 212.500000 325.000000 2.212709
v 237.500000 325.000000 2.212709
v 225.000000 387.500000 2.212709
v 225.000000 362.500000 2.212709
v 212.500000 375.000000 2.212709
v 237.500000 375.000000 2.212709
v 275.000000 237.500000 2.212709
v 275.000000 212.500000 2.212709
v 262.500000 225.000000 2.212709
v 287.500000 225.000000 2.212709
v 225.000000 237.500000 2.212709
v 225.000000 212.500000 2.212709
v 212.500000 225.000000 2.212709
v 237.500000 225.000000 2.212709
v 225.000000 287.500000 2.212709
v 225.000000 262.500000 2.212709
v 212.500000 275.000000 2.212709
v 237.500000 275.000000 2.212709
v 375.000000 237.500000 2.212709
v 375.000000 212.500000 2.212709
v 362.500000 225.000000 2.212709
v 387.500000 225.000000 2.212709
v 325.000000 237.500000 2.212709
v 325.000000 212.500000 2.212709
v 312.500000 225.000000 2.212709
v 337.500000 225.000000 2.212709
v 325.000000 287.500000 2.212709
v 325.000000 262.500000 2.212709
v 312.500000 275.000000 2.212709
v 337.500000 275.000000 2.212709
v 375.000000 287.500000 2.212709
v 375.000000 262.500000 2.212709
v 362.500000 275.000000 2.212709
v 387.500000 275.000000 2.212709
v 275.000000 287.500000 2.212709
v 275.000000 262.500000 2.212709
v 262.500000 275.000000 2.212709
v 287.500000 275.000000 2.212709
v 275.000000 387.500000 2.212709
v 275.000000 362.500000 2.212709
v 262.500000 375.000000 2.212709
v 287.500000 375.000000 2.212709
v -25.000000 287.500000 2.212709
v -25.000000 262.500000 2.212709
v -37.500000 275.000000 2.212709
v -12.500000 275.000000 2.212709
v -125.000000 287.500000 2.212709
v -125.000000 262.500000 2.212709
v -137.500000 275.000000 2.212709
v -112.500000 275.000000 2.212709
v -125.000000 387.500000 2.212709
v -125.000000 362.500000 2.212709
v -137.500000 375.000000 2.212709
v -112.500000 375.000000 2.212709
v -25.000000 -112.500000 2.212709
v -25.000000 -137.500000 2.212709
v -37.500000 -125.000000 2.212709
v -12.500000 -125.000000 2.212709
v -125.000000 -112.500000 2.212709
v -125.000000 -137.500000 2.212709
v -137.500000 -125.000000 2.212709
v -112.500000 -125.000000 2.212709
v -125.000000 -12.500000 2.212709
v -125.000000 -37.500000 2.212709
v -137.500000 -25.000000 2.212709
v -112.500000 -25.000000 2.212709
v 375.000000 -112.500000 2.212709
v 375.000000 -137.500000 2.212709
v 362.500000 -125.000000 2.212709
v 387.500000 -125.000000 2.212709
v 275.000000 -112.500000 2.212709
v 275.000000 -137.500000 2.212709
v 262.500000 -125.000000 2.212709
v 287.500000 -125.000000 2.212709
v 275.000000 -12.500000 2.212709
v 275.000000 -37.500000 2.212709
v 262.500000 -25.000000 2.212709
v 287.500000 -25.000000 2.212709
v 175.000000 -112.500000 2.212709
v 175.000000 -137.500000 2.212709
v 162.500000 -125.000000 2.212709
v 187.500000 -125.000000 2.212709
v 75.000000 -112.500000 2.212709
v 75.000000 -137.500000 2.212709
v 62.500000 -125.000000 2.212709
v 87.500000 -125.000000 2.212709
v 75.000000 -12.500000 2.212709
v 75.000000 -37.500000 2.212709
v 62.500000 -25.000000 2.212709
v 87.500000 -25.000000 2.212709
v 175.000000 -312.500000 2.212709
v 175.000000 -337.500000 2.212709
v 162.500000 -325.000000 2.212709
v 187.500000 -325.000000 2.212709
v 75.000000 -312.500000 2.212709
v 75.000000 -337.500000 2.212709
v 62.500000 -325.000000 2.212709
v 87.500000 -325.000000 2.212709
v 75.000000 -212.500000 2.212709
v 75.000000 -237.500000 2.212709
v 62.500000 -225.000000 2.212709
v 87.500000 -225.000000 2.212709
v 375.000000 -312.500000 2.212709
v 375.000000 -337.500000 2.212709
v 362.500000 -325.000000 2.212709
v 387.500000 -325.000000 2.212709
v 275.000000 -312.500000 2.212709
v 275.000000 -337.500000 2.212709
v 262.500000 -325.000000 2.212709
v 287.500000 -325.000000 2.212709
v 275.000000 -212.500000 2.212709
v 275.000000 -237.500000 2.212709
v 262.500000 -225.000000 2.212709
v 287.500000 -225.000000 2.212709
v -225.000000 -112.500000 2.212709
v -225.000000 -137.500000 2.212709
v -237.500000 -125.000000 2.212709
v -212.500000 -125.000000 2.212709
v -325.000000 -112.500000 2.212709
v -325.000000 -137.500000 2.212709
v -337.500000 -125.000000 2.212709
v -312.500000 -125.000000 2.212709
v -325.000000 -12.500000 2.212709
v -325.000000 -37.500000 2.212709
v -337.500000 -25.000000 2.212709
v -312.500000 -25.000000 2.212709
v -225.000000 -312.500000 2.212709
v -225.000000 -337.500000 2.212709
v -237.500000 -325.000000 2.212709
v -212.500000 -325.000000 2.212709
v -325.000000 -312.500000 2.212709
v -325.000000 -337.500000 2.212709
v -337.500000 -325.000000 2.212709
v -312.500000 -325.000000 2.212709
v -325.000000 -212.500000 2.212709
v -325.000000 -237.500000 2.212709
v -337.500000 -225.000000 2.212709
v -312.500000 -225.000000 2.212709
v -25.000000 -312.500000 2.212709
v -25.000000 -337.500000 2.212709
v -37.500000 -325.000000 2.212709
v -12.500000 -325.000000 2.212709
v -125.000000 -312.500000 2.212709
v -125.000000 -337.500000 2.212709
v -137.500000 -325.000000 2.212709
v -112.500000 -325.000000 2.212709
v -125.000000 -212.500000 2.212709
v -125.000000 -237.500000 2.212709
v -137.500000 -225.000000 2.212709
v -112.500000 -225.000000 2.212709
v -225.000000 287.500000 2.212709
v -225.000000 262.500000 2.212709
v -237.500000 275.000000 2.212709
v -212.500000 275.000000 2.212709
v -325.000000 287.500000 2.212709
v -325.000000 262.500000 2.212709
v -337.500000 275.000000 2.212709
v -312.500000 275.000000 2.212709
v -325.000000 387.500000 2.212709
v -325.000000 362.500000 2.212709
v -337.500000 375.000000 2.212709
v -312.500000 375.000000 2.212709
v -225.000000 87.500000 2.212709
v -225.000000 62.500000 2.212709
v -237.500000 75.000000 2.212709
v -212.500000 75.000000 2.212709
v -325.000000 87.500000 2.212709
v -325.000000 62.500000 2.212709
v -337.500000 75.000000 2.212709
v -312.500000 75.000000 2.212709
v -325.000000 187.500000 2.212709
v -325.000000 162.500000 2.212709
v -337.500000 175.000000 2.212709
v -312.500000 175.000000 2.212709
v -25.000000 87.500000 2.212709
v -25.000000 62.500000 2.212709
v -37.500000 75.000000 2.212709
v -12.500000 75.000000 2.212709
v -125.000000 87.500000 2.212709
v -125.000000 62.500000 2.212709
v -137.500000 75.000000 2.212709
v -112.500000 75.000000 2.212709
v -125.000000 187.500000 2.212709
v -125.000000 162.500000 2.212709
v -137.500000 175.000000 2.212709
v -112.500000 175.000000 2.212709
v 175.000000 287.500000 2.212709
v 175.000000 262.500000 2.212709
v 162.500000 275.000000 2.212709
v 187.500000 275.000000 2.212709
v 75.000000 287.500000 2.212709
v 75.000000 262.500000 2.212709
v 62.500000 275.000000 2.212709
v 87.500000 275.000000 2.212709
v 75.000000 387.500000 2.212709
v 75.000000 362.500000 2.212709
v 62.500000 375.000000 2.212709
v 87.500000 375.000000 2.212709
v 175.000000 87.500000 2.212709
v 175.000000 62.500000 2.212709
v 162.500000 75.000000 2.212709
v 187.500000 75.000000 2.212709
v 75.000000 87.500000 2.212709
v 75.000000 62.500000 2.212709
v 62.500000 75.000000 2.212709
v 87.500000 75.000000 2.212709
v 75.000000 187.500000 2.212709
v 75.000000 162.500000 2.212709
v 62.500000 175.000000 2.212709
v 87.500000 175.000000 2.212709
v 375.000000 87.500000 2.212709
v 375.000000 62.500000 2.212709
v 362.500000 75.000000 2.212709
v 387.500000 75.000000 2.212709
v 275.000000 87.500000 2.212709
v 275.000000 62.500000 2.212709
v 262.500000 75.000000 2.212709
v 287.500000 75.000000 2.212709
v 275.000000 187.500000 2.212709
v 275.000000 162.500000 2.212709
v 262.500000 175.000000 2.212709
v 287.500000 175.000000 2.212709
v 375.000000 187.500000 2.212709
v 375.000000 162.500000 2.212709
v 362.500000 175.000000 2.212709
v 387.500000 175.000000 2.212709
v 175.000000 187.500000 2.212709
v 175.000000 162.500000 2.212709
v 162.500000 175.000000 2.212709
v 187.500000 175.000000 2.212709
v 175.000000 387.500000 2.212709
v 175.000000 362.500000 2.212709
v 162.500000 375.000000 2.212709
v 187.500000 375.000000 2.212709
v -25.000000 187.500000 2.212709
v -25.000000 162.500000 2.212709
v -37.500000 175.000000 2.212709
v -12.500000 175.000000 2.212709
v -225.000000 187.500000 2.212709
v -225.000000 162.500000 2.212709
v -237.500000 175.000000 2.212709
v -212.500000 175.000000 2.212709
v -225.000000 387.500000 2.212709
v -225.000000 362.500000 2.212709
v -237.500000 375.000000 2.212709
v -212.500000 375.000000 2.212709
v -25.000000 -212.500000 2.212709
v -25.000000 -237.500000 2.212709
v -37.500000 -225.000000 2.212709
v -12.500000 -225.000000 2.212709
v -225.000000 -212.500000 2.212709
v -225.000000 -237.500000 2.212709
v -237.500000 -225.000000 2.212709
v -212.500000 -225.000000 2.212709
v -225.000000 -12.500000 2.212709
v -225.000000 -37.500000 2.212709
v -237.500000 -25.000000 2.212709
v -212.500000 -25.000000 2.212709
v 375.000000 -212.500000 2.212709
v 375.000000 -237.500000 2.212709
v 362.500000 -225.000000 2.212709
v 387.500000 -225.000000 2.212709
v 175.000000 -212.500000 2.212709
v 175.000000 -237.500000 2.212709
v 162.500000 -225.000000 2.212709
v 187.500000 -225.000000 2.212709
v 175.000000 -12.500000 2.212709
v 175.000000 -37.500000 2.212709
v 162.500000 -25.000000 2.212709
v 187.500000 -25.000000 2.212709
v 375.000000 -12.500000 2.212709
v 375.000000 -37.500000 2.212709
v 362.500000 -25.000000 2.212709
v 387.500000 -25.000000 2.212709
v -25.000000 -12.500000 2.212709
v -25.000000 -37.500000 2.212709
v -37.500000 -25.000000 2.212709
v -12.500000 -25.000000 2.212709
v -25.000000 387.500000 2.212709
v -25.000000 362.500000 2.212709
v -37.500000 375.000000 2.212709
v -12.500000 375.000000 2.212709
v 375.000000 387.500000 2.212709
v 375.000000 362.500000 2.212709
v 362.500000 375.000000 2.212709
v 387.500000 375.000000 2.212709
v 387.500000 362.500000 2.212709
v 362.500000 362.500000 2.212709
v 362.500000 387.500000 2.212709
v -12.500000 362.500000 2.212709
v -37.500000 362.500000 2.212709
v -37.500000 387.500000 2.212709
v -12.500000 -37.500000 2.212709
v -37.500000 -37.500000 2.212709
v -37.500000 -12.500000 2.212709
v 387.500000 -37.500000 2.212709
v 362.500000 -37.500000 2.212709
v 362.500000 -12.500000 2.212709
v 187.500000 -37.500000 2.212709
v 162.500000 -37.500000 2.212709
v 162.500000 -12.500000 2.212709
v 187.500000 -237.500000 2.212709
v 162.500000 -237.500000 2.212709
v 162.500000 -212.500000 2.212709
v 387.500000 -237.500000 2.212709
v 362.500000 -237.500000 2.212709
v 362.500000 -212.500000 2.212709
v -212.500000 -37.500000 2.212709
v -237.500000 -37.500000 2.212709
v -237.500000 -12.500000 2.212709
v -212.500000 -237.500000 2.212709
v -237.500000 -237.500000 2.212709
v -237.500000 -212.500000 2.212709
v -12.500000 -237.500000 2.212709
v -37.500000 -237.500000 2.212709
v -37.500000 -212.500000 2.212709
v -212.500000 362.500000 2.212709
v -237.500000 362.500000 2.212709
v -237.500000 387.500000 2.212709
v -212.500000 162.500000 2.212709
v -237.500000 162.500000 2.212709
v -237.500000 187.500000 2.212709
v -12.500000 162.500000 2.212709
v -37.500000 162.500000 2.212709
v -37.500000 187.500000 2.212709
v 187.500000 362.500000 2.212709
v 162.500000 362.500000 2.212709
v 162.500000 387.500000 2.212709
v 187.500000 162.500000 2.212709
v 162.500000 162.500000 2.212709
v 162.500000 187.500000 2.212709
v 387.500000 162.500000 2.212709
v 362.500000 162.500000 2.212709
v 362.500000 187.500000 2.212709
v 287.500000 162.500000 2.212709
v 262.500000 162.500000 2.212709
v 262.500000 187.500000 2.212709
v 287.500000 62.500000 2.212709
v 262.500000 62.500000 2.212709
v 262.500000 87.500000 2.212709
v 387.500000 62.500000 2.212709
v 362.500000 62.500000 2.212709
v 362.500000 87.500000 2.212709
v 87.500000 162.500000 2.212709
v 62.500000 162.500000 2.212709
v 62.500000 187.500000 2.212709
v 87.500000 62.500000 2.212709
v 62.500000 62.500000 2.212709
v 62.500000 87.500000 2.212709
v 187.500000 62.500000 2.212709
v 162.500000 62.500000 2.212709
v 162.500000 87.500000 2.212709
v 87.500000 362.500000 2.212709
v 62.500000 362.500000 2.212709
v 62.500000 387.500000 2.212709
v 87.500000 262.500000 2.212709
v 62.500000 262.500000 2.212709
v 62.500000 287.500000 2.212709
v 187.500000 262.500000 2.212709
v 162.500000 262.500000 2.212709
v 162.500000 287.500000 2.212709
v -112.500000 162.500000 2.212709
v -137.500000 162.500000 2.212709
v -137.500000 187.500000 2.212709
v -112.500000 62.500000 2.212709
v -137.500000 62.500000 2.212709
v -137.500000 87.500000 2.212709
v -12.500000 62.500000 2.212709
v -37.500000 62.500000 2.212709
v -37.500000 87.500000 2.212709
v -312.500000 162.500000 2.212709
v -337.500000 162.500000 2.212709
v -337.500000 187.500000 2.212709
v -312.500000 62.500000 2.212709
v -337.500000 62.500000 2.212709
v -337.500000 87.500000 2.212709
v -212.500000 62.500000 2.212709
v -237.500000 62.500000 2.212709
v -237.500000 87.500000 2.212709
v -312.500000 362.500000 2.212709
v -337.500000 362.500000 2.212709
v -337.500000 387.500000 2.212709
v -312.500000 262.500000 2.212709
v -337.500000 262.500000 2.212709
v -337.500000 287.500000 2.212709
v -212.500000 262.500000 2.212709
v -237.500000 262.500000 2.212709
v -237.500000 287.500000 2.212709
v -112.500000 -237.500000 2.212709
v -137.500000 -237.500000 2.212709
v -137.500000 -212.500000 2.212709
v -112.500000 -337.500000 2.212709
v -137.500000 -337.500000 2.212709
v -137.500000 -312.500000 2.212709
v -12.500000 -337.500000 2.212709
v -37.500000 -337.500000 2.212709
v -37.500000 -312.500000 2.212709
v -312.500000 -237.500000 2.212709
v -337.500000 -237.500000 2.212709
v -337.500000 -212.500000 2.212709
v -312.500000 -337.500000 2.212709
v -337.500000 -337.500000 2.212709
v -337.500000 -312.500000 2.212709
v -212.500000 -337.500000 2.212709
v -237.500000 -337.500000 2.212709
v -237.500000 -312.500000 2.212709
v -312.500000 -37.500000 2.212709
v -337.500000 -37.500000 2.212709
v -337.500000 -12.500000 2.212709
v -312.500000 -137.500000 2.212709
v -337.500000 -137.500000 2.212709
v -337.500000 -112.500000 2.212709
v -212.500000 -137.500000 2.212709
v -237.500000 -137.500000 2.212709
v -237.500000 -112.500000 2.212709
v 287.500000 -237.500000 2.212709
v 262.500000 -237.500000 2.212709
v 262.500000 -212.500000 2.212709
v 287.500000 -337.500000 2.212709
v 262.500000 -337.500000 2.212709
v 262.500000 -312.500000 2.212709
v 387.500000 -337.500000 2.212709
v 362.500000 -337.500000 2.212709
v 362.500000 -312.500000 2.212709
v 87.500000 -237.500000 2.212709
v 62.500000 -237.500000 2.212709
v 62.500000 -212.500000 2.212709
v 87.500000 -337.500000 2.212709
v 62.500000 -337.500000 2.212709
v 62.500000 -312.500000 2.212709
v 187.500000 -337.500000 2.212709
v 162.500000 -337.500000 2.212709
v 162.500000 -312.500000 2.212709
v 87.500000 -37.500000 2.212709
v 62.500000 -37.500000 2.212709
v 62.500000 -12.500000 2.212709
v 87.500000 -137.500000 2.212709
v 62.500000 -137.500000 2.212709
v 62.500000 -112.500000 2.212709
v 187.500000 -137.500000 2.212709
v 162.500000 -137.500000 2.212709
v 162.500000 -112.500000 2.212709
v 287.500000 -37.500000 2.212709
v 262.500000 -37.500000 2.212709
v 262.500000 -12.500000 2.212709
v 287.500000 -137.500000 2.212709
v 262.500000 -137.500000 2.212709
v 262.500000 -112.500000 2.212709
v 387.500000 -137.500000 2.212709
v 362.500000 -137.500000 2.212709
v 362.500000 -112.500000 2.212709
v -112.500000 -37.500000 2.212709
v -137.500000 -37.500000 2.212709
v -137.500000 -12.500000 2.212709
v -112.500000 -137.500000 2.212709
v -137.500000 -137.500000 2.212709
v -137.500000 -112.500000 2.212709
v -12.500000 -137.500000 2.212709
v -37.500000 -137.500000 2.212709
v -37.500000 -112.500000 2.212709
v -112.500000 362.500000 2.212709
v -137.500000 362.500000 2.212709
v -137.500000 387.500000 2.212709
v -112.500000 262.500000 2.212709
v -137.500000 262.500000 2.212709
v -137.500000 287.500000 2.212709
v -12.500000 262.500000 2.212709
v -37.500000 262.500000 2.212709
v -37.500000 287.500000 2.212709
v 287.500000 362.500000 2.212709
v 262.500000 362.500000 2.212709
v 262.500000 387.500000 2.212709
v 287.500000 262.500000 2.212709
v 262.500000 262.500000 2.212709
v 262.500000 287.500000 2.212709
v 387.500000 262.500000 2.212709
v 362.500000 262.500000 2.212709
v 362.500000 287.500000 2.212709
v 337.500000 262.500000 2.212709
v 312.500000 262.500000 2.212709
v 312.500000 287.500000 2.212709
v 337.500000 212.500000 2.212709
v 312.500000 212.500000 2.212709
v 312.500000 237.500000 2.212709
v 387.500000 212.500000 2.212709
v 362.500000 212.500000 2.212709
v 362.500000 237.500000 2.212709
v 237.500000 262.500000 2.212709
v 212.500000 262.500000 2.212709
v 212.500000 287.500000 2.212709
v 237.500000 212.500000 2.212709
v 212.500000 212.500000 2.212709
v 212.500000 237.500000 2.212709
v 287.500000 212.500000 2.212709
v 262.500000 212.500000 2.212709
v 262.500000 237.500000 2.212709
v 237.500000 362.500000 2.212709
v 212.500000 362.500000 2.212709
v 212.500000 387.500000 2.212709
v 237.500000 312.500000 2.212709
v 212.500000 312.500000 2.212709
v 212.500000 337.500000 2.212709
v 287.500000 312.500000 2.212709
v 262.500000 312.500000 2.212709
v 262.500000 337.500000 2.212709
v -62.500000 262.500000 2.212709
v -87.500000 262.500000 2.212709
v -87.500000 287.500000 2.212709
v -62.500000 212.500000 2.212709
v -87.500000 212.500000 2.212709
v -87.500000 237.500000 2.212709
v -12.500000 212.500000 2.212709
v -37.500000 212.500000 2.212709
v -37.500000 237.500000 2.212709
v -162.500000 262.500000 2.212709
v -187.500000 262.500000 2.212709
v -187.500000 287.500000 2.212709
v -162.500000 212.500000 2.212709
v -187.500000 212.500000 2.212709
v -187.500000 237.500000 2.212709
v -112.500000 212.500000 2.212709
v -137.500000 212.500000 2.212709
v -137.500000 237.500000 2.212709
v -162.500000 362.500000 2.212709
v -187.500000 362.500000 2.212709
v -187.500000 387.500000 2.212709
v -162.500000 312.500000 2.212709
v -187.500000 312.500000 2.212709
v -187.500000 337.500000 2.212709
v -112.500000 312.500000 2.212709
v -137.500000 312.500000 2.212709
v -137.500000 337.500000 2.212709
v -62.500000 -137.500000 2.212709
v -87.500000 -137.500000 2.212709
v -87.500000 -112.500000 2.212709
v -62.500000 -187.500000 2.212709
v -87.500000 -187.500000 2.212709
v -87.500000 -162.500000 2.212709
v -12.500000 -187.500000 2.212709
v -37.500000 -187.500000 2.212709
v -37.500000 -162.500000 2.212709
v -162.500000 -137.500000 2.212709
v -187.500000 -137.500000 2.212709
v -187.500000 -112.500000 2.212709
v -162.500000 -187.500000 2.212709
v -187.500000 -187.500000 2.212709
v -187.500000 -162.500000 2.212709
v -112.500000 -187.500000 2.212709
v -137.500000 -187.500000 2.212709
v -137.500000 -162.500000 2.212709
v -162.500000 -37.500000 2.212709
v -187.500000 -37.500000 2.212709
v -187.500000 -12.500000 2.212709
v -162.500000 -87.500000 2.212709
v -187.500000 -87.500000 2.212709
v -187.500000 -62.500000 2.212709
v -112.500000 -87.500000 2.212709
v -137.500000 -87.500000 2.212709
v -137.500000 -62.500000 2.212709
v 337.500000 -137.500000 2.212709
v 312.500000 -137.500000 2.212709
v 312.500000 -112.500000 2.212709
v 337.500000 -187.500000 2.212709
v 312.500000 -187.500000 2.212709
v 312.500000 -162.500000 2.212709
v 387.500000 -187.500000 2.212709
v 362.500000 -187.500000 2.212709
v 362.500000 -162.500000 2.212709
v 237.500000 -137.500000 2.212709
v 212.500000 -137.500000 2.212709
v 212.500000 -112.500000 2.212709
v 237.500000 -187.500000 2.212709
v 212.500000 -187.500000 2.212709
v 212.500000 -162.500000 2.212709
v 287.500000 -187.500000 2.212709
v 262.500000 -187.500000 2.212709
v 262.500000 -162.500000 2.212709
v 237.500000 -37.500000 2.212709
v 212.500000 -37.500000 2.212709
v 212.500000 -12.500000 2.212709
v 237.500000 -87.500000 2.212709
v 212.500000 -87.500000 2.212709
v 212.500000 -62.500000 2.212709
v 287.500000 -87.500000 2.212709
v 262.500000 -87.500000 2.212709
v 262.500000 -62.500000 2.212709
v 137.500000 -137.500000 2.212709
v 112.500000 -137.500000 2.212709
v 112.500000 -112.500000 2.212709
v 137.500000 -187.500000 2.212709
v 112.500000 -187.500000 2.212709
v 112.500000 -162.500000 2.212709
v 187.500000 -187.500000 2.212709
v 162.500000 -187.500000 2.212709
v 162.500000 -162.500000 2.212709
v 37.500000 -137.500000 2.212709
v 12.500000 -137.500000 2.212709
v 12.500000 -112.500000 2.212709
v 37.500000 -187.500000 2.212709
v 12.500000 -187.500000 2.212709
v 12.500000 -162.500000 2.212709
v 87.500000 -187.500000 2.212709
v 62.500000 -187.500000 2.212709
v 62.500000 -162.500000 2.212709
v 37.500000 -37.500000 2.212709
v 12.500000 -37.500000 2.212709
v 12.500000 -12.500000 2.212709
v 37.500000 -87.500000 2.212709
v 12.500000 -87.500000 2.212709
v 12.500000 -62.500000 2.212709
v 87.500000 -87.500000 2.212709
v 62.500000 -87.500000 2.212709
v 62.500000 -62.500000 2.212709
v 137.500000 -337.500000 2.212709
v 112.500000 -337.500000 2.212709
v 112.500000 -312.500000 2.212709
v 137.500000 -387.500000 2.212709
v 112.500000 -387.500000 2.212709
v 112.500000 -362.500000 2.212709
v 187.500000 -387.500000 2.212709
v 162.500000 -387.500000 2.212709
v 162.500000 -362.500000 2.212709
v 37.500000 -337.500000 2.212709
v 12.500000 -337.500000 2.212709
v 12.500000 -312.500000 2.212709
v 37.500000 -387.500000 2.212709
v 12.500000 -387.500000 2.212709
v 12.500000 -362.500000 2.212709
v 87.500000 -387.500000 2.212709
v 62.500000 -387.500000 2.212709
v 62.500000 -362.500000 2.212709
v 37.500000 -237.500000 2.212709
v 12.500000 -237.500000 2.212709
v 12.500000 -212.500000 2.212709
v 37.500000 -287.500000 2.212709
v 12.500000 -287.500000 2.212709
v 12.500000 -262.500000 2.212709
v 87.500000 -287.500000 2.212709
v 62.500000 -287.500000 2.212709
v 62.500000 -262.500000 2.212709
v 337.500000 -337.500000 2.212709
v 312.500000 -337.500000 2.212709
v 312.500000 -312.500000 2.212709
v 337.500000 -387.500000 2.212709
v 312.500000 -387.500000 2.212709
v 312.500000 -362.500000 2.212709
v 387.500000 -387.500000 2.212709
v 362.500000 -387.500000 2.212709
v 362.500000 -362.500000 2.212709
v 237.500000 -337.500000 2.212709
v 212.500000 -337.500000 2.212709
v 212.500000 -312.500000 2.212709
v 237.500000 -387.500000 2.212709
v 212.500000 -387.500000 2.212709
v 212.500000 -362.500000 2.212709
v 287.500000 -387.500000 2.212709
v 262.500000 -387.500000 2.212709
v 262.500000 -362.500000 2.212709
v 237.500000 -237.500000 2.212709
v 212.500000 -237.500000 2.212709
v 212.500000 -212.500000 2.212709
v 237.500000 -287.500000 2.212709
v 212.500000 -287.500000 2.212709
v 212.500000 -262.500000 2.212709
v 287.500000 -287.500000 2.212709
v 262.500000 -287.500000 2.212709
v 262.500000 -262.500000 2.212709
v -262.500000 -137.500000 2.212709
v -287.500000 -137.500000 2.212709
v -287.500000 -112.500000 2.212709
v -262.500000 -187.500000 2.212709
v -287.500000 -187.500000 2.212709
v -287.500000 -162.500000 2.212709
v -212.500000 -187.500000 2.212709
v -237.500000 -187.500000 2.212709
v -237.500000 -162.500000 2.212709
v -362.500000 -137.500000 2.212709
v -387.500000 -137.500000 2.212709
v -387.500000 -112.500000 2.212709
v -362.500000 -187.500000 2.212709
v -387.500000 -187.500000 2.212709
v -387.500000 -162.500000 2.212709
v -312.500000 -187.500000 2.212709
v -337.500000 -187.500000 2.212709
v -337.500000 -162.500000 2.212709
v -362.500000 -37.500000 2.212709
v -387.500000 -37.500000 2.212709
v -387.500000 -12.500000 2.212709
v -362.500000 -87.500000 2.212709
v -387.500000 -87.500000 2.212709
v -387.500000 -62.500000 2.212709
v -312.500000 -87.500000 2.212709
v -337.500000 -87.500000 2.212709
v -337.500000 -62.500000 2.212709
v -262.500000 -337.500000 2.212709
v -287.500000 -337.500000 2.212709
v -287.500000 -312.500000 2.212709
v -262.500000 -387.500000 2.212709
v -287.500000 -387.500000 2.212709
v -287.500000 -362.500000 2.212709
v -212.500000 -387.500000 2.212709
v -237.500000 -387.500000 2.212709
v -237.500000 -362.500000 2.212709
v -362.500000 -337.500000 2.212709
v -387.500000 -337.500000 2.212709
v -387.500000 -312.500000 2.212709
v -362.500000 -387.500000 2.212709
v -387.500000 -387.500000 2.212709
v -387.500000 -362.500000 2.212709
v -312.500000 -387.500000 2.212709
v -337.500000 -387.500000 2.212709
v -337.500000 -362.500000 2.212709
v -362.500000 -237.500000 2.212709
v -387.500000 -237.500000 2.212709
v -387.500000 -212.500000 2.212709
v -362.500000 -287.500000 2.212709
v -387.500000 -287.500000 2.212709
v -387.500000 -262.500000 2.212709
v -312.500000 -287.500000 2.212709
v -337.500000 -287.500000 2.212709
v -337.500000 -262.500000 2.212709
v -62.500000 -337.500000 2.212709
v -87.500000 -337.500000 2.212709
v -87.500000 -312.500000 2.212709
v -62.500000 -387.500000 2.212709
v -87.500000 -387.500000 2.212709
v -87.500000 -362.500000 2.212709
v -12.500000 -387.500000 2.212709
v -37.500000 -387.500000 2.212709
v -37.500000 -362.500000 2.212709
v -162.500000 -337.500000 2.212709
v -187.500000 -337.500000 2.212709
v -187.500000 -312.500000 2.212709
v -162.500000 -387.500000 2.212709
v -187.500000 -387.500000 2.212709
v -187.500000 -362.500000 2.212709
v -112.500000 -387.500000 2.212709
v -137.500000 -387.500000 2.212709
v -137.500000 -362.500000 2.212709
v -162.500000 -237.500000 2.212709
v -187.500000 -237.500000 2.212709
v -187.500000 -212.500000 2.212709
v -162.500000 -287.500000 2.212709
v -187.500000 -287.500000 2.212709
v -187.500000 -262.500000 2.212709
v -112.500000 -287.500000 2.212709
v -137.500000 -287.500000 2.212709
v -137.500000 -262.500000 2.212709
v -262.500000 262.500000 2.212709
v -287.500000 262.500000 2.212709
v -287.500000 287.500000 2.212709
v -262.500000 212.500000 2.212709
v -287.500000 212.500000 2.212709
v -287.500000 237.500000 2.212709
v -212.500000 212.500000 2.212709
v -237.500000 212.500000 2.212709
v -237.500000 237.500000 2.212709
v -362.500000 262.500000 2.212709
v -387.500000 262.500000 2.212709
v -387.500000 287.500000 2.212709
v -362.500000 212.500000 2.212709
v -387.500000 212.500000 2.212709
v -387.500000 237.500000 2.212709
v -312.500000 212.500000 2.212709
v -337.500000 212.500000 2.212709
v -337.500000 237.500000 2.212709
v -362.500000 362.500000 2.212709
v -387.500000 362.500000 2.212709
v -387.500000 387.500000 2.212709
v -362.500000 312.500000 2.212709
v -387.500000 312.500000 2.212709
v -387.500000 337.500000 2.212709
v -312.500000 312.500000 2.212709
v -337.500000 312.500000 2.212709
v -337.500000 337.500000 2.212709
v -262.500000 62.500000 2.212709
v -287.500000 62.500000 2.212709
v -287.500000 87.500000 2.212709
v -262.500000 12.500000 2.212709
v -287.500000 12.500000 2.212709
v -287.500000 37.500000 2.212709
v -212.500000 12.500000 2.212709
v -237.500000 12.500000 2.212709
v -237.500000 37.500000 2.212709
v -362.500000 62.500000 2.212709
v -387.500000 62.500000 2.212709
v -387.500000 87.500000 2.212709
v -362.500000 12.500000 2.212709
v -387.500000 12.500000 2.212709
v -387.500000 37.500000 2.212709
v -312.500000 12.500000 2.212709
v -337.500000 12.500000 2.212709
v -337.500000 37.500000 2.212709
v -362.500000 162.500000 2.212709
v -387.500000 162.500000 2.212709
v -387.500000 187.500000 2.212709
v -362.500000 112.500000 2.212709
v -387.500000 112.500000 2.212709
v -387.500000 137.500000 2.212709
v -312.500000 112.500000 2.212709
v -337.500000 112.500000 2.212709
v -337.500000 137.500000 2.212709
v -62.500000 62.500000 2.212709
v -87.500000 62.500000 2.212709
v -87.500000 87.500000 2.212709
v -62.500000 12.500000 2.212709
v -87.500000 12.500000 2.212709
v -87.500000 37.500000 2.212709
v -12.500000 12.500000 2.212709
v -37.500000 12.500000 2.212709
v -37.500000 37.500000 2.212709
v -162.500000 62.500000 2.212709
v -187.500000 62.500000 2.212709
v -187.500000 87.500000 2.212709
v -162.500000 12.500000 2.212709
v -187.500000 12.500000 2.212709
v -187.500000 37.500000 2.212709
v -112.500000 12.500000 2.212709
v -137.500000 12.500000 2.212709
v -137.500000 37.500000 2.212709
v -162.500000 162.500000 2.212709
v -187.500000 162.500000 2.212709
v -187.500000 187.500000 2.212709
v -162.500000 112.500000 2.212709
v -187.500000 112.500000 2.212709
v -187.500000 137.500000 2.212709
v -112.500000 112.500000 2.212709
v -137.500000 112.500000 2.212709
v -137.500000 137.500000 2.212709
v 137.500000 262.500000 2.212709
v 112.500000 262.500000 2.212709
v 112.500000 287.500000 2.212709
v 137.500000 212.500000 2.212709
v 112.500000 212.500000 2.212709
v 112.500000 237.500000 2.212709
v 187.500000 212.500000 2.212709
v 162.500000 212.500000 2.212709
v 162.500000 237.500000 2.212709
v 37.500000 262.500000 2.212709
v 12.500000 262.500000 2.212709
v 12.500000 287.500000 2.212709
v 37.500000 212.500000 2.212709
v 12.500000 212.500000 2.212709
v 12.500000 237.500000 2.212709
v 87.500000 212.500000 2.212709
v 62.500000 212.500000 2.212709
v 62.500000 237.500000 2.212709
v 37.500000 362.500000 2.212709
v 12.500000 362.500000 2.212709
v 12.500000 387.500000 2.212709
v 37.500000 312.500000 2.212709
v 12.500000 312.500000 2.212709
v 12.500000 337.500000 2.212709
v 87.500000 312.500000 2.212709
v 62.500000 312.500000 2.212709
v 62.500000 337.500000 2.212709
v 137.500000 62.500000 2.212709
v 112.500000 62.500000 2.212709
v 112.500000 87.500000 2.212709
v 137.500000 12.500000 2.212709
v 112.500000 12.500000 2.212709
v 112.500000 37.500000 2.212709
v 187.500000 12.500000 2.212709
v 162.500000 12.500000 2.212709
v 162.500000 37.500000 2.212709
v 37.500000 62.500000 2.212709
v 12.500000 62.500000 2.212709
v 12.500000 87.500000 2.212709
v 37.500000 12.500000 2.212709
v 12.500000 12.500000 2.212709
v 12.500000 37.500000 2.212709
v 87.500000 12.500000 2.212709
v 62.500000 12.500000 2.212709
v 62.500000 37.500000 2.212709
v 37.500000 162.500000 2.212709
v 12.500000 162.500000 2.212709
v 12.500000 187.500000 2.212709
v 37.500000 112.500000 2.212709
v 12.500000 112.500000 2.212709
v 12.500000 137.500000 2.212709
v 87.500000 112.500000 2.212709
v 62.500000 112.500000 2.212709
v 62.500000 137.500000 2.212709
v 337.500000 62.500000 2.212709
v 312.500000 62.500000 2.212709
v 312.500000 87.500000 2.212709
v 337.500000 12.500000 2.212709
v 312.500000 12.500000 2.212709
v 312.500000 37.500000 2.212709
v 387.500000 12.500000 2.212709
v 362.500000 12.500000 2.212709
v 362.500000 37.500000 2.212709
v 237.500000 62.500000 2.212709
v 212.500000 62.500000 2.212709
v 212.500000 87.500000 2.212709
v 237.500000 12.500000 2.212709
v 212.500000 12.500000 2.212709
v 212.500000 37.500000 2.212709
v 287.500000 12.500000 2.212709
v 262.500000 12.500000 2.212709
v 262.500000 37.500000 2.212709
v 237.500000 162.500000 2.212709
v 212.500000 162.500000 2.212709
v 212.500000 187.500000 2.212709
v 237.500000 112.500000 2.212709
v 212.500000 112.500000 2.212709
v 212.500000 137.500000 2.212709
v 287.500000 112.500000 2.212709
v 262.500000 112.500000 2.212709
v 262.500000 137.500000 2.212709
v 337.500000 162.500000 2.212709
v 312.500000 162.500000 2.212709
v 312.500000 187.500000 2.212709
v 337.500000 112.500000 2.212709
v 312.500000 112.500000 2.212709
v 312.500000 137.500000 2.212709
v 387.500000 112.500000 2.212709
v 362.500000 112.500000 2.212709
v 362.500000 137.500000 2.212709
v 137.500000 162.500000 2.212709
v 112.500000 162.500000 2.212709
v 112.500000 187.500000 2.212709
v 137.500000 112.500000 2.212709
v 112.500000 112.500000 2.212709
v 112.500000 137.500000 2.212709
v 187.500000 112.500000 2.212709
v 162.500000 112.500000 2.212709
v 162.500000 137.500000 2.212709
v 137.500000 362.500000 2.212709
v 112.500000 362.500000 2.212709
v 112.500000 387.500000 2.212709
v 137.500000 312.500000 2.212709
v 112.500000 312.500000 2.212709
v 112.500000 337.500000 2.212709
v 187.500000 312.500000 2.212709
v 162.500000 312.500000 2.212709
v 162.500000 337.500000 2.212709
v -62.500000 162.500000 2.212709
v -87.500000 162.500000 2.212709
v -87.500000 187.500000 2.212709
v -62.500000 112.500000 2.212709
v -87.500000 112.500000 2.212709
v -87.500000 137.500000 2.212709
v -12.500000 112.500000 2.212709
v -37.500000 112.500000 2.212709
v -37.500000 137.500000 2.212709
v -262.500000 162.500000 2.212709
v -287.500000 162.500000 2.212709
v -287.500000 187.500000 2.212709
v -262.500000 112.500000 2.212709
v -287.500000 112.500000 2.212709
v -287.500000 137.500000 2.212709
v -212.500000 112.500000 2.212709
v -237.500000 112.500000 2.212709
v -237.500000 137.500000 2.212709
v -262.500000 362.500000 2.212709
v -287.500000 362.500000 2.212709
v -287.500000 387.500000 2.212709
v -262.500000 312.500000 2.212709
v -287.500000 312.500000 2.212709
v -287.500000 337.500000 2.212709
v -212.500000 312.500000 2.212709
v -237.500000 312.500000 2.212709
v -237.500000 337.500000 2.212709
v -62.500000 -237.500000 2.212709
v -87.500000 -237.500000 2.212709
v -87.500000 -212.500000 2.212709
v -62.500000 -287.500000 2.212709
v -87.500000 -287.500000 2.212709
v -87.500000 -262.500000 2.212709
v -12.500000 -287.500000 2.212709
v -37.500000 -287.500000 2.212709
v -37.500000 -262.500000 2.212709
v -262.500000 -237.500000 2.212709
v -287.500000 -237.500000 2.212709
v -287.500000 -212.500000 2.212709
v -262.500000 -287.500000 2.212709
v -287.500000 -287.500000 2.212709
v -287.500000 -262.500000 2.212709
v -212.500000 -287.500000 2.212709
v -237.500000 -287.500000 2.212709
v -237.500000 -262.500000 2.212709
v -262.500000 -37.500000 2.212709
v -287.500000 -37.500000 2.212709
v -287.500000 -12.500000 2.212709
v -262.500000 -87.500000 2.212709
v -287.500000 -87.500000 2.212709
v -287.500000 -62.500000 2.212709
v -212.500000 -87.500000 2.212709
v -237.500000 -87.500000 2.212709
v -237.500000 -62.500000 2.212709
v 337.500000 -237.500000 2.212709
v 312.500000 -237.500000 2.212709
v 312.500000 -212.500000 2.212709
v 337.500000 -287.500000 2.212709
v 312.500000 -287.500000 2.212709
v 312.500000 -262.500000 2.212709
v 387.500000 -287.500000 2.212709
v 362.500000 -287.500000 2.212709
v 362.500000 -262.500000 2.212709
v 137.500000 -237.500000 2.212709
v 112.500000 -237.500000 2.212709
v 112.500000 -212.500000 2.212709
v 137.500000 -287.500000 2.212709
v 112.500000 -287.500000 2.212709
v 112.500000 -262.500000 2.212709
v 187.500000 -287.500000 2.212709
v 162.500000 -287.500000 2.212709
v 162.500000 -262.500000 2.212709
v 137.500000 -37.500000 2.212709
v 112.500000 -37.500000 2.212709
v 112.500000 -12.500000 2.212709
v 137.500000 -87.500000 2.212709
v 112.500000 -87.500000 2.212709
v 112.500000 -62.500000 2.212709
v 187.500000 -87.500000 2.212709
v 162.500000 -87.500000 2.212709
v 162.500000 -62.500000 2.212709
v 337.500000 -37.500000 2.212709
v 312.500000 -37.500000 2.212709
v 312.500000 -12.500000 2.212709
v 337.500000 -87.500000 2.212709
v 312.500000 -87.500000 2.212709
v 312.500000 -62.500000 2.212709
v 387.500000 -87.500000 2.212709
v 362.500000 -87.500000 2.212709
v 362.500000 -62.500000 2.212709
v -62.500000 -37.500000 2.212709
v -87.500000 -37.500000 2.212709
v -87.500000 -12.500000 2.212709
v -62.500000 -87.500000 2.212709
v -87.500000 -87.500000 2.212709
v -87.500000 -62.500000 2.212709
v -12.500000 -87.500000 2.212709
v -37.500000 -87.500000 2.212709
v -37.500000 -62.500000 2.212709
v -62.500000 362.500000 2.212709
v -87.500000 362.500000 2.212709
v -87.500000 387.500000 2.212709
v -62.500000 312.500000 2.212709
v -87.500000 312.500000 2.212709
v -87.500000 337.500000 2.212709
v -12.500000 312.500000 2.212709
v -37.500000 312.500000 2.212709
v -37.500000 337.500000 2.212709
v 337.500000 362.500000 2.212709
v 312.500000 362.500000 2.212709
v 312.500000 387.500000 2.212709
v 337.500000 312.500000 2.212709
v 312.500000 312.500000 2.212709
v 312.500000 337.500000 2.212709
v 387.500000 312.500000 2.212709
v 362.500000 312.500000 2.212709
v 362.500000 337.500000 2.212709
v 387.500000 337.500000 2.212709
v 337.500000 337.500000 2.212709
v 337.500000 387.500000 2.212709
v -12.500000 337.500000 2.212709
v -62.500000 337.500000 2.212709
v -62.500000 387.500000 2.212709
v -12.500000 -62.500000 2.212709
v -62.500000 -62.500000 2.212709
v -62.500000 -12.500000 2.212709
v 387.500000 -62.500000 2.212709
v 337.500000 -62.500000 2.212709
v 337.500000 -12.500000 2.212709
v 187.500000 -62.500000 2.212709
v 137.500000 -62.500000 2.212709
v 137.500000 -12.500000 2.212709
v 187.500000 -262.500000 2.212709
v 137.500000 -262.500000 2.212709
v 137.500000 -212.500000 2.212709
v 387.500000 -262.500000 2.212709
v 337.500000 -262.500000 2.212709
v 337.500000 -212.500000 2.212709
v -212.500000 -62.500000 2.212709
v -262.500000 -62.500000 2.212709
v -262.500000 -12.500000 2.212709
v -212.500000 -262.500000 2.212709
v -262.500000 -262.500000 2.212709
v -262.500000 -212.500000 2.212709
v -12.500000 -262.500000 2.212709
v -62.500000 -262.500000 2.212709
v -62.500000 -212.500000 2.212709
v -212.500000 337.500000 2.212709
v -262.500000 337.500000 2.212709
v -262.500000 387.500000 2.212709
v -212.500000 137.500000 2.212709
v -262.500000 137.500000 2.212709
v -262.500000 187.500000 2.212709
v -12.500000 137.500000 2.212709
v -62.500000 137.500000 2.212709
v -62.500000 187.500000 2.212709
v 187.500000 337.500000 2.212709
v 137.500000 337.500000 2.212709
v 137.500000 387.500000 2.212709
v 187.500000 137.500000 2.212709
v 137.500000 137.500000 2.212709
v 137.500000 187.500000 2.212709
v 387.500000 137.500000 2.212709
v 337.500000 137.500000 2.212709
v 337.500000 187.500000 2.212709
v 287.500000 137.500000 2.212709
v 237.500000 137.500000 2.212709
v 237.500000 187.500000 2.212709
v 287.500000 37.500000 2.212709
v 237.500000 37.500000 2.212709
v 237.500000 87.500000 2.212709
v 387.500000 37.500000 2.212709
v 337.500000 37.500000 2.212709
v 337.500000 87.500000 2.212709
v 87.500000 137.500000 2.212709
v 37.500000 137.500000 2.212709
v 37.500000 187.500000 2.212709
v 87.500000 37.500000 2.212709
v 37.500000 37.500000 2.212709
v 37.500000 87.500000 2.212709
v 187.500000 37.500000 2.212709
v 137.500000 37.500000 2.212709
v 137.500000 87.500000 2.212709
v 87.500000 337.500000 2.212709
v 37.500000 337.500000 2.212709
v 37.500000 387.500000 2.212709
v 87.500000 237.500000 2.212709
v 37.500000 237.500000 2.212709
v 37.500000 287.500000 2.212709
v 187.500000 237.500000 2.212709
v 137.500000 237.500000 2.212709
v 137.500000 287.500000 2.212709
v -112.500000 137.500000 2.212709
v -162.500000 137.500000 2.212709
v -162.500000 187.500000 2.212709
v -112.500000 37.500000 2.212709
v -162.500000 37.500000 2.212709
v -162.500000 87.500000 2.212709
v -12.500000 37.500000 2.212709
v -62.500000 37.500000 2.212709
v -62.500000 87.500000 2.212709
v -312.500000 137.500000 2.212709
v -362.500000 137.500000 2.212709
v -362.500000 187.500000 2.212709
v -312.500000 37.500000 2.212709
v -362.500000 37.500000 2.212709
v -362.500000 87.500000 2.212709
v -212.500000 37.500000 2.212709
v -262.500000 37.500000 2.212709
v -262.500000 87.500000 2.212709
v -312.500000 337.500000 2.212709
v -362.500000 337.500000 2.212709
v -362.500000 387.500000 2.212709
v -312.500000 237.500000 2.212709
v -362.500000 237.500000 2.212709
v -362.500000 287.500000 2.212709
v -212.500000 237.500000 2.212709
v -262.500000 237.500000 2.212709
v -262.500000 287.500000 2.212709
v -112.500000 -262.500000 2.212709
v -162.500000 -262.500000 2.212709
v -162.500000 -212.500000 2.212709
v -112.500000 -362.500000 2.212709
v -162.500000 -362.500000 2.212709
v -162.500000 -312.500000 2.212709
v -12.500000 -362.500000 2.212709
v -62.500000 -362.500000 2.212709
v -62.500000 -312.500000 2.212709
v -312.500000 -262.500000 2.212709
v -362.500000 -262.500000 2.212709
v -362.500000 -212.500000 2.212709
v -312.500000 -362.500000 2.212709
v -362.500000 -362.500000 2.212709
v -362.500000 -312.500000 2.212709
v -212.500000 -362.500000 2.212709
v -262.500000 -362.500000 2.212709
v -262.500000 -312.500000 2.212709
v -312.500000 -62.500000 2.212709
v -362.500000 -62.500000 2.212709
v -362.500000 -12.500000 2.212709
v -312.500000 -162.500000 2.212709
v -362.500000 -162.500000 2.212709
v -362.500000 -112.500000 2.212709
v -212.500000 -162.500000 2.212709
v -262.500000 -162.500000 2.212709
v -262.500000 -112.500000 2.212709
v 287.500000 -262.500000 2.212709
v 237.500000 -262.500000 2.212709
v 237.500000 -212.500000 2.212709
v 287.500000 -362.500000 2.212709
v 237.500000 -362.500000 2.212709
v 237.500000 -312.500000 2.212709
v 387.500000 -362.500000 2.212709
v 337.500000 -362.500000 2.212709
v 337.500000 -312.500000 2.212709
v 87.500000 -262.500000 2.212709
v 37.500000 -262.500000 2.212709
v 37.500000 -212.500000 2.212709
v 87.500000 -362.500000 2.212709
v 37.500000 -362.500000 2.212709
v 37.500000 -312.500000 2.212709
v 187.500000 -362.500000 2.212709
v 137.500000 -362.500000 2.212709
v 137.500000 -312.500000 2.212709
v 87.500000 -62.500000 2.212709
v 37.500000 -62.500000 2.212709
v 37.500000 -12.500000 2.212709
v 87.500000 -162.500000 2.212709
v 37.500000 -162.500000 2.212709
v 37.500000 -112.500000 2.212709
v 187.500000 -162.500000 2.212709
v 137.500000 -162.500000 2.212709
v 137.500000 -112.500000 2.212709
v 287.500000 -62.500000 2.212709
v 237.500000 -62.500000 2.212709
v 237.500000 -12.500000 2.212709
v 287.500000 -162.500000 2.212709
v 237.500000 -162.500000 2.212709
v 237.500000 -112.500000 2.212709
v 387.500000 -162.500000 2.212709
v 337.500000 -162.500000 2.212709
v 337.500000 -112.500000 2.212709
v -112.500000 -62.500000 2.212709
v -162.500000 -62.500000 2.212709
v -162.500000 -12.500000 2.212709
v -112.500000 -162.500000 2.212709
v -162.500000 -162.500000 2.212709
v -162.500000 -112.500000 2.212709
v -12.500000 -162.500000 2.212709
v -62.500000 -162.500000 2.212709
v -62.500000 -112.500000 2.212709
v -112.500000 337.500000 2.212709
v -162.500000 337.500000 2.212709
v -162.500000 387.500000 2.212709
v -112.500000 237.500000 2.212709
v -162.500000 237.500000 2.212709
v -162.500000 287.500000 2.212709
v -12.500000 237.500000 2.212709
v -62.500000 237.500000 2.212709
v -62.500000 287.500000 2.212709
v 287.500000 337.500000 2.212709
v 237.500000 337.500000 2.212709
v 237.500000 387.500000 2.212709
v 287.500000 237.500000 2.212709
v 237.500000 237.500000 2.212709
v 237.500000 287.500000 2.212709
v 387.500000 237.500000 2.212709
v 337.500000 237.500000 2.212709
v 337.500000 287.500000 2.212709
v 387.500000 287.500000 2.212709
v 287.500000 287.500000 2.212709
v 287.500000 387.500000 2.212709
v -12.500000 287.500000 2.212709
v -112.500000 287.500000 2.212709
v -112.500000 387.500000 2.212709
v -12.500000 -112.500000 2.212709
v -112.500000 -112.500000 2.212709
v -112.500000 -12.500000 2.212709
v 387.500000 -112.500000 2.212709
v 287.500000 -112.500000 2.212709
v 287.500000 -12.500000 2.212709
v 187.500000 -112.500000 2.212709
v 87.500000 -112.500000 2.212709
v 87.500000 -12.500000 2.212709
v 187.500000 -312.500000 2.212709
v 87.500000 -312.500000 2.212709
v 87.500000 -212.500000 2.212709
v 387.500000 -312.500000 2.212709
v 287.500000 -312.500000 2.212709
v 287.500000 -212.500000 2.212709
v -212.500000 -112.500000 2.212709
v -312.500000 -112.500000 2.212709
v -312.500000 -12.500000 2.212709
v -212.500000 -312.500000 2.212709
v -312.500000 -312.500000 2.212709
v -312.500000 -212.500000 2.212709
v -12.500000 -312.500000 2.212709
v -112.500000 -312.500000 2.212709
v -112.500000 -212.500000 2.212709
v -212.500000 287.500000 2.212709
v -312.500000 287.500000 2.212709
v -312.500000 387.500000 2.212709
v -212.500000 87.500000 2.212709
v -312.500000 87.500000 2.212709
v -312.500000 187.500000 2.212709
v -12.500000 87.500000 2.212709
v -112.500000 87.500000 2.212709
v -112.500000 187.500000 2.212709
v 187.500000 287.500000 2.212709
v 87.500000 287.500000 2.212709
v 87.500000 387.500000 2.212709
v 187.500000 87.500000 2.212709
v 87.500000 87.500000 2.212709
v 87.500000 187.500000 2.212709
v 387.500000 87.500000 2.212709
v 287.500000 87.500000 2.212709
v 287.500000 187.500000 2.212709
v 387.500000 187.500000 2.212709
v 187.500000 187.500000 2.212709
v 187.500000 387.500000 2.212709
v -12.500000 187.500000 2.212709
v -212.500000 187.500000 2.212709
v -212.500000 387.500000 2.212709
v -12.500000 -212.500000 2.212709
v -212.500000 -212.500000 2.212709
v -212.500000 -12.500000 2.212709
v 387.500000 -212.500000 2.212709
v 187.500000 -212.500000 2.212709
v 187.500000 -12.500000 2.212709
v 387.500000 -12.500000 2.212709
v -12.500000 -12.500000 2.212709
v -12.500000 387.500000 2.212709
v 387.500000 387.500000 2.212709
vn -0.0000 -0.0000 -1.0000
vn -0.0000 -0.0000 1.0000
vn -0.0000 -1.0000 -0.0000
vn 1.0000 -0.0000 -0.0000
vn -0.0000 1.0000 -0.0000
vn -1.0000 -0.0000 -0.0000
vt 0.984375 1.000000
vt 1.000000 0.984375
vt 0.984375 0.984375
vt 0.484375 1.000000
vt 0.500000 0.984375
vt 0.484375 0.984375
vt 0.484375 0.500000
vt 0.500000 0.484375
vt 0.484375 0.484375
vt 0.984375 0.500000
vt 1.000000 0.484375
vt 0.984375 0.484375
vt 0.734375 0.500000
vt 0.750000 0.484375
vt 0.734375 0.484375
vt 0.734375 0.250000
vt 0.750000 0.234375
vt 0.734375 0.234375
vt 0.984375 0.250000
vt 1.000000 0.234375
vt 0.984375 0.234375
vt 0.234375 0.500000
vt 0.250000 0.484375
vt 0.234375 0.484375
vt 0.234375 0.250000
vt 0.250000 0.234375
vt 0.234375 0.234375
vt 0.484375 0.250000
vt 0.500000 0.234375
vt 0.484375 0.234375
vt 0.234375 1.000000
vt 0.250000 0.984375
vt 0.234375 0.984375
vt 0.234375 0.750000
vt 0.250000 0.734375
vt 0.234375 0.734375
vt 0.484375 0.750000
vt 0.500000 0.734375
vt 0.484375 0.734375
vt 0.734375 1.000000
vt 0.750000 0.984375
vt 0.734375 0.984375
vt 0.734375 0.750000
vt 0.750000 0.734375
vt 0.734375 0.734375
vt 0.984375 0.750000
vt 1.000000 0.734375
vt 0.984375 0.734375
vt 0.859375 0.750000
vt 0.875000 0.734375
vt 0.859375 0.734375
vt 0.859375 0.625000
vt 0.875000 0.609375
vt 0.859375 0.609375
vt 0.984375 0.625000
vt 1.000000 0.609375
vt 0.984375 0.609375
vt 0.609375 0.750000
vt 0.625000 0.734375
vt 0.609375 0.734375
vt 0.609375 0.625000
vt 0.625000 0.609375
vt 0.609375 0.609375
vt 0.734375 0.625000
vt 0.750000 0.609375
vt 0.734375 0.609375
vt 0.609375 1.000000
vt 0.625000 0.984375
vt 0.609375 0.984375
vt 0.609375 0.875000
vt 0.625000 0.859375
vt 0.609375 0.859375
vt 0.734375 0.875000
vt 0.750000 0.859375
vt 0.734375 0.859375
vt 0.359375 0.750000
vt 0.375000 0.734375
vt 0.359375 0.734375
vt 0.359375 0.625000
vt 0.375000 0.609375
vt 0.359375 0.609375
vt 0.484375 0.625000
vt 0.500000 0.609375
vt 0.484375 0.609375
vt 0.109375 0.750000
vt 0.125000 0.734375
vt 0.109375 0.734375
vt 0.109375 0.625000
vt 0.125000 0.609375
vt 0.109375 0.609375
vt 0.234375 0.625000
vt 0.250000 0.609375
vt 0.234375 0.609375
vt 0.109375 1.000000
vt 0.125000 0.984375
vt 0.109375 0.984375
vt 0.109375 0.875000
vt 0.125000 0.859375
vt 0.109375 0.859375
vt 0.234375 0.875000
vt 0.250000 0.859375
vt 0.234375 0.859375
vt 0.359375 0.250000
vt 0.375000 0.234375
vt 0.359375 0.234375
vt 0.359375 0.125000
vt 0.375000 0.109375
vt 0.359375 0.109375
vt 0.484375 0.125000
vt 0.500000 0.109375
vt 0.484375 0.109375
vt 0.109375 0.250000
vt 0.125000 0.234375
vt 0.109375 0.234375
vt 0.109375 0.125000
vt 0.125000 0.109375
vt 0.109375 0.109375
vt 0.234375 0.125000
vt 0.250000 0.109375
vt 0.234375 0.109375
vt 0.109375 0.500000
vt 0.125000 0.484375
vt 0.109375 0.484375
vt 0.109375 0.375000
vt 0.125000 0.359375
vt 0.109375 0.359375
vt 0.234375 0.375000
vt 0.250000 0.359375
vt 0.234375 0.359375
vt 0.859375 0.250000
vt 0.875000 0.234375
vt 0.859375 0.234375
vt 0.859375 0.125000
vt 0.875000 0.109375
vt 0.859375 0.109375
vt 0.984375 0.125000
vt 1.000000 0.109375
vt 0.984375 0.109375
vt 0.609375 0.250000
vt 0.625000 0.234375
vt 0.609375 0.234375
vt 0.609375 0.125000
vt 0.625000 0.109375
vt 0.609375 0.109375
vt 0.734375 0.125000
vt 0.750000 0.109375
vt 0.734375 0.109375
vt 0.609375 0.500000
vt 0.625000 0.484375
vt 0.609375 0.484375
vt 0.609375 0.375000
vt 0.625000 0.359375
vt 0.609375 0.359375
vt 0.734375 0.375000
vt 0.750000 0.359375
vt 0.734375 0.359375
vt 0.859375 0.500000
vt 0.875000 0.484375
vt 0.859375 0.484375
vt 0.859375 0.375000
vt 0.875000 0.359375
vt 0.859375 0.359375
vt 0.984375 0.375000
vt 1.000000 0.359375
vt 0.984375 0.359375
vt 0.359375 0.500000
vt 0.375000 0.484375
vt 0.359375 0.484375
vt 0.359375 0.375000
vt 0.375000 0.359375
vt 0.359375 0.359375
vt 0.484375 0.375000
vt 0.500000 0.359375
vt 0.484375 0.359375
vt 0.359375 1.000000
vt 0.375000 0.984375
vt 0.359375 0.984375
vt 0.359375 0.875000
vt 0.375000 0.859375
vt 0.359375 0.859375
vt 0.484375 0.875000
vt 0.500000 0.859375
vt 0.484375 0.859375
vt 0.859375 1.000000
vt 0.875000 0.984375
vt 0.859375 0.984375
vt 0.859375 0.875000
vt 0.875000 0.859375
vt 0.859375 0.859375
vt 0.984375 0.875000
vt 1.000000 0.859375
vt 0.984375 0.859375
vt 0.921875 0.875000
vt 0.937500 0.859375
vt 0.921875 0.859375
vt 0.921875 0.812500
vt 0.937500 0.796875
vt 0.921875 0.796875
vt 0.984375 0.812500
vt 1.000000 0.796875
vt 0.984375 0.796875
vt 0.796875 0.875000
vt 0.812500 0.859375
vt 0.796875 0.859375
vt 0.796875 0.812500
vt 0.812500 0.796875
vt 0.796875 0.796875
vt 0.859375 0.812500
vt 0.875000 0.796875
vt 0.859375 0.796875
vt 0.796875 1.000000
vt 0.812500 0.984375
vt 0.796875 0.984375
vt 0.796875 0.937500
vt 0.812500 0.921875
vt 0.796875 0.921875
vt 0.859375 0.937500
vt 0.875000 0.921875
vt 0.859375 0.921875
vt 0.421875 0.875000
vt 0.437500 0.859375
vt 0.421875 0.859375
vt 0.421875 0.812500
vt 0.437500 0.796875
vt 0.421875 0.796875
vt 0.484375 0.812500
vt 0.500000 0.796875
vt 0.484375 0.796875
vt 0.296875 0.875000
vt 0.312500 0.859375
vt 0.296875 0.859375
vt 0.296875 0.812500
vt 0.312500 0.796875
vt 0.296875 0.796875
vt 0.359375 0.812500
vt 0.375000 0.796875
vt 0.359375 0.796875
vt 0.296875 1.000000
vt 0.312500 0.984375
vt 0.296875 0.984375
vt 0.296875 0.937500
vt 0.312500 0.921875
vt 0.296875 0.921875
vt 0.359375 0.937500
vt 0.375000 0.921875
vt 0.359375 0.921875
vt 0.421875 0.375000
vt 0.437500 0.359375
vt 0.421875 0.359375
vt 0.421875 0.312500
vt 0.437500 0.296875
vt 0.421875 0.296875
vt 0.484375 0.312500
vt 0.500000 0.296875
vt 0.484375 0.296875
vt 0.296875 0.375000
vt 0.312500 0.359375
vt 0.296875 0.359375
vt 0.296875 0.312500
vt 0.312500 0.296875
vt 0.296875 0.296875
vt 0.359375 0.312500
vt 0.375000 0.296875
vt 0.359375 0.296875
vt 0.296875 0.500000
vt 0.312500 0.484375
vt 0.296875 0.484375
vt 0.296875 0.437500
vt 0.312500 0.421875
vt 0.296875 0.421875
vt 0.359375 0.437500
vt 0.375000 0.421875
vt 0.359375 0.421875
vt 0.921875 0.375000
vt 0.937500 0.359375
vt 0.921875 0.359375
vt 0.921875 0.312500
vt 0.937500 0.296875
vt 0.921875 0.296875
vt 0.984375 0.312500
vt 1.000000 0.296875
vt 0.984375 0.296875
vt 0.796875 0.375000
vt 0.812500 0.359375
vt 0.796875 0.359375
vt 0.796875 0.312500
vt 0.812500 0.296875
vt 0.796875 0.296875
vt 0.859375 0.312500
vt 0.875000 0.296875
vt 0.859375 0.296875
vt 0.796875 0.500000
vt 0.812500 0.484375
vt 0.796875 0.484375
vt 0.796875 0.437500
vt 0.812500 0.421875
vt 0.796875 0.421875
vt 0.859375 0.437500
vt 0.875000 0.421875
vt 0.859375 0.421875
vt 0.671875 0.375000
vt 0.687500 0.359375
vt 0.671875 0.359375
vt 0.671875 0.312500
vt 0.687500 0.296875
vt 0.671875 0.296875
vt 0.734375 0.312500
vt 0.750000 0.296875
vt 0.734375 0.296875
vt 0.546875 0.375000
vt 0.562500 0.359375
vt 0.546875 0.359375
vt 0.546875 0.312500
vt 0.562500 0.296875
vt 0.546875 0.296875
vt 0.609375 0.312500
vt 0.625000 0.296875
vt 0.609375 0.296875
vt 0.546875 0.500000
vt 0.562500 0.484375
vt 0.546875 0.484375
vt 0.546875 0.437500
vt 0.562500 0.421875
vt 0.546875 0.421875
vt 0.609375 0.437500
vt 0.625000 0.421875
vt 0.609375 0.421875
vt 0.671875 0.125000
vt 0.687500 0.109375
vt 0.671875 0.109375
vt 0.671875 0.062500
vt 0.687500 0.046875
vt 0.671875 0.046875
vt 0.734375 0.062500
vt 0.750000 0.046875
vt 0.734375 0.046875
vt 0.546875 0.125000
vt 0.562500 0.109375
vt 0.546875 0.109375
vt 0.546875 0.062500
vt 0.562500 0.046875
vt 0.546875 0.046875
vt 0.609375 0.062500
vt 0.625000 0.046875
vt 0.609375 0.046875
vt 0.546875 0.250000
vt 0.562500 0.234375
vt 0.546875 0.234375
vt 0.546875 0.187500
vt 0.562500 0.171875
vt 0.546875 0.171875
vt 0.609375 0.187500
vt 0.625000 0.171875
vt 0.609375 0.171875
vt 0.921875 0.125000
vt 0.937500 0.109375
vt 0.921875 0.109375
vt 0.921875 0.062500
vt 0.937500 0.046875
vt 0.921875 0.046875
vt 0.984375 0.062500
vt 1.000000 0.046875
vt 0.984375 0.046875
vt 0.796875 0.125000
vt 0.812500 0.109375
vt 0.796875 0.109375
vt 0.796875 0.062500
vt 0.812500 0.046875
vt 0.796875 0.046875
vt 0.859375 0.062500
vt 0.875000 0.046875
vt 0.859375 0.046875
vt 0.796875 0.250000
vt 0.812500 0.234375
vt 0.796875 0.234375
vt 0.796875 0.187500
vt 0.812500 0.171875
vt 0.796875 0.171875
vt 0.859375 0.187500
vt 0.875000 0.171875
vt 0.859375 0.171875
vt 0.171875 0.375000
vt 0.187500 0.359375
vt 0.171875 0.359375
vt 0.171875 0.312500
vt 0.187500 0.296875
vt 0.171875 0.296875
vt 0.234375 0.312500
vt 0.250000 0.296875
vt 0.234375 0.296875
vt 0.046875 0.375000
vt 0.062500 0.359375
vt 0.046875 0.359375
vt 0.046875 0.312500
vt 0.062500 0.296875
vt 0.046875 0.296875
vt 0.109375 0.312500
vt 0.125000 0.296875
vt 0.109375 0.296875
vt 0.046875 0.500000
vt 0.062500 0.484375
vt 0.046875 0.484375
vt 0.046875 0.437500
vt 0.062500 0.421875
vt 0.046875 0.421875
vt 0.109375 0.437500
vt 0.125000 0.421875
vt 0.109375 0.421875
vt 0.171875 0.125000
vt 0.187500 0.109375
vt 0.171875 0.109375
vt 0.171875 0.062500
vt 0.187500 0.046875
vt 0.171875 0.046875
vt 0.234375 0.062500
vt 0.250000 0.046875
vt 0.234375 0.046875
vt 0.046875 0.125000
vt 0.062500 0.109375
vt 0.046875 0.109375
vt 0.046875 0.062500
vt 0.062500 0.046875
vt 0.046875 0.046875
vt 0.109375 0.062500
vt 0.125000 0.046875
vt 0.109375 0.046875
vt 0.046875 0.250000
vt 0.062500 0.234375
vt 0.046875 0.234375
vt 0.046875 0.187500
vt 0.062500 0.171875
vt 0.046875 0.171875
vt 0.109375 0.187500
vt 0.125000 0.171875
vt 0.109375 0.171875
vt 0.421875 0.125000
vt 0.437500 0.109375
vt 0.421875 0.109375
vt 0.421875 0.062500
vt 0.437500 0.046875
vt 0.421875 0.046875
vt 0.484375 0.062500
vt 0.500000 0.046875
vt 0.484375 0.046875
vt 0.296875 0.125000
vt 0.312500 0.109375
vt 0.296875 0.109375
vt 0.296875 0.062500
vt 0.312500 0.046875
vt 0.296875 0.046875
vt 0.359375 0.062500
vt 0.375000 0.046875
vt 0.359375 0.046875
vt 0.296875 0.250000
vt 0.312500 0.234375
vt 0.296875 0.234375
vt 0.296875 0.187500
vt 0.312500 0.171875
vt 0.296875 0.171875
vt 0.359375 0.187500
vt 0.375000 0.171875
vt 0.359375 0.171875
vt 0.171875 0.875000
vt 0.187500 0.859375
vt 0.171875 0.859375
vt 0.171875 0.812500
vt 0.187500 0.796875
vt 0.171875 0.796875
vt 0.234375 0.812500
vt 0.250000 0.796875
vt 0.234375 0.796875
vt 0.046875 0.875000
vt 0.062500 0.859375
vt 0.046875 0.859375
vt 0.046875 0.812500
vt 0.062500 0.796875
vt 0.046875 0.796875
vt 0.109375 0.812500
vt 0.125000 0.796875
vt 0.109375 0.796875
vt 0.046875 1.000000
vt 0.062500 0.984375
vt 0.046875 0.984375
vt 0.046875 0.937500
vt 0.062500 0.921875
vt 0.046875 0.921875
vt 0.109375 0.937500
vt 0.125000 0.921875
vt 0.109375 0.921875
vt 0.171875 0.625000
vt 0.187500 0.609375
vt 0.171875 0.609375
vt 0.171875 0.562500
vt 0.187500 0.546875
vt 0.171875 0.546875
vt 0.234375 0.562500
vt 0.250000 0.546875
vt 0.234375 0.546875
vt 0.046875 0.625000
vt 0.062500 0.609375
vt 0.046875 0.609375
vt 0.046875 0.562500
vt 0.062500 0.546875
vt 0.046875 0.546875
vt 0.109375 0.562500
vt 0.125000 0.546875
vt 0.109375 0.546875
vt 0.046875 0.750000
vt 0.062500 0.734375
vt 0.046875 0.734375
vt 0.046875 0.687500
vt 0.062500 0.671875
vt 0.046875 0.671875
vt 0.109375 0.687500
vt 0.125000 0.671875
vt 0.109375 0.671875
vt 0.421875 0.625000
vt 0.437500 0.609375
vt 0.421875 0.609375
vt 0.421875 0.562500
vt 0.437500 0.546875
vt 0.421875 0.546875
vt 0.484375 0.562500
vt 0.500000 0.546875
vt 0.484375 0.546875
vt 0.296875 0.625000
vt 0.312500 0.609375
vt 0.296875 0.609375
vt 0.296875 0.562500
vt 0.312500 0.546875
vt 0.296875 0.546875
vt 0.359375 0.562500
vt 0.375000 0.546875
vt 0.359375 0.546875
vt 0.296875 0.750000
vt 0.312500 0.734375
vt 0.296875 0.734375
vt 0.296875 0.687500
vt 0.312500 0.671875
vt 0.296875 0.671875
vt 0.359375 0.687500
vt 0.375000 0.671875
vt 0.359375 0.671875
vt 0.671875 0.875000
vt 0.687500 0.859375
vt 0.671875 0.859375
vt 0.671875 0.812500
vt 0.687500 0.796875
vt 0.671875 0.796875
vt 0.734375 0.812500
vt 0.750000 0.796875
vt 0.734375 0.796875
vt 0.546875 0.875000
vt 0.562500 0.859375
vt 0.546875 0.859375
vt 0.546875 0.812500
vt 0.562500 0.796875
vt 0.546875 0.796875
vt 0.609375 0.812500
vt 0.625000 0.796875
vt 0.609375 0.796875
vt 0.546875 1.000000
vt 0.562500 0.984375
vt 0.546875 0.984375
vt 0.546875 0.937500
vt 0.562500 0.921875
vt 0.546875 0.921875
vt 0.609375 0.937500
vt 0.625000 0.921875
vt 0.609375 0.921875
vt 0.671875 0.625000
vt 0.687500 0.609375
vt 0.671875 0.609375
vt 0.671875 0.562500
vt 0.687500 0.546875
vt 0.671875 0.546875
vt 0.734375 0.562500
vt 0.750000 0.546875
vt 0.734375 0.546875
vt 0.546875 0.625000
vt 0.562500 0.609375
vt 0.546875 0.609375
vt 0.546875 0.562500
vt 0.562500 0.546875
vt 0.546875 0.546875
vt 0.609375 0.562500
vt 0.625000 0.546875
vt 0.609375 0.546875
vt 0.546875 0.750000
vt 0.562500 0.734375
vt 0.546875 0.734375
vt 0.546875 0.687500
vt 0.562500 0.671875
vt 0.546875 0.671875
vt 0.609375 0.687500
vt 0.625000 0.671875
vt 0.609375 0.671875
vt 0.921875 0.625000
vt 0.937500 0.609375
vt 0.921875 0.609375
vt 0.921875 0.562500
vt 0.937500 0.546875
vt 0.921875 0.546875
vt 0.984375 0.562500
vt 1.000000 0.546875
vt 0.984375 0.546875
vt 0.796875 0.625000
vt 0.812500 0.609375
vt 0.796875 0.609375
vt 0.796875 0.562500
vt 0.812500 0.546875
vt 0.796875 0.546875
vt 0.859375 0.562500
vt 0.875000 0.546875
vt 0.859375 0.546875
vt 0.796875 0.750000
vt 0.812500 0.734375
vt 0.796875 0.734375
vt 0.796875 0.687500
vt 0.812500 0.671875
vt 0.796875 0.671875
vt 0.859375 0.687500
vt 0.875000 0.671875
vt 0.859375 0.671875
vt 0.921875 0.750000
vt 0.937500 0.734375
vt 0.921875 0.734375
vt 0.921875 0.687500
vt 0.937500 0.671875
vt 0.921875 0.671875
vt 0.984375 0.687500
vt 1.000000 0.671875
vt 0.984375 0.671875
vt 0.671875 0.750000
vt 0.687500 0.734375
vt 0.671875 0.734375
vt 0.671875 0.687500
vt 0.687500 0.671875
vt 0.671875 0.671875
vt 0.734375 0.687500
vt 0.750000 0.671875
vt 0.734375 0.671875
vt 0.671875 1.000000
vt 0.687500 0.984375
vt 0.671875 0.984375
vt 0.671875 0.937500
vt 0.687500 0.921875
vt 0.671875 0.921875
vt 0.734375 0.937500
vt 0.750000 0.921875
vt 0.734375 0.921875
vt 0.421875 0.750000
vt 0.437500 0.734375
vt 0.421875 0.734375
vt 0.421875 0.687500
vt 0.437500 0.671875
vt 0.421875 0.671875
vt 0.484375 0.687500
vt 0.500000 0.671875
vt 0.484375 0.671875
vt 0.171875 0.750000
vt 0.187500 0.734375
vt 0.171875 0.734375
vt 0.171875 0.687500
vt 0.187500 0.671875
vt 0.171875 0.671875
vt 0.234375 0.687500
vt 0.250000 0.671875
vt 0.234375 0.671875
vt 0.171875 1.000000
vt 0.187500 0.984375
vt 0.171875 0.984375
vt 0.171875 0.937500
vt 0.187500 0.921875
vt 0.171875 0.921875
vt 0.234375 0.937500
vt 0.250000 0.921875
vt 0.234375 0.921875
vt 0.421875 0.250000
vt 0.437500 0.234375
vt 0.421875 0.234375
vt 0.421875 0.187500
vt 0.437500 0.171875
vt 0.421875 0.171875
vt 0.484375 0.187500
vt 0.500000 0.171875
vt 0.484375 0.171875
vt 0.171875 0.250000
vt 0.187500 0.234375
vt 0.171875 0.234375
vt 0.171875 0.187500
vt 0.187500 0.171875
vt 0.171875 0.171875
vt 0.234375 0.187500
vt 0.250000 0.171875
vt 0.234375 0.171875
vt 0.171875 0.500000
vt 0.187500 0.484375
vt 0.171875 0.484375
vt 0.171875 0.437500
vt 0.187500 0.421875
vt 0.171875 0.421875
vt 0.234375 0.437500
vt 0.250000 0.421875
vt 0.234375 0.421875
vt 0.921875 0.250000
vt 0.937500 0.234375
vt 0.921875 0.234375
vt 0.921875 0.187500
vt 0.937500 0.171875
vt 0.921875 0.171875
vt 0.984375 0.187500
vt 1.000000 0.171875
vt 0.984375 0.171875
vt 0.671875 0.250000
vt 0.687500 0.234375
vt 0.671875 0.234375
vt 0.671875 0.187500
vt 0.687500 0.171875
vt 0.671875 0.171875
vt 0.734375 0.187500
vt 0.750000 0.171875
vt 0.734375 0.171875
vt 0.671875 0.500000
vt 0.687500 0.484375
vt 0.671875 0.484375
vt 0.671875 0.437500
vt 0.687500 0.421875
vt 0.671875 0.421875
vt 0.734375 0.437500
vt 0.750000 0.421875
vt 0.734375 0.421875
vt 0.921875 0.500000
vt 0.937500 0.484375
vt 0.921875 0.484375
vt 0.921875 0.437500
vt 0.937500 0.421875
vt 0.921875 0.421875
vt 0.984375 0.437500
vt 1.000000 0.421875
vt 0.984375 0.421875
vt 0.421875 0.500000
vt 0.437500 0.484375
vt 0.421875 0.484375
vt 0.421875 0.437500
vt 0.437500 0.421875
vt 0.421875 0.421875
vt 0.484375 0.437500
vt 0.500000 0.421875
vt 0.484375 0.421875
vt 0.421875 1.000000
vt 0.437500 0.984375
vt 0.421875 0.984375
vt 0.421875 0.937500
vt 0.437500 0.921875
vt 0.421875 0.921875
vt 0.484375 0.937500
vt 0.500000 0.921875
vt 0.484375 0.921875
vt 0.921875 1.000000
vt 0.937500 0.984375
vt 0.921875 0.984375
vt 0.921875 0.937500
vt 0.937500 0.921875
vt 0.921875 0.921875
vt 0.984375 0.937500
vt 1.000000 0.921875
vt 0.984375 0.921875
vt 0.953125 0.937500
vt 0.968750 0.921875
vt 0.953125 0.921875
vt 0.953125 0.906250
vt 0.968750 0.890625
vt 0.953125 0.890625
vt 0.984375 0.906250
vt 1.000000 0.890625
vt 0.984375 0.890625
vt 0.890625 0.937500
vt 0.906250 0.921875
vt 0.890625 0.921875
vt 0.890625 0.906250
vt 0.906250 0.890625
vt 0.890625 0.890625
vt 0.921875 0.906250
vt 0.937500 0.890625
vt 0.921875 0.890625
vt 0.890625 1.000000
vt 0.906250 0.984375
vt 0.890625 0.984375
vt 0.890625 0.968750
vt 0.906250 0.953125
vt 0.890625 0.953125
vt 0.921875 0.968750
vt 0.937500 0.953125
vt 0.921875 0.953125
vt 0.453125 0.937500
vt 0.468750 0.921875
vt 0.453125 0.921875
vt 0.453125 0.906250
vt 0.468750 0.890625
vt 0.453125 0.890625
vt 0.484375 0.906250
vt 0.500000 0.890625
vt 0.484375 0.890625
vt 0.390625 0.937500
vt 0.406250 0.921875
vt 0.390625 0.921875
vt 0.390625 0.906250
vt 0.406250 0.890625
vt 0.390625 0.890625
vt 0.421875 0.906250
vt 0.437500 0.890625
vt 0.421875 0.890625
vt 0.390625 1.000000
vt 0.406250 0.984375
vt 0.390625 0.984375
vt 0.390625 0.968750
vt 0.406250 0.953125
vt 0.390625 0.953125
vt 0.421875 0.968750
vt 0.437500 0.953125
vt 0.421875 0.953125
vt 0.453125 0.437500
vt 0.468750 0.421875
vt 0.453125 0.421875
vt 0.453125 0.406250
vt 0.468750 0.390625
vt 0.453125 0.390625
vt 0.484375 0.406250
vt 0.500000 0.390625
vt 0.484375 0.390625
vt 0.390625 0.437500
vt 0.406250 0.421875
vt 0.390625 0.421875
vt 0.390625 0.406250
vt 0.406250 0.390625
vt 0.390625 0.390625
vt 0.421875 0.406250
vt 0.437500 0.390625
vt 0.421875 0.390625
vt 0.390625 0.500000
vt 0.406250 0.484375
vt 0.390625 0.484375
vt 0.390625 0.468750
vt 0.406250 0.453125
vt 0.390625 0.453125
vt 0.421875 0.468750
vt 0.437500 0.453125
vt 0.421875 0.453125
vt 0.953125 0.437500
vt 0.968750 0.421875
vt 0.953125 0.421875
vt 0.953125 0.406250
vt 0.968750 0.390625
vt 0.953125 0.390625
vt 0.984375 0.406250
vt 1.000000 0.390625
vt 0.984375 0.390625
vt 0.890625 0.437500
vt 0.906250 0.421875
vt 0.890625 0.421875
vt 0.890625 0.406250
vt 0.906250 0.390625
vt 0.890625 0.390625
vt 0.921875 0.406250
vt 0.937500 0.390625
vt 0.921875 0.390625
vt 0.890625 0.500000
vt 0.906250 0.484375
vt 0.890625 0.484375
vt 0.890625 0.468750
vt 0.906250 0.453125
vt 0.890625 0.453125
vt 0.921875 0.468750
vt 0.937500 0.453125
vt 0.921875 0.453125
vt 0.703125 0.437500
vt 0.718750 0.421875
vt 0.703125 0.421875
vt 0.703125 0.406250
vt 0.718750 0.390625
vt 0.703125 0.390625
vt 0.734375 0.406250
vt 0.750000 0.390625
vt 0.734375 0.390625
vt 0.640625 0.437500
vt 0.656250 0.421875
vt 0.640625 0.421875
vt 0.640625 0.406250
vt 0.656250 0.390625
vt 0.640625 0.390625
vt 0.671875 0.406250
vt 0.687500 0.390625
vt 0.671875 0.390625
vt 0.640625 0.500000
vt 0.656250 0.484375
vt 0.640625 0.484375
vt 0.640625 0.468750
vt 0.656250 0.453125
vt 0.640625 0.453125
vt 0.671875 0.468750
vt 0.687500 0.453125
vt 0.671875 0.453125
vt 0.703125 0.187500
vt 0.718750 0.171875
vt 0.703125 0.171875
vt 0.703125 0.156250
vt 0.718750 0.140625
vt 0.703125 0.140625
vt 0.734375 0.156250
vt 0.750000 0.140625
vt 0.734375 0.140625
vt 0.640625 0.187500
vt 0.656250 0.171875
vt 0.640625 0.171875
vt 0.640625 0.156250
vt 0.656250 0.140625
vt 0.640625 0.140625
vt 0.671875 0.156250
vt 0.687500 0.140625
vt 0.671875 0.140625
vt 0.640625 0.250000
vt 0.656250 0.234375
vt 0.640625 0.234375
vt 0.640625 0.218750
vt 0.656250 0.203125
vt 0.640625 0.203125
vt 0.671875 0.218750
vt 0.687500 0.203125
vt 0.671875 0.203125
vt 0.953125 0.187500
vt 0.968750 0.171875
vt 0.953125 0.171875
vt 0.953125 0.156250
vt 0.968750 0.140625
vt 0.953125 0.140625
vt 0.984375 0.156250
vt 1.000000 0.140625
vt 0.984375 0.140625
vt 0.890625 0.187500
vt 0.906250 0.171875
vt 0.890625 0.171875
vt 0.890625 0.156250
vt 0.906250 0.140625
vt 0.890625 0.140625
vt 0.921875 0.156250
vt 0.937500 0.140625
vt 0.921875 0.140625
vt 0.890625 0.250000
vt 0.906250 0.234375
vt 0.890625 0.234375
vt 0.890625 0.218750
vt 0.906250 0.203125
vt 0.890625 0.203125
vt 0.921875 0.218750
vt 0.937500 0.203125
vt 0.921875 0.203125
vt 0.203125 0.437500
vt 0.218750 0.421875
vt 0.203125 0.421875
vt 0.203125 0.406250
vt 0.218750 0.390625
vt 0.203125 0.390625
vt 0.234375 0.406250
vt 0.250000 0.390625
vt 0.234375 0.390625
vt 0.140625 0.437500
vt 0.156250 0.421875
vt 0.140625 0.421875
vt 0.140625 0.406250
vt 0.156250 0.390625
vt 0.140625 0.390625
vt 0.171875 0.406250
vt 0.187500 0.390625
vt 0.171875 0.390625
vt 0.140625 0.500000
vt 0.156250 0.484375
vt 0.140625 0.484375
vt 0.140625 0.468750
vt 0.156250 0.453125
vt 0.140625 0.453125
vt 0.171875 0.468750
vt 0.187500 0.453125
vt 0.171875 0.453125
vt 0.203125 0.187500
vt 0.218750 0.171875
vt 0.203125 0.171875
vt 0.203125 0.156250
vt 0.218750 0.140625
vt 0.203125 0.140625
vt 0.234375 0.156250
vt 0.250000 0.140625
vt 0.234375 0.140625
vt 0.140625 0.187500
vt 0.156250 0.171875
vt 0.140625 0.171875
vt 0.140625 0.156250
vt 0.156250 0.140625
vt 0.140625 0.140625
vt 0.171875 0.156250
vt 0.187500 0.140625
vt 0.171875 0.140625
vt 0.140625 0.250000
vt 0.156250 0.234375
vt 0.140625 0.234375
vt 0.140625 0.218750
vt 0.156250 0.203125
vt 0.140625 0.203125
vt 0.171875 0.218750
vt 0.187500 0.203125
vt 0.171875 0.203125
vt 0.453125 0.187500
vt 0.468750 0.171875
vt 0.453125 0.171875
vt 0.453125 0.156250
vt 0.468750 0.140625
vt 0.453125 0.140625
vt 0.484375 0.156250
vt 0.500000 0.140625
vt 0.484375 0.140625
vt 0.390625 0.187500
vt 0.406250 0.171875
vt 0.390625 0.171875
vt 0.390625 0.156250
vt 0.406250 0.140625
vt 0.390625 0.140625
vt 0.421875 0.156250
vt 0.437500 0.140625
vt 0.421875 0.140625
vt 0.390625 0.250000
vt 0.406250 0.234375
vt 0.390625 0.234375
vt 0.390625 0.218750
vt 0.406250 0.203125
vt 0.390625 0.203125
vt 0.421875 0.218750
vt 0.437500 0.203125
vt 0.421875 0.203125
vt 0.203125 0.937500
vt 0.218750 0.921875
vt 0.203125 0.921875
vt 0.203125 0.906250
vt 0.218750 0.890625
vt 0.203125 0.890625
vt 0.234375 0.906250
vt 0.250000 0.890625
vt 0.234375 0.890625
vt 0.140625 0.937500
vt 0.156250 0.921875
vt 0.140625 0.921875
vt 0.140625 0.906250
vt 0.156250 0.890625
vt 0.140625 0.890625
vt 0.171875 0.906250
vt 0.187500 0.890625
vt 0.171875 0.890625
vt 0.140625 1.000000
vt 0.156250 0.984375
vt 0.140625 0.984375
vt 0.140625 0.968750
vt 0.156250 0.953125
vt 0.140625 0.953125
vt 0.171875 0.968750
vt 0.187500 0.953125
vt 0.171875 0.953125
vt 0.203125 0.687500
vt 0.218750 0.671875
vt 0.203125 0.671875
vt 0.203125 0.656250
vt 0.218750 0.640625
vt 0.203125 0.640625
vt 0.234375 0.656250
vt 0.250000 0.640625
vt 0.234375 0.640625
vt 0.140625 0.687500
vt 0.156250 0.671875
vt 0.140625 0.671875
vt 0.140625 0.656250
vt 0.156250 0.640625
vt 0.140625 0.640625
vt 0.171875 0.656250
vt 0.187500 0.640625
vt 0.171875 0.640625
vt 0.140625 0.750000
vt 0.156250 0.734375
vt 0.140625 0.734375
vt 0.140625 0.718750
vt 0.156250 0.703125
vt 0.140625 0.703125
vt 0.171875 0.718750
vt 0.187500 0.703125
vt 0.171875 0.703125
vt 0.453125 0.687500
vt 0.468750 0.671875
vt 0.453125 0.671875
vt 0.453125 0.656250
vt 0.468750 0.640625
vt 0.453125 0.640625
vt 0.484375 0.656250
vt 0.500000 0.640625
vt 0.484375 0.640625
vt 0.390625 0.687500
vt 0.406250 0.671875
vt 0.390625 0.671875
vt 0.390625 0.656250
vt 0.406250 0.640625
vt 0.390625 0.640625
vt 0.421875 0.656250
vt 0.437500 0.640625
vt 0.421875 0.640625
vt 0.390625 0.750000
vt 0.406250 0.734375
vt 0.390625 0.734375
vt 0.390625 0.718750
vt 0.406250 0.703125
vt 0.390625 0.703125
vt 0.421875 0.718750
vt 0.437500 0.703125
vt 0.421875 0.703125
vt 0.703125 0.937500
vt 0.718750 0.921875
vt 0.703125 0.921875
vt 0.703125 0.906250
vt 0.718750 0.890625
vt 0.703125 0.890625
vt 0.734375 0.906250
vt 0.750000 0.890625
vt 0.734375 0.890625
vt 0.640625 0.937500
vt 0.656250 0.921875
vt 0.640625 0.921875
vt 0.640625 0.906250
vt 0.656250 0.890625
vt 0.640625 0.890625
vt 0.671875 0.906250
vt 0.687500 0.890625
vt 0.671875 0.890625
vt 0.640625 1.000000
vt 0.656250 0.984375
vt 0.640625 0.984375
vt 0.640625 0.968750
vt 0.656250 0.953125
vt 0.640625 0.953125
vt 0.671875 0.968750
vt 0.687500 0.953125
vt 0.671875 0.953125
vt 0.703125 0.687500
vt 0.718750 0.671875
vt 0.703125 0.671875
vt 0.703125 0.656250
vt 0.718750 0.640625
vt 0.703125 0.640625
vt 0.734375 0.656250
vt 0.750000 0.640625
vt 0.734375 0.640625
vt 0.640625 0.687500
vt 0.656250 0.671875
vt 0.640625 0.671875
vt 0.640625 0.656250
vt 0.656250 0.640625
vt 0.640625 0.640625
vt 0.671875 0.656250
vt 0.687500 0.640625
vt 0.671875 0.640625
vt 0.640625 0.750000
vt 0.656250 0.734375
vt 0.640625 0.734375
vt 0.640625 0.718750
vt 0.656250 0.703125
vt 0.640625 0.703125
vt 0.671875 0.718750
vt 0.687500 0.703125
vt 0.671875 0.703125
vt 0.953125 0.687500
vt 0.968750 0.671875
vt 0.953125 0.671875
vt 0.953125 0.656250
vt 0.968750 0.640625
vt 0.953125 0.640625
vt 0.984375 0.656250
vt 1.000000 0.640625
vt 0.984375 0.640625
vt 0.890625 0.687500
vt 0.906250 0.671875
vt 0.890625 0.671875
vt 0.890625 0.656250
vt 0.906250 0.640625
vt 0.890625 0.640625
vt 0.921875 0.656250
vt 0.937500 0.640625
vt 0.921875 0.640625
vt 0.890625 0.750000
vt 0.906250 0.734375
vt 0.890625 0.734375
vt 0.890625 0.718750
vt 0.906250 0.703125
vt 0.890625 0.703125
vt 0.921875 0.718750
vt 0.937500 0.703125
vt 0.921875 0.703125
vt 0.828125 0.687500
vt 0.843750 0.671875
vt 0.828125 0.671875
vt 0.828125 0.656250
vt 0.843750 0.640625
vt 0.828125 0.640625
vt 0.859375 0.656250
vt 0.875000 0.640625
vt 0.859375 0.640625
vt 0.765625 0.687500
vt 0.781250 0.671875
vt 0.765625 0.671875
vt 0.765625 0.656250
vt 0.781250 0.640625
vt 0.765625 0.640625
vt 0.796875 0.656250
vt 0.812500 0.640625
vt 0.796875 0.640625
vt 0.765625 0.750000
vt 0.781250 0.734375
vt 0.765625 0.734375
vt 0.765625 0.718750
vt 0.781250 0.703125
vt 0.765625 0.703125
vt 0.796875 0.718750
vt 0.812500 0.703125
vt 0.796875 0.703125
vt 0.828125 0.562500
vt 0.843750 0.546875
vt 0.828125 0.546875
vt 0.828125 0.531250
vt 0.843750 0.515625
vt 0.828125 0.515625
vt 0.859375 0.531250
vt 0.875000 0.515625
vt 0.859375 0.515625
vt 0.765625 0.562500
vt 0.781250 0.546875
vt 0.765625 0.546875
vt 0.765625 0.531250
vt 0.781250 0.515625
vt 0.765625 0.515625
vt 0.796875 0.531250
vt 0.812500 0.515625
vt 0.796875 0.515625
vt 0.765625 0.625000
vt 0.781250 0.609375
vt 0.765625 0.609375
vt 0.765625 0.593750
vt 0.781250 0.578125
vt 0.765625 0.578125
vt 0.796875 0.593750
vt 0.812500 0.578125
vt 0.796875 0.578125
vt 0.953125 0.562500
vt 0.968750 0.546875
vt 0.953125 0.546875
vt 0.953125 0.531250
vt 0.968750 0.515625
vt 0.953125 0.515625
vt 0.984375 0.531250
vt 1.000000 0.515625
vt 0.984375 0.515625
vt 0.890625 0.562500
vt 0.906250 0.546875
vt 0.890625 0.546875
vt 0.890625 0.531250
vt 0.906250 0.515625
vt 0.890625 0.515625
vt 0.921875 0.531250
vt 0.937500 0.515625
vt 0.921875 0.515625
vt 0.890625 0.625000
vt 0.906250 0.609375
vt 0.890625 0.609375
vt 0.890625 0.593750
vt 0.906250 0.578125
vt 0.890625 0.578125
vt 0.921875 0.593750
vt 0.937500 0.578125
vt 0.921875 0.578125
vt 0.578125 0.687500
vt 0.593750 0.671875
vt 0.578125 0.671875
vt 0.578125 0.656250
vt 0.593750 0.640625
vt 0.578125 0.640625
vt 0.609375 0.656250
vt 0.625000 0.640625
vt 0.609375 0.640625
vt 0.515625 0.687500
vt 0.531250 0.671875
vt 0.515625 0.671875
vt 0.515625 0.656250
vt 0.531250 0.640625
vt 0.515625 0.640625
vt 0.546875 0.656250
vt 0.562500 0.640625
vt 0.546875 0.640625
vt 0.515625 0.750000
vt 0.531250 0.734375
vt 0.515625 0.734375
vt 0.515625 0.718750
vt 0.531250 0.703125
vt 0.515625 0.703125
vt 0.546875 0.718750
vt 0.562500 0.703125
vt 0.546875 0.703125
vt 0.578125 0.562500
vt 0.593750 0.546875
vt 0.578125 0.546875
vt 0.578125 0.531250
vt 0.593750 0.515625
vt 0.578125 0.515625
vt 0.609375 0.531250
vt 0.625000 0.515625
vt 0.609375 0.515625
vt 0.515625 0.562500
vt 0.531250 0.546875
vt 0.515625 0.546875
vt 0.515625 0.531250
vt 0.531250 0.515625
vt 0.515625 0.515625
vt 0.546875 0.531250
vt 0.562500 0.515625
vt 0.546875 0.515625
vt 0.515625 0.625000
vt 0.531250 0.609375
vt 0.515625 0.609375
vt 0.515625 0.593750
vt 0.531250 0.578125
vt 0.515625 0.578125
vt 0.546875 0.593750
vt 0.562500 0.578125
vt 0.546875 0.578125
vt 0.703125 0.562500
vt 0.718750 0.546875
vt 0.703125 0.546875
vt 0.703125 0.531250
vt 0.718750 0.515625
vt 0.703125 0.515625
vt 0.734375 0.531250
vt 0.750000 0.515625
vt 0.734375 0.515625
vt 0.640625 0.562500
vt 0.656250 0.546875
vt 0.640625 0.546875
vt 0.640625 0.531250
vt 0.656250 0.515625
vt 0.640625 0.515625
vt 0.671875 0.531250
vt 0.687500 0.515625
vt 0.671875 0.515625
vt 0.640625 0.625000
vt 0.656250 0.609375
vt 0.640625 0.609375
vt 0.640625 0.593750
vt 0.656250 0.578125
vt 0.640625 0.578125
vt 0.671875 0.593750
vt 0.687500 0.578125
vt 0.671875 0.578125
vt 0.578125 0.937500
vt 0.593750 0.921875
vt 0.578125 0.921875
vt 0.578125 0.906250
vt 0.593750 0.890625
vt 0.578125 0.890625
vt 0.609375 0.906250
vt 0.625000 0.890625
vt 0.609375 0.890625
vt 0.515625 0.937500
vt 0.531250 0.921875
vt 0.515625 0.921875
vt 0.515625 0.906250
vt 0.531250 0.890625
vt 0.515625 0.890625
vt 0.546875 0.906250
vt 0.562500 0.890625
vt 0.546875 0.890625
vt 0.515625 1.000000
vt 0.531250 0.984375
vt 0.515625 0.984375
vt 0.515625 0.968750
vt 0.531250 0.953125
vt 0.515625 0.953125
vt 0.546875 0.968750
vt 0.562500 0.953125
vt 0.546875 0.953125
vt 0.578125 0.812500
vt 0.593750 0.796875
vt 0.578125 0.796875
vt 0.578125 0.781250
vt 0.593750 0.765625
vt 0.578125 0.765625
vt 0.609375 0.781250
vt 0.625000 0.765625
vt 0.609375 0.765625
vt 0.515625 0.812500
vt 0.531250 0.796875
vt 0.515625 0.796875
vt 0.515625 0.781250
vt 0.531250 0.765625
vt 0.515625 0.765625
vt 0.546875 0.781250
vt 0.562500 0.765625
vt 0.546875 0.765625
vt 0.515625 0.875000
vt 0.531250 0.859375
vt 0.515625 0.859375
vt 0.515625 0.843750
vt 0.531250 0.828125
vt 0.515625 0.828125
vt 0.546875 0.843750
vt 0.562500 0.828125
vt 0.546875 0.828125
vt 0.703125 0.812500
vt 0.718750 0.796875
vt 0.703125 0.796875
vt 0.703125 0.781250
vt 0.718750 0.765625
vt 0.703125 0.765625
vt 0.734375 0.781250
vt 0.750000 0.765625
vt 0.734375 0.765625
vt 0.640625 0.812500
vt 0.656250 0.796875
vt 0.640625 0.796875
vt 0.640625 0.781250
vt 0.656250 0.765625
vt 0.640625 0.765625
vt 0.671875 0.781250
vt 0.687500 0.765625
vt 0.671875 0.765625
vt 0.640625 0.875000
vt 0.656250 0.859375
vt 0.640625 0.859375
vt 0.640625 0.843750
vt 0.656250 0.828125
vt 0.640625 0.828125
vt 0.671875 0.843750
vt 0.687500 0.828125
vt 0.671875 0.828125
vt 0.328125 0.687500
vt 0.343750 0.671875
vt 0.328125 0.671875
vt 0.328125 0.656250
vt 0.343750 0.640625
vt 0.328125 0.640625
vt 0.359375 0.656250
vt 0.375000 0.640625
vt 0.359375 0.640625
vt 0.265625 0.687500
vt 0.281250 0.671875
vt 0.265625 0.671875
vt 0.265625 0.656250
vt 0.281250 0.640625
vt 0.265625 0.640625
vt 0.296875 0.656250
vt 0.312500 0.640625
vt 0.296875 0.640625
vt 0.265625 0.750000
vt 0.281250 0.734375
vt 0.265625 0.734375
vt 0.265625 0.718750
vt 0.281250 0.703125
vt 0.265625 0.703125
vt 0.296875 0.718750
vt 0.312500 0.703125
vt 0.296875 0.703125
vt 0.328125 0.562500
vt 0.343750 0.546875
vt 0.328125 0.546875
vt 0.328125 0.531250
vt 0.343750 0.515625
vt 0.328125 0.515625
vt 0.359375 0.531250
vt 0.375000 0.515625
vt 0.359375 0.515625
vt 0.265625 0.562500
vt 0.281250 0.546875
vt 0.265625 0.546875
vt 0.265625 0.531250
vt 0.281250 0.515625
vt 0.265625 0.515625
vt 0.296875 0.531250
vt 0.312500 0.515625
vt 0.296875 0.515625
vt 0.265625 0.625000
vt 0.281250 0.609375
vt 0.265625 0.609375
vt 0.265625 0.593750
vt 0.281250 0.578125
vt 0.265625 0.578125
vt 0.296875 0.593750
vt 0.312500 0.578125
vt 0.296875 0.578125
vt 0.453125 0.562500
vt 0.468750 0.546875
vt 0.453125 0.546875
vt 0.453125 0.531250
vt 0.468750 0.515625
vt 0.453125 0.515625
vt 0.484375 0.531250
vt 0.500000 0.515625
vt 0.484375 0.515625
vt 0.390625 0.562500
vt 0.406250 0.546875
vt 0.390625 0.546875
vt 0.390625 0.531250
vt 0.406250 0.515625
vt 0.390625 0.515625
vt 0.421875 0.531250
vt 0.437500 0.515625
vt 0.421875 0.515625
vt 0.390625 0.625000
vt 0.406250 0.609375
vt 0.390625 0.609375
vt 0.390625 0.593750
vt 0.406250 0.578125
vt 0.390625 0.578125
vt 0.421875 0.593750
vt 0.437500 0.578125
vt 0.421875 0.578125
vt 0.078125 0.687500
vt 0.093750 0.671875
vt 0.078125 0.671875
vt 0.078125 0.656250
vt 0.093750 0.640625
vt 0.078125 0.640625
vt 0.109375 0.656250
vt 0.125000 0.640625
vt 0.109375 0.640625
vt 0.015625 0.687500
vt 0.031250 0.671875
vt 0.015625 0.671875
vt 0.015625 0.656250
vt 0.031250 0.640625
vt 0.015625 0.640625
vt 0.046875 0.656250
vt 0.062500 0.640625
vt 0.046875 0.640625
vt 0.015625 0.750000
vt 0.031250 0.734375
vt 0.015625 0.734375
vt 0.015625 0.718750
vt 0.031250 0.703125
vt 0.015625 0.703125
vt 0.046875 0.718750
vt 0.062500 0.703125
vt 0.046875 0.703125
vt 0.078125 0.562500
vt 0.093750 0.546875
vt 0.078125 0.546875
vt 0.078125 0.531250
vt 0.093750 0.515625
vt 0.078125 0.515625
vt 0.109375 0.531250
vt 0.125000 0.515625
vt 0.109375 0.515625
vt 0.015625 0.562500
vt 0.031250 0.546875
vt 0.015625 0.546875
vt 0.015625 0.531250
vt 0.031250 0.515625
vt 0.015625 0.515625
vt 0.046875 0.531250
vt 0.062500 0.515625
vt 0.046875 0.515625
vt 0.015625 0.625000
vt 0.031250 0.609375
vt 0.015625 0.609375
vt 0.015625 0.593750
vt 0.031250 0.578125
vt 0.015625 0.578125
vt 0.046875 0.593750
vt 0.062500 0.578125
vt 0.046875 0.578125
vt 0.203125 0.562500
vt 0.218750 0.546875
vt 0.203125 0.546875
vt 0.203125 0.531250
vt 0.218750 0.515625
vt 0.203125 0.515625
vt 0.234375 0.531250
vt 0.250000 0.515625
vt 0.234375 0.515625
vt 0.140625 0.562500
vt 0.156250 0.546875
vt 0.140625 0.546875
vt 0.140625 0.531250
vt 0.156250 0.515625
vt 0.140625 0.515625
vt 0.171875 0.531250
vt 0.187500 0.515625
vt 0.171875 0.515625
vt 0.140625 0.625000
vt 0.156250 0.609375
vt 0.140625 0.609375
vt 0.140625 0.593750
vt 0.156250 0.578125
vt 0.140625 0.578125
vt 0.171875 0.593750
vt 0.187500 0.578125
vt 0.171875 0.578125
vt 0.078125 0.937500
vt 0.093750 0.921875
vt 0.078125 0.921875
vt 0.078125 0.906250
vt 0.093750 0.890625
vt 0.078125 0.890625
vt 0.109375 0.906250
vt 0.125000 0.890625
vt 0.109375 0.890625
vt 0.015625 0.937500
vt 0.031250 0.921875
vt 0.015625 0.921875
vt 0.015625 0.906250
vt 0.031250 0.890625
vt 0.015625 0.890625
vt 0.046875 0.906250
vt 0.062500 0.890625
vt 0.046875 0.890625
vt 0.015625 1.000000
vt 0.031250 0.984375
vt 0.015625 0.984375
vt 0.015625 0.968750
vt 0.031250 0.953125
vt 0.015625 0.953125
vt 0.046875 0.968750
vt 0.062500 0.953125
vt 0.046875 0.953125
vt 0.078125 0.812500
vt 0.093750 0.796875
vt 0.078125 0.796875
vt 0.078125 0.781250
vt 0.093750 0.765625
vt 0.078125 0.765625
vt 0.109375 0.781250
vt 0.125000 0.765625
vt 0.109375 0.765625
vt 0.015625 0.812500
vt 0.031250 0.796875
vt 0.015625 0.796875
vt 0.015625 0.781250
vt 0.031250 0.765625
vt 0.015625 0.765625
vt 0.046875 0.781250
vt 0.062500 0.765625
vt 0.046875 0.765625
vt 0.015625 0.875000
vt 0.031250 0.859375
vt 0.015625 0.859375
vt 0.015625 0.843750
vt 0.031250 0.828125
vt 0.015625 0.828125
vt 0.046875 0.843750
vt 0.062500 0.828125
vt 0.046875 0.828125
vt 0.203125 0.812500
vt 0.218750 0.796875
vt 0.203125 0.796875
vt 0.203125 0.781250
vt 0.218750 0.765625
vt 0.203125 0.765625
vt 0.234375 0.781250
vt 0.250000 0.765625
vt 0.234375 0.765625
vt 0.140625 0.812500
vt 0.156250 0.796875
vt 0.140625 0.796875
vt 0.140625 0.781250
vt 0.156250 0.765625
vt 0.140625 0.765625
vt 0.171875 0.781250
vt 0.187500 0.765625
vt 0.171875 0.765625
vt 0.140625 0.875000
vt 0.156250 0.859375
vt 0.140625 0.859375
vt 0.140625 0.843750
vt 0.156250 0.828125
vt 0.140625 0.828125
vt 0.171875 0.843750
vt 0.187500 0.828125
vt 0.171875 0.828125
vt 0.328125 0.187500
vt 0.343750 0.171875
vt 0.328125 0.171875
vt 0.328125 0.156250
vt 0.343750 0.140625
vt 0.328125 0.140625
vt 0.359375 0.156250
vt 0.375000 0.140625
vt 0.359375 0.140625
vt 0.265625 0.187500
vt 0.281250 0.171875
vt 0.265625 0.171875
vt 0.265625 0.156250
vt 0.281250 0.140625
vt 0.265625 0.140625
vt 0.296875 0.156250
vt 0.312500 0.140625
vt 0.296875 0.140625
vt 0.265625 0.250000
vt 0.281250 0.234375
vt 0.265625 0.234375
vt 0.265625 0.218750
vt 0.281250 0.203125
vt 0.265625 0.203125
vt 0.296875 0.218750
vt 0.312500 0.203125
vt 0.296875 0.203125
vt 0.328125 0.062500
vt 0.343750 0.046875
vt 0.328125 0.046875
vt 0.328125 0.031250
vt 0.343750 0.015625
vt 0.328125 0.015625
vt 0.359375 0.031250
vt 0.375000 0.015625
vt 0.359375 0.015625
vt 0.265625 0.062500
vt 0.281250 0.046875
vt 0.265625 0.046875
vt 0.265625 0.031250
vt 0.281250 0.015625
vt 0.265625 0.015625
vt 0.296875 0.031250
vt 0.312500 0.015625
vt 0.296875 0.015625
vt 0.265625 0.125000
vt 0.281250 0.109375
vt 0.265625 0.109375
vt 0.265625 0.093750
vt 0.281250 0.078125
vt 0.265625 0.078125
vt 0.296875 0.093750
vt 0.312500 0.078125
vt 0.296875 0.078125
vt 0.453125 0.062500
vt 0.468750 0.046875
vt 0.453125 0.046875
vt 0.453125 0.031250
vt 0.468750 0.015625
vt 0.453125 0.015625
vt 0.484375 0.031250
vt 0.500000 0.015625
vt 0.484375 0.015625
vt 0.390625 0.062500
vt 0.406250 0.046875
vt 0.390625 0.046875
vt 0.390625 0.031250
vt 0.406250 0.015625
vt 0.390625 0.015625
vt 0.421875 0.031250
vt 0.437500 0.015625
vt 0.421875 0.015625
vt 0.390625 0.125000
vt 0.406250 0.109375
vt 0.390625 0.109375
vt 0.390625 0.093750
vt 0.406250 0.078125
vt 0.390625 0.078125
vt 0.421875 0.093750
vt 0.437500 0.078125
vt 0.421875 0.078125
vt 0.078125 0.187500
vt 0.093750 0.171875
vt 0.078125 0.171875
vt 0.078125 0.156250
vt 0.093750 0.140625
vt 0.078125 0.140625
vt 0.109375 0.156250
vt 0.125000 0.140625
vt 0.109375 0.140625
vt 0.015625 0.187500
vt 0.031250 0.171875
vt 0.015625 0.171875
vt 0.015625 0.156250
vt 0.031250 0.140625
vt 0.015625 0.140625
vt 0.046875 0.156250
vt 0.062500 0.140625
vt 0.046875 0.140625
vt 0.015625 0.250000
vt 0.031250 0.234375
vt 0.015625 0.234375
vt 0.015625 0.218750
vt 0.031250 0.203125
vt 0.015625 0.203125
vt 0.046875 0.218750
vt 0.062500 0.203125
vt 0.046875 0.203125
vt 0.078125 0.062500
vt 0.093750 0.046875
vt 0.078125 0.046875
vt 0.078125 0.031250
vt 0.093750 0.015625
vt 0.078125 0.015625
vt 0.109375 0.031250
vt 0.125000 0.015625
vt 0.109375 0.015625
vt 0.015625 0.062500
vt 0.031250 0.046875
vt 0.015625 0.046875
vt 0.015625 0.031250
vt 0.031250 0.015625
vt 0.015625 0.015625
vt 0.046875 0.031250
vt 0.062500 0.015625
vt 0.046875 0.015625
vt 0.015625 0.125000
vt 0.031250 0.109375
vt 0.015625 0.109375
vt 0.015625 0.093750
vt 0.031250 0.078125
vt 0.015625 0.078125
vt 0.046875 0.093750
vt 0.062500 0.078125
vt 0.046875 0.078125
vt 0.203125 0.062500
vt 0.218750 0.046875
vt 0.203125 0.046875
vt 0.203125 0.031250
vt 0.218750 0.015625
vt 0.203125 0.015625
vt 0.234375 0.031250
vt 0.250000 0.015625
vt 0.234375 0.015625
vt 0.140625 0.062500
vt 0.156250 0.046875
vt 0.140625 0.046875
vt 0.140625 0.031250
vt 0.156250 0.015625
vt 0.140625 0.015625
vt 0.171875 0.031250
vt 0.187500 0.015625
vt 0.171875 0.015625
vt 0.140625 0.125000
vt 0.156250 0.109375
vt 0.140625 0.109375
vt 0.140625 0.093750
vt 0.156250 0.078125
vt 0.140625 0.078125
vt 0.171875 0.093750
vt 0.187500 0.078125
vt 0.171875 0.078125
vt 0.078125 0.437500
vt 0.093750 0.421875
vt 0.078125 0.421875
vt 0.078125 0.406250
vt 0.093750 0.390625
vt 0.078125 0.390625
vt 0.109375 0.406250
vt 0.125000 0.390625
vt 0.109375 0.390625
vt 0.015625 0.437500
vt 0.031250 0.421875
vt 0.015625 0.421875
vt 0.015625 0.406250
vt 0.031250 0.390625
vt 0.015625 0.390625
vt 0.046875 0.406250
vt 0.062500 0.390625
vt 0.046875 0.390625
vt 0.015625 0.500000
vt 0.031250 0.484375
vt 0.015625 0.484375
vt 0.015625 0.468750
vt 0.031250 0.453125
vt 0.015625 0.453125
vt 0.046875 0.468750
vt 0.062500 0.453125
vt 0.046875 0.453125
vt 0.078125 0.312500
vt 0.093750 0.296875
vt 0.078125 0.296875
vt 0.078125 0.281250
vt 0.093750 0.265625
vt 0.078125 0.265625
vt 0.109375 0.281250
vt 0.125000 0.265625
vt 0.109375 0.265625
vt 0.015625 0.312500
vt 0.031250 0.296875
vt 0.015625 0.296875
vt 0.015625 0.281250
vt 0.031250 0.265625
vt 0.015625 0.265625
vt 0.046875 0.281250
vt 0.062500 0.265625
vt 0.046875 0.265625
vt 0.015625 0.375000
vt 0.031250 0.359375
vt 0.015625 0.359375
vt 0.015625 0.343750
vt 0.031250 0.328125
vt 0.015625 0.328125
vt 0.046875 0.343750
vt 0.062500 0.328125
vt 0.046875 0.328125
vt 0.203125 0.312500
vt 0.218750 0.296875
vt 0.203125 0.296875
vt 0.203125 0.281250
vt 0.218750 0.265625
vt 0.203125 0.265625
vt 0.234375 0.281250
vt 0.250000 0.265625
vt 0.234375 0.265625
vt 0.140625 0.312500
vt 0.156250 0.296875
vt 0.140625 0.296875
vt 0.140625 0.281250
vt 0.156250 0.265625
vt 0.140625 0.265625
vt 0.171875 0.281250
vt 0.187500 0.265625
vt 0.171875 0.265625
vt 0.140625 0.375000
vt 0.156250 0.359375
vt 0.140625 0.359375
vt 0.140625 0.343750
vt 0.156250 0.328125
vt 0.140625 0.328125
vt 0.171875 0.343750
vt 0.187500 0.328125
vt 0.171875 0.328125
vt 0.828125 0.187500
vt 0.843750 0.171875
vt 0.828125 0.171875
vt 0.828125 0.156250
vt 0.843750 0.140625
vt 0.828125 0.140625
vt 0.859375 0.156250
vt 0.875000 0.140625
vt 0.859375 0.140625
vt 0.765625 0.187500
vt 0.781250 0.171875
vt 0.765625 0.171875
vt 0.765625 0.156250
vt 0.781250 0.140625
vt 0.765625 0.140625
vt 0.796875 0.156250
vt 0.812500 0.140625
vt 0.796875 0.140625
vt 0.765625 0.250000
vt 0.781250 0.234375
vt 0.765625 0.234375
vt 0.765625 0.218750
vt 0.781250 0.203125
vt 0.765625 0.203125
vt 0.796875 0.218750
vt 0.812500 0.203125
vt 0.796875 0.203125
vt 0.828125 0.062500
vt 0.843750 0.046875
vt 0.828125 0.046875
vt 0.828125 0.031250
vt 0.843750 0.015625
vt 0.828125 0.015625
vt 0.859375 0.031250
vt 0.875000 0.015625
vt 0.859375 0.015625
vt 0.765625 0.062500
vt 0.781250 0.046875
vt 0.765625 0.046875
vt 0.765625 0.031250
vt 0.781250 0.015625
vt 0.765625 0.015625
vt 0.796875 0.031250
vt 0.812500 0.015625
vt 0.796875 0.015625
vt 0.765625 0.125000
vt 0.781250 0.109375
vt 0.765625 0.109375
vt 0.765625 0.093750
vt 0.781250 0.078125
vt 0.765625 0.078125
vt 0.796875 0.093750
vt 0.812500 0.078125
vt 0.796875 0.078125
vt 0.953125 0.062500
vt 0.968750 0.046875
vt 0.953125 0.046875
vt 0.953125 0.031250
vt 0.968750 0.015625
vt 0.953125 0.015625
vt 0.984375 0.031250
vt 1.000000 0.015625
vt 0.984375 0.015625
vt 0.890625 0.062500
vt 0.906250 0.046875
vt 0.890625 0.046875
vt 0.890625 0.031250
vt 0.906250 0.015625
vt 0.890625 0.015625
vt 0.921875 0.031250
vt 0.937500 0.015625
vt 0.921875 0.015625
vt 0.890625 0.125000
vt 0.906250 0.109375
vt 0.890625 0.109375
vt 0.890625 0.093750
vt 0.906250 0.078125
vt 0.890625 0.078125
vt 0.921875 0.093750
vt 0.937500 0.078125
vt 0.921875 0.078125
vt 0.578125 0.187500
vt 0.593750 0.171875
vt 0.578125 0.171875
vt 0.578125 0.156250
vt 0.593750 0.140625
vt 0.578125 0.140625
vt 0.609375 0.156250
vt 0.625000 0.140625
vt 0.609375 0.140625
vt 0.515625 0.187500
vt 0.531250 0.171875
vt 0.515625 0.171875
vt 0.515625 0.156250
vt 0.531250 0.140625
vt 0.515625 0.140625
vt 0.546875 0.156250
vt 0.562500 0.140625
vt 0.546875 0.140625
vt 0.515625 0.250000
vt 0.531250 0.234375
vt 0.515625 0.234375
vt 0.515625 0.218750
vt 0.531250 0.203125
vt 0.515625 0.203125
vt 0.546875 0.218750
vt 0.562500 0.203125
vt 0.546875 0.203125
vt 0.578125 0.062500
vt 0.593750 0.046875
vt 0.578125 0.046875
vt 0.578125 0.031250
vt 0.593750 0.015625
vt 0.578125 0.015625
vt 0.609375 0.031250
vt 0.625000 0.015625
vt 0.609375 0.015625
vt 0.515625 0.062500
vt 0.531250 0.046875
vt 0.515625 0.046875
vt 0.515625 0.031250
vt 0.531250 0.015625
vt 0.515625 0.015625
vt 0.546875 0.031250
vt 0.562500 0.015625
vt 0.546875 0.015625
vt 0.515625 0.125000
vt 0.531250 0.109375
vt 0.515625 0.109375
vt 0.515625 0.093750
vt 0.531250 0.078125
vt 0.515625 0.078125
vt 0.546875 0.093750
vt 0.562500 0.078125
vt 0.546875 0.078125
vt 0.703125 0.062500
vt 0.718750 0.046875
vt 0.703125 0.046875
vt 0.703125 0.031250
vt 0.718750 0.015625
vt 0.703125 0.015625
vt 0.734375 0.031250
vt 0.750000 0.015625
vt 0.734375 0.015625
vt 0.640625 0.062500
vt 0.656250 0.046875
vt 0.640625 0.046875
vt 0.640625 0.031250
vt 0.656250 0.015625
vt 0.640625 0.015625
vt 0.671875 0.031250
vt 0.687500 0.015625
vt 0.671875 0.015625
vt 0.640625 0.125000
vt 0.656250 0.109375
vt 0.640625 0.109375
vt 0.640625 0.093750
vt 0.656250 0.078125
vt 0.640625 0.078125
vt 0.671875 0.093750
vt 0.687500 0.078125
vt 0.671875 0.078125
vt 0.578125 0.437500
vt 0.593750 0.421875
vt 0.578125 0.421875
vt 0.578125 0.406250
vt 0.593750 0.390625
vt 0.578125 0.390625
vt 0.609375 0.406250
vt 0.625000 0.390625
vt 0.609375 0.390625
vt 0.515625 0.437500
vt 0.531250 0.421875
vt 0.515625 0.421875
vt 0.515625 0.406250
vt 0.531250 0.390625
vt 0.515625 0.390625
vt 0.546875 0.406250
vt 0.562500 0.390625
vt 0.546875 0.390625
vt 0.515625 0.500000
vt 0.531250 0.484375
vt 0.515625 0.484375
vt 0.515625 0.468750
vt 0.531250 0.453125
vt 0.515625 0.453125
vt 0.546875 0.468750
vt 0.562500 0.453125
vt 0.546875 0.453125
vt 0.578125 0.312500
vt 0.593750 0.296875
vt 0.578125 0.296875
vt 0.578125 0.281250
vt 0.593750 0.265625
vt 0.578125 0.265625
vt 0.609375 0.281250
vt 0.625000 0.265625
vt 0.609375 0.265625
vt 0.515625 0.312500
vt 0.531250 0.296875
vt 0.515625 0.296875
vt 0.515625 0.281250
vt 0.531250 0.265625
vt 0.515625 0.265625
vt 0.546875 0.281250
vt 0.562500 0.265625
vt 0.546875 0.265625
vt 0.515625 0.375000
vt 0.531250 0.359375
vt 0.515625 0.359375
vt 0.515625 0.343750
vt 0.531250 0.328125
vt 0.515625 0.328125
vt 0.546875 0.343750
vt 0.562500 0.328125
vt 0.546875 0.328125
vt 0.703125 0.312500
vt 0.718750 0.296875
vt 0.703125 0.296875
vt 0.703125 0.281250
vt 0.718750 0.265625
vt 0.703125 0.265625
vt 0.734375 0.281250
vt 0.750000 0.265625
vt 0.734375 0.265625
vt 0.640625 0.312500
vt 0.656250 0.296875
vt 0.640625 0.296875
vt 0.640625 0.281250
vt 0.656250 0.265625
vt 0.640625 0.265625
vt 0.671875 0.281250
vt 0.687500 0.265625
vt 0.671875 0.265625
vt 0.640625 0.375000
vt 0.656250 0.359375
vt 0.640625 0.359375
vt 0.640625 0.343750
vt 0.656250 0.328125
vt 0.640625 0.328125
vt 0.671875 0.343750
vt 0.687500 0.328125
vt 0.671875 0.328125
vt 0.828125 0.437500
vt 0.843750 0.421875
vt 0.828125 0.421875
vt 0.828125 0.406250
vt 0.843750 0.390625
vt 0.828125 0.390625
vt 0.859375 0.406250
vt 0.875000 0.390625
vt 0.859375 0.390625
vt 0.765625 0.437500
vt 0.781250 0.421875
vt 0.765625 0.421875
vt 0.765625 0.406250
vt 0.781250 0.390625
vt 0.765625 0.390625
vt 0.796875 0.406250
vt 0.812500 0.390625
vt 0.796875 0.390625
vt 0.765625 0.500000
vt 0.781250 0.484375
vt 0.765625 0.484375
vt 0.765625 0.468750
vt 0.781250 0.453125
vt 0.765625 0.453125
vt 0.796875 0.468750
vt 0.812500 0.453125
vt 0.796875 0.453125
vt 0.828125 0.312500
vt 0.843750 0.296875
vt 0.828125 0.296875
vt 0.828125 0.281250
vt 0.843750 0.265625
vt 0.828125 0.265625
vt 0.859375 0.281250
vt 0.875000 0.265625
vt 0.859375 0.265625
vt 0.765625 0.312500
vt 0.781250 0.296875
vt 0.765625 0.296875
vt 0.765625 0.281250
vt 0.781250 0.265625
vt 0.765625 0.265625
vt 0.796875 0.281250
vt 0.812500 0.265625
vt 0.796875 0.265625
vt 0.765625 0.375000
vt 0.781250 0.359375
vt 0.765625 0.359375
vt 0.765625 0.343750
vt 0.781250 0.328125
vt 0.765625 0.328125
vt 0.796875 0.343750
vt 0.812500 0.328125
vt 0.796875 0.328125
vt 0.953125 0.312500
vt 0.968750 0.296875
vt 0.953125 0.296875
vt 0.953125 0.281250
vt 0.968750 0.265625
vt 0.953125 0.265625
vt 0.984375 0.281250
vt 1.000000 0.265625
vt 0.984375 0.265625
vt 0.890625 0.312500
vt 0.906250 0.296875
vt 0.890625 0.296875
vt 0.890625 0.281250
vt 0.906250 0.265625
vt 0.890625 0.265625
vt 0.921875 0.281250
vt 0.937500 0.265625
vt 0.921875 0.265625
vt 0.890625 0.375000
vt 0.906250 0.359375
vt 0.890625 0.359375
vt 0.890625 0.343750
vt 0.906250 0.328125
vt 0.890625 0.328125
vt 0.921875 0.343750
vt 0.937500 0.328125
vt 0.921875 0.328125
vt 0.328125 0.437500
vt 0.343750 0.421875
vt 0.328125 0.421875
vt 0.328125 0.406250
vt 0.343750 0.390625
vt 0.328125 0.390625
vt 0.359375 0.406250
vt 0.375000 0.390625
vt 0.359375 0.390625
vt 0.265625 0.437500
vt 0.281250 0.421875
vt 0.265625 0.421875
vt 0.265625 0.406250
vt 0.281250 0.390625
vt 0.265625 0.390625
vt 0.296875 0.406250
vt 0.312500 0.390625
vt 0.296875 0.390625
vt 0.265625 0.500000
vt 0.281250 0.484375
vt 0.265625 0.484375
vt 0.265625 0.468750
vt 0.281250 0.453125
vt 0.265625 0.453125
vt 0.296875 0.468750
vt 0.312500 0.453125
vt 0.296875 0.453125
vt 0.328125 0.312500
vt 0.343750 0.296875
vt 0.328125 0.296875
vt 0.328125 0.281250
vt 0.343750 0.265625
vt 0.328125 0.265625
vt 0.359375 0.281250
vt 0.375000 0.265625
vt 0.359375 0.265625
vt 0.265625 0.312500
vt 0.281250 0.296875
vt 0.265625 0.296875
vt 0.265625 0.281250
vt 0.281250 0.265625
vt 0.265625 0.265625
vt 0.296875 0.281250
vt 0.312500 0.265625
vt 0.296875 0.265625
vt 0.265625 0.375000
vt 0.281250 0.359375
vt 0.265625 0.359375
vt 0.265625 0.343750
vt 0.281250 0.328125
vt 0.265625 0.328125
vt 0.296875 0.343750
vt 0.312500 0.328125
vt 0.296875 0.328125
vt 0.453125 0.312500
vt 0.468750 0.296875
vt 0.453125 0.296875
vt 0.453125 0.281250
vt 0.468750 0.265625
vt 0.453125 0.265625
vt 0.484375 0.281250
vt 0.500000 0.265625
vt 0.484375 0.265625
vt 0.390625 0.312500
vt 0.406250 0.296875
vt 0.390625 0.296875
vt 0.390625 0.281250
vt 0.406250 0.265625
vt 0.390625 0.265625
vt 0.421875 0.281250
vt 0.437500 0.265625
vt 0.421875 0.265625
vt 0.390625 0.375000
vt 0.406250 0.359375
vt 0.390625 0.359375
vt 0.390625 0.343750
vt 0.406250 0.328125
vt 0.390625 0.328125
vt 0.421875 0.343750
vt 0.437500 0.328125
vt 0.421875 0.328125
vt 0.328125 0.937500
vt 0.343750 0.921875
vt 0.328125 0.921875
vt 0.328125 0.906250
vt 0.343750 0.890625
vt 0.328125 0.890625
vt 0.359375 0.906250
vt 0.375000 0.890625
vt 0.359375 0.890625
vt 0.265625 0.937500
vt 0.281250 0.921875
vt 0.265625 0.921875
vt 0.265625 0.906250
vt 0.281250 0.890625
vt 0.265625 0.890625
vt 0.296875 0.906250
vt 0.312500 0.890625
vt 0.296875 0.890625
vt 0.265625 1.000000
vt 0.281250 0.984375
vt 0.265625 0.984375
vt 0.265625 0.968750
vt 0.281250 0.953125
vt 0.265625 0.953125
vt 0.296875 0.968750
vt 0.312500 0.953125
vt 0.296875 0.953125
vt 0.328125 0.812500
vt 0.343750 0.796875
vt 0.328125 0.796875
vt 0.328125 0.781250
vt 0.343750 0.765625
vt 0.328125 0.765625
vt 0.359375 0.781250
vt 0.375000 0.765625
vt 0.359375 0.765625
vt 0.265625 0.812500
vt 0.281250 0.796875
vt 0.265625 0.796875
vt 0.265625 0.781250
vt 0.281250 0.765625
vt 0.265625 0.765625
vt 0.296875 0.781250
vt 0.312500 0.765625
vt 0.296875 0.765625
vt 0.265625 0.875000
vt 0.281250 0.859375
vt 0.265625 0.859375
vt 0.265625 0.843750
vt 0.281250 0.828125
vt 0.265625 0.828125
vt 0.296875 0.843750
vt 0.312500 0.828125
vt 0.296875 0.828125
vt 0.453125 0.812500
vt 0.468750 0.796875
vt 0.453125 0.796875
vt 0.453125 0.781250
vt 0.468750 0.765625
vt 0.453125 0.765625
vt 0.484375 0.781250
vt 0.500000 0.765625
vt 0.484375 0.765625
vt 0.390625 0.812500
vt 0.406250 0.796875
vt 0.390625 0.796875
vt 0.390625 0.781250
vt 0.406250 0.765625
vt 0.390625 0.765625
vt 0.421875 0.781250
vt 0.437500 0.765625
vt 0.421875 0.765625
vt 0.390625 0.875000
vt 0.406250 0.859375
vt 0.390625 0.859375
vt 0.390625 0.843750
vt 0.406250 0.828125
vt 0.390625 0.828125
vt 0.421875 0.843750
vt 0.437500 0.828125
vt 0.421875 0.828125
vt 0.828125 0.937500
vt 0.843750 0.921875
vt 0.828125 0.921875
vt 0.828125 0.906250
vt 0.843750 0.890625
vt 0.828125 0.890625
vt 0.859375 0.906250
vt 0.875000 0.890625
vt 0.859375 0.890625
vt 0.765625 0.937500
vt 0.781250 0.921875
vt 0.765625 0.921875
vt 0.765625 0.906250
vt 0.781250 0.890625
vt 0.765625 0.890625
vt 0.796875 0.906250
vt 0.812500 0.890625
vt 0.796875 0.890625
vt 0.765625 1.000000
vt 0.781250 0.984375
vt 0.765625 0.984375
vt 0.765625 0.968750
vt 0.781250 0.953125
vt 0.765625 0.953125
vt 0.796875 0.968750
vt 0.812500 0.953125
vt 0.796875 0.953125
vt 0.828125 0.812500
vt 0.843750 0.796875
vt 0.828125 0.796875
vt 0.828125 0.781250
vt 0.843750 0.765625
vt 0.828125 0.765625
vt 0.859375 0.781250
vt 0.875000 0.765625
vt 0.859375 0.765625
vt 0.765625 0.812500
vt 0.781250 0.796875
vt 0.765625 0.796875
vt 0.765625 0.781250
vt 0.781250 0.765625
vt 0.765625 0.765625
vt 0.796875 0.781250
vt 0.812500 0.765625
vt 0.796875 0.765625
vt 0.765625 0.875000
vt 0.781250 0.859375
vt 0.765625 0.859375
vt 0.765625 0.843750
vt 0.781250 0.828125
vt 0.765625 0.828125
vt 0.796875 0.843750
vt 0.812500 0.828125
vt 0.796875 0.828125
vt 0.953125 0.812500
vt 0.968750 0.796875
vt 0.953125 0.796875
vt 0.953125 0.781250
vt 0.968750 0.765625
vt 0.953125 0.765625
vt 0.984375 0.781250
vt 1.000000 0.765625
vt 0.984375 0.765625
vt 0.890625 0.812500
vt 0.906250 0.796875
vt 0.890625 0.796875
vt 0.890625 0.781250
vt 0.906250 0.765625
vt 0.890625 0.765625
vt 0.921875 0.781250
vt 0.937500 0.765625
vt 0.921875 0.765625
vt 0.890625 0.875000
vt 0.906250 0.859375
vt 0.890625 0.859375
vt 0.890625 0.843750
vt 0.906250 0.828125
vt 0.890625 0.828125
vt 0.921875 0.843750
vt 0.937500 0.828125
vt 0.921875 0.828125
vt 0.953125 0.875000
vt 0.968750 0.859375
vt 0.953125 0.859375
vt 0.953125 0.843750
vt 0.968750 0.828125
vt 0.953125 0.828125
vt 0.984375 0.843750
vt 1.000000 0.828125
vt 0.984375 0.828125
vt 0.828125 0.875000
vt 0.843750 0.859375
vt 0.828125 0.859375
vt 0.828125 0.843750
vt 0.843750 0.828125
vt 0.828125 0.828125
vt 0.859375 0.843750
vt 0.875000 0.828125
vt 0.859375 0.828125
vt 0.828125 1.000000
vt 0.843750 0.984375
vt 0.828125 0.984375
vt 0.828125 0.968750
vt 0.843750 0.953125
vt 0.828125 0.953125
vt 0.859375 0.968750
vt 0.875000 0.953125
vt 0.859375 0.953125
vt 0.453125 0.875000
vt 0.468750 0.859375
vt 0.453125 0.859375
vt 0.453125 0.843750
vt 0.468750 0.828125
vt 0.453125 0.828125
vt 0.484375 0.843750
vt 0.500000 0.828125
vt 0.484375 0.828125
vt 0.328125 0.875000
vt 0.343750 0.859375
vt 0.328125 0.859375
vt 0.328125 0.843750
vt 0.343750 0.828125
vt 0.328125 0.828125
vt 0.359375 0.843750
vt 0.375000 0.828125
vt 0.359375 0.828125
vt 0.328125 1.000000
vt 0.343750 0.984375
vt 0.328125 0.984375
vt 0.328125 0.968750
vt 0.343750 0.953125
vt 0.328125 0.953125
vt 0.359375 0.968750
vt 0.375000 0.953125
vt 0.359375 0.953125
vt 0.453125 0.375000
vt 0.468750 0.359375
vt 0.453125 0.359375
vt 0.453125 0.343750
vt 0.468750 0.328125
vt 0.453125 0.328125
vt 0.484375 0.343750
vt 0.500000 0.328125
vt 0.484375 0.328125
vt 0.328125 0.375000
vt 0.343750 0.359375
vt 0.328125 0.359375
vt 0.328125 0.343750
vt 0.343750 0.328125
vt 0.328125 0.328125
vt 0.359375 0.343750
vt 0.375000 0.328125
vt 0.359375 0.328125
vt 0.328125 0.500000
vt 0.343750 0.484375
vt 0.328125 0.484375
vt 0.328125 0.468750
vt 0.343750 0.453125
vt 0.328125 0.453125
vt 0.359375 0.468750
vt 0.375000 0.453125
vt 0.359375 0.453125
vt 0.953125 0.375000
vt 0.968750 0.359375
vt 0.953125 0.359375
vt 0.953125 0.343750
vt 0.968750 0.328125
vt 0.953125 0.328125
vt 0.984375 0.343750
vt 1.000000 0.328125
vt 0.984375 0.328125
vt 0.828125 0.375000
vt 0.843750 0.359375
vt 0.828125 0.359375
vt 0.828125 0.343750
vt 0.843750 0.328125
vt 0.828125 0.328125
vt 0.859375 0.343750
vt 0.875000 0.328125
vt 0.859375 0.328125
vt 0.828125 0.500000
vt 0.843750 0.484375
vt 0.828125 0.484375
vt 0.828125 0.468750
vt 0.843750 0.453125
vt 0.828125 0.453125
vt 0.859375 0.468750
vt 0.875000 0.453125
vt 0.859375 0.453125
vt 0.703125 0.375000
vt 0.718750 0.359375
vt 0.703125 0.359375
vt 0.703125 0.343750
vt 0.718750 0.328125
vt 0.703125 0.328125
vt 0.734375 0.343750
vt 0.750000 0.328125
vt 0.734375 0.328125
vt 0.578125 0.375000
vt 0.593750 0.359375
vt 0.578125 0.359375
vt 0.578125 0.343750
vt 0.593750 0.328125
vt 0.578125 0.328125
vt 0.609375 0.343750
vt 0.625000 0.328125
vt 0.609375 0.328125
vt 0.578125 0.500000
vt 0.593750 0.484375
vt 0.578125 0.484375
vt 0.578125 0.468750
vt 0.593750 0.453125
vt 0.578125 0.453125
vt 0.609375 0.468750
vt 0.625000 0.453125
vt 0.609375 0.453125
vt 0.703125 0.125000
vt 0.718750 0.109375
vt 0.703125 0.109375
vt 0.703125 0.093750
vt 0.718750 0.078125
vt 0.703125 0.078125
vt 0.734375 0.093750
vt 0.750000 0.078125
vt 0.734375 0.078125
vt 0.578125 0.125000
vt 0.593750 0.109375
vt 0.578125 0.109375
vt 0.578125 0.093750
vt 0.593750 0.078125
vt 0.578125 0.078125
vt 0.609375 0.093750
vt 0.625000 0.078125
vt 0.609375 0.078125
vt 0.578125 0.250000
vt 0.593750 0.234375
vt 0.578125 0.234375
vt 0.578125 0.218750
vt 0.593750 0.203125
vt 0.578125 0.203125
vt 0.609375 0.218750
vt 0.625000 0.203125
vt 0.609375 0.203125
vt 0.953125 0.125000
vt 0.968750 0.109375
vt 0.953125 0.109375
vt 0.953125 0.093750
vt 0.968750 0.078125
vt 0.953125 0.078125
vt 0.984375 0.093750
vt 1.000000 0.078125
vt 0.984375 0.078125
vt 0.828125 0.125000
vt 0.843750 0.109375
vt 0.828125 0.109375
vt 0.828125 0.093750
vt 0.843750 0.078125
vt 0.828125 0.078125
vt 0.859375 0.093750
vt 0.875000 0.078125
vt 0.859375 0.078125
vt 0.828125 0.250000
vt 0.843750 0.234375
vt 0.828125 0.234375
vt 0.828125 0.218750
vt 0.843750 0.203125
vt 0.828125 0.203125
vt 0.859375 0.218750
vt 0.875000 0.203125
vt 0.859375 0.203125
vt 0.203125 0.375000
vt 0.218750 0.359375
vt 0.203125 0.359375
vt 0.203125 0.343750
vt 0.218750 0.328125
vt 0.203125 0.328125
vt 0.234375 0.343750
vt 0.250000 0.328125
vt 0.234375 0.328125
vt 0.078125 0.375000
vt 0.093750 0.359375
vt 0.078125 0.359375
vt 0.078125 0.343750
vt 0.093750 0.328125
vt 0.078125 0.328125
vt 0.109375 0.343750
vt 0.125000 0.328125
vt 0.109375 0.328125
vt 0.078125 0.500000
vt 0.093750 0.484375
vt 0.078125 0.484375
vt 0.078125 0.468750
vt 0.093750 0.453125
vt 0.078125 0.453125
vt 0.109375 0.468750
vt 0.125000 0.453125
vt 0.109375 0.453125
vt 0.203125 0.125000
vt 0.218750 0.109375
vt 0.203125 0.109375
vt 0.203125 0.093750
vt 0.218750 0.078125
vt 0.203125 0.078125
vt 0.234375 0.093750
vt 0.250000 0.078125
vt 0.234375 0.078125
vt 0.078125 0.125000
vt 0.093750 0.109375
vt 0.078125 0.109375
vt 0.078125 0.093750
vt 0.093750 0.078125
vt 0.078125 0.078125
vt 0.109375 0.093750
vt 0.125000 0.078125
vt 0.109375 0.078125
vt 0.078125 0.250000
vt 0.093750 0.234375
vt 0.078125 0.234375
vt 0.078125 0.218750
vt 0.093750 0.203125
vt 0.078125 0.203125
vt 0.109375 0.218750
vt 0.125000 0.203125
vt 0.109375 0.203125
vt 0.453125 0.125000
vt 0.468750 0.109375
vt 0.453125 0.109375
vt 0.453125 0.093750
vt 0.468750 0.078125
vt 0.453125 0.078125
vt 0.484375 0.093750
vt 0.500000 0.078125
vt 0.484375 0.078125
vt 0.328125 0.125000
vt 0.343750 0.109375
vt 0.328125 0.109375
vt 0.328125 0.093750
vt 0.343750 0.078125
vt 0.328125 0.078125
vt 0.359375 0.093750
vt 0.375000 0.078125
vt 0.359375 0.078125
vt 0.328125 0.250000
vt 0.343750 0.234375
vt 0.328125 0.234375
vt 0.328125 0.218750
vt 0.343750 0.203125
vt 0.328125 0.203125
vt 0.359375 0.218750
vt 0.375000 0.203125
vt 0.359375 0.203125
vt 0.203125 0.875000
vt 0.218750 0.859375
vt 0.203125 0.859375
vt 0.203125 0.843750
vt 0.218750 0.828125
vt 0.203125 0.828125
vt 0.234375 0.843750
vt 0.250000 0.828125
vt 0.234375 0.828125
vt 0.078125 0.875000
vt 0.093750 0.859375
vt 0.078125 0.859375
vt 0.078125 0.843750
vt 0.093750 0.828125
vt 0.078125 0.828125
vt 0.109375 0.843750
vt 0.125000 0.828125
vt 0.109375 0.828125
vt 0.078125 1.000000
vt 0.093750 0.984375
vt 0.078125 0.984375
vt 0.078125 0.968750
vt 0.093750 0.953125
vt 0.078125 0.953125
vt 0.109375 0.968750
vt 0.125000 0.953125
vt 0.109375 0.953125
vt 0.203125 0.625000
vt 0.218750 0.609375
vt 0.203125 0.609375
vt 0.203125 0.593750
vt 0.218750 0.578125
vt 0.203125 0.578125
vt 0.234375 0.593750
vt 0.250000 0.578125
vt 0.234375 0.578125
vt 0.078125 0.625000
vt 0.093750 0.609375
vt 0.078125 0.609375
vt 0.078125 0.593750
vt 0.093750 0.578125
vt 0.078125 0.578125
vt 0.109375 0.593750
vt 0.125000 0.578125
vt 0.109375 0.578125
vt 0.078125 0.750000
vt 0.093750 0.734375
vt 0.078125 0.734375
vt 0.078125 0.718750
vt 0.093750 0.703125
vt 0.078125 0.703125
vt 0.109375 0.718750
vt 0.125000 0.703125
vt 0.109375 0.703125
vt 0.453125 0.625000
vt 0.468750 0.609375
vt 0.453125 0.609375
vt 0.453125 0.593750
vt 0.468750 0.578125
vt 0.453125 0.578125
vt 0.484375 0.593750
vt 0.500000 0.578125
vt 0.484375 0.578125
vt 0.328125 0.625000
vt 0.343750 0.609375
vt 0.328125 0.609375
vt 0.328125 0.593750
vt 0.343750 0.578125
vt 0.328125 0.578125
vt 0.359375 0.593750
vt 0.375000 0.578125
vt 0.359375 0.578125
vt 0.328125 0.750000
vt 0.343750 0.734375
vt 0.328125 0.734375
vt 0.328125 0.718750
vt 0.343750 0.703125
vt 0.328125 0.703125
vt 0.359375 0.718750
vt 0.375000 0.703125
vt 0.359375 0.703125
vt 0.703125 0.875000
vt 0.718750 0.859375
vt 0.703125 0.859375
vt 0.703125 0.843750
vt 0.718750 0.828125
vt 0.703125 0.828125
vt 0.734375 0.843750
vt 0.750000 0.828125
vt 0.734375 0.828125
vt 0.578125 0.875000
vt 0.593750 0.859375
vt 0.578125 0.859375
vt 0.578125 0.843750
vt 0.593750 0.828125
vt 0.578125 0.828125
vt 0.609375 0.843750
vt 0.625000 0.828125
vt 0.609375 0.828125
vt 0.578125 1.000000
vt 0.593750 0.984375
vt 0.578125 0.984375
vt 0.578125 0.968750
vt 0.593750 0.953125
vt 0.578125 0.953125
vt 0.609375 0.968750
vt 0.625000 0.953125
vt 0.609375 0.953125
vt 0.703125 0.625000
vt 0.718750 0.609375
vt 0.703125 0.609375
vt 0.703125 0.593750
vt 0.718750 0.578125
vt 0.703125 0.578125
vt 0.734375 0.593750
vt 0.750000 0.578125
vt 0.734375 0.578125
vt 0.578125 0.625000
vt 0.593750 0.609375
vt 0.578125 0.609375
vt 0.578125 0.593750
vt 0.593750 0.578125
vt 0.578125 0.578125
vt 0.609375 0.593750
vt 0.625000 0.578125
vt 0.609375 0.578125
vt 0.578125 0.750000
vt 0.593750 0.734375
vt 0.578125 0.734375
vt 0.578125 0.718750
vt 0.593750 0.703125
vt 0.578125 0.703125
vt 0.609375 0.718750
vt 0.625000 0.703125
vt 0.609375 0.703125
vt 0.953125 0.625000
vt 0.968750 0.609375
vt 0.953125 0.609375
vt 0.953125 0.593750
vt 0.968750 0.578125
vt 0.953125 0.578125
vt 0.984375 0.593750
vt 1.000000 0.578125
vt 0.984375 0.578125
vt 0.828125 0.625000
vt 0.843750 0.609375
vt 0.828125 0.609375
vt 0.828125 0.593750
vt 0.843750 0.578125
vt 0.828125 0.578125
vt 0.859375 0.593750
vt 0.875000 0.578125
vt 0.859375 0.578125
vt 0.828125 0.750000
vt 0.843750 0.734375
vt 0.828125 0.734375
vt 0.828125 0.718750
vt 0.843750 0.703125
vt 0.828125 0.703125
vt 0.859375 0.718750
vt 0.875000 0.703125
vt 0.859375 0.703125
vt 0.953125 0.750000
vt 0.968750 0.734375
vt 0.953125 0.734375
vt 0.953125 0.718750
vt 0.968750 0.703125
vt 0.953125 0.703125
vt 0.984375 0.718750
vt 1.000000 0.703125
vt 0.984375 0.703125
vt 0.703125 0.750000
vt 0.718750 0.734375
vt 0.703125 0.734375
vt 0.703125 0.718750
vt 0.718750 0.703125
vt 0.703125 0.703125
vt 0.734375 0.718750
vt 0.750000 0.703125
vt 0.734375 0.703125
vt 0.703125 1.000000
vt 0.718750 0.984375
vt 0.703125 0.984375
vt 0.703125 0.968750
vt 0.718750 0.953125
vt 0.703125 0.953125
vt 0.734375 0.968750
vt 0.750000 0.953125
vt 0.734375 0.953125
vt 0.453125 0.750000
vt 0.468750 0.734375
vt 0.453125 0.734375
vt 0.453125 0.718750
vt 0.468750 0.703125
vt 0.453125 0.703125
vt 0.484375 0.718750
vt 0.500000 0.703125
vt 0.484375 0.703125
vt 0.203125 0.750000
vt 0.218750 0.734375
vt 0.203125 0.734375
vt 0.203125 0.718750
vt 0.218750 0.703125
vt 0.203125 0.703125
vt 0.234375 0.718750
vt 0.250000 0.703125
vt 0.234375 0.703125
vt 0.203125 1.000000
vt 0.218750 0.984375
vt 0.203125 0.984375
vt 0.203125 0.968750
vt 0.218750 0.953125
vt 0.203125 0.953125
vt 0.234375 0.968750
vt 0.250000 0.953125
vt 0.234375 0.953125
vt 0.453125 0.250000
vt 0.468750 0.234375
vt 0.453125 0.234375
vt 0.453125 0.218750
vt 0.468750 0.203125
vt 0.453125 0.203125
vt 0.484375 0.218750
vt 0.500000 0.203125
vt 0.484375 0.203125
vt 0.203125 0.250000
vt 0.218750 0.234375
vt 0.203125 0.234375
vt 0.203125 0.218750
vt 0.218750 0.203125
vt 0.203125 0.203125
vt 0.234375 0.218750
vt 0.250000 0.203125
vt 0.234375 0.203125
vt 0.203125 0.500000
vt 0.218750 0.484375
vt 0.203125 0.484375
vt 0.203125 0.468750
vt 0.218750 0.453125
vt 0.203125 0.453125
vt 0.234375 0.468750
vt 0.250000 0.453125
vt 0.234375 0.453125
vt 0.953125 0.250000
vt 0.968750 0.234375
vt 0.953125 0.234375
vt 0.953125 0.218750
vt 0.968750 0.203125
vt 0.953125 0.203125
vt 0.984375 0.218750
vt 1.000000 0.203125
vt 0.984375 0.203125
vt 0.703125 0.250000
vt 0.718750 0.234375
vt 0.703125 0.234375
vt 0.703125 0.218750
vt 0.718750 0.203125
vt 0.703125 0.203125
vt 0.734375 0.218750
vt 0.750000 0.203125
vt 0.734375 0.203125
vt 0.703125 0.500000
vt 0.718750 0.484375
vt 0.703125 0.484375
vt 0.703125 0.468750
vt 0.718750 0.453125
vt 0.703125 0.453125
vt 0.734375 0.468750
vt 0.750000 0.453125
vt 0.734375 0.453125
vt 0.953125 0.500000
vt 0.968750 0.484375
vt 0.953125 0.484375
vt 0.953125 0.468750
vt 0.968750 0.453125
vt 0.953125 0.453125
vt 0.984375 0.468750
vt 1.000000 0.453125
vt 0.984375 0.453125
vt 0.453125 0.500000
vt 0.468750 0.484375
vt 0.453125 0.484375
vt 0.453125 0.468750
vt 0.468750 0.453125
vt 0.453125 0.453125
vt 0.484375 0.468750
vt 0.500000 0.453125
vt 0.484375 0.453125
vt 0.453125 1.000000
vt 0.468750 0.984375
vt 0.453125 0.984375
vt 0.453125 0.968750
vt 0.468750 0.953125
vt 0.453125 0.953125
vt 0.484375 0.968750
vt 0.500000 0.953125
vt 0.484375 0.953125
vt 0.953125 1.000000
vt 0.968750 0.984375
vt 0.953125 0.984375
vt 0.953125 0.968750
vt 0.968750 0.953125
vt 0.953125 0.953125
vt 0.984375 0.968750
vt 1.000000 0.953125
vt 0.984375 0.953125
vt 0.968750 0.968750
vt 0.968750 0.937500
vt 1.000000 0.937500
vt 0.937500 0.968750
vt 0.937500 0.937500
vt 0.937500 1.000000
vt 0.468750 0.968750
vt 0.468750 0.937500
vt 0.500000 0.937500
vt 0.437500 0.968750
vt 0.437500 0.937500
vt 0.437500 1.000000
vt 0.468750 0.468750
vt 0.468750 0.437500
vt 0.500000 0.437500
vt 0.437500 0.468750
vt 0.437500 0.437500
vt 0.437500 0.500000
vt 0.968750 0.468750
vt 0.968750 0.437500
vt 1.000000 0.437500
vt 0.937500 0.468750
vt 0.937500 0.437500
vt 0.937500 0.500000
vt 0.718750 0.468750
vt 0.718750 0.437500
vt 0.750000 0.437500
vt 0.687500 0.468750
vt 0.687500 0.437500
vt 0.687500 0.500000
vt 0.718750 0.218750
vt 0.718750 0.187500
vt 0.750000 0.187500
vt 0.687500 0.218750
vt 0.687500 0.187500
vt 0.687500 0.250000
vt 0.968750 0.218750
vt 0.968750 0.187500
vt 1.000000 0.187500
vt 0.937500 0.218750
vt 0.937500 0.187500
vt 0.937500 0.250000
vt 0.218750 0.468750
vt 0.218750 0.437500
vt 0.250000 0.437500
vt 0.187500 0.468750
vt 0.187500 0.437500
vt 0.187500 0.500000
vt 0.218750 0.218750
vt 0.218750 0.187500
vt 0.250000 0.187500
vt 0.187500 0.218750
vt 0.187500 0.187500
vt 0.187500 0.250000
vt 0.468750 0.218750
vt 0.468750 0.187500
vt 0.500000 0.187500
vt 0.437500 0.218750
vt 0.437500 0.187500
vt 0.437500 0.250000
vt 0.218750 0.968750
vt 0.218750 0.937500
vt 0.250000 0.937500
vt 0.187500 0.968750
vt 0.187500 0.937500
vt 0.187500 1.000000
vt 0.218750 0.718750
vt 0.218750 0.687500
vt 0.250000 0.687500
vt 0.187500 0.718750
vt 0.187500 0.687500
vt 0.187500 0.750000
vt 0.468750 0.718750
vt 0.468750 0.687500
vt 0.500000 0.687500
vt 0.437500 0.718750
vt 0.437500 0.687500
vt 0.437500 0.750000
vt 0.718750 0.968750
vt 0.718750 0.937500
vt 0.750000 0.937500
vt 0.687500 0.968750
vt 0.687500 0.937500
vt 0.687500 1.000000
vt 0.718750 0.718750
vt 0.718750 0.687500
vt 0.750000 0.687500
vt 0.687500 0.718750
vt 0.687500 0.687500
vt 0.687500 0.750000
vt 0.968750 0.718750
vt 0.968750 0.687500
vt 1.000000 0.687500
vt 0.937500 0.718750
vt 0.937500 0.687500
vt 0.937500 0.750000
vt 0.843750 0.718750
vt 0.843750 0.687500
vt 0.875000 0.687500
vt 0.812500 0.718750
vt 0.812500 0.687500
vt 0.812500 0.750000
vt 0.843750 0.593750
vt 0.843750 0.562500
vt 0.875000 0.562500
vt 0.812500 0.593750
vt 0.812500 0.562500
vt 0.812500 0.625000
vt 0.968750 0.593750
vt 0.968750 0.562500
vt 1.000000 0.562500
vt 0.937500 0.593750
vt 0.937500 0.562500
vt 0.937500 0.625000
vt 0.593750 0.718750
vt 0.593750 0.687500
vt 0.625000 0.687500
vt 0.562500 0.718750
vt 0.562500 0.687500
vt 0.562500 0.750000
vt 0.593750 0.593750
vt 0.593750 0.562500
vt 0.625000 0.562500
vt 0.562500 0.593750
vt 0.562500 0.562500
vt 0.562500 0.625000
vt 0.718750 0.593750
vt 0.718750 0.562500
vt 0.750000 0.562500
vt 0.687500 0.593750
vt 0.687500 0.562500
vt 0.687500 0.625000
vt 0.593750 0.968750
vt 0.593750 0.937500
vt 0.625000 0.937500
vt 0.562500 0.968750
vt 0.562500 0.937500
vt 0.562500 1.000000
vt 0.593750 0.843750
vt 0.593750 0.812500
vt 0.625000 0.812500
vt 0.562500 0.843750
vt 0.562500 0.812500
vt 0.562500 0.875000
vt 0.718750 0.843750
vt 0.718750 0.812500
vt 0.750000 0.812500
vt 0.687500 0.843750
vt 0.687500 0.812500
vt 0.687500 0.875000
vt 0.343750 0.718750
vt 0.343750 0.687500
vt 0.375000 0.687500
vt 0.312500 0.718750
vt 0.312500 0.687500
vt 0.312500 0.750000
vt 0.343750 0.593750
vt 0.343750 0.562500
vt 0.375000 0.562500
vt 0.312500 0.593750
vt 0.312500 0.562500
vt 0.312500 0.625000
vt 0.468750 0.593750
vt 0.468750 0.562500
vt 0.500000 0.562500
vt 0.437500 0.593750
vt 0.437500 0.562500
vt 0.437500 0.625000
vt 0.093750 0.718750
vt 0.093750 0.687500
vt 0.125000 0.687500
vt 0.062500 0.718750
vt 0.062500 0.687500
vt 0.062500 0.750000
vt 0.093750 0.593750
vt 0.093750 0.562500
vt 0.125000 0.562500
vt 0.062500 0.593750
vt 0.062500 0.562500
vt 0.062500 0.625000
vt 0.218750 0.593750
vt 0.218750 0.562500
vt 0.250000 0.562500
vt 0.187500 0.593750
vt 0.187500 0.562500
vt 0.187500 0.625000
vt 0.093750 0.968750
vt 0.093750 0.937500
vt 0.125000 0.937500
vt 0.062500 0.968750
vt 0.062500 0.937500
vt 0.062500 1.000000
vt 0.093750 0.843750
vt 0.093750 0.812500
vt 0.125000 0.812500
vt 0.062500 0.843750
vt 0.062500 0.812500
vt 0.062500 0.875000
vt 0.218750 0.843750
vt 0.218750 0.812500
vt 0.250000 0.812500
vt 0.187500 0.843750
vt 0.187500 0.812500
vt 0.187500 0.875000
vt 0.343750 0.218750
vt 0.343750 0.187500
vt 0.375000 0.187500
vt 0.312500 0.218750
vt 0.312500 0.187500
vt 0.312500 0.250000
vt 0.343750 0.093750
vt 0.343750 0.062500
vt 0.375000 0.062500
vt 0.312500 0.093750
vt 0.312500 0.062500
vt 0.312500 0.125000
vt 0.468750 0.093750
vt 0.468750 0.062500
vt 0.500000 0.062500
vt 0.437500 0.093750
vt 0.437500 0.062500
vt 0.437500 0.125000
vt 0.093750 0.218750
vt 0.093750 0.187500
vt 0.125000 0.187500
vt 0.062500 0.218750
vt 0.062500 0.187500
vt 0.062500 0.250000
vt 0.093750 0.093750
vt 0.093750 0.062500
vt 0.125000 0.062500
vt 0.062500 0.093750
vt 0.062500 0.062500
vt 0.062500 0.125000
vt 0.218750 0.093750
vt 0.218750 0.062500
vt 0.250000 0.062500
vt 0.187500 0.093750
vt 0.187500 0.062500
vt 0.187500 0.125000
vt 0.093750 0.468750
vt 0.093750 0.437500
vt 0.125000 0.437500
vt 0.062500 0.468750
vt 0.062500 0.437500
vt 0.062500 0.500000
vt 0.093750 0.343750
vt 0.093750 0.312500
vt 0.125000 0.312500
vt 0.062500 0.343750
vt 0.062500 0.312500
vt 0.062500 0.375000
vt 0.218750 0.343750
vt 0.218750 0.312500
vt 0.250000 0.312500
vt 0.187500 0.343750
vt 0.187500 0.312500
vt 0.187500 0.375000
vt 0.843750 0.218750
vt 0.843750 0.187500
vt 0.875000 0.187500
vt 0.812500 0.218750
vt 0.812500 0.187500
vt 0.812500 0.250000
vt 0.843750 0.093750
vt 0.843750 0.062500
vt 0.875000 0.062500
vt 0.812500 0.093750
vt 0.812500 0.062500
vt 0.812500 0.125000
vt 0.968750 0.093750
vt 0.968750 0.062500
vt 1.000000 0.062500
vt 0.937500 0.093750
vt 0.937500 0.062500
vt 0.937500 0.125000
vt 0.593750 0.218750
vt 0.593750 0.187500
vt 0.625000 0.187500
vt 0.562500 0.218750
vt 0.562500 0.187500
vt 0.562500 0.250000
vt 0.593750 0.093750
vt 0.593750 0.062500
vt 0.625000 0.062500
vt 0.562500 0.093750
vt 0.562500 0.062500
vt 0.562500 0.125000
vt 0.718750 0.093750
vt 0.718750 0.062500
vt 0.750000 0.062500
vt 0.687500 0.093750
vt 0.687500 0.062500
vt 0.687500 0.125000
vt 0.593750 0.468750
vt 0.593750 0.437500
vt 0.625000 0.437500
vt 0.562500 0.468750
vt 0.562500 0.437500
vt 0.562500 0.500000
vt 0.593750 0.343750
vt 0.593750 0.312500
vt 0.625000 0.312500
vt 0.562500 0.343750
vt 0.562500 0.312500
vt 0.562500 0.375000
vt 0.718750 0.343750
vt 0.718750 0.312500
vt 0.750000 0.312500
vt 0.687500 0.343750
vt 0.687500 0.312500
vt 0.687500 0.375000
vt 0.843750 0.468750
vt 0.843750 0.437500
vt 0.875000 0.437500
vt 0.812500 0.468750
vt 0.812500 0.437500
vt 0.812500 0.500000
vt 0.843750 0.343750
vt 0.843750 0.312500
vt 0.875000 0.312500
vt 0.812500 0.343750
vt 0.812500 0.312500
vt 0.812500 0.375000
vt 0.968750 0.343750
vt 0.968750 0.312500
vt 1.000000 0.312500
vt 0.937500 0.343750
vt 0.937500 0.312500
vt 0.937500 0.375000
vt 0.343750 0.468750
vt 0.343750 0.437500
vt 0.375000 0.437500
vt 0.312500 0.468750
vt 0.312500 0.437500
vt 0.312500 0.500000
vt 0.343750 0.343750
vt 0.343750 0.312500
vt 0.375000 0.312500
vt 0.312500 0.343750
vt 0.312500 0.312500
vt 0.312500 0.375000
vt 0.468750 0.343750
vt 0.468750 0.312500
vt 0.500000 0.312500
vt 0.437500 0.343750
vt 0.437500 0.312500
vt 0.437500 0.375000
vt 0.343750 0.968750
vt 0.343750 0.937500
vt 0.375000 0.937500
vt 0.312500 0.968750
vt 0.312500 0.937500
vt 0.312500 1.000000
vt 0.343750 0.843750
vt 0.343750 0.812500
vt 0.375000 0.812500
vt 0.312500 0.843750
vt 0.312500 0.812500
vt 0.312500 0.875000
vt 0.468750 0.843750
vt 0.468750 0.812500
vt 0.500000 0.812500
vt 0.437500 0.843750
vt 0.437500 0.812500
vt 0.437500 0.875000
vt 0.843750 0.968750
vt 0.843750 0.937500
vt 0.875000 0.937500
vt 0.812500 0.968750
vt 0.812500 0.937500
vt 0.812500 1.000000
vt 0.843750 0.843750
vt 0.843750 0.812500
vt 0.875000 0.812500
vt 0.812500 0.843750
vt 0.812500 0.812500
vt 0.812500 0.875000
vt 0.968750 0.843750
vt 0.968750 0.812500
vt 1.000000 0.812500
vt 0.937500 0.843750
vt 0.937500 0.812500
vt 0.937500 0.875000
vt 0.906250 0.843750
vt 0.906250 0.812500
vt 0.875000 0.843750
vt 0.875000 0.875000
vt 0.906250 0.781250
vt 0.906250 0.750000
vt 0.875000 0.781250
vt 0.875000 0.750000
vt 0.968750 0.781250
vt 0.968750 0.750000
vt 1.000000 0.750000
vt 0.937500 0.781250
vt 0.781250 0.843750
vt 0.781250 0.812500
vt 0.750000 0.843750
vt 0.750000 0.875000
vt 0.781250 0.781250
vt 0.781250 0.750000
vt 0.750000 0.781250
vt 0.750000 0.750000
vt 0.843750 0.781250
vt 0.843750 0.750000
vt 0.812500 0.781250
vt 0.781250 0.968750
vt 0.781250 0.937500
vt 0.750000 0.968750
vt 0.750000 1.000000
vt 0.781250 0.906250
vt 0.781250 0.875000
vt 0.750000 0.906250
vt 0.843750 0.906250
vt 0.843750 0.875000
vt 0.812500 0.906250
vt 0.406250 0.843750
vt 0.406250 0.812500
vt 0.375000 0.843750
vt 0.375000 0.875000
vt 0.406250 0.781250
vt 0.406250 0.750000
vt 0.375000 0.781250
vt 0.375000 0.750000
vt 0.468750 0.781250
vt 0.468750 0.750000
vt 0.500000 0.750000
vt 0.437500 0.781250
vt 0.281250 0.843750
vt 0.281250 0.812500
vt 0.250000 0.843750
vt 0.250000 0.875000
vt 0.281250 0.781250
vt 0.281250 0.750000
vt 0.250000 0.781250
vt 0.250000 0.750000
vt 0.343750 0.781250
vt 0.343750 0.750000
vt 0.312500 0.781250
vt 0.281250 0.968750
vt 0.281250 0.937500
vt 0.250000 0.968750
vt 0.250000 1.000000
vt 0.281250 0.906250
vt 0.281250 0.875000
vt 0.250000 0.906250
vt 0.343750 0.906250
vt 0.343750 0.875000
vt 0.312500 0.906250
vt 0.406250 0.343750
vt 0.406250 0.312500
vt 0.375000 0.343750
vt 0.375000 0.375000
vt 0.406250 0.281250
vt 0.406250 0.250000
vt 0.375000 0.281250
vt 0.375000 0.250000
vt 0.468750 0.281250
vt 0.468750 0.250000
vt 0.500000 0.250000
vt 0.437500 0.281250
vt 0.281250 0.343750
vt 0.281250 0.312500
vt 0.250000 0.343750
vt 0.250000 0.375000
vt 0.281250 0.281250
vt 0.281250 0.250000
vt 0.250000 0.281250
vt 0.250000 0.250000
vt 0.343750 0.281250
vt 0.343750 0.250000
vt 0.312500 0.281250
vt 0.281250 0.468750
vt 0.281250 0.437500
vt 0.250000 0.468750
vt 0.250000 0.500000
vt 0.281250 0.406250
vt 0.281250 0.375000
vt 0.250000 0.406250
vt 0.343750 0.406250
vt 0.343750 0.375000
vt 0.312500 0.406250
vt 0.906250 0.343750
vt 0.906250 0.312500
vt 0.875000 0.343750
vt 0.875000 0.375000
vt 0.906250 0.281250
vt 0.906250 0.250000
vt 0.875000 0.281250
vt 0.875000 0.250000
vt 0.968750 0.281250
vt 0.968750 0.250000
vt 1.000000 0.250000
vt 0.937500 0.281250
vt 0.781250 0.343750
vt 0.781250 0.312500
vt 0.750000 0.343750
vt 0.750000 0.375000
vt 0.781250 0.281250
vt 0.781250 0.250000
vt 0.750000 0.281250
vt 0.750000 0.250000
vt 0.843750 0.281250
vt 0.843750 0.250000
vt 0.812500 0.281250
vt 0.781250 0.468750
vt 0.781250 0.437500
vt 0.750000 0.468750
vt 0.750000 0.500000
vt 0.781250 0.406250
vt 0.781250 0.375000
vt 0.750000 0.406250
vt 0.843750 0.406250
vt 0.843750 0.375000
vt 0.812500 0.406250
vt 0.656250 0.343750
vt 0.656250 0.312500
vt 0.625000 0.343750
vt 0.625000 0.375000
vt 0.656250 0.281250
vt 0.656250 0.250000
vt 0.625000 0.281250
vt 0.625000 0.250000
vt 0.718750 0.281250
vt 0.718750 0.250000
vt 0.687500 0.281250
vt 0.531250 0.343750
vt 0.531250 0.312500
vt 0.500000 0.343750
vt 0.500000 0.375000
vt 0.531250 0.281250
vt 0.531250 0.250000
vt 0.500000 0.281250
vt 0.593750 0.281250
vt 0.593750 0.250000
vt 0.562500 0.281250
vt 0.531250 0.468750
vt 0.531250 0.437500
vt 0.500000 0.468750
vt 0.500000 0.500000
vt 0.531250 0.406250
vt 0.531250 0.375000
vt 0.500000 0.406250
vt 0.593750 0.406250
vt 0.593750 0.375000
vt 0.562500 0.406250
vt 0.656250 0.093750
vt 0.656250 0.062500
vt 0.625000 0.093750
vt 0.625000 0.125000
vt 0.656250 0.031250
vt 0.671875 0.000000
vt 0.656250 0.000000
vt 0.687500 0.000000
vt 0.625000 0.031250
vt 0.640625 0.000000
vt 0.625000 0.000000
vt 0.718750 0.031250
vt 0.734375 0.000000
vt 0.718750 0.000000
vt 0.750000 0.000000
vt 0.687500 0.031250
vt 0.703125 0.000000
vt 0.531250 0.093750
vt 0.531250 0.062500
vt 0.500000 0.093750
vt 0.500000 0.125000
vt 0.531250 0.031250
vt 0.546875 0.000000
vt 0.531250 0.000000
vt 0.562500 0.000000
vt 0.500000 0.031250
vt 0.515625 0.000000
vt 0.500000 0.000000
vt 0.593750 0.031250
vt 0.609375 0.000000
vt 0.593750 0.000000
vt 0.562500 0.031250
vt 0.578125 0.000000
vt 0.531250 0.218750
vt 0.531250 0.187500
vt 0.500000 0.218750
vt 0.531250 0.156250
vt 0.531250 0.125000
vt 0.500000 0.156250
vt 0.593750 0.156250
vt 0.593750 0.125000
vt 0.562500 0.156250
vt 0.906250 0.093750
vt 0.906250 0.062500
vt 0.875000 0.093750
vt 0.875000 0.125000
vt 0.906250 0.031250
vt 0.921875 0.000000
vt 0.906250 0.000000
vt 0.937500 0.000000
vt 0.875000 0.031250
vt 0.890625 0.000000
vt 0.875000 0.000000
vt 0.968750 0.031250
vt 0.984375 0.000000
vt 0.968750 0.000000
vt 1.000000 0.000000
vt 0.937500 0.031250
vt 0.953125 0.000000
vt 0.781250 0.093750
vt 0.781250 0.062500
vt 0.750000 0.093750
vt 0.750000 0.125000
vt 0.781250 0.031250
vt 0.796875 0.000000
vt 0.781250 0.000000
vt 0.812500 0.000000
vt 0.750000 0.031250
vt 0.765625 0.000000
vt 0.843750 0.031250
vt 0.859375 0.000000
vt 0.843750 0.000000
vt 0.812500 0.031250
vt 0.828125 0.000000
vt 0.781250 0.218750
vt 0.781250 0.187500
vt 0.750000 0.218750
vt 0.781250 0.156250
vt 0.781250 0.125000
vt 0.750000 0.156250
vt 0.843750 0.156250
vt 0.843750 0.125000
vt 0.812500 0.156250
vt 0.156250 0.343750
vt 0.156250 0.312500
vt 0.125000 0.343750
vt 0.125000 0.375000
vt 0.156250 0.281250
vt 0.156250 0.250000
vt 0.125000 0.281250
vt 0.125000 0.250000
vt 0.218750 0.281250
vt 0.218750 0.250000
vt 0.187500 0.281250
vt 0.031250 0.343750
vt 0.031250 0.312500
vt 0.000000 0.343750
vt 0.000000 0.328125
vt 0.000000 0.312500
vt 0.000000 0.375000
vt 0.000000 0.359375
vt 0.031250 0.281250
vt 0.031250 0.250000
vt 0.000000 0.281250
vt 0.000000 0.265625
vt 0.000000 0.250000
vt 0.000000 0.296875
vt 0.093750 0.281250
vt 0.093750 0.250000
vt 0.062500 0.281250
vt 0.031250 0.468750
vt 0.031250 0.437500
vt 0.000000 0.468750
vt 0.000000 0.453125
vt 0.000000 0.437500
vt 0.000000 0.500000
vt 0.000000 0.484375
vt 0.031250 0.406250
vt 0.031250 0.375000
vt 0.000000 0.406250
vt 0.000000 0.390625
vt 0.000000 0.421875
vt 0.093750 0.406250
vt 0.093750 0.375000
vt 0.062500 0.406250
vt 0.156250 0.093750
vt 0.156250 0.062500
vt 0.125000 0.093750
vt 0.125000 0.125000
vt 0.156250 0.031250
vt 0.171875 0.000000
vt 0.156250 0.000000
vt 0.187500 0.000000
vt 0.125000 0.031250
vt 0.140625 0.000000
vt 0.125000 0.000000
vt 0.218750 0.031250
vt 0.234375 0.000000
vt 0.218750 0.000000
vt 0.250000 0.000000
vt 0.187500 0.031250
vt 0.203125 0.000000
vt 0.031250 0.093750
vt 0.031250 0.062500
vt 0.000000 0.093750
vt 0.000000 0.078125
vt 0.000000 0.062500
vt 0.000000 0.125000
vt 0.000000 0.109375
vt 0.031250 0.031250
vt 0.046875 0.000000
vt 0.031250 0.000000
vt 0.062500 0.000000
vt 0.000000 0.031250
vt 0.000000 0.015625
vt 0.015625 0.000000
vt 0.000000 0.000000
vt 0.000000 0.046875
vt 0.093750 0.031250
vt 0.109375 0.000000
vt 0.093750 0.000000
vt 0.062500 0.031250
vt 0.078125 0.000000
vt 0.031250 0.218750
vt 0.031250 0.187500
vt 0.000000 0.218750
vt 0.000000 0.203125
vt 0.000000 0.187500
vt 0.000000 0.234375
vt 0.031250 0.156250
vt 0.031250 0.125000
vt 0.000000 0.156250
vt 0.000000 0.140625
vt 0.000000 0.171875
vt 0.093750 0.156250
vt 0.093750 0.125000
vt 0.062500 0.156250
vt 0.406250 0.093750
vt 0.406250 0.062500
vt 0.375000 0.093750
vt 0.375000 0.125000
vt 0.406250 0.031250
vt 0.421875 0.000000
vt 0.406250 0.000000
vt 0.437500 0.000000
vt 0.375000 0.031250
vt 0.390625 0.000000
vt 0.375000 0.000000
vt 0.468750 0.031250
vt 0.484375 0.000000
vt 0.468750 0.000000
vt 0.437500 0.031250
vt 0.453125 0.000000
vt 0.281250 0.093750
vt 0.281250 0.062500
vt 0.250000 0.093750
vt 0.250000 0.125000
vt 0.281250 0.031250
vt 0.296875 0.000000
vt 0.281250 0.000000
vt 0.312500 0.000000
vt 0.250000 0.031250
vt 0.265625 0.000000
vt 0.343750 0.031250
vt 0.359375 0.000000
vt 0.343750 0.000000
vt 0.312500 0.031250
vt 0.328125 0.000000
vt 0.281250 0.218750
vt 0.281250 0.187500
vt 0.250000 0.218750
vt 0.281250 0.156250
vt 0.281250 0.125000
vt 0.250000 0.156250
vt 0.343750 0.156250
vt 0.343750 0.125000
vt 0.312500 0.156250
vt 0.156250 0.843750
vt 0.156250 0.812500
vt 0.125000 0.843750
vt 0.125000 0.875000
vt 0.156250 0.781250
vt 0.156250 0.750000
vt 0.125000 0.781250
vt 0.125000 0.750000
vt 0.218750 0.781250
vt 0.218750 0.750000
vt 0.187500 0.781250
vt 0.031250 0.843750
vt 0.031250 0.812500
vt 0.000000 0.843750
vt 0.000000 0.828125
vt 0.000000 0.812500
vt 0.000000 0.875000
vt 0.000000 0.859375
vt 0.031250 0.781250
vt 0.031250 0.750000
vt 0.000000 0.781250
vt 0.000000 0.765625
vt 0.000000 0.750000
vt 0.000000 0.796875
vt 0.093750 0.781250
vt 0.093750 0.750000
vt 0.062500 0.781250
vt 0.031250 0.968750
vt 0.031250 0.937500
vt 0.000000 0.968750
vt 0.000000 0.953125
vt 0.000000 0.937500
vt 0.000000 1.000000
vt 0.000000 0.984375
vt 0.031250 0.906250
vt 0.031250 0.875000
vt 0.000000 0.906250
vt 0.000000 0.890625
vt 0.000000 0.921875
vt 0.093750 0.906250
vt 0.093750 0.875000
vt 0.062500 0.906250
vt 0.156250 0.593750
vt 0.156250 0.562500
vt 0.125000 0.593750
vt 0.125000 0.625000
vt 0.156250 0.531250
vt 0.156250 0.500000
vt 0.125000 0.531250
vt 0.125000 0.500000
vt 0.218750 0.531250
vt 0.218750 0.500000
vt 0.187500 0.531250
vt 0.031250 0.593750
vt 0.031250 0.562500
vt 0.000000 0.593750
vt 0.000000 0.578125
vt 0.000000 0.562500
vt 0.000000 0.625000
vt 0.000000 0.609375
vt 0.031250 0.531250
vt 0.031250 0.500000
vt 0.000000 0.531250
vt 0.000000 0.515625
vt 0.000000 0.546875
vt 0.093750 0.531250
vt 0.093750 0.500000
vt 0.062500 0.531250
vt 0.031250 0.718750
vt 0.031250 0.687500
vt 0.000000 0.718750
vt 0.000000 0.703125
vt 0.000000 0.687500
vt 0.000000 0.734375
vt 0.031250 0.656250
vt 0.031250 0.625000
vt 0.000000 0.656250
vt 0.000000 0.640625
vt 0.000000 0.671875
vt 0.093750 0.656250
vt 0.093750 0.625000
vt 0.062500 0.656250
vt 0.406250 0.593750
vt 0.406250 0.562500
vt 0.375000 0.593750
vt 0.375000 0.625000
vt 0.406250 0.531250
vt 0.406250 0.500000
vt 0.375000 0.531250
vt 0.375000 0.500000
vt 0.468750 0.531250
vt 0.468750 0.500000
vt 0.437500 0.531250
vt 0.281250 0.593750
vt 0.281250 0.562500
vt 0.250000 0.593750
vt 0.250000 0.625000
vt 0.281250 0.531250
vt 0.281250 0.500000
vt 0.250000 0.531250
vt 0.343750 0.531250
vt 0.343750 0.500000
vt 0.312500 0.531250
vt 0.281250 0.718750
vt 0.281250 0.687500
vt 0.250000 0.718750
vt 0.281250 0.656250
vt 0.281250 0.625000
vt 0.250000 0.656250
vt 0.343750 0.656250
vt 0.343750 0.625000
vt 0.312500 0.656250
vt 0.656250 0.843750
vt 0.656250 0.812500
vt 0.625000 0.843750
vt 0.625000 0.875000
vt 0.656250 0.781250
vt 0.656250 0.750000
vt 0.625000 0.781250
vt 0.625000 0.750000
vt 0.718750 0.781250
vt 0.718750 0.750000
vt 0.687500 0.781250
vt 0.531250 0.843750
vt 0.531250 0.812500
vt 0.500000 0.843750
vt 0.500000 0.875000
vt 0.531250 0.781250
vt 0.531250 0.750000
vt 0.500000 0.781250
vt 0.593750 0.781250
vt 0.593750 0.750000
vt 0.562500 0.781250
vt 0.531250 0.968750
vt 0.531250 0.937500
vt 0.500000 0.968750
vt 0.500000 1.000000
vt 0.531250 0.906250
vt 0.531250 0.875000
vt 0.500000 0.906250
vt 0.593750 0.906250
vt 0.593750 0.875000
vt 0.562500 0.906250
vt 0.656250 0.593750
vt 0.656250 0.562500
vt 0.625000 0.593750
vt 0.625000 0.625000
vt 0.656250 0.531250
vt 0.656250 0.500000
vt 0.625000 0.531250
vt 0.625000 0.500000
vt 0.718750 0.531250
vt 0.718750 0.500000
vt 0.687500 0.531250
vt 0.531250 0.593750
vt 0.531250 0.562500
vt 0.500000 0.593750
vt 0.500000 0.625000
vt 0.531250 0.531250
vt 0.531250 0.500000
vt 0.500000 0.531250
vt 0.593750 0.531250
vt 0.593750 0.500000
vt 0.562500 0.531250
vt 0.531250 0.718750
vt 0.531250 0.687500
vt 0.500000 0.718750
vt 0.531250 0.656250
vt 0.531250 0.625000
vt 0.500000 0.656250
vt 0.593750 0.656250
vt 0.593750 0.625000
vt 0.562500 0.656250
vt 0.906250 0.593750
vt 0.906250 0.562500
vt 0.875000 0.593750
vt 0.875000 0.625000
vt 0.906250 0.531250
vt 0.906250 0.500000
vt 0.875000 0.531250
vt 0.875000 0.500000
vt 0.968750 0.531250
vt 0.968750 0.500000
vt 1.000000 0.500000
vt 0.937500 0.531250
vt 0.781250 0.593750
vt 0.781250 0.562500
vt 0.750000 0.593750
vt 0.750000 0.625000
vt 0.781250 0.531250
vt 0.781250 0.500000
vt 0.750000 0.531250
vt 0.843750 0.531250
vt 0.843750 0.500000
vt 0.812500 0.531250
vt 0.781250 0.718750
vt 0.781250 0.687500
vt 0.750000 0.718750
vt 0.781250 0.656250
vt 0.781250 0.625000
vt 0.750000 0.656250
vt 0.843750 0.656250
vt 0.843750 0.625000
vt 0.812500 0.656250
vt 0.906250 0.718750
vt 0.906250 0.687500
vt 0.875000 0.718750
vt 0.906250 0.656250
vt 0.906250 0.625000
vt 0.875000 0.656250
vt 0.968750 0.656250
vt 0.968750 0.625000
vt 1.000000 0.625000
vt 0.937500 0.656250
vt 0.656250 0.718750
vt 0.656250 0.687500
vt 0.625000 0.718750
vt 0.656250 0.656250
vt 0.656250 0.625000
vt 0.625000 0.656250
vt 0.718750 0.656250
vt 0.718750 0.625000
vt 0.687500 0.656250
vt 0.656250 0.968750
vt 0.656250 0.937500
vt 0.625000 0.968750
vt 0.625000 1.000000
vt 0.656250 0.906250
vt 0.656250 0.875000
vt 0.625000 0.906250
vt 0.718750 0.906250
vt 0.718750 0.875000
vt 0.687500 0.906250
vt 0.406250 0.718750
vt 0.406250 0.687500
vt 0.375000 0.718750
vt 0.406250 0.656250
vt 0.406250 0.625000
vt 0.375000 0.656250
vt 0.468750 0.656250
vt 0.468750 0.625000
vt 0.437500 0.656250
vt 0.156250 0.718750
vt 0.156250 0.687500
vt 0.125000 0.718750
vt 0.156250 0.656250
vt 0.156250 0.625000
vt 0.125000 0.656250
vt 0.218750 0.656250
vt 0.218750 0.625000
vt 0.187500 0.656250
vt 0.156250 0.968750
vt 0.156250 0.937500
vt 0.125000 0.968750
vt 0.125000 1.000000
vt 0.156250 0.906250
vt 0.156250 0.875000
vt 0.125000 0.906250
vt 0.218750 0.906250
vt 0.218750 0.875000
vt 0.187500 0.906250
vt 0.406250 0.218750
vt 0.406250 0.187500
vt 0.375000 0.218750
vt 0.406250 0.156250
vt 0.406250 0.125000
vt 0.375000 0.156250
vt 0.468750 0.156250
vt 0.468750 0.125000
vt 0.437500 0.156250
vt 0.156250 0.218750
vt 0.156250 0.187500
vt 0.125000 0.218750
vt 0.156250 0.156250
vt 0.156250 0.125000
vt 0.125000 0.156250
vt 0.218750 0.156250
vt 0.218750 0.125000
vt 0.187500 0.156250
vt 0.156250 0.468750
vt 0.156250 0.437500
vt 0.125000 0.468750
vt 0.156250 0.406250
vt 0.156250 0.375000
vt 0.125000 0.406250
vt 0.218750 0.406250
vt 0.218750 0.375000
vt 0.187500 0.406250
vt 0.906250 0.218750
vt 0.906250 0.187500
vt 0.875000 0.218750
vt 0.906250 0.156250
vt 0.906250 0.125000
vt 0.875000 0.156250
vt 0.968750 0.156250
vt 0.968750 0.125000
vt 1.000000 0.125000
vt 0.937500 0.156250
vt 0.656250 0.218750
vt 0.656250 0.187500
vt 0.625000 0.218750
vt 0.656250 0.156250
vt 0.656250 0.125000
vt 0.625000 0.156250
vt 0.718750 0.156250
vt 0.718750 0.125000
vt 0.687500 0.156250
vt 0.656250 0.468750
vt 0.656250 0.437500
vt 0.625000 0.468750
vt 0.656250 0.406250
vt 0.656250 0.375000
vt 0.625000 0.406250
vt 0.718750 0.406250
vt 0.718750 0.375000
vt 0.687500 0.406250
vt 0.906250 0.468750
vt 0.906250 0.437500
vt 0.875000 0.468750
vt 0.906250 0.406250
vt 0.906250 0.375000
vt 0.875000 0.406250
vt 0.968750 0.406250
vt 0.968750 0.375000
vt 1.000000 0.375000
vt 0.937500 0.406250
vt 0.406250 0.468750
vt 0.406250 0.437500
vt 0.375000 0.468750
vt 0.406250 0.406250
vt 0.406250 0.375000
vt 0.375000 0.406250
vt 0.468750 0.406250
vt 0.468750 0.375000
vt 0.437500 0.406250
vt 0.406250 0.968750
vt 0.406250 0.937500
vt 0.375000 0.968750
vt 0.375000 1.000000
vt 0.406250 0.906250
vt 0.406250 0.875000
vt 0.375000 0.906250
vt 0.468750 0.906250
vt 0.468750 0.875000
vt 0.437500 0.906250
vt 0.906250 0.968750
vt 0.906250 0.937500
vt 0.875000 0.968750
vt 0.875000 1.000000
vt 0.906250 0.906250
vt 0.906250 0.875000
vt 0.875000 0.906250
vt 0.968750 0.906250
vt 0.968750 0.875000
vt 1.000000 0.875000
vt 0.937500 0.906250
vt 1.000000 0.906250
vt 0.906250 1.000000
vt 0.406250 1.000000
vt 1.000000 0.406250
vt 1.000000 0.156250
vt 0.156250 1.000000
vt 0.656250 1.000000
vt 1.000000 0.656250
vt 1.000000 0.531250
vt 0.531250 1.000000
vt 0.031250 1.000000
vt 1.000000 0.031250
vt 1.000000 0.281250
vt 0.281250 1.000000
vt 0.781250 1.000000
vt 1.000000 0.781250
vt 1.000000 0.843750
vt 0.843750 1.000000
vt 0.343750 1.000000
vt 1.000000 0.343750
vt 1.000000 0.093750
vt 0.093750 1.000000
vt 0.593750 1.000000
vt 1.000000 0.593750
vt 1.000000 0.718750
vt 0.718750 1.000000
vt 0.218750 1.000000
vt 1.000000 0.218750
vt 1.000000 0.468750
vt 0.468750 1.000000
vt 0.968750 1.000000
vt 1.000000 0.968750
vt 1.000000 1.000000
s 0
f 1837/1/1 1092/2/1 4225/3/1
f 1833/4/1 1098/5/1 4224/6/1
f 1840/7/1 1099/8/1 4223/9/1
f 1841/10/1 1096/11/1 4222/12/1
f 1829/13/1 1114/14/1 4221/15/1
f 1844/16/1 1115/17/1 4220/18/1
f 1845/19/1 1108/20/1 4219/21/1
f 1828/22/1 1118/23/1 4218/24/1
f 1848/25/1 1119/26/1 4217/27/1
f 1849/28/1 1111/29/1 4216/30/1
f 1821/31/1 1122/32/1 4215/33/1
f 1852/34/1 1123/35/1 4214/36/1
f 1853/37/1 1110/38/1 4213/39/1
f 1825/40/1 1126/41/1 4212/42/1
f 1856/43/1 1127/44/1 4211/45/1
f 1857/46/1 1104/47/1 4210/48/1
f 1817/49/1 1170/50/1 4209/51/1
f 1860/52/1 1171/53/1 4208/54/1
f 1861/55/1 1144/56/1 4207/57/1
f 1816/58/1 1174/59/1 4206/60/1
f 1864/61/1 1175/62/1 4205/63/1
f 1865/64/1 1167/65/1 4204/66/1
f 1785/67/1 1178/68/1 4203/69/1
f 1868/70/1 1179/71/1 4202/72/1
f 1869/73/1 1166/74/1 4201/75/1
f 1813/76/1 1182/77/1 4200/78/1
f 1872/79/1 1183/80/1 4199/81/1
f 1873/82/1 1150/83/1 4198/84/1
f 1812/85/1 1186/86/1 4197/87/1
f 1876/88/1 1187/89/1 4196/90/1
f 1877/91/1 1163/92/1 4195/93/1
f 1781/94/1 1190/95/1 4194/96/1
f 1880/97/1 1191/98/1 4193/99/1
f 1881/100/1 1162/101/1 4192/102/1
f 1809/103/1 1194/104/1 4191/105/1
f 1884/106/1 1195/107/1 4190/108/1
f 1885/109/1 1151/110/1 4189/111/1
f 1808/112/1 1198/113/1 4188/114/1
f 1888/115/1 1199/116/1 4187/117/1
f 1889/118/1 1159/119/1 4186/120/1
f 1788/121/1 1202/122/1 4185/123/1
f 1892/124/1 1203/125/1 4184/126/1
f 1893/127/1 1158/128/1 4183/129/1
f 1805/130/1 1206/131/1 4182/132/1
f 1896/133/1 1207/134/1 4181/135/1
f 1897/136/1 1148/137/1 4180/138/1
f 1804/139/1 1210/140/1 4179/141/1
f 1900/142/1 1211/143/1 4178/144/1
f 1901/145/1 1155/146/1 4177/147/1
f 1789/148/1 1214/149/1 4176/150/1
f 1904/151/1 1215/152/1 4175/153/1
f 1905/154/1 1154/155/1 4174/156/1
f 1801/157/1 1218/158/1 4173/159/1
f 1908/160/1 1219/161/1 4172/162/1
f 1909/163/1 1136/164/1 4171/165/1
f 1800/166/1 1222/167/1 4170/168/1
f 1912/169/1 1223/170/1 4169/171/1
f 1913/172/1 1139/173/1 4168/174/1
f 1793/175/1 1226/176/1 4167/177/1
f 1916/178/1 1227/179/1 4166/180/1
f 1917/181/1 1138/182/1 4165/183/1
f 1797/184/1 1230/185/1 4164/186/1
f 1920/187/1 1231/188/1 4163/189/1
f 1921/190/1 1132/191/1 4162/192/1
f 1777/193/1 1378/194/1 4161/195/1
f 1924/196/1 1379/197/1 4160/198/1
f 1925/199/1 1276/200/1 4159/201/1
f 1776/202/1 1382/203/1 4158/204/1
f 1928/205/1 1383/206/1 4157/207/1
f 1929/208/1 1375/209/1 4156/210/1
f 1653/211/1 1386/212/1 4155/213/1
f 1932/214/1 1387/215/1 4154/216/1
f 1933/217/1 1374/218/1 4153/219/1
f 1773/220/1 1390/221/1 4152/222/1
f 1936/223/1 1391/224/1 4151/225/1
f 1937/226/1 1282/227/1 4150/228/1
f 1772/229/1 1394/230/1 4149/231/1
f 1940/232/1 1395/233/1 4148/234/1
f 1941/235/1 1371/236/1 4147/237/1
f 1649/238/1 1398/239/1 4146/240/1
f 1944/241/1 1399/242/1 4145/243/1
f 1945/244/1 1370/245/1 4144/246/1
f 1769/247/1 1402/248/1 4143/249/1
f 1948/250/1 1403/251/1 4142/252/1
f 1949/253/1 1283/254/1 4141/255/1
f 1768/256/1 1406/257/1 4140/258/1
f 1952/259/1 1407/260/1 4139/261/1
f 1953/262/1 1367/263/1 4138/264/1
f 1656/265/1 1410/266/1 4137/267/1
f 1956/268/1 1411/269/1 4136/270/1
f 1957/271/1 1366/272/1 4135/273/1
f 1765/274/1 1414/275/1 4134/276/1
f 1960/277/1 1415/278/1 4133/279/1
f 1961/280/1 1280/281/1 4132/282/1
f 1764/283/1 1418/284/1 4131/285/1
f 1964/286/1 1419/287/1 4130/288/1
f 1965/289/1 1363/290/1 4129/291/1
f 1657/292/1 1422/293/1 4128/294/1
f 1968/295/1 1423/296/1 4127/297/1
f 1969/298/1 1362/299/1 4126/300/1
f 1761/301/1 1426/302/1 4125/303/1
f 1972/304/1 1427/305/1 4124/306/1
f 1973/307/1 1298/308/1 4123/309/1
f 1760/310/1 1430/311/1 4122/312/1
f 1976/313/1 1431/314/1 4121/315/1
f 1977/316/1 1359/317/1 4120/318/1
f 1645/319/1 1434/320/1 4119/321/1
f 1980/322/1 1435/323/1 4118/324/1
f 1981/325/1 1358/326/1 4117/327/1
f 1757/328/1 1438/329/1 4116/330/1
f 1984/331/1 1439/332/1 4115/333/1
f 1985/334/1 1299/335/1 4114/336/1
f 1756/337/1 1442/338/1 4113/339/1
f 1988/340/1 1443/341/1 4112/342/1
f 1989/343/1 1355/344/1 4111/345/1
f 1660/346/1 1446/347/1 4110/348/1
f 1992/349/1 1447/350/1 4109/351/1
f 1993/352/1 1354/353/1 4108/354/1
f 1753/355/1 1450/356/1 4107/357/1
f 1996/358/1 1451/359/1 4106/360/1
f 1997/361/1 1292/362/1 4105/363/1
f 1752/364/1 1454/365/1 4104/366/1
f 2000/367/1 1455/368/1 4103/369/1
f 2001/370/1 1351/371/1 4102/372/1
f 1661/373/1 1458/374/1 4101/375/1
f 2004/376/1 1459/377/1 4100/378/1
f 2005/379/1 1350/380/1 4099/381/1
f 1749/382/1 1462/383/1 4098/384/1
f 2008/385/1 1463/386/1 4097/387/1
f 2009/388/1 1302/389/1 4096/390/1
f 1748/391/1 1466/392/1 4095/393/1
f 2012/394/1 1467/395/1 4094/396/1
f 2013/397/1 1347/398/1 4093/399/1
f 1644/400/1 1470/401/1 4092/402/1
f 2016/403/1 1471/404/1 4091/405/1
f 2017/406/1 1346/407/1 4090/408/1
f 1745/409/1 1474/410/1 4089/411/1
f 2020/412/1 1475/413/1 4088/414/1
f 2021/415/1 1303/416/1 4087/417/1
f 1744/418/1 1478/419/1 4086/420/1
f 2024/421/1 1479/422/1 4085/423/1
f 2025/424/1 1343/425/1 4084/426/1
f 1664/427/1 1482/428/1 4083/429/1
f 2028/430/1 1483/431/1 4082/432/1
f 2029/433/1 1342/434/1 4081/435/1
f 1741/436/1 1486/437/1 4080/438/1
f 2032/439/1 1487/440/1 4079/441/1
f 2033/442/1 1295/443/1 4078/444/1
f 1740/445/1 1490/446/1 4077/447/1
f 2036/448/1 1491/449/1 4076/450/1
f 2037/451/1 1339/452/1 4075/453/1
f 1665/454/1 1494/455/1 4074/456/1
f 2040/457/1 1495/458/1 4073/459/1
f 2041/460/1 1338/461/1 4072/462/1
f 1737/463/1 1498/464/1 4071/465/1
f 2044/466/1 1499/467/1 4070/468/1
f 2045/469/1 1306/470/1 4069/471/1
f 1736/472/1 1502/473/1 4068/474/1
f 2048/475/1 1503/476/1 4067/477/1
f 2049/478/1 1335/479/1 4066/480/1
f 1637/481/1 1506/482/1 4065/483/1
f 2052/484/1 1507/485/1 4064/486/1
f 2053/487/1 1334/488/1 4063/489/1
f 1733/490/1 1510/491/1 4062/492/1
f 2056/493/1 1511/494/1 4061/495/1
f 2057/496/1 1307/497/1 4060/498/1
f 1732/499/1 1514/500/1 4059/501/1
f 2060/502/1 1515/503/1 4058/504/1
f 2061/505/1 1331/506/1 4057/507/1
f 1668/508/1 1518/509/1 4056/510/1
f 2064/511/1 1519/512/1 4055/513/1
f 2065/514/1 1330/515/1 4054/516/1
f 1729/517/1 1522/518/1 4053/519/1
f 2068/520/1 1523/521/1 4052/522/1
f 2069/523/1 1294/524/1 4051/525/1
f 1728/526/1 1526/527/1 4050/528/1
f 2072/529/1 1527/530/1 4049/531/1
f 2073/532/1 1327/533/1 4048/534/1
f 1669/535/1 1530/536/1 4047/537/1
f 2076/538/1 1531/539/1 4046/540/1
f 2077/541/1 1326/542/1 4045/543/1
f 1725/544/1 1534/545/1 4044/546/1
f 2080/547/1 1535/548/1 4043/549/1
f 2081/550/1 1310/551/1 4042/552/1
f 1724/553/1 1538/554/1 4041/555/1
f 2084/556/1 1539/557/1 4040/558/1
f 2085/559/1 1323/560/1 4039/561/1
f 1641/562/1 1542/563/1 4038/564/1
f 2088/565/1 1543/566/1 4037/567/1
f 2089/568/1 1322/569/1 4036/570/1
f 1721/571/1 1546/572/1 4035/573/1
f 2092/574/1 1547/575/1 4034/576/1
f 2093/577/1 1311/578/1 4033/579/1
f 1720/580/1 1550/581/1 4032/582/1
f 2096/583/1 1551/584/1 4031/585/1
f 2097/586/1 1319/587/1 4030/588/1
f 1672/589/1 1554/590/1 4029/591/1
f 2100/592/1 1555/593/1 4028/594/1
f 2101/595/1 1318/596/1 4027/597/1
f 1717/598/1 1558/599/1 4026/600/1
f 2104/601/1 1559/602/1 4025/603/1
f 2105/604/1 1288/605/1 4024/606/1
f 1716/607/1 1562/608/1 4023/609/1
f 2108/610/1 1563/611/1 4022/612/1
f 2109/613/1 1315/614/1 4021/615/1
f 1673/616/1 1566/617/1 4020/618/1
f 2112/619/1 1567/620/1 4019/621/1
f 2113/622/1 1314/623/1 4018/624/1
f 1713/625/1 1570/626/1 4017/627/1
f 2116/628/1 1571/629/1 4016/630/1
f 2117/631/1 1248/632/1 4015/633/1
f 1712/634/1 1574/635/1 4014/636/1
f 2120/637/1 1575/638/1 4013/639/1
f 2121/640/1 1271/641/1 4012/642/1
f 1681/643/1 1578/644/1 4011/645/1
f 2124/646/1 1579/647/1 4010/648/1
f 2125/649/1 1270/650/1 4009/651/1
f 1709/652/1 1582/653/1 4008/654/1
f 2128/655/1 1583/656/1 4007/657/1
f 2129/658/1 1254/659/1 4006/660/1
f 1708/661/1 1586/662/1 4005/663/1
f 2132/664/1 1587/665/1 4004/666/1
f 2133/667/1 1267/668/1 4003/669/1
f 1677/670/1 1590/671/1 4002/672/1
f 2136/673/1 1591/674/1 4001/675/1
f 2137/676/1 1266/677/1 4000/678/1
f 1705/679/1 1594/680/1 3999/681/1
f 2140/682/1 1595/683/1 3998/684/1
f 2141/685/1 1255/686/1 3997/687/1
f 1704/688/1 1598/689/1 3996/690/1
f 2144/691/1 1599/692/1 3995/693/1
f 2145/694/1 1263/695/1 3994/696/1
f 1684/697/1 1602/698/1 3993/699/1
f 2148/700/1 1603/701/1 3992/702/1
f 2149/703/1 1262/704/1 3991/705/1
f 1701/706/1 1606/707/1 3990/708/1
f 2152/709/1 1607/710/1 3989/711/1
f 2153/712/1 1252/713/1 3988/714/1
f 1700/715/1 1610/716/1 3987/717/1
f 2156/718/1 1611/719/1 3986/720/1
f 2157/721/1 1259/722/1 3985/723/1
f 1685/724/1 1614/725/1 3984/726/1
f 2160/727/1 1615/728/1 3983/729/1
f 2161/730/1 1258/731/1 3982/732/1
f 1697/733/1 1618/734/1 3981/735/1
f 2164/736/1 1619/737/1 3980/738/1
f 2165/739/1 1240/740/1 3979/741/1
f 1696/742/1 1622/743/1 3978/744/1
f 2168/745/1 1623/746/1 3977/747/1
f 2169/748/1 1243/749/1 3976/750/1
f 1689/751/1 1626/752/1 3975/753/1
f 2172/754/1 1627/755/1 3974/756/1
f 2173/757/1 1242/758/1 3973/759/1
f 1693/760/1 1630/761/1 3972/762/1
f 2176/763/1 1631/764/1 3971/765/1
f 2177/766/1 1236/767/1 3970/768/1
f 1633/769/1 2178/770/1 3969/771/1
f 2180/772/1 2179/773/1 3968/774/1
f 2181/775/1 1780/776/1 3967/777/1
f 1632/778/1 2182/779/1 3966/780/1
f 2184/781/1 2183/782/1 3965/783/1
f 2185/784/1 2175/785/1 3964/786/1
f 1149/787/1 2186/788/1 3963/789/1
f 2188/790/1 2187/791/1 3962/792/1
f 2189/793/1 2174/794/1 3961/795/1
f 1629/796/1 2190/797/1 3960/798/1
f 2192/799/1 2191/800/1 3959/801/1
f 2193/802/1 1786/803/1 3958/804/1
f 1628/805/1 2194/806/1 3957/807/1
f 2196/808/1 2195/809/1 3956/810/1
f 2197/811/1 2171/812/1 3955/813/1
f 1145/814/1 2198/815/1 3954/816/1
f 2200/817/1 2199/818/1 3953/819/1
f 2201/820/1 2170/821/1 3952/822/1
f 1625/823/1 2202/824/1 3951/825/1
f 2204/826/1 2203/827/1 3950/828/1
f 2205/829/1 1787/830/1 3949/831/1
f 1624/832/1 2206/833/1 3948/834/1
f 2208/835/1 2207/836/1 3947/837/1
f 2209/838/1 2167/839/1 3946/840/1
f 1152/841/1 2210/842/1 3945/843/1
f 2212/844/1 2211/845/1 3944/846/1
f 2213/847/1 2166/848/1 3943/849/1
f 1621/850/1 2214/851/1 3942/852/1
f 2216/853/1 2215/854/1 3941/855/1
f 2217/856/1 1784/857/1 3940/858/1
f 1620/859/1 2218/860/1 3939/861/1
f 2220/862/1 2219/863/1 3938/864/1
f 2221/865/1 2163/866/1 3937/867/1
f 1153/868/1 2222/869/1 3936/870/1
f 2224/871/1 2223/872/1 3935/873/1
f 2225/874/1 2162/875/1 3934/876/1
f 1617/877/1 2226/878/1 3933/879/1
f 2228/880/1 2227/881/1 3932/882/1
f 2229/883/1 1802/884/1 3931/885/1
f 1616/886/1 2230/887/1 3930/888/1
f 2232/889/1 2231/890/1 3929/891/1
f 2233/892/1 2159/893/1 3928/894/1
f 1141/895/1 2234/896/1 3927/897/1
f 2236/898/1 2235/899/1 3926/900/1
f 2237/901/1 2158/902/1 3925/903/1
f 1613/904/1 2238/905/1 3924/906/1
f 2240/907/1 2239/908/1 3923/909/1
f 2241/910/1 1803/911/1 3922/912/1
f 1612/913/1 2242/914/1 3921/915/1
f 2244/916/1 2243/917/1 3920/918/1
f 2245/919/1 2155/920/1 3919/921/1
f 1156/922/1 2246/923/1 3918/924/1
f 2248/925/1 2247/926/1 3917/927/1
f 2249/928/1 2154/929/1 3916/930/1
f 1609/931/1 2250/932/1 3915/933/1
f 2252/934/1 2251/935/1 3914/936/1
f 2253/937/1 1796/938/1 3913/939/1
f 1608/940/1 2254/941/1 3912/942/1
f 2256/943/1 2255/944/1 3911/945/1
f 2257/946/1 2151/947/1 3910/948/1
f 1157/949/1 2258/950/1 3909/951/1
f 2260/952/1 2259/953/1 3908/954/1
f 2261/955/1 2150/956/1 3907/957/1
f 1605/958/1 2262/959/1 3906/960/1
f 2264/961/1 2263/962/1 3905/963/1
f 2265/964/1 1806/965/1 3904/966/1
f 1604/967/1 2266/968/1 3903/969/1
f 2268/970/1 2267/971/1 3902/972/1
f 2269/973/1 2147/974/1 3901/975/1
f 1140/976/1 2270/977/1 3900/978/1
f 2272/979/1 2271/980/1 3899/981/1
f 2273/982/1 2146/983/1 3898/984/1
f 1601/985/1 2274/986/1 3897/987/1
f 2276/988/1 2275/989/1 3896/990/1
f 2277/991/1 1807/992/1 3895/993/1
f 1600/994/1 2278/995/1 3894/996/1
f 2280/997/1 2279/998/1 3893/999/1
f 2281/1000/1 2143/1001/1 3892/1002/1
f 1160/1003/1 2282/1004/1 3891/1005/1
f 2284/1006/1 2283/1007/1 3890/1008/1
f 2285/1009/1 2142/1010/1 3889/1011/1
f 1597/1012/1 2286/1013/1 3888/1014/1
f 2288/1015/1 2287/1016/1 3887/1017/1
f 2289/1018/1 1799/1019/1 3886/1020/1
f 1596/1021/1 2290/1022/1 3885/1023/1
f 2292/1024/1 2291/1025/1 3884/1026/1
f 2293/1027/1 2139/1028/1 3883/1029/1
f 1161/1030/1 2294/1031/1 3882/1032/1
f 2296/1033/1 2295/1034/1 3881/1035/1
f 2297/1036/1 2138/1037/1 3880/1038/1
f 1593/1039/1 2298/1040/1 3879/1041/1
f 2300/1042/1 2299/1043/1 3878/1044/1
f 2301/1045/1 1810/1046/1 3877/1047/1
f 1592/1048/1 2302/1049/1 3876/1050/1
f 2304/1051/1 2303/1052/1 3875/1053/1
f 2305/1054/1 2135/1055/1 3874/1056/1
f 1133/1057/1 2306/1058/1 3873/1059/1
f 2308/1060/1 2307/1061/1 3872/1062/1
f 2309/1063/1 2134/1064/1 3871/1065/1
f 1589/1066/1 2310/1067/1 3870/1068/1
f 2312/1069/1 2311/1070/1 3869/1071/1
f 2313/1072/1 1811/1073/1 3868/1074/1
f 1588/1075/1 2314/1076/1 3867/1077/1
f 2316/1078/1 2315/1079/1 3866/1080/1
f 2317/1081/1 2131/1082/1 3865/1083/1
f 1164/1084/1 2318/1085/1 3864/1086/1
f 2320/1087/1 2319/1088/1 3863/1089/1
f 2321/1090/1 2130/1091/1 3862/1092/1
f 1585/1093/1 2322/1094/1 3861/1095/1
f 2324/1096/1 2323/1097/1 3860/1098/1
f 2325/1099/1 1798/1100/1 3859/1101/1
f 1584/1102/1 2326/1103/1 3858/1104/1
f 2328/1105/1 2327/1106/1 3857/1107/1
f 2329/1108/1 2127/1109/1 3856/1110/1
f 1165/1111/1 2330/1112/1 3855/1113/1
f 2332/1114/1 2331/1115/1 3854/1116/1
f 2333/1117/1 2126/1118/1 3853/1119/1
f 1581/1120/1 2334/1121/1 3852/1122/1
f 2336/1123/1 2335/1124/1 3851/1125/1
f 2337/1126/1 1814/1127/1 3850/1128/1
f 1580/1129/1 2338/1130/1 3849/1131/1
f 2340/1132/1 2339/1133/1 3848/1134/1
f 2341/1135/1 2123/1136/1 3847/1137/1
f 1137/1138/1 2342/1139/1 3846/1140/1
f 2344/1141/1 2343/1142/1 3845/1143/1
f 2345/1144/1 2122/1145/1 3844/1146/1
f 1577/1147/1 2346/1148/1 3843/1149/1
f 2348/1150/1 2347/1151/1 3842/1152/1
f 2349/1153/1 1815/1154/1 3841/1155/1
f 1576/1156/1 2350/1157/1 3840/1158/1
f 2352/1159/1 2351/1160/1 3839/1161/1
f 2353/1162/1 2119/1163/1 3838/1164/1
f 1168/1165/1 2354/1166/1 3837/1167/1
f 2356/1168/1 2355/1169/1 3836/1170/1
f 2357/1171/1 2118/1172/1 3835/1173/1
f 1573/1174/1 2358/1175/1 3834/1176/1
f 2360/1177/1 2359/1178/1 3833/1179/1
f 2361/1180/1 1792/1181/1 3832/1182/1
f 1572/1183/1 2362/1184/1 3831/1185/1
f 2364/1186/1 2363/1187/1 3830/1188/1
f 2365/1189/1 2115/1190/1 3829/1191/1
f 1169/1192/1 2366/1193/1 3828/1194/1
f 2368/1195/1 2367/1196/1 3827/1197/1
f 2369/1198/1 2114/1199/1 3826/1200/1
f 1569/1201/1 2370/1202/1 3825/1203/1
f 2372/1204/1 2371/1205/1 3824/1206/1
f 2373/1207/1 1858/1208/1 3823/1209/1
f 1568/1210/1 2374/1211/1 3822/1212/1
f 2376/1213/1 2375/1214/1 3821/1215/1
f 2377/1216/1 2111/1217/1 3820/1218/1
f 1129/1219/1 2378/1220/1 3819/1221/1
f 2380/1222/1 2379/1223/1 3818/1224/1
f 2381/1225/1 2110/1226/1 3817/1227/1
f 1565/1228/1 2382/1229/1 3816/1230/1
f 2384/1231/1 2383/1232/1 3815/1233/1
f 2385/1234/1 1859/1235/1 3814/1236/1
f 1564/1237/1 2386/1238/1 3813/1239/1
f 2388/1240/1 2387/1241/1 3812/1242/1
f 2389/1243/1 2107/1244/1 3811/1245/1
f 1172/1246/1 2390/1247/1 3810/1248/1
f 2392/1249/1 2391/1250/1 3809/1251/1
f 2393/1252/1 2106/1253/1 3808/1254/1
f 1561/1255/1 2394/1256/1 3807/1257/1
f 2396/1258/1 2395/1259/1 3806/1260/1
f 2397/1261/1 1832/1262/1 3805/1263/1
f 1560/1264/1 2398/1265/1 3804/1266/1
f 2400/1267/1 2399/1268/1 3803/1269/1
f 2401/1270/1 2103/1271/1 3802/1272/1
f 1173/1273/1 2402/1274/1 3801/1275/1
f 2404/1276/1 2403/1277/1 3800/1278/1
f 2405/1279/1 2102/1280/1 3799/1281/1
f 1557/1282/1 2406/1283/1 3798/1284/1
f 2408/1285/1 2407/1286/1 3797/1287/1
f 2409/1288/1 1862/1289/1 3796/1290/1
f 1556/1291/1 2410/1292/1 3795/1293/1
f 2412/1294/1 2411/1295/1 3794/1296/1
f 2413/1297/1 2099/1298/1 3793/1299/1
f 1128/1300/1 2414/1301/1 3792/1302/1
f 2416/1303/1 2415/1304/1 3791/1305/1
f 2417/1306/1 2098/1307/1 3790/1308/1
f 1553/1309/1 2418/1310/1 3789/1311/1
f 2420/1312/1 2419/1313/1 3788/1314/1
f 2421/1315/1 1863/1316/1 3787/1317/1
f 1552/1318/1 2422/1319/1 3786/1320/1
f 2424/1321/1 2423/1322/1 3785/1323/1
f 2425/1324/1 2095/1325/1 3784/1326/1
f 1176/1327/1 2426/1328/1 3783/1329/1
f 2428/1330/1 2427/1331/1 3782/1332/1
f 2429/1333/1 2094/1334/1 3781/1335/1
f 1549/1336/1 2430/1337/1 3780/1338/1
f 2432/1339/1 2431/1340/1 3779/1341/1
f 2433/1342/1 1855/1343/1 3778/1344/1
f 1548/1345/1 2434/1346/1 3777/1347/1
f 2436/1348/1 2435/1349/1 3776/1350/1
f 2437/1351/1 2091/1352/1 3775/1353/1
f 1177/1354/1 2438/1355/1 3774/1356/1
f 2440/1357/1 2439/1358/1 3773/1359/1
f 2441/1360/1 2090/1361/1 3772/1362/1
f 1545/1363/1 2442/1364/1 3771/1365/1
f 2444/1366/1 2443/1367/1 3770/1368/1
f 2445/1369/1 1866/1370/1 3769/1371/1
f 1544/1372/1 2446/1373/1 3768/1374/1
f 2448/1375/1 2447/1376/1 3767/1377/1
f 2449/1378/1 2087/1379/1 3766/1380/1
f 1097/1381/1 2450/1382/1 3765/1383/1
f 2452/1384/1 2451/1385/1 3764/1386/1
f 2453/1387/1 2086/1388/1 3763/1389/1
f 1541/1390/1 2454/1391/1 3762/1392/1
f 2456/1393/1 2455/1394/1 3761/1395/1
f 2457/1396/1 1867/1397/1 3760/1398/1
f 1540/1399/1 2458/1400/1 3759/1401/1
f 2460/1402/1 2459/1403/1 3758/1404/1
f 2461/1405/1 2083/1406/1 3757/1407/1
f 1180/1408/1 2462/1409/1 3756/1410/1
f 2464/1411/1 2463/1412/1 3755/1413/1
f 2465/1414/1 2082/1415/1 3754/1416/1
f 1537/1417/1 2466/1418/1 3753/1419/1
f 2468/1420/1 2467/1421/1 3752/1422/1
f 2469/1423/1 1854/1424/1 3751/1425/1
f 1536/1426/1 2470/1427/1 3750/1428/1
f 2472/1429/1 2471/1430/1 3749/1431/1
f 2473/1432/1 2079/1433/1 3748/1434/1
f 1181/1435/1 2474/1436/1 3747/1437/1
f 2476/1438/1 2475/1439/1 3746/1440/1
f 2477/1441/1 2078/1442/1 3745/1443/1
f 1533/1444/1 2478/1445/1 3744/1446/1
f 2480/1447/1 2479/1448/1 3743/1449/1
f 2481/1450/1 1870/1451/1 3742/1452/1
f 1532/1453/1 2482/1454/1 3741/1455/1
f 2484/1456/1 2483/1457/1 3740/1458/1
f 2485/1459/1 2075/1460/1 3739/1461/1
f 1125/1462/1 2486/1463/1 3738/1464/1
f 2488/1465/1 2487/1466/1 3737/1467/1
f 2489/1468/1 2074/1469/1 3736/1470/1
f 1529/1471/1 2490/1472/1 3735/1473/1
f 2492/1474/1 2491/1475/1 3734/1476/1
f 2493/1477/1 1871/1478/1 3733/1479/1
f 1528/1480/1 2494/1481/1 3732/1482/1
f 2496/1483/1 2495/1484/1 3731/1485/1
f 2497/1486/1 2071/1487/1 3730/1488/1
f 1184/1489/1 2498/1490/1 3729/1491/1
f 2500/1492/1 2499/1493/1 3728/1494/1
f 2501/1495/1 2070/1496/1 3727/1497/1
f 1525/1498/1 2502/1499/1 3726/1500/1
f 2504/1501/1 2503/1502/1 3725/1503/1
f 2505/1504/1 1838/1505/1 3724/1506/1
f 1524/1507/1 2506/1508/1 3723/1509/1
f 2508/1510/1 2507/1511/1 3722/1512/1
f 2509/1513/1 2067/1514/1 3721/1515/1
f 1185/1516/1 2510/1517/1 3720/1518/1
f 2512/1519/1 2511/1520/1 3719/1521/1
f 2513/1522/1 2066/1523/1 3718/1524/1
f 1521/1525/1 2514/1526/1 3717/1527/1
f 2516/1528/1 2515/1529/1 3716/1530/1
f 2517/1531/1 1874/1532/1 3715/1533/1
f 1520/1534/1 2518/1535/1 3714/1536/1
f 2520/1537/1 2519/1538/1 3713/1539/1
f 2521/1540/1 2063/1541/1 3712/1542/1
f 1124/1543/1 2522/1544/1 3711/1545/1
f 2524/1546/1 2523/1547/1 3710/1548/1
f 2525/1549/1 2062/1550/1 3709/1551/1
f 1517/1552/1 2526/1553/1 3708/1554/1
f 2528/1555/1 2527/1556/1 3707/1557/1
f 2529/1558/1 1875/1559/1 3706/1560/1
f 1516/1561/1 2530/1562/1 3705/1563/1
f 2532/1564/1 2531/1565/1 3704/1566/1
f 2533/1567/1 2059/1568/1 3703/1569/1
f 1188/1570/1 2534/1571/1 3702/1572/1
f 2536/1573/1 2535/1574/1 3701/1575/1
f 2537/1576/1 2058/1577/1 3700/1578/1
f 1513/1579/1 2538/1580/1 3699/1581/1
f 2540/1582/1 2539/1583/1 3698/1584/1
f 2541/1585/1 1851/1586/1 3697/1587/1
f 1512/1588/1 2542/1589/1 3696/1590/1
f 2544/1591/1 2543/1592/1 3695/1593/1
f 2545/1594/1 2055/1595/1 3694/1596/1
f 1189/1597/1 2546/1598/1 3693/1599/1
f 2548/1600/1 2547/1601/1 3692/1602/1
f 2549/1603/1 2054/1604/1 3691/1605/1
f 1509/1606/1 2550/1607/1 3690/1608/1
f 2552/1609/1 2551/1610/1 3689/1611/1
f 2553/1612/1 1878/1613/1 3688/1614/1
f 1508/1615/1 2554/1616/1 3687/1617/1
f 2556/1618/1 2555/1619/1 3686/1620/1
f 2557/1621/1 2051/1622/1 3685/1623/1
f 1093/1624/1 2558/1625/1 3684/1626/1
f 2560/1627/1 2559/1628/1 3683/1629/1
f 2561/1630/1 2050/1631/1 3682/1632/1
f 1505/1633/1 2562/1634/1 3681/1635/1
f 2564/1636/1 2563/1637/1 3680/1638/1
f 2565/1639/1 1879/1640/1 3679/1641/1
f 1504/1642/1 2566/1643/1 3678/1644/1
f 2568/1645/1 2567/1646/1 3677/1647/1
f 2569/1648/1 2047/1649/1 3676/1650/1
f 1192/1651/1 2570/1652/1 3675/1653/1
f 2572/1654/1 2571/1655/1 3674/1656/1
f 2573/1657/1 2046/1658/1 3673/1659/1
f 1501/1660/1 2574/1661/1 3672/1662/1
f 2576/1663/1 2575/1664/1 3671/1665/1
f 2577/1666/1 1850/1667/1 3670/1668/1
f 1500/1669/1 2578/1670/1 3669/1671/1
f 2580/1672/1 2579/1673/1 3668/1674/1
f 2581/1675/1 2043/1676/1 3667/1677/1
f 1193/1678/1 2582/1679/1 3666/1680/1
f 2584/1681/1 2583/1682/1 3665/1683/1
f 2585/1684/1 2042/1685/1 3664/1686/1
f 1497/1687/1 2586/1688/1 3663/1689/1
f 2588/1690/1 2587/1691/1 3662/1692/1
f 2589/1693/1 1882/1694/1 3661/1695/1
f 1496/1696/1 2590/1697/1 3660/1698/1
f 2592/1699/1 2591/1700/1 3659/1701/1
f 2593/1702/1 2039/1703/1 3658/1704/1
f 1121/1705/1 2594/1706/1 3657/1707/1
f 2596/1708/1 2595/1709/1 3656/1710/1
f 2597/1711/1 2038/1712/1 3655/1713/1
f 1493/1714/1 2598/1715/1 3654/1716/1
f 2600/1717/1 2599/1718/1 3653/1719/1
f 2601/1720/1 1883/1721/1 3652/1722/1
f 1492/1723/1 2602/1724/1 3651/1725/1
f 2604/1726/1 2603/1727/1 3650/1728/1
f 2605/1729/1 2035/1730/1 3649/1731/1
f 1196/1732/1 2606/1733/1 3648/1734/1
f 2608/1735/1 2607/1736/1 3647/1737/1
f 2609/1738/1 2034/1739/1 3646/1740/1
f 1489/1741/1 2610/1742/1 3645/1743/1
f 2612/1744/1 2611/1745/1 3644/1746/1
f 2613/1747/1 1839/1748/1 3643/1749/1
f 1488/1750/1 2614/1751/1 3642/1752/1
f 2616/1753/1 2615/1754/1 3641/1755/1
f 2617/1756/1 2031/1757/1 3640/1758/1
f 1197/1759/1 2618/1760/1 3639/1761/1
f 2620/1762/1 2619/1763/1 3638/1764/1
f 2621/1765/1 2030/1766/1 3637/1767/1
f 1485/1768/1 2622/1769/1 3636/1770/1
f 2624/1771/1 2623/1772/1 3635/1773/1
f 2625/1774/1 1886/1775/1 3634/1776/1
f 1484/1777/1 2626/1778/1 3633/1779/1
f 2628/1780/1 2627/1781/1 3632/1782/1
f 2629/1783/1 2027/1784/1 3631/1785/1
f 1120/1786/1 2630/1787/1 3630/1788/1
f 2632/1789/1 2631/1790/1 3629/1791/1
f 2633/1792/1 2026/1793/1 3628/1794/1
f 1481/1795/1 2634/1796/1 3627/1797/1
f 2636/1798/1 2635/1799/1 3626/1800/1
f 2637/1801/1 1887/1802/1 3625/1803/1
f 1480/1804/1 2638/1805/1 3624/1806/1
f 2640/1807/1 2639/1808/1 3623/1809/1
f 2641/1810/1 2023/1811/1 3622/1812/1
f 1200/1813/1 2642/1814/1 3621/1815/1
f 2644/1816/1 2643/1817/1 3620/1818/1
f 2645/1819/1 2022/1820/1 3619/1821/1
f 1477/1822/1 2646/1823/1 3618/1824/1
f 2648/1825/1 2647/1826/1 3617/1827/1
f 2649/1828/1 1847/1829/1 3616/1830/1
f 1476/1831/1 2650/1832/1 3615/1833/1
f 2652/1834/1 2651/1835/1 3614/1836/1
f 2653/1837/1 2019/1838/1 3613/1839/1
f 1201/1840/1 2654/1841/1 3612/1842/1
f 2656/1843/1 2655/1844/1 3611/1845/1
f 2657/1846/1 2018/1847/1 3610/1848/1
f 1473/1849/1 2658/1850/1 3609/1851/1
f 2660/1852/1 2659/1853/1 3608/1854/1
f 2661/1855/1 1890/1856/1 3607/1857/1
f 1472/1858/1 2662/1859/1 3606/1860/1
f 2664/1861/1 2663/1862/1 3605/1863/1
f 2665/1864/1 2015/1865/1 3604/1866/1
f 1100/1867/1 2666/1868/1 3603/1869/1
f 2668/1870/1 2667/1871/1 3602/1872/1
f 2669/1873/1 2014/1874/1 3601/1875/1
f 1469/1876/1 2670/1877/1 3600/1878/1
f 2672/1879/1 2671/1880/1 3599/1881/1
f 2673/1882/1 1891/1883/1 3598/1884/1
f 1468/1885/1 2674/1886/1 3597/1887/1
f 2676/1888/1 2675/1889/1 3596/1890/1
f 2677/1891/1 2011/1892/1 3595/1893/1
f 1204/1894/1 2678/1895/1 3594/1896/1
f 2680/1897/1 2679/1898/1 3593/1899/1
f 2681/1900/1 2010/1901/1 3592/1902/1
f 1465/1903/1 2682/1904/1 3591/1905/1
f 2684/1906/1 2683/1907/1 3590/1908/1
f 2685/1909/1 1846/1910/1 3589/1911/1
f 1464/1912/1 2686/1913/1 3588/1914/1
f 2688/1915/1 2687/1916/1 3587/1917/1
f 2689/1918/1 2007/1919/1 3586/1920/1
f 1205/1921/1 2690/1922/1 3585/1923/1
f 2692/1924/1 2691/1925/1 3584/1926/1
f 2693/1927/1 2006/1928/1 3583/1929/1
f 1461/1930/1 2694/1931/1 3582/1932/1
f 2696/1933/1 2695/1934/1 3581/1935/1
f 2697/1936/1 1894/1937/1 3580/1938/1
f 1460/1939/1 2698/1940/1 3579/1941/1
f 2700/1942/1 2699/1943/1 3578/1944/1
f 2701/1945/1 2003/1946/1 3577/1947/1
f 1117/1948/1 2702/1949/1 3576/1950/1
f 2704/1951/1 2703/1952/1 3575/1953/1
f 2705/1954/1 2002/1955/1 3574/1956/1
f 1457/1957/1 2706/1958/1 3573/1959/1
f 2708/1960/1 2707/1961/1 3572/1962/1
f 2709/1963/1 1895/1964/1 3571/1965/1
f 1456/1966/1 2710/1967/1 3570/1968/1
f 2712/1969/1 2711/1970/1 3569/1971/1
f 2713/1972/1 1999/1973/1 3568/1974/1
f 1208/1975/1 2714/1976/1 3567/1977/1
f 2716/1978/1 2715/1979/1 3566/1980/1
f 2717/1981/1 1998/1982/1 3565/1983/1
f 1453/1984/1 2718/1985/1 3564/1986/1
f 2720/1987/1 2719/1988/1 3563/1989/1
f 2721/1990/1 1836/1991/1 3562/1992/1
f 1452/1993/1 2722/1994/1 3561/1995/1
f 2724/1996/1 2723/1997/1 3560/1998/1
f 2725/1999/1 1995/2000/1 3559/2001/1
f 1209/2002/1 2726/2003/1 3558/2004/1
f 2728/2005/1 2727/2006/1 3557/2007/1
f 2729/2008/1 1994/2009/1 3556/2010/1
f 1449/2011/1 2730/2012/1 3555/2013/1
f 2732/2014/1 2731/2015/1 3554/2016/1
f 2733/2017/1 1898/2018/1 3553/2019/1
f 1448/2020/1 2734/2021/1 3552/2022/1
f 2736/2023/1 2735/2024/1 3551/2025/1
f 2737/2026/1 1991/2027/1 3550/2028/1
f 1116/2029/1 2738/2030/1 3549/2031/1
f 2740/2032/1 2739/2033/1 3548/2034/1
f 2741/2035/1 1990/2036/1 3547/2037/1
f 1445/2038/1 2742/2039/1 3546/2040/1
f 2744/2041/1 2743/2042/1 3545/2043/1
f 2745/2044/1 1899/2045/1 3544/2046/1
f 1444/2047/1 2746/2048/1 3543/2049/1
f 2748/2050/1 2747/2051/1 3542/2052/1
f 2749/2053/1 1987/2054/1 3541/2055/1
f 1212/2056/1 2750/2057/1 3540/2058/1
f 2752/2059/1 2751/2060/1 3539/2061/1
f 2753/2062/1 1986/2063/1 3538/2064/1
f 1441/2065/1 2754/2066/1 3537/2067/1
f 2756/2068/1 2755/2069/1 3536/2070/1
f 2757/2071/1 1843/2072/1 3535/2073/1
f 1440/2074/1 2758/2075/1 3534/2076/1
f 2760/2077/1 2759/2078/1 3533/2079/1
f 2761/2080/1 1983/2081/1 3532/2082/1
f 1213/2083/1 2762/2084/1 3531/2085/1
f 2764/2086/1 2763/2087/1 3530/2088/1
f 2765/2089/1 1982/2090/1 3529/2091/1
f 1437/2092/1 2766/2093/1 3528/2094/1
f 2768/2095/1 2767/2096/1 3527/2097/1
f 2769/2098/1 1902/2099/1 3526/2100/1
f 1436/2101/1 2770/2102/1 3525/2103/1
f 2772/2104/1 2771/2105/1 3524/2106/1
f 2773/2107/1 1979/2108/1 3523/2109/1
f 1101/2110/1 2774/2111/1 3522/2112/1
f 2776/2113/1 2775/2114/1 3521/2115/1
f 2777/2116/1 1978/2117/1 3520/2118/1
f 1433/2119/1 2778/2120/1 3519/2121/1
f 2780/2122/1 2779/2123/1 3518/2124/1
f 2781/2125/1 1903/2126/1 3517/2127/1
f 1432/2128/1 2782/2129/1 3516/2130/1
f 2784/2131/1 2783/2132/1 3515/2133/1
f 2785/2134/1 1975/2135/1 3514/2136/1
f 1216/2137/1 2786/2138/1 3513/2139/1
f 2788/2140/1 2787/2141/1 3512/2142/1
f 2789/2143/1 1974/2144/1 3511/2145/1
f 1429/2146/1 2790/2147/1 3510/2148/1
f 2792/2149/1 2791/2150/1 3509/2151/1
f 2793/2152/1 1842/2153/1 3508/2154/1
f 1428/2155/1 2794/2156/1 3507/2157/1
f 2796/2158/1 2795/2159/1 3506/2160/1
f 2797/2161/1 1971/2162/1 3505/2163/1
f 1217/2164/1 2798/2165/1 3504/2166/1
f 2800/2167/1 2799/2168/1 3503/2169/1
f 2801/2170/1 1970/2171/1 3502/2172/1
f 1425/2173/1 2802/2174/1 3501/2175/1
f 2804/2176/1 2803/2177/1 3500/2178/1
f 2805/2179/1 1906/2180/1 3499/2181/1
f 1424/2182/1 2806/2183/1 3498/2184/1
f 2808/2185/1 2807/2186/1 3497/2187/1
f 2809/2188/1 1967/2189/1 3496/2190/1
f 1113/2191/1 2810/2192/1 3495/2193/1
f 2812/2194/1 2811/2195/1 3494/2196/1
f 2813/2197/1 1966/2198/1 3493/2199/1
f 1421/2200/1 2814/2201/1 3492/2202/1
f 2816/2203/1 2815/2204/1 3491/2205/1
f 2817/2206/1 1907/2207/1 3490/2208/1
f 1420/2209/1 2818/2210/1 3489/2211/1
f 2820/2212/1 2819/2213/1 3488/2214/1
f 2821/2215/1 1963/2216/1 3487/2217/1
f 1220/2218/1 2822/2219/1 3486/2220/1
f 2824/2221/1 2823/2222/1 3485/2223/1
f 2825/2224/1 1962/2225/1 3484/2226/1
f 1417/2227/1 2826/2228/1 3483/2229/1
f 2828/2230/1 2827/2231/1 3482/2232/1
f 2829/2233/1 1824/2234/1 3481/2235/1
f 1416/2236/1 2830/2237/1 3480/2238/1
f 2832/2239/1 2831/2240/1 3479/2241/1
f 2833/2242/1 1959/2243/1 3478/2244/1
f 1221/2245/1 2834/2246/1 3477/2247/1
f 2836/2248/1 2835/2249/1 3476/2250/1
f 2837/2251/1 1958/2252/1 3475/2253/1
f 1413/2254/1 2838/2255/1 3474/2256/1
f 2840/2257/1 2839/2258/1 3473/2259/1
f 2841/2260/1 1910/2261/1 3472/2262/1
f 1412/2263/1 2842/2264/1 3471/2265/1
f 2844/2266/1 2843/2267/1 3470/2268/1
f 2845/2269/1 1955/2270/1 3469/2271/1
f 1112/2272/1 2846/2273/1 3468/2274/1
f 2848/2275/1 2847/2276/1 3467/2277/1
f 2849/2278/1 1954/2279/1 3466/2280/1
f 1409/2281/1 2850/2282/1 3465/2283/1
f 2852/2284/1 2851/2285/1 3464/2286/1
f 2853/2287/1 1911/2288/1 3463/2289/1
f 1408/2290/1 2854/2291/1 3462/2292/1
f 2856/2293/1 2855/2294/1 3461/2295/1
f 2857/2296/1 1951/2297/1 3460/2298/1
f 1224/2299/1 2858/2300/1 3459/2301/1
f 2860/2302/1 2859/2303/1 3458/2304/1
f 2861/2305/1 1950/2306/1 3457/2307/1
f 1405/2308/1 2862/2309/1 3456/2310/1
f 2864/2311/1 2863/2312/1 3455/2313/1
f 2865/2314/1 1827/2315/1 3454/2316/1
f 1404/2317/1 2866/2318/1 3453/2319/1
f 2868/2320/1 2867/2321/1 3452/2322/1
f 2869/2323/1 1947/2324/1 3451/2325/1
f 1225/2326/1 2870/2327/1 3450/2328/1
f 2872/2329/1 2871/2330/1 3449/2331/1
f 2873/2332/1 1946/2333/1 3448/2334/1
f 1401/2335/1 2874/2336/1 3447/2337/1
f 2876/2338/1 2875/2339/1 3446/2340/1
f 2877/2341/1 1914/2342/1 3445/2343/1
f 1400/2344/1 2878/2345/1 3444/2346/1
f 2880/2347/1 2879/2348/1 3443/2349/1
f 2881/2350/1 1943/2351/1 3442/2352/1
f 1105/2353/1 2882/2354/1 3441/2355/1
f 2884/2356/1 2883/2357/1 3440/2358/1
f 2885/2359/1 1942/2360/1 3439/2361/1
f 1397/2362/1 2886/2363/1 3438/2364/1
f 2888/2365/1 2887/2366/1 3437/2367/1
f 2889/2368/1 1915/2369/1 3436/2370/1
f 1396/2371/1 2890/2372/1 3435/2373/1
f 2892/2374/1 2891/2375/1 3434/2376/1
f 2893/2377/1 1939/2378/1 3433/2379/1
f 1228/2380/1 2894/2381/1 3432/2382/1
f 2896/2383/1 2895/2384/1 3431/2385/1
f 2897/2386/1 1938/2387/1 3430/2388/1
f 1393/2389/1 2898/2390/1 3429/2391/1
f 2900/2392/1 2899/2393/1 3428/2394/1
f 2901/2395/1 1826/2396/1 3427/2397/1
f 1392/2398/1 2902/2399/1 3426/2400/1
f 2904/2401/1 2903/2402/1 3425/2403/1
f 2905/2404/1 1935/2405/1 3424/2406/1
f 1229/2407/1 2906/2408/1 3423/2409/1
f 2908/2410/1 2907/2411/1 3422/2412/1
f 2909/2413/1 1934/2414/1 3421/2415/1
f 1389/2416/1 2910/2417/1 3420/2418/1
f 2912/2419/1 2911/2420/1 3419/2421/1
f 2913/2422/1 1918/2423/1 3418/2424/1
f 1388/2425/1 2914/2426/1 3417/2427/1
f 2916/2428/1 2915/2429/1 3416/2430/1
f 2917/2431/1 1931/2432/1 3415/2433/1
f 1109/2434/1 2918/2435/1 3414/2436/1
f 2920/2437/1 2919/2438/1 3413/2439/1
f 2921/2440/1 1930/2441/1 3412/2442/1
f 1385/2443/1 2922/2444/1 3411/2445/1
f 2924/2446/1 2923/2447/1 3410/2448/1
f 2925/2449/1 1919/2450/1 3409/2451/1
f 1384/2452/1 2926/2453/1 3408/2454/1
f 2928/2455/1 2927/2456/1 3407/2457/1
f 2929/2458/1 1927/2459/1 3406/2460/1
f 1232/2461/1 2930/2462/1 3405/2463/1
f 2932/2464/1 2931/2465/1 3404/2466/1
f 2933/2467/1 1926/2468/1 3403/2469/1
f 1381/2470/1 2934/2471/1 3402/2472/1
f 2936/2473/1 2935/2474/1 3401/2475/1
f 2937/2476/1 1820/2477/1 3400/2478/1
f 1380/2479/1 2938/2480/1 3399/2481/1
f 2940/2482/1 2939/2483/1 3398/2484/1
f 2941/2485/1 1923/2486/1 3397/2487/1
f 1233/2488/1 2942/2489/1 3396/2490/1
f 2944/2491/1 2943/2492/1 3395/2493/1
f 2945/2494/1 1922/2495/1 3394/2496/1
f 1377/2497/1 2946/2498/1 3393/2499/1
f 2948/2500/1 2947/2501/1 3392/2502/1
f 2949/2503/1 1676/2504/1 3391/2505/1
f 1376/2506/1 2950/2507/1 3390/2508/1
f 2952/2509/1 2951/2510/1 3389/2511/1
f 2953/2512/1 1775/2513/1 3388/2514/1
f 1253/2515/1 2954/2516/1 3387/2517/1
f 2956/2518/1 2955/2519/1 3386/2520/1
f 2957/2521/1 1774/2522/1 3385/2523/1
f 1373/2524/1 2958/2525/1 3384/2526/1
f 2960/2527/1 2959/2528/1 3383/2529/1
f 2961/2530/1 1682/2531/1 3382/2532/1
f 1372/2533/1 2962/2534/1 3381/2535/1
f 2964/2536/1 2963/2537/1 3380/2538/1
f 2965/2539/1 1771/2540/1 3379/2541/1
f 1249/2542/1 2966/2543/1 3378/2544/1
f 2968/2545/1 2967/2546/1 3377/2547/1
f 2969/2548/1 1770/2549/1 3376/2550/1
f 1369/2551/1 2970/2552/1 3375/2553/1
f 2972/2554/1 2971/2555/1 3374/2556/1
f 2973/2557/1 1683/2558/1 3373/2559/1
f 1368/2560/1 2974/2561/1 3372/2562/1
f 2976/2563/1 2975/2564/1 3371/2565/1
f 2977/2566/1 1767/2567/1 3370/2568/1
f 1256/2569/1 2978/2570/1 3369/2571/1
f 2980/2572/1 2979/2573/1 3368/2574/1
f 2981/2575/1 1766/2576/1 3367/2577/1
f 1365/2578/1 2982/2579/1 3366/2580/1
f 2984/2581/1 2983/2582/1 3365/2583/1
f 2985/2584/1 1680/2585/1 3364/2586/1
f 1364/2587/1 2986/2588/1 3363/2589/1
f 2988/2590/1 2987/2591/1 3362/2592/1
f 2989/2593/1 1763/2594/1 3361/2595/1
f 1257/2596/1 2990/2597/1 3360/2598/1
f 2992/2599/1 2991/2600/1 3359/2601/1
f 2993/2602/1 1762/2603/1 3358/2604/1
f 1361/2605/1 2994/2606/1 3357/2607/1
f 2996/2608/1 2995/2609/1 3356/2610/1
f 2997/2611/1 1698/2612/1 3355/2613/1
f 1360/2614/1 2998/2615/1 3354/2616/1
f 3000/2617/1 2999/2618/1 3353/2619/1
f 3001/2620/1 1759/2621/1 3352/2622/1
f 1245/2623/1 3002/2624/1 3351/2625/1
f 3004/2626/1 3003/2627/1 3350/2628/1
f 3005/2629/1 1758/2630/1 3349/2631/1
f 1357/2632/1 3006/2633/1 3348/2634/1
f 3008/2635/1 3007/2636/1 3347/2637/1
f 3009/2638/1 1699/2639/1 3346/2640/1
f 1356/2641/1 3010/2642/1 3345/2643/1
f 3012/2644/1 3011/2645/1 3344/2646/1
f 3013/2647/1 1755/2648/1 3343/2649/1
f 1260/2650/1 3014/2651/1 3342/2652/1
f 3016/2653/1 3015/2654/1 3341/2655/1
f 3017/2656/1 1754/2657/1 3340/2658/1
f 1353/2659/1 3018/2660/1 3339/2661/1
f 3020/2662/1 3019/2663/1 3338/2664/1
f 3021/2665/1 1692/2666/1 3337/2667/1
f 1352/2668/1 3022/2669/1 3336/2670/1
f 3024/2671/1 3023/2672/1 3335/2673/1
f 3025/2674/1 1751/2675/1 3334/2676/1
f 1261/2677/1 3026/2678/1 3333/2679/1
f 3028/2680/1 3027/2681/1 3332/2682/1
f 3029/2683/1 1750/2684/1 3331/2685/1
f 1349/2686/1 3030/2687/1 3330/2688/1
f 3032/2689/1 3031/2690/1 3329/2691/1
f 3033/2692/1 1702/2693/1 3328/2694/1
f 1348/2695/1 3034/2696/1 3327/2697/1
f 3036/2698/1 3035/2699/1 3326/2700/1
f 3037/2701/1 1747/2702/1 3325/2703/1
f 1244/2704/1 3038/2705/1 3324/2706/1
f 3040/2707/1 3039/2708/1 3323/2709/1
f 3041/2710/1 1746/2711/1 3322/2712/1
f 1345/2713/1 3042/2714/1 3321/2715/1
f 3044/2716/1 3043/2717/1 3320/2718/1
f 3045/2719/1 1703/2720/1 3319/2721/1
f 1344/2722/1 3046/2723/1 3318/2724/1
f 3048/2725/1 3047/2726/1 3317/2727/1
f 3049/2728/1 1743/2729/1 3316/2730/1
f 1264/2731/1 3050/2732/1 3315/2733/1
f 3052/2734/1 3051/2735/1 3314/2736/1
f 3053/2737/1 1742/2738/1 3313/2739/1
f 1341/2740/1 3054/2741/1 3312/2742/1
f 3056/2743/1 3055/2744/1 3311/2745/1
f 3057/2746/1 1695/2747/1 3310/2748/1
f 1340/2749/1 3058/2750/1 3309/2751/1
f 3060/2752/1 3059/2753/1 3308/2754/1
f 3061/2755/1 1739/2756/1 3307/2757/1
f 1265/2758/1 3062/2759/1 3306/2760/1
f 3064/2761/1 3063/2762/1 3305/2763/1
f 3065/2764/1 1738/2765/1 3304/2766/1
f 1337/2767/1 3066/2768/1 3303/2769/1
f 3068/2770/1 3067/2771/1 3302/2772/1
f 3069/2773/1 1706/2774/1 3301/2775/1
f 1336/2776/1 3070/2777/1 3300/2778/1
f 3072/2779/1 3071/2780/1 3299/2781/1
f 3073/2782/1 1735/2783/1 3298/2784/1
f 1237/2785/1 3074/2786/1 3297/2787/1
f 3076/2788/1 3075/2789/1 3296/2790/1
f 3077/2791/1 1734/2792/1 3295/2793/1
f 1333/2794/1 3078/2795/1 3294/2796/1
f 3080/2797/1 3079/2798/1 3293/2799/1
f 3081/2800/1 1707/2801/1 3292/2802/1
f 1332/2803/1 3082/2804/1 3291/2805/1
f 3084/2806/1 3083/2807/1 3290/2808/1
f 3085/2809/1 1731/2810/1 3289/2811/1
f 1268/2812/1 3086/2813/1 3288/2814/1
f 3088/2815/1 3087/2816/1 3287/2817/1
f 3089/2818/1 1730/2819/1 3286/2820/1
f 1329/2821/1 3090/2822/1 3285/2823/1
f 3092/2824/1 3091/2825/1 3284/2826/1
f 3093/2827/1 1694/2828/1 3283/2829/1
f 1328/2830/1 3094/2831/1 3282/2832/1
f 3096/2833/1 3095/2834/1 3281/2835/1
f 3097/2836/1 1727/2837/1 3280/2838/1
f 1269/2839/1 3098/2840/1 3279/2841/1
f 3100/2842/1 3099/2843/1 3278/2844/1
f 3101/2845/1 1726/2846/1 3277/2847/1
f 1325/2848/1 3102/2849/1 3276/2850/1
f 3104/2851/1 3103/2852/1 3275/2853/1
f 3105/2854/1 1710/2855/1 3274/2856/1
f 1324/2857/1 3106/2858/1 3273/2859/1
f 3108/2860/1 3107/2861/1 3272/2862/1
f 3109/2863/1 1723/2864/1 3271/2865/1
f 1241/2866/1 3110/2867/1 3270/2868/1
f 3112/2869/1 3111/2870/1 3269/2871/1
f 3113/2872/1 1722/2873/1 3268/2874/1
f 1321/2875/1 3114/2876/1 3267/2877/1
f 3116/2878/1 3115/2879/1 3266/2880/1
f 3117/2881/1 1711/2882/1 3265/2883/1
f 1320/2884/1 3118/2885/1 3264/2886/1
f 3120/2887/1 3119/2888/1 3263/2889/1
f 3121/2890/1 1719/2891/1 3262/2892/1
f 1272/2893/1 3122/2894/1 3261/2895/1
f 3124/2896/1 3123/2897/1 3260/2898/1
f 3125/2899/1 1718/2900/1 3259/2901/1
f 1317/2902/1 3126/2903/1 3258/2904/1
f 3128/2905/1 3127/2906/1 3257/2907/1
f 3129/2908/1 1688/2909/1 3256/2910/1
f 1316/2911/1 3130/2912/1 3255/2913/1
f 3132/2914/1 3131/2915/1 3254/2916/1
f 3133/2917/1 1715/2918/1 3253/2919/1
f 1273/2920/1 3134/2921/1 3252/2922/1
f 3136/2923/1 3135/2924/1 3251/2925/1
f 3137/2926/1 1714/2927/1 3250/2928/1
f 1313/2929/1 3138/2930/1 3249/2931/1
f 3140/2932/1 3139/2933/1 3248/2934/1
f 3141/2935/1 1648/2936/1 3247/2937/1
f 1312/2938/1 3142/2939/1 3246/2940/1
f 3144/2941/1 3143/2942/1 3245/2943/1
f 3145/2944/1 1671/2945/1 3244/2946/1
f 1281/2947/1 3146/2948/1 3243/2949/1
f 3148/2950/1 3147/2951/1 3242/2952/1
f 3149/2953/1 1670/2954/1 3241/2955/1
f 1309/2956/1 3150/2957/1 3240/2958/1
f 3152/2959/1 3151/2960/1 3239/2961/1
f 3153/2962/1 1654/2963/1 3238/2964/1
f 1308/2965/1 3154/2966/1 3237/2967/1
f 3156/2968/1 3155/2969/1 3236/2970/1
f 3157/2971/1 1667/2972/1 3235/2973/1
f 1277/2974/1 3158/2975/1 3234/2976/1
f 3160/2977/1 3159/2978/1 3233/2979/1
f 3161/2980/1 1666/2981/1 3232/2982/1
f 1305/2983/1 3162/2984/1 3231/2985/1
f 3164/2986/1 3163/2987/1 3230/2988/1
f 3165/2989/1 1655/2990/1 3229/2991/1
f 1304/2992/1 3166/2993/1 3228/2994/1
f 3168/2995/1 3167/2996/1 3227/2997/1
f 3169/2998/1 1663/2999/1 3226/3000/1
f 1284/3001/1 3170/3002/1 3225/3003/1
f 3172/3004/1 3171/3005/1 3224/3006/1
f 3173/3007/1 1662/3008/1 3223/3009/1
f 1301/3010/1 3174/3011/1 3222/3012/1
f 3176/3013/1 3175/3014/1 3221/3015/1
f 3177/3016/1 1652/3017/1 3220/3018/1
f 1300/3019/1 3178/3020/1 3219/3021/1
f 3180/3022/1 3179/3023/1 3218/3024/1
f 3181/3025/1 1659/3026/1 3217/3027/1
f 1285/3028/1 3182/3029/1 3216/3030/1
f 3184/3031/1 3183/3032/1 3215/3033/1
f 3185/3034/1 1658/3035/1 3214/3036/1
f 1297/3037/1 3186/3038/1 3213/3039/1
f 3188/3040/1 3187/3041/1 3212/3042/1
f 3189/3043/1 1640/3044/1 3211/3045/1
f 1296/3046/1 3190/3047/1 3210/3048/1
f 3192/3049/1 3191/3050/1 3209/3051/1
f 3193/3052/1 1643/3053/1 3208/3054/1
f 1289/3055/1 3194/3056/1 3207/3057/1
f 3196/3058/1 3195/3059/1 3206/3060/1
f 3197/3061/1 1642/3062/1 3205/3063/1
f 1293/3064/1 3198/3065/1 3204/3066/1
f 3200/3067/1 3199/3068/1 3203/3069/1
f 3201/3070/1 1636/3071/1 3202/3072/1
f 1089/3073/1 3202/3072/1 3199/3068/1
f 3199/3068/1 2177/766/1 833/3074/1
f 3202/3072/1 84/3075/1 2177/766/1
f 830/3076/1 3203/3069/1 2174/794/1
f 2174/794/1 1633/769/1 289/3077/1
f 3203/3069/1 833/3074/1 1633/769/1
f 141/3078/1 3204/3066/1 1630/761/1
f 1630/761/1 3200/3067/1 830/3076/1
f 3204/3066/1 1089/3073/1 3200/3067/1
f 1088/3079/1 3205/3063/1 3195/3059/1
f 3195/3059/1 2173/757/1 829/3080/1
f 3205/3063/1 90/3081/1 2173/757/1
f 826/3082/1 3206/3060/1 2170/821/1
f 2170/821/1 1629/796/1 288/3083/1
f 3206/3060/1 829/3080/1 1629/796/1
f 137/3084/1 3207/3057/1 1626/752/1
f 1626/752/1 3196/3058/1 826/3082/1
f 3207/3057/1 1088/3079/1 3196/3058/1
f 1087/3085/1 3208/3054/1 3191/3050/1
f 3191/3050/1 2169/748/1 825/3086/1
f 3208/3054/1 91/3087/1 2169/748/1
f 822/3088/1 3209/3051/1 2166/848/1
f 2166/848/1 1625/823/1 287/3089/1
f 3209/3051/1 825/3086/1 1625/823/1
f 144/3090/1 3210/3048/1 1622/743/1
f 1622/743/1 3192/3049/1 822/3088/1
f 3210/3048/1 1087/3085/1 3192/3049/1
f 1086/3091/1 3211/3045/1 3187/3041/1
f 3187/3041/1 2165/739/1 821/3092/1
f 3211/3045/1 88/3093/1 2165/739/1
f 818/3094/1 3212/3042/1 2162/875/1
f 2162/875/1 1621/850/1 286/3095/1
f 3212/3042/1 821/3092/1 1621/850/1
f 145/3096/1 3213/3039/1 1618/734/1
f 1618/734/1 3188/3040/1 818/3094/1
f 3213/3039/1 1086/3091/1 3188/3040/1
f 1085/3097/1 3214/3036/1 3183/3032/1
f 3183/3032/1 2161/730/1 817/3098/1
f 3214/3036/1 106/3099/1 2161/730/1
f 814/3100/1 3215/3033/1 2158/902/1
f 2158/902/1 1617/877/1 285/3101/1
f 3215/3033/1 817/3098/1 1617/877/1
f 133/3102/1 3216/3030/1 1614/725/1
f 1614/725/1 3184/3031/1 814/3100/1
f 3216/3030/1 1085/3097/1 3184/3031/1
f 1084/3103/1 3217/3027/1 3179/3023/1
f 3179/3023/1 2157/721/1 813/3104/1
f 3217/3027/1 107/3105/1 2157/721/1
f 810/3106/1 3218/3024/1 2154/929/1
f 2154/929/1 1613/904/1 284/3107/1
f 3218/3024/1 813/3104/1 1613/904/1
f 148/3108/1 3219/3021/1 1610/716/1
f 1610/716/1 3180/3022/1 810/3106/1
f 3219/3021/1 1084/3103/1 3180/3022/1
f 1083/3109/1 3220/3018/1 3175/3014/1
f 3175/3014/1 2153/712/1 809/3110/1
f 3220/3018/1 100/3111/1 2153/712/1
f 806/3112/1 3221/3015/1 2150/956/1
f 2150/956/1 1609/931/1 283/3113/1
f 3221/3015/1 809/3110/1 1609/931/1
f 149/3114/1 3222/3012/1 1606/707/1
f 1606/707/1 3176/3013/1 806/3112/1
f 3222/3012/1 1083/3109/1 3176/3013/1
f 1082/3115/1 3223/3009/1 3171/3005/1
f 3171/3005/1 2149/703/1 805/3116/1
f 3223/3009/1 110/3117/1 2149/703/1
f 802/3118/1 3224/3006/1 2146/983/1
f 2146/983/1 1605/958/1 282/3119/1
f 3224/3006/1 805/3116/1 1605/958/1
f 132/3120/1 3225/3003/1 1602/698/1
f 1602/698/1 3172/3004/1 802/3118/1
f 3225/3003/1 1082/3115/1 3172/3004/1
f 1081/3121/1 3226/3000/1 3167/2996/1
f 3167/2996/1 2145/694/1 801/3122/1
f 3226/3000/1 111/3123/1 2145/694/1
f 798/3124/1 3227/2997/1 2142/1010/1
f 2142/1010/1 1601/985/1 281/3125/1
f 3227/2997/1 801/3122/1 1601/985/1
f 152/3126/1 3228/2994/1 1598/689/1
f 1598/689/1 3168/2995/1 798/3124/1
f 3228/2994/1 1081/3121/1 3168/2995/1
f 1080/3127/1 3229/2991/1 3163/2987/1
f 3163/2987/1 2141/685/1 797/3128/1
f 3229/2991/1 103/3129/1 2141/685/1
f 794/3130/1 3230/2988/1 2138/1037/1
f 2138/1037/1 1597/1012/1 280/3131/1
f 3230/2988/1 797/3128/1 1597/1012/1
f 153/3132/1 3231/2985/1 1594/680/1
f 1594/680/1 3164/2986/1 794/3130/1
f 3231/2985/1 1080/3127/1 3164/2986/1
f 1079/3133/1 3232/2982/1 3159/2978/1
f 3159/2978/1 2137/676/1 793/3134/1
f 3232/2982/1 114/3135/1 2137/676/1
f 790/3136/1 3233/2979/1 2134/1064/1
f 2134/1064/1 1593/1039/1 279/3137/1
f 3233/2979/1 793/3134/1 1593/1039/1
f 125/3138/1 3234/2976/1 1590/671/1
f 1590/671/1 3160/2977/1 790/3136/1
f 3234/2976/1 1079/3133/1 3160/2977/1
f 1078/3139/1 3235/2973/1 3155/2969/1
f 3155/2969/1 2133/667/1 789/3140/1
f 3235/2973/1 115/3141/1 2133/667/1
f 786/3142/1 3236/2970/1 2130/1091/1
f 2130/1091/1 1589/1066/1 278/3143/1
f 3236/2970/1 789/3140/1 1589/1066/1
f 156/3144/1 3237/2967/1 1586/662/1
f 1586/662/1 3156/2968/1 786/3142/1
f 3237/2967/1 1078/3139/1 3156/2968/1
f 1077/3145/1 3238/2964/1 3151/2960/1
f 3151/2960/1 2129/658/1 785/3146/1
f 3238/2964/1 102/3147/1 2129/658/1
f 782/3148/1 3239/2961/1 2126/1118/1
f 2126/1118/1 1585/1093/1 277/3149/1
f 3239/2961/1 785/3146/1 1585/1093/1
f 157/3150/1 3240/2958/1 1582/653/1
f 1582/653/1 3152/2959/1 782/3148/1
f 3240/2958/1 1077/3145/1 3152/2959/1
f 1076/3151/1 3241/2955/1 3147/2951/1
f 3147/2951/1 2125/649/1 781/3152/1
f 3241/2955/1 118/3153/1 2125/649/1
f 778/3154/1 3242/2952/1 2122/1145/1
f 2122/1145/1 1581/1120/1 276/3155/1
f 3242/2952/1 781/3152/1 1581/1120/1
f 129/3156/1 3243/2949/1 1578/644/1
f 1578/644/1 3148/2950/1 778/3154/1
f 3243/2949/1 1076/3151/1 3148/2950/1
f 1075/3157/1 3244/2946/1 3143/2942/1
f 3143/2942/1 2121/640/1 777/3158/1
f 3244/2946/1 119/3159/1 2121/640/1
f 774/3160/1 3245/2943/1 2118/1172/1
f 2118/1172/1 1577/1147/1 275/3161/1
f 3245/2943/1 777/3158/1 1577/1147/1
f 160/3162/1 3246/2940/1 1574/635/1
f 1574/635/1 3144/2941/1 774/3160/1
f 3246/2940/1 1075/3157/1 3144/2941/1
f 1074/3163/1 3247/2937/1 3139/2933/1
f 3139/2933/1 2117/631/1 773/3164/1
f 3247/2937/1 96/3165/1 2117/631/1
f 770/3166/1 3248/2934/1 2114/1199/1
f 2114/1199/1 1573/1174/1 274/3167/1
f 3248/2934/1 773/3164/1 1573/1174/1
f 161/3168/1 3249/2931/1 1570/626/1
f 1570/626/1 3140/2932/1 770/3166/1
f 3249/2931/1 1074/3163/1 3140/2932/1
f 1073/3169/1 3250/2928/1 3135/2924/1
f 3135/2924/1 2113/622/1 769/3170/1
f 3250/2928/1 162/3171/1 2113/622/1
f 766/3172/1 3251/2925/1 2110/1226/1
f 2110/1226/1 1569/1201/1 273/3173/1
f 3251/2925/1 769/3170/1 1569/1201/1
f 121/3174/1 3252/2922/1 1566/617/1
f 1566/617/1 3136/2923/1 766/3172/1
f 3252/2922/1 1073/3169/1 3136/2923/1
f 1072/3175/1 3253/2919/1 3131/2915/1
f 3131/2915/1 2109/613/1 765/3176/1
f 3253/2919/1 163/3177/1 2109/613/1
f 762/3178/1 3254/2916/1 2106/1253/1
f 2106/1253/1 1565/1228/1 272/3179/1
f 3254/2916/1 765/3176/1 1565/1228/1
f 164/3180/1 3255/2913/1 1562/608/1
f 1562/608/1 3132/2914/1 762/3178/1
f 3255/2913/1 1072/3175/1 3132/2914/1
f 1071/3181/1 3256/2910/1 3127/2906/1
f 3127/2906/1 2105/604/1 761/3182/1
f 3256/2910/1 136/3183/1 2105/604/1
f 758/3184/1 3257/2907/1 2102/1280/1
f 2102/1280/1 1561/1255/1 271/3185/1
f 3257/2907/1 761/3182/1 1561/1255/1
f 165/3186/1 3258/2904/1 1558/599/1
f 1558/599/1 3128/2905/1 758/3184/1
f 3258/2904/1 1071/3181/1 3128/2905/1
f 1070/3187/1 3259/2901/1 3123/2897/1
f 3123/2897/1 2101/595/1 757/3188/1
f 3259/2901/1 166/3189/1 2101/595/1
f 754/3190/1 3260/2898/1 2098/1307/1
f 2098/1307/1 1557/1282/1 270/3191/1
f 3260/2898/1 757/3188/1 1557/1282/1
f 120/3192/1 3261/2895/1 1554/590/1
f 1554/590/1 3124/2896/1 754/3190/1
f 3261/2895/1 1070/3187/1 3124/2896/1
f 1069/3193/1 3262/2892/1 3119/2888/1
f 3119/2888/1 2097/586/1 753/3194/1
f 3262/2892/1 167/3195/1 2097/586/1
f 750/3196/1 3263/2889/1 2094/1334/1
f 2094/1334/1 1553/1309/1 269/3197/1
f 3263/2889/1 753/3194/1 1553/1309/1
f 168/3198/1 3264/2886/1 1550/581/1
f 1550/581/1 3120/2887/1 750/3196/1
f 3264/2886/1 1069/3193/1 3120/2887/1
f 1068/3199/1 3265/2883/1 3115/2879/1
f 3115/2879/1 2093/577/1 749/3200/1
f 3265/2883/1 159/3201/1 2093/577/1
f 746/3202/1 3266/2880/1 2090/1361/1
f 2090/1361/1 1549/1336/1 268/3203/1
f 3266/2880/1 749/3200/1 1549/1336/1
f 169/3204/1 3267/2877/1 1546/572/1
f 1546/572/1 3116/2878/1 746/3202/1
f 3267/2877/1 1068/3199/1 3116/2878/1
f 1067/3205/1 3268/2874/1 3111/2870/1
f 3111/2870/1 2089/568/1 745/3206/1
f 3268/2874/1 170/3207/1 2089/568/1
f 742/3208/1 3269/2871/1 2086/1388/1
f 2086/1388/1 1545/1363/1 267/3209/1
f 3269/2871/1 745/3206/1 1545/1363/1
f 89/3210/1 3270/2868/1 1542/563/1
f 1542/563/1 3112/2869/1 742/3208/1
f 3270/2868/1 1067/3205/1 3112/2869/1
f 1066/3211/1 3271/2865/1 3107/2861/1
f 3107/2861/1 2085/559/1 741/3212/1
f 3271/2865/1 171/3213/1 2085/559/1
f 738/3214/1 3272/2862/1 2082/1415/1
f 2082/1415/1 1541/1390/1 266/3215/1
f 3272/2862/1 741/3212/1 1541/1390/1
f 172/3216/1 3273/2859/1 1538/554/1
f 1538/554/1 3108/2860/1 738/3214/1
f 3273/2859/1 1066/3211/1 3108/2860/1
f 1065/3217/1 3274/2856/1 3103/2852/1
f 3103/2852/1 2081/550/1 737/3218/1
f 3274/2856/1 158/3219/1 2081/550/1
f 734/3220/1 3275/2853/1 2078/1442/1
f 2078/1442/1 1537/1417/1 265/3221/1
f 3275/2853/1 737/3218/1 1537/1417/1
f 173/3222/1 3276/2850/1 1534/545/1
f 1534/545/1 3104/2851/1 734/3220/1
f 3276/2850/1 1065/3217/1 3104/2851/1
f 1064/3223/1 3277/2847/1 3099/2843/1
f 3099/2843/1 2077/541/1 733/3224/1
f 3277/2847/1 174/3225/1 2077/541/1
f 730/3226/1 3278/2844/1 2074/1469/1
f 2074/1469/1 1533/1444/1 264/3227/1
f 3278/2844/1 733/3224/1 1533/1444/1
f 117/3228/1 3279/2841/1 1530/536/1
f 1530/536/1 3100/2842/1 730/3226/1
f 3279/2841/1 1064/3223/1 3100/2842/1
f 1063/3229/1 3280/2838/1 3095/2834/1
f 3095/2834/1 2073/532/1 729/3230/1
f 3280/2838/1 175/3231/1 2073/532/1
f 726/3232/1 3281/2835/1 2070/1496/1
f 2070/1496/1 1529/1471/1 263/3233/1
f 3281/2835/1 729/3230/1 1529/1471/1
f 176/3234/1 3282/2832/1 1526/527/1
f 1526/527/1 3096/2833/1 726/3232/1
f 3282/2832/1 1063/3229/1 3096/2833/1
f 1062/3235/1 3283/2829/1 3091/2825/1
f 3091/2825/1 2069/523/1 725/3236/1
f 3283/2829/1 142/3237/1 2069/523/1
f 722/3238/1 3284/2826/1 2066/1523/1
f 2066/1523/1 1525/1498/1 262/3239/1
f 3284/2826/1 725/3236/1 1525/1498/1
f 177/3240/1 3285/2823/1 1522/518/1
f 1522/518/1 3092/2824/1 722/3238/1
f 3285/2823/1 1062/3235/1 3092/2824/1
f 1061/3241/1 3286/2820/1 3087/2816/1
f 3087/2816/1 2065/514/1 721/3242/1
f 3286/2820/1 178/3243/1 2065/514/1
f 718/3244/1 3287/2817/1 2062/1550/1
f 2062/1550/1 1521/1525/1 261/3245/1
f 3287/2817/1 721/3242/1 1521/1525/1
f 116/3246/1 3288/2814/1 1518/509/1
f 1518/509/1 3088/2815/1 718/3244/1
f 3288/2814/1 1061/3241/1 3088/2815/1
f 1060/3247/1 3289/2811/1 3083/2807/1
f 3083/2807/1 2061/505/1 717/3248/1
f 3289/2811/1 179/3249/1 2061/505/1
f 714/3250/1 3290/2808/1 2058/1577/1
f 2058/1577/1 1517/1552/1 260/3251/1
f 3290/2808/1 717/3248/1 1517/1552/1
f 180/3252/1 3291/2805/1 1514/500/1
f 1514/500/1 3084/2806/1 714/3250/1
f 3291/2805/1 1060/3247/1 3084/2806/1
f 1059/3253/1 3292/2802/1 3079/2798/1
f 3079/2798/1 2057/496/1 713/3254/1
f 3292/2802/1 155/3255/1 2057/496/1
f 710/3256/1 3293/2799/1 2054/1604/1
f 2054/1604/1 1513/1579/1 259/3257/1
f 3293/2799/1 713/3254/1 1513/1579/1
f 181/3258/1 3294/2796/1 1510/491/1
f 1510/491/1 3080/2797/1 710/3256/1
f 3294/2796/1 1059/3253/1 3080/2797/1
f 1058/3259/1 3295/2793/1 3075/2789/1
f 3075/2789/1 2053/487/1 709/3260/1
f 3295/2793/1 182/3261/1 2053/487/1
f 706/3262/1 3296/2790/1 2050/1631/1
f 2050/1631/1 1509/1606/1 258/3263/1
f 3296/2790/1 709/3260/1 1509/1606/1
f 85/3264/1 3297/2787/1 1506/482/1
f 1506/482/1 3076/2788/1 706/3262/1
f 3297/2787/1 1058/3259/1 3076/2788/1
f 1057/3265/1 3298/2784/1 3071/2780/1
f 3071/2780/1 2049/478/1 705/3266/1
f 3298/2784/1 183/3267/1 2049/478/1
f 702/3268/1 3299/2781/1 2046/1658/1
f 2046/1658/1 1505/1633/1 257/3269/1
f 3299/2781/1 705/3266/1 1505/1633/1
f 184/3270/1 3300/2778/1 1502/473/1
f 1502/473/1 3072/2779/1 702/3268/1
f 3300/2778/1 1057/3265/1 3072/2779/1
f 1056/3271/1 3301/2775/1 3067/2771/1
f 3067/2771/1 2045/469/1 701/3272/1
f 3301/2775/1 154/3273/1 2045/469/1
f 698/3274/1 3302/2772/1 2042/1685/1
f 2042/1685/1 1501/1660/1 256/3275/1
f 3302/2772/1 701/3272/1 1501/1660/1
f 185/3276/1 3303/2769/1 1498/464/1
f 1498/464/1 3068/2770/1 698/3274/1
f 3303/2769/1 1056/3271/1 3068/2770/1
f 1055/3277/1 3304/2766/1 3063/2762/1
f 3063/2762/1 2041/460/1 697/3278/1
f 3304/2766/1 186/3279/1 2041/460/1
f 694/3280/1 3305/2763/1 2038/1712/1
f 2038/1712/1 1497/1687/1 255/3281/1
f 3305/2763/1 697/3278/1 1497/1687/1
f 113/3282/1 3306/2760/1 1494/455/1
f 1494/455/1 3064/2761/1 694/3280/1
f 3306/2760/1 1055/3277/1 3064/2761/1
f 1054/3283/1 3307/2757/1 3059/2753/1
f 3059/2753/1 2037/451/1 693/3284/1
f 3307/2757/1 187/3285/1 2037/451/1
f 690/3286/1 3308/2754/1 2034/1739/1
f 2034/1739/1 1493/1714/1 254/3287/1
f 3308/2754/1 693/3284/1 1493/1714/1
f 188/3288/1 3309/2751/1 1490/446/1
f 1490/446/1 3060/2752/1 690/3286/1
f 3309/2751/1 1054/3283/1 3060/2752/1
f 1053/3289/1 3310/2748/1 3055/2744/1
f 3055/2744/1 2033/442/1 689/3290/1
f 3310/2748/1 143/3291/1 2033/442/1
f 686/3292/1 3311/2745/1 2030/1766/1
f 2030/1766/1 1489/1741/1 253/3293/1
f 3311/2745/1 689/3290/1 1489/1741/1
f 189/3294/1 3312/2742/1 1486/437/1
f 1486/437/1 3056/2743/1 686/3292/1
f 3312/2742/1 1053/3289/1 3056/2743/1
f 1052/3295/1 3313/2739/1 3051/2735/1
f 3051/2735/1 2029/433/1 685/3296/1
f 3313/2739/1 190/3297/1 2029/433/1
f 682/3298/1 3314/2736/1 2026/1793/1
f 2026/1793/1 1485/1768/1 252/3299/1
f 3314/2736/1 685/3296/1 1485/1768/1
f 112/3300/1 3315/2733/1 1482/428/1
f 1482/428/1 3052/2734/1 682/3298/1
f 3315/2733/1 1052/3295/1 3052/2734/1
f 1051/3301/1 3316/2730/1 3047/2726/1
f 3047/2726/1 2025/424/1 681/3302/1
f 3316/2730/1 191/3303/1 2025/424/1
f 678/3304/1 3317/2727/1 2022/1820/1
f 2022/1820/1 1481/1795/1 251/3305/1
f 3317/2727/1 681/3302/1 1481/1795/1
f 192/3306/1 3318/2724/1 1478/419/1
f 1478/419/1 3048/2725/1 678/3304/1
f 3318/2724/1 1051/3301/1 3048/2725/1
f 1050/3307/1 3319/2721/1 3043/2717/1
f 3043/2717/1 2021/415/1 677/3308/1
f 3319/2721/1 151/3309/1 2021/415/1
f 674/3310/1 3320/2718/1 2018/1847/1
f 2018/1847/1 1477/1822/1 250/3311/1
f 3320/2718/1 677/3308/1 1477/1822/1
f 193/3312/1 3321/2715/1 1474/410/1
f 1474/410/1 3044/2716/1 674/3310/1
f 3321/2715/1 1050/3307/1 3044/2716/1
f 1049/3313/1 3322/2712/1 3039/2708/1
f 3039/2708/1 2017/406/1 673/3314/1
f 3322/2712/1 194/3315/1 2017/406/1
f 670/3316/1 3323/2709/1 2014/1874/1
f 2014/1874/1 1473/1849/1 249/3317/1
f 3323/2709/1 673/3314/1 1473/1849/1
f 92/3318/1 3324/2706/1 1470/401/1
f 1470/401/1 3040/2707/1 670/3316/1
f 3324/2706/1 1049/3313/1 3040/2707/1
f 1048/3319/1 3325/2703/1 3035/2699/1
f 3035/2699/1 2013/397/1 669/3320/1
f 3325/2703/1 195/3321/1 2013/397/1
f 666/3322/1 3326/2700/1 2010/1901/1
f 2010/1901/1 1469/1876/1 248/3323/1
f 3326/2700/1 669/3320/1 1469/1876/1
f 196/3324/1 3327/2697/1 1466/392/1
f 1466/392/1 3036/2698/1 666/3322/1
f 3327/2697/1 1048/3319/1 3036/2698/1
f 1047/3325/1 3328/2694/1 3031/2690/1
f 3031/2690/1 2009/388/1 665/3326/1
f 3328/2694/1 150/3327/1 2009/388/1
f 662/3328/1 3329/2691/1 2006/1928/1
f 2006/1928/1 1465/1903/1 247/3329/1
f 3329/2691/1 665/3326/1 1465/1903/1
f 197/3330/1 3330/2688/1 1462/383/1
f 1462/383/1 3032/2689/1 662/3328/1
f 3330/2688/1 1047/3325/1 3032/2689/1
f 1046/3331/1 3331/2685/1 3027/2681/1
f 3027/2681/1 2005/379/1 661/3332/1
f 3331/2685/1 198/3333/1 2005/379/1
f 658/3334/1 3332/2682/1 2002/1955/1
f 2002/1955/1 1461/1930/1 246/3335/1
f 3332/2682/1 661/3332/1 1461/1930/1
f 109/3336/1 3333/2679/1 1458/374/1
f 1458/374/1 3028/2680/1 658/3334/1
f 3333/2679/1 1046/3331/1 3028/2680/1
f 1045/3337/1 3334/2676/1 3023/2672/1
f 3023/2672/1 2001/370/1 657/3338/1
f 3334/2676/1 199/3339/1 2001/370/1
f 654/3340/1 3335/2673/1 1998/1982/1
f 1998/1982/1 1457/1957/1 245/3341/1
f 3335/2673/1 657/3338/1 1457/1957/1
f 200/3342/1 3336/2670/1 1454/365/1
f 1454/365/1 3024/2671/1 654/3340/1
f 3336/2670/1 1045/3337/1 3024/2671/1
f 1044/3343/1 3337/2667/1 3019/2663/1
f 3019/2663/1 1997/361/1 653/3344/1
f 3337/2667/1 140/3345/1 1997/361/1
f 650/3346/1 3338/2664/1 1994/2009/1
f 1994/2009/1 1453/1984/1 244/3347/1
f 3338/2664/1 653/3344/1 1453/1984/1
f 201/3348/1 3339/2661/1 1450/356/1
f 1450/356/1 3020/2662/1 650/3346/1
f 3339/2661/1 1044/3343/1 3020/2662/1
f 1043/3349/1 3340/2658/1 3015/2654/1
f 3015/2654/1 1993/352/1 649/3350/1
f 3340/2658/1 202/3351/1 1993/352/1
f 646/3352/1 3341/2655/1 1990/2036/1
f 1990/2036/1 1449/2011/1 243/3353/1
f 3341/2655/1 649/3350/1 1449/2011/1
f 108/3354/1 3342/2652/1 1446/347/1
f 1446/347/1 3016/2653/1 646/3352/1
f 3342/2652/1 1043/3349/1 3016/2653/1
f 1042/3355/1 3343/2649/1 3011/2645/1
f 3011/2645/1 1989/343/1 645/3356/1
f 3343/2649/1 203/3357/1 1989/343/1
f 642/3358/1 3344/2646/1 1986/2063/1
f 1986/2063/1 1445/2038/1 242/3359/1
f 3344/2646/1 645/3356/1 1445/2038/1
f 204/3360/1 3345/2643/1 1442/338/1
f 1442/338/1 3012/2644/1 642/3358/1
f 3345/2643/1 1042/3355/1 3012/2644/1
f 1041/3361/1 3346/2640/1 3007/2636/1
f 3007/2636/1 1985/334/1 641/3362/1
f 3346/2640/1 147/3363/1 1985/334/1
f 638/3364/1 3347/2637/1 1982/2090/1
f 1982/2090/1 1441/2065/1 241/3365/1
f 3347/2637/1 641/3362/1 1441/2065/1
f 205/3366/1 3348/2634/1 1438/329/1
f 1438/329/1 3008/2635/1 638/3364/1
f 3348/2634/1 1041/3361/1 3008/2635/1
f 1040/3367/1 3349/2631/1 3003/2627/1
f 3003/2627/1 1981/325/1 637/3368/1
f 3349/2631/1 206/3369/1 1981/325/1
f 634/3370/1 3350/2628/1 1978/2117/1
f 1978/2117/1 1437/2092/1 240/3371/1
f 3350/2628/1 637/3368/1 1437/2092/1
f 93/3372/1 3351/2625/1 1434/320/1
f 1434/320/1 3004/2626/1 634/3370/1
f 3351/2625/1 1040/3367/1 3004/2626/1
f 1039/3373/1 3352/2622/1 2999/2618/1
f 2999/2618/1 1977/316/1 633/3374/1
f 3352/2622/1 207/3375/1 1977/316/1
f 630/3376/1 3353/2619/1 1974/2144/1
f 1974/2144/1 1433/2119/1 239/3377/1
f 3353/2619/1 633/3374/1 1433/2119/1
f 208/3378/1 3354/2616/1 1430/311/1
f 1430/311/1 3000/2617/1 630/3376/1
f 3354/2616/1 1039/3373/1 3000/2617/1
f 1038/3379/1 3355/2613/1 2995/2609/1
f 2995/2609/1 1973/307/1 629/3380/1
f 3355/2613/1 146/3381/1 1973/307/1
f 626/3382/1 3356/2610/1 1970/2171/1
f 1970/2171/1 1429/2146/1 238/3383/1
f 3356/2610/1 629/3380/1 1429/2146/1
f 209/3384/1 3357/2607/1 1426/302/1
f 1426/302/1 2996/2608/1 626/3382/1
f 3357/2607/1 1038/3379/1 2996/2608/1
f 1037/3385/1 3358/2604/1 2991/2600/1
f 2991/2600/1 1969/298/1 625/3386/1
f 3358/2604/1 210/3387/1 1969/298/1
f 622/3388/1 3359/2601/1 1966/2198/1
f 1966/2198/1 1425/2173/1 237/3389/1
f 3359/2601/1 625/3386/1 1425/2173/1
f 105/3390/1 3360/2598/1 1422/293/1
f 1422/293/1 2992/2599/1 622/3388/1
f 3360/2598/1 1037/3385/1 2992/2599/1
f 1036/3391/1 3361/2595/1 2987/2591/1
f 2987/2591/1 1965/289/1 621/3392/1
f 3361/2595/1 211/3393/1 1965/289/1
f 618/3394/1 3362/2592/1 1962/2225/1
f 1962/2225/1 1421/2200/1 236/3395/1
f 3362/2592/1 621/3392/1 1421/2200/1
f 212/3396/1 3363/2589/1 1418/284/1
f 1418/284/1 2988/2590/1 618/3394/1
f 3363/2589/1 1036/3391/1 2988/2590/1
f 1035/3397/1 3364/2586/1 2983/2582/1
f 2983/2582/1 1961/280/1 617/3398/1
f 3364/2586/1 128/3399/1 1961/280/1
f 614/3400/1 3365/2583/1 1958/2252/1
f 1958/2252/1 1417/2227/1 235/3401/1
f 3365/2583/1 617/3398/1 1417/2227/1
f 213/3402/1 3366/2580/1 1414/275/1
f 1414/275/1 2984/2581/1 614/3400/1
f 3366/2580/1 1035/3397/1 2984/2581/1
f 1034/3403/1 3367/2577/1 2979/2573/1
f 2979/2573/1 1957/271/1 613/3404/1
f 3367/2577/1 214/3405/1 1957/271/1
f 610/3406/1 3368/2574/1 1954/2279/1
f 1954/2279/1 1413/2254/1 234/3407/1
f 3368/2574/1 613/3404/1 1413/2254/1
f 104/3408/1 3369/2571/1 1410/266/1
f 1410/266/1 2980/2572/1 610/3406/1
f 3369/2571/1 1034/3403/1 2980/2572/1
f 1033/3409/1 3370/2568/1 2975/2564/1
f 2975/2564/1 1953/262/1 609/3410/1
f 3370/2568/1 215/3411/1 1953/262/1
f 606/3412/1 3371/2565/1 1950/2306/1
f 1950/2306/1 1409/2281/1 233/3413/1
f 3371/2565/1 609/3410/1 1409/2281/1
f 216/3414/1 3372/2562/1 1406/257/1
f 1406/257/1 2976/2563/1 606/3412/1
f 3372/2562/1 1033/3409/1 2976/2563/1
f 1032/3415/1 3373/2559/1 2971/2555/1
f 2971/2555/1 1949/253/1 605/3416/1
f 3373/2559/1 131/3417/1 1949/253/1
f 602/3418/1 3374/2556/1 1946/2333/1
f 1946/2333/1 1405/2308/1 232/3419/1
f 3374/2556/1 605/3416/1 1405/2308/1
f 217/3420/1 3375/2553/1 1402/248/1
f 1402/248/1 2972/2554/1 602/3418/1
f 3375/2553/1 1032/3415/1 2972/2554/1
f 1031/3421/1 3376/2550/1 2967/2546/1
f 2967/2546/1 1945/244/1 601/3422/1
f 3376/2550/1 218/3423/1 1945/244/1
f 598/3424/1 3377/2547/1 1942/2360/1
f 1942/2360/1 1401/2335/1 231/3425/1
f 3377/2547/1 601/3422/1 1401/2335/1
f 97/3426/1 3378/2544/1 1398/239/1
f 1398/239/1 2968/2545/1 598/3424/1
f 3378/2544/1 1031/3421/1 2968/2545/1
f 1030/3427/1 3379/2541/1 2963/2537/1
f 2963/2537/1 1941/235/1 597/3428/1
f 3379/2541/1 219/3429/1 1941/235/1
f 594/3430/1 3380/2538/1 1938/2387/1
f 1938/2387/1 1397/2362/1 230/3431/1
f 3380/2538/1 597/3428/1 1397/2362/1
f 220/3432/1 3381/2535/1 1394/230/1
f 1394/230/1 2964/2536/1 594/3430/1
f 3381/2535/1 1030/3427/1 2964/2536/1
f 1029/3433/1 3382/2532/1 2959/2528/1
f 2959/2528/1 1937/226/1 593/3434/1
f 3382/2532/1 130/3435/1 1937/226/1
f 590/3436/1 3383/2529/1 1934/2414/1
f 1934/2414/1 1393/2389/1 229/3437/1
f 3383/2529/1 593/3434/1 1393/2389/1
f 221/3438/1 3384/2526/1 1390/221/1
f 1390/221/1 2960/2527/1 590/3436/1
f 3384/2526/1 1029/3433/1 2960/2527/1
f 1028/3439/1 3385/2523/1 2955/2519/1
f 2955/2519/1 1933/217/1 589/3440/1
f 3385/2523/1 222/3441/1 1933/217/1
f 586/3442/1 3386/2520/1 1930/2441/1
f 1930/2441/1 1389/2416/1 228/3443/1
f 3386/2520/1 589/3440/1 1389/2416/1
f 101/3444/1 3387/2517/1 1386/212/1
f 1386/212/1 2956/2518/1 586/3442/1
f 3387/2517/1 1028/3439/1 2956/2518/1
f 1027/3445/1 3388/2514/1 2951/2510/1
f 2951/2510/1 1929/208/1 585/3446/1
f 3388/2514/1 223/3447/1 1929/208/1
f 582/3448/1 3389/2511/1 1926/2468/1
f 1926/2468/1 1385/2443/1 227/3449/1
f 3389/2511/1 585/3446/1 1385/2443/1
f 224/3450/1 3390/2508/1 1382/203/1
f 1382/203/1 2952/2509/1 582/3448/1
f 3390/2508/1 1027/3445/1 2952/2509/1
f 1026/3451/1 3391/2505/1 2947/2501/1
f 2947/2501/1 1925/199/1 581/3452/1
f 3391/2505/1 124/3453/1 1925/199/1
f 578/3454/1 3392/2502/1 1922/2495/1
f 1922/2495/1 1381/2470/1 226/3455/1
f 3392/2502/1 581/3452/1 1381/2470/1
f 225/3456/1 3393/2499/1 1378/194/1
f 1378/194/1 2948/2500/1 578/3454/1
f 3393/2499/1 1026/3451/1 2948/2500/1
f 1025/3457/1 3394/2496/1 2943/2492/1
f 2943/2492/1 1924/196/1 580/3458/1
f 3394/2496/1 226/3455/1 1924/196/1
f 431/3459/1 3395/2493/1 1775/2513/1
f 1775/2513/1 1380/2479/1 223/3447/1
f 3395/2493/1 580/3458/1 1380/2479/1
f 81/3460/1 3396/2490/1 1231/188/1
f 1231/188/1 2944/2491/1 431/3459/1
f 3396/2490/1 1025/3457/1 2944/2491/1
f 1024/3461/1 3397/2487/1 2939/2483/1
f 2939/2483/1 1713/625/1 369/3462/1
f 3397/2487/1 161/3168/1 1713/625/1
f 575/3463/1 3398/2484/1 1919/2450/1
f 1919/2450/1 1169/1192/1 65/3464/1
f 3398/2484/1 369/3462/1 1169/1192/1
f 223/3447/1 3399/2481/1 1375/209/1
f 1375/209/1 2940/2482/1 575/3463/1
f 3399/2481/1 1024/3461/1 2940/2482/1
f 1023/3465/1 3400/2478/1 2935/2474/1
f 2935/2474/1 1857/46/1 513/3466/1
f 3400/2478/1 12/3467/1 1857/46/1
f 579/3468/1 3401/2475/1 1923/2486/1
f 1923/2486/1 1313/2929/1 161/3168/1
f 3401/2475/1 513/3466/1 1313/2929/1
f 226/3455/1 3402/2472/1 1379/197/1
f 1379/197/1 2936/2473/1 579/3468/1
f 3402/2472/1 1023/3465/1 2936/2473/1
f 1022/3469/1 3403/2469/1 2931/2465/1
f 2931/2465/1 1928/205/1 584/3470/1
f 3403/2469/1 227/3449/1 1928/205/1
f 366/3471/1 3404/2466/1 1710/2855/1
f 1710/2855/1 1384/2452/1 158/3219/1
f 3404/2466/1 584/3470/1 1384/2452/1
f 62/3472/1 3405/2463/1 1166/74/1
f 1166/74/1 2932/2464/1 366/3471/1
f 3405/2463/1 1022/3469/1 2932/2464/1
f 1021/3473/1 3406/2460/1 2927/2456/1
f 2927/2456/1 1673/616/1 329/3474/1
f 3406/2460/1 121/3174/1 1673/616/1
f 510/3475/1 3407/2457/1 1854/1424/1
f 1854/1424/1 1129/1219/1 25/3476/1
f 3407/2457/1 329/3474/1 1129/1219/1
f 158/3219/1 3408/2454/1 1310/551/1
f 1310/551/1 2928/2455/1 510/3475/1
f 3408/2454/1 1021/3473/1 2928/2455/1
f 1020/3477/1 3409/2451/1 2923/2447/1
f 2923/2447/1 1817/49/1 473/3478/1
f 3409/2451/1 65/3464/1 1817/49/1
f 583/3479/1 3410/2448/1 1927/2459/1
f 1927/2459/1 1273/2920/1 121/3174/1
f 3410/2448/1 473/3478/1 1273/2920/1
f 227/3449/1 3411/2445/1 1383/206/1
f 1383/206/1 2924/2446/1 583/3479/1
f 3411/2445/1 1020/3477/1 2924/2446/1
f 1019/3480/1 3412/2442/1 2919/2438/1
f 2919/2438/1 1932/214/1 588/3481/1
f 3412/2442/1 228/3443/1 1932/214/1
f 326/3482/1 3413/2439/1 1670/2954/1
f 1670/2954/1 1388/2425/1 118/3153/1
f 3413/2439/1 588/3481/1 1388/2425/1
f 17/3483/1 3414/2436/1 1126/41/1
f 1126/41/1 2920/2437/1 326/3482/1
f 3414/2436/1 1019/3480/1 2920/2437/1
f 1018/3484/1 3415/2433/1 2915/2429/1
f 2915/2429/1 1776/202/1 432/3485/1
f 3415/2433/1 224/3450/1 1776/202/1
f 470/3486/1 3416/2430/1 1814/1127/1
f 1814/1127/1 1232/2461/1 62/3472/1
f 3416/2430/1 432/3485/1 1232/2461/1
f 118/3153/1 3417/2427/1 1270/650/1
f 1270/650/1 2916/2428/1 470/3486/1
f 3417/2427/1 1018/3484/1 2916/2428/1
f 1017/3487/1 3418/2424/1 2911/2420/1
f 2911/2420/1 1920/187/1 576/3488/1
f 3418/2424/1 81/3460/1 1920/187/1
f 587/3489/1 3419/2421/1 1931/2432/1
f 1931/2432/1 1376/2506/1 224/3450/1
f 3419/2421/1 576/3488/1 1376/2506/1
f 228/3443/1 3420/2418/1 1387/215/1
f 1387/215/1 2912/2419/1 587/3489/1
f 3420/2418/1 1017/3487/1 2912/2419/1
f 1016/3490/1 3421/2415/1 2907/2411/1
f 2907/2411/1 1936/223/1 592/3491/1
f 3421/2415/1 229/3437/1 1936/223/1
f 427/3492/1 3422/2412/1 1771/2540/1
f 1771/2540/1 1392/2398/1 219/3429/1
f 3422/2412/1 592/3491/1 1392/2398/1
f 80/3493/1 3423/2409/1 1227/179/1
f 1227/179/1 2908/2410/1 427/3492/1
f 3423/2409/1 1016/3490/1 2908/2410/1
f 1015/3494/1 3424/2406/1 2903/2402/1
f 2903/2402/1 1709/652/1 365/3495/1
f 3424/2406/1 157/3150/1 1709/652/1
f 571/3496/1 3425/2403/1 1915/2369/1
f 1915/2369/1 1165/1111/1 61/3497/1
f 3425/2403/1 365/3495/1 1165/1111/1
f 219/3429/1 3426/2400/1 1371/236/1
f 1371/236/1 2904/2401/1 571/3496/1
f 3426/2400/1 1015/3494/1 2904/2401/1
f 1014/3498/1 3427/2397/1 2899/2393/1
f 2899/2393/1 1853/37/1 509/3499/1
f 3427/2397/1 18/3500/1 1853/37/1
f 591/3501/1 3428/2394/1 1935/2405/1
f 1935/2405/1 1309/2956/1 157/3150/1
f 3428/2394/1 509/3499/1 1309/2956/1
f 229/3437/1 3429/2391/1 1391/224/1
f 1391/224/1 2900/2392/1 591/3501/1
f 3429/2391/1 1014/3498/1 2900/2392/1
f 1013/3502/1 3430/2388/1 2895/2384/1
f 2895/2384/1 1940/232/1 596/3503/1
f 3430/2388/1 230/3431/1 1940/232/1
f 362/3504/1 3431/2385/1 1706/2774/1
f 1706/2774/1 1396/2371/1 154/3273/1
f 3431/2385/1 596/3503/1 1396/2371/1
f 58/3505/1 3432/2382/1 1162/101/1
f 1162/101/1 2896/2383/1 362/3504/1
f 3432/2382/1 1013/3502/1 2896/2383/1
f 1012/3506/1 3433/2379/1 2891/2375/1
f 2891/2375/1 1669/535/1 325/3507/1
f 3433/2379/1 117/3228/1 1669/535/1
f 506/3508/1 3434/2376/1 1850/1667/1
f 1850/1667/1 1125/1462/1 24/3509/1
f 3434/2376/1 325/3507/1 1125/1462/1
f 154/3273/1 3435/2373/1 1306/470/1
f 1306/470/1 2892/2374/1 506/3508/1
f 3435/2373/1 1012/3506/1 2892/2374/1
f 1011/3510/1 3436/2370/1 2887/2366/1
f 2887/2366/1 1813/76/1 469/3511/1
f 3436/2370/1 61/3497/1 1813/76/1
f 595/3512/1 3437/2367/1 1939/2378/1
f 1939/2378/1 1269/2839/1 117/3228/1
f 3437/2367/1 469/3511/1 1269/2839/1
f 230/3431/1 3438/2364/1 1395/233/1
f 1395/233/1 2888/2365/1 595/3512/1
f 3438/2364/1 1011/3510/1 2888/2365/1
f 1010/3513/1 3439/2361/1 2883/2357/1
f 2883/2357/1 1944/241/1 600/3514/1
f 3439/2361/1 231/3425/1 1944/241/1
f 322/3515/1 3440/2358/1 1666/2981/1
f 1666/2981/1 1400/2344/1 114/3135/1
f 3440/2358/1 600/3514/1 1400/2344/1
f 13/3516/1 3441/2355/1 1122/32/1
f 1122/32/1 2884/2356/1 322/3515/1
f 3441/2355/1 1010/3513/1 2884/2356/1
f 1009/3517/1 3442/2352/1 2879/2348/1
f 2879/2348/1 1772/229/1 428/3518/1
f 3442/2352/1 220/3432/1 1772/229/1
f 466/3519/1 3443/2349/1 1810/1046/1
f 1810/1046/1 1228/2380/1 58/3505/1
f 3443/2349/1 428/3518/1 1228/2380/1
f 114/3135/1 3444/2346/1 1266/677/1
f 1266/677/1 2880/2347/1 466/3519/1
f 3444/2346/1 1009/3517/1 2880/2347/1
f 1008/3520/1 3445/2343/1 2875/2339/1
f 2875/2339/1 1916/178/1 572/3521/1
f 3445/2343/1 80/3493/1 1916/178/1
f 599/3522/1 3446/2340/1 1943/2351/1
f 1943/2351/1 1372/2533/1 220/3432/1
f 3446/2340/1 572/3521/1 1372/2533/1
f 231/3425/1 3447/2337/1 1399/242/1
f 1399/242/1 2876/2338/1 599/3522/1
f 3447/2337/1 1008/3520/1 2876/2338/1
f 1007/3523/1 3448/2334/1 2871/2330/1
f 2871/2330/1 1948/250/1 604/3524/1
f 3448/2334/1 232/3419/1 1948/250/1
f 423/3525/1 3449/2331/1 1767/2567/1
f 1767/2567/1 1404/2317/1 215/3411/1
f 3449/2331/1 604/3524/1 1404/2317/1
f 79/3526/1 3450/2328/1 1223/170/1
f 1223/170/1 2872/2329/1 423/3525/1
f 3450/2328/1 1007/3523/1 2872/2329/1
f 1006/3527/1 3451/2325/1 2867/2321/1
f 2867/2321/1 1705/679/1 361/3528/1
f 3451/2325/1 153/3132/1 1705/679/1
f 567/3529/1 3452/2322/1 1911/2288/1
f 1911/2288/1 1161/1030/1 57/3530/1
f 3452/2322/1 361/3528/1 1161/1030/1
f 215/3411/1 3453/2319/1 1367/263/1
f 1367/263/1 2868/2320/1 567/3529/1
f 3453/2319/1 1006/3527/1 2868/2320/1
f 1005/3531/1 3454/2316/1 2863/2312/1
f 2863/2312/1 1849/28/1 505/3532/1
f 3454/2316/1 19/3533/1 1849/28/1
f 603/3534/1 3455/2313/1 1947/2324/1
f 1947/2324/1 1305/2983/1 153/3132/1
f 3455/2313/1 505/3532/1 1305/2983/1
f 232/3419/1 3456/2310/1 1403/251/1
f 1403/251/1 2864/2311/1 603/3534/1
f 3456/2310/1 1005/3531/1 2864/2311/1
f 1004/3535/1 3457/2307/1 2859/2303/1
f 2859/2303/1 1952/259/1 608/3536/1
f 3457/2307/1 233/3413/1 1952/259/1
f 358/3537/1 3458/2304/1 1702/2693/1
f 1702/2693/1 1408/2290/1 150/3327/1
f 3458/2304/1 608/3536/1 1408/2290/1
f 54/3538/1 3459/2301/1 1158/128/1
f 1158/128/1 2860/2302/1 358/3537/1
f 3459/2301/1 1004/3535/1 2860/2302/1
f 1003/3539/1 3460/2298/1 2855/2294/1
f 2855/2294/1 1665/454/1 321/3540/1
f 3460/2298/1 113/3282/1 1665/454/1
f 502/3541/1 3461/2295/1 1846/1910/1
f 1846/1910/1 1121/1705/1 23/3542/1
f 3461/2295/1 321/3540/1 1121/1705/1
f 150/3327/1 3462/2292/1 1302/389/1
f 1302/389/1 2856/2293/1 502/3541/1
f 3462/2292/1 1003/3539/1 2856/2293/1
f 1002/3543/1 3463/2289/1 2851/2285/1
f 2851/2285/1 1809/103/1 465/3544/1
f 3463/2289/1 57/3530/1 1809/103/1
f 607/3545/1 3464/2286/1 1951/2297/1
f 1951/2297/1 1265/2758/1 113/3282/1
f 3464/2286/1 465/3544/1 1265/2758/1
f 233/3413/1 3465/2283/1 1407/260/1
f 1407/260/1 2852/2284/1 607/3545/1
f 3465/2283/1 1002/3543/1 2852/2284/1
f 1001/3546/1 3466/2280/1 2847/2276/1
f 2847/2276/1 1956/268/1 612/3547/1
f 3466/2280/1 234/3407/1 1956/268/1
f 318/3548/1 3467/2277/1 1662/3008/1
f 1662/3008/1 1412/2263/1 110/3117/1
f 3467/2277/1 612/3547/1 1412/2263/1
f 20/3549/1 3468/2274/1 1118/23/1
f 1118/23/1 2848/2275/1 318/3548/1
f 3468/2274/1 1001/3546/1 2848/2275/1
f 1000/3550/1 3469/2271/1 2843/2267/1
f 2843/2267/1 1768/256/1 424/3551/1
f 3469/2271/1 216/3414/1 1768/256/1
f 462/3552/1 3470/2268/1 1806/965/1
f 1806/965/1 1224/2299/1 54/3538/1
f 3470/2268/1 424/3551/1 1224/2299/1
f 110/3117/1 3471/2265/1 1262/704/1
f 1262/704/1 2844/2266/1 462/3552/1
f 3471/2265/1 1000/3550/1 2844/2266/1
f 999/3553/1 3472/2262/1 2839/2258/1
f 2839/2258/1 1912/169/1 568/3554/1
f 3472/2262/1 79/3526/1 1912/169/1
f 611/3555/1 3473/2259/1 1955/2270/1
f 1955/2270/1 1368/2560/1 216/3414/1
f 3473/2259/1 568/3554/1 1368/2560/1
f 234/3407/1 3474/2256/1 1411/269/1
f 1411/269/1 2840/2257/1 611/3555/1
f 3474/2256/1 999/3553/1 2840/2257/1
f 998/3556/1 3475/2253/1 2835/2249/1
f 2835/2249/1 1960/277/1 616/3557/1
f 3475/2253/1 235/3401/1 1960/277/1
f 419/3558/1 3476/2250/1 1763/2594/1
f 1763/2594/1 1416/2236/1 211/3393/1
f 3476/2250/1 616/3557/1 1416/2236/1
f 78/3559/1 3477/2247/1 1219/161/1
f 1219/161/1 2836/2248/1 419/3558/1
f 3477/2247/1 998/3556/1 2836/2248/1
f 997/3560/1 3478/2244/1 2831/2240/1
f 2831/2240/1 1701/706/1 357/3561/1
f 3478/2244/1 149/3114/1 1701/706/1
f 563/3562/1 3479/2241/1 1907/2207/1
f 1907/2207/1 1157/949/1 53/3563/1
f 3479/2241/1 357/3561/1 1157/949/1
f 211/3393/1 3480/2238/1 1363/290/1
f 1363/290/1 2832/2239/1 563/3562/1
f 3480/2238/1 997/3560/1 2832/2239/1
f 996/3564/1 3481/2235/1 2827/2231/1
f 2827/2231/1 1845/19/1 501/3565/1
f 3481/2235/1 16/3566/1 1845/19/1
f 615/3567/1 3482/2232/1 1959/2243/1
f 1959/2243/1 1301/3010/1 149/3114/1
f 3482/2232/1 501/3565/1 1301/3010/1
f 235/3401/1 3483/2229/1 1415/278/1
f 1415/278/1 2828/2230/1 615/3567/1
f 3483/2229/1 996/3564/1 2828/2230/1
f 995/3568/1 3484/2226/1 2823/2222/1
f 2823/2222/1 1964/286/1 620/3569/1
f 3484/2226/1 236/3395/1 1964/286/1
f 354/3570/1 3485/2223/1 1698/2612/1
f 1698/2612/1 1420/2209/1 146/3381/1
f 3485/2223/1 620/3569/1 1420/2209/1
f 50/3571/1 3486/2220/1 1154/155/1
f 1154/155/1 2824/2221/1 354/3570/1
f 3486/2220/1 995/3568/1 2824/2221/1
f 994/3572/1 3487/2217/1 2819/2213/1
f 2819/2213/1 1661/373/1 317/3573/1
f 3487/2217/1 109/3336/1 1661/373/1
f 498/3574/1 3488/2214/1 1842/2153/1
f 1842/2153/1 1117/1948/1 22/3575/1
f 3488/2214/1 317/3573/1 1117/1948/1
f 146/3381/1 3489/2211/1 1298/308/1
f 1298/308/1 2820/2212/1 498/3574/1
f 3489/2211/1 994/3572/1 2820/2212/1
f 993/3576/1 3490/2208/1 2815/2204/1
f 2815/2204/1 1805/130/1 461/3577/1
f 3490/2208/1 53/3563/1 1805/130/1
f 619/3578/1 3491/2205/1 1963/2216/1
f 1963/2216/1 1261/2677/1 109/3336/1
f 3491/2205/1 461/3577/1 1261/2677/1
f 236/3395/1 3492/2202/1 1419/287/1
f 1419/287/1 2816/2203/1 619/3578/1
f 3492/2202/1 993/3576/1 2816/2203/1
f 992/3579/1 3493/2199/1 2811/2195/1
f 2811/2195/1 1968/295/1 624/3580/1
f 3493/2199/1 237/3389/1 1968/295/1
f 314/3581/1 3494/2196/1 1658/3035/1
f 1658/3035/1 1424/2182/1 106/3099/1
f 3494/2196/1 624/3580/1 1424/2182/1
f 21/3582/1 3495/2193/1 1114/14/1
f 1114/14/1 2812/2194/1 314/3581/1
f 3495/2193/1 992/3579/1 2812/2194/1
f 991/3583/1 3496/2190/1 2807/2186/1
f 2807/2186/1 1764/283/1 420/3584/1
f 3496/2190/1 212/3396/1 1764/283/1
f 458/3585/1 3497/2187/1 1802/884/1
f 1802/884/1 1220/2218/1 50/3571/1
f 3497/2187/1 420/3584/1 1220/2218/1
f 106/3099/1 3498/2184/1 1258/731/1
f 1258/731/1 2808/2185/1 458/3585/1
f 3498/2184/1 991/3583/1 2808/2185/1
f 990/3586/1 3499/2181/1 2803/2177/1
f 2803/2177/1 1908/160/1 564/3587/1
f 3499/2181/1 78/3559/1 1908/160/1
f 623/3588/1 3500/2178/1 1967/2189/1
f 1967/2189/1 1364/2587/1 212/3396/1
f 3500/2178/1 564/3587/1 1364/2587/1
f 237/3389/1 3501/2175/1 1423/296/1
f 1423/296/1 2804/2176/1 623/3588/1
f 3501/2175/1 990/3586/1 2804/2176/1
f 989/3589/1 3502/2172/1 2799/2168/1
f 2799/2168/1 1972/304/1 628/3590/1
f 3502/2172/1 238/3383/1 1972/304/1
f 415/3591/1 3503/2169/1 1759/2621/1
f 1759/2621/1 1428/2155/1 207/3375/1
f 3503/2169/1 628/3590/1 1428/2155/1
f 77/3592/1 3504/2166/1 1215/152/1
f 1215/152/1 2800/2167/1 415/3591/1
f 3504/2166/1 989/3589/1 2800/2167/1
f 988/3593/1 3505/2163/1 2795/2159/1
f 2795/2159/1 1700/715/1 356/3594/1
f 3505/2163/1 148/3108/1 1700/715/1
f 559/3595/1 3506/2160/1 1903/2126/1
f 1903/2126/1 1156/922/1 52/3596/1
f 3506/2160/1 356/3594/1 1156/922/1
f 207/3375/1 3507/2157/1 1359/317/1
f 1359/317/1 2796/2158/1 559/3595/1
f 3507/2157/1 988/3593/1 2796/2158/1
f 987/3597/1 3508/2154/1 2791/2150/1
f 2791/2150/1 1844/16/1 500/3598/1
f 3508/2154/1 22/3575/1 1844/16/1
f 627/3599/1 3509/2151/1 1971/2162/1
f 1971/2162/1 1300/3019/1 148/3108/1
f 3509/2151/1 500/3598/1 1300/3019/1
f 238/3383/1 3510/2148/1 1427/305/1
f 1427/305/1 2792/2149/1 627/3599/1
f 3510/2148/1 987/3597/1 2792/2149/1
f 986/3600/1 3511/2145/1 2787/2141/1
f 2787/2141/1 1976/313/1 632/3601/1
f 3511/2145/1 239/3377/1 1976/313/1
f 339/3602/1 3512/2142/1 1683/2558/1
f 1683/2558/1 1432/2128/1 131/3417/1
f 3512/2142/1 632/3601/1 1432/2128/1
f 35/3603/1 3513/2139/1 1139/173/1
f 1139/173/1 2788/2140/1 339/3602/1
f 3513/2139/1 986/3600/1 2788/2140/1
f 985/3604/1 3514/2136/1 2783/2132/1
f 2783/2132/1 1660/346/1 316/3605/1
f 3514/2136/1 108/3354/1 1660/346/1
f 483/3606/1 3515/2133/1 1827/2315/1
f 1827/2315/1 1116/2029/1 19/3533/1
f 3515/2133/1 316/3605/1 1116/2029/1
f 131/3417/1 3516/2130/1 1283/254/1
f 1283/254/1 2784/2131/1 483/3606/1
f 3516/2130/1 985/3604/1 2784/2131/1
f 984/3607/1 3517/2127/1 2779/2123/1
f 2779/2123/1 1804/139/1 460/3608/1
f 3517/2127/1 52/3596/1 1804/139/1
f 631/3609/1 3518/2124/1 1975/2135/1
f 1975/2135/1 1260/2650/1 108/3354/1
f 3518/2124/1 460/3608/1 1260/2650/1
f 239/3377/1 3519/2121/1 1431/314/1
f 1431/314/1 2780/2122/1 631/3609/1
f 3519/2121/1 984/3607/1 2780/2122/1
f 983/3610/1 3520/2118/1 2775/2114/1
f 2775/2114/1 1980/322/1 636/3611/1
f 3520/2118/1 240/3371/1 1980/322/1
f 299/3612/1 3521/2115/1 1643/3053/1
f 1643/3053/1 1436/2101/1 91/3087/1
f 3521/2115/1 636/3611/1 1436/2101/1
f 9/3613/1 3522/2112/1 1099/8/1
f 1099/8/1 2776/2113/1 299/3612/1
f 3522/2112/1 983/3610/1 2776/2113/1
f 982/3614/1 3523/2109/1 2771/2105/1
f 2771/2105/1 1760/310/1 416/3615/1
f 3523/2109/1 208/3378/1 1760/310/1
f 443/3616/1 3524/2106/1 1787/830/1
f 1787/830/1 1216/2137/1 35/3603/1
f 3524/2106/1 416/3615/1 1216/2137/1
f 91/3087/1 3525/2103/1 1243/749/1
f 1243/749/1 2772/2104/1 443/3616/1
f 3525/2103/1 982/3614/1 2772/2104/1
f 981/3617/1 3526/2100/1 2767/2096/1
f 2767/2096/1 1904/151/1 560/3618/1
f 3526/2100/1 77/3592/1 1904/151/1
f 635/3619/1 3527/2097/1 1979/2108/1
f 1979/2108/1 1360/2614/1 208/3378/1
f 3527/2097/1 560/3618/1 1360/2614/1
f 240/3371/1 3528/2094/1 1435/323/1
f 1435/323/1 2768/2095/1 635/3619/1
f 3528/2094/1 981/3617/1 2768/2095/1
f 980/3620/1 3529/2091/1 2763/2087/1
f 2763/2087/1 1984/331/1 640/3621/1
f 3529/2091/1 241/3365/1 1984/331/1
f 411/3622/1 3530/2088/1 1755/2648/1
f 1755/2648/1 1440/2074/1 203/3357/1
f 3530/2088/1 640/3621/1 1440/2074/1
f 76/3623/1 3531/2085/1 1211/143/1
f 1211/143/1 2764/2086/1 411/3622/1
f 3531/2085/1 980/3620/1 2764/2086/1
f 979/3624/1 3532/2082/1 2759/2078/1
f 2759/2078/1 1247/3625/1 447/3626/1
f 3532/2082/1 95/3627/1 1247/3625/1
f 555/3628/1 3533/2079/1 1899/2045/1
f 1899/2045/1 1791/3629/1 39/3630/1
f 3533/2079/1 447/3626/1 1791/3629/1
f 203/3357/1 3534/2076/1 1355/344/1
f 1355/344/1 2760/2077/1 555/3628/1
f 3534/2076/1 979/3624/1 2760/2077/1
f 978/3631/1 3535/2073/1 2755/2069/1
f 2755/2069/1 1103/3632/1 303/3633/1
f 3535/2073/1 11/3634/1 1103/3632/1
f 639/3635/1 3536/2070/1 1983/2081/1
f 1983/2081/1 1647/3636/1 95/3627/1
f 3536/2070/1 303/3633/1 1647/3636/1
f 241/3365/1 3537/2067/1 1439/332/1
f 1439/332/1 2756/2068/1 639/3635/1
f 3537/2067/1 978/3631/1 2756/2068/1
f 977/3637/1 3538/2064/1 2751/2060/1
f 2751/2060/1 1988/340/1 644/3638/1
f 3538/2064/1 242/3359/1 1988/340/1
f 351/3639/1 3539/2061/1 1695/2747/1
f 1695/2747/1 1444/2047/1 143/3291/1
f 3539/2061/1 644/3638/1 1444/2047/1
f 47/3640/1 3540/2058/1 1151/110/1
f 1151/110/1 2752/2059/1 351/3639/1
f 3540/2058/1 977/3637/1 2752/2059/1
f 976/3641/1 3541/2055/1 2747/2051/1
f 2747/2051/1 1287/3642/1 487/3643/1
f 3541/2055/1 135/3644/1 1287/3642/1
f 495/3645/1 3542/2052/1 1839/1748/1
f 1839/1748/1 1831/3646/1 6/3647/1
f 3542/2052/1 487/3643/1 1831/3646/1
f 143/3291/1 3543/2049/1 1295/443/1
f 1295/443/1 2748/2050/1 495/3645/1
f 3543/2049/1 976/3641/1 2748/2050/1
f 975/3648/1 3544/2046/1 2743/2042/1
f 2743/2042/1 1143/3649/1 343/3650/1
f 3544/2046/1 39/3630/1 1143/3649/1
f 643/3651/1 3545/2043/1 1987/2054/1
f 1987/2054/1 1687/3652/1 135/3644/1
f 3545/2043/1 343/3650/1 1687/3652/1
f 242/3359/1 3546/2040/1 1443/341/1
f 1443/341/1 2744/2041/1 643/3651/1
f 3546/2040/1 975/3648/1 2744/2041/1
f 974/3653/1 3547/2037/1 2739/2033/1
f 2739/2033/1 1992/349/1 648/3654/1
f 3547/2037/1 243/3353/1 1992/349/1
f 311/3655/1 3548/2034/1 1655/2990/1
f 1655/2990/1 1448/2020/1 103/3129/1
f 3548/2034/1 648/3654/1 1448/2020/1
f 19/3533/1 3549/2031/1 1111/29/1
f 1111/29/1 2740/2032/1 311/3655/1
f 3549/2031/1 974/3653/1 2740/2032/1
f 973/3656/1 3550/2028/1 2735/2024/1
f 2735/2024/1 1756/337/1 412/3657/1
f 3550/2028/1 204/3360/1 1756/337/1
f 455/3658/1 3551/2025/1 1799/1019/1
f 1799/1019/1 1212/2056/1 47/3640/1
f 3551/2025/1 412/3657/1 1212/2056/1
f 103/3129/1 3552/2022/1 1255/686/1
f 1255/686/1 2736/2023/1 455/3658/1
f 3552/2022/1 973/3656/1 2736/2023/1
f 972/3659/1 3553/2019/1 2731/2015/1
f 2731/2015/1 1900/142/1 556/3660/1
f 3553/2019/1 76/3623/1 1900/142/1
f 647/3661/1 3554/2016/1 1991/2027/1
f 1991/2027/1 1356/2641/1 204/3360/1
f 3554/2016/1 556/3660/1 1356/2641/1
f 243/3353/1 3555/2013/1 1447/350/1
f 1447/350/1 2732/2014/1 647/3661/1
f 3555/2013/1 972/3659/1 2732/2014/1
f 971/3662/1 3556/2010/1 2727/2006/1
f 2727/2006/1 1996/358/1 652/3663/1
f 3556/2010/1 244/3347/1 1996/358/1
f 407/3664/1 3557/2007/1 1751/2675/1
f 1751/2675/1 1452/1993/1 199/3339/1
f 3557/2007/1 652/3663/1 1452/1993/1
f 75/3665/1 3558/2004/1 1207/134/1
f 1207/134/1 2728/2005/1 407/3664/1
f 3558/2004/1 971/3662/1 2728/2005/1
f 970/3666/1 3559/2001/1 2723/1997/1
f 2723/1997/1 1235/3667/1 435/3668/1
f 3559/2001/1 83/3669/1 1235/3667/1
f 551/3670/1 3560/1998/1 1895/1964/1
f 1895/1964/1 1779/3671/1 27/3672/1
f 3560/1998/1 435/3668/1 1779/3671/1
f 199/3339/1 3561/1995/1 1351/371/1
f 1351/371/1 2724/1996/1 551/3670/1
f 3561/1995/1 970/3666/1 2724/1996/1
f 969/3673/1 3562/1992/1 2719/1988/1
f 2719/1988/1 1091/3674/1 291/3675/1
f 3562/1992/1 2/3676/1 1091/3674/1
f 651/3677/1 3563/1989/1 1995/2000/1
f 1995/2000/1 1635/3678/1 83/3669/1
f 3563/1989/1 291/3675/1 1635/3678/1
f 244/3347/1 3564/1986/1 1451/359/1
f 1451/359/1 2720/1987/1 651/3677/1
f 3564/1986/1 969/3673/1 2720/1987/1
f 968/3679/1 3565/1983/1 2715/1979/1
f 2715/1979/1 2000/367/1 656/3680/1
f 3565/1983/1 245/3341/1 2000/367/1
f 355/3681/1 3566/1980/1 1699/2639/1
f 1699/2639/1 1456/1966/1 147/3363/1
f 3566/1980/1 656/3680/1 1456/1966/1
f 51/3682/1 3567/1977/1 1155/146/1
f 1155/146/1 2716/1978/1 355/3681/1
f 3567/1977/1 968/3679/1 2716/1978/1
f 967/3683/1 3568/1974/1 2711/1970/1
f 2711/1970/1 1275/3684/1 475/3685/1
f 3568/1974/1 123/3686/1 1275/3684/1
f 499/3687/1 3569/1971/1 1843/2072/1
f 1843/2072/1 1819/3688/1 11/3634/1
f 3569/1971/1 475/3685/1 1819/3688/1
f 147/3363/1 3570/1968/1 1299/335/1
f 1299/335/1 2712/1969/1 499/3687/1
f 3570/1968/1 967/3683/1 2712/1969/1
f 966/3689/1 3571/1965/1 2707/1961/1
f 2707/1961/1 1131/3690/1 331/3691/1
f 3571/1965/1 27/3672/1 1131/3690/1
f 655/3692/1 3572/1962/1 1999/1973/1
f 1999/1973/1 1675/3693/1 123/3686/1
f 3572/1962/1 331/3691/1 1675/3693/1
f 245/3341/1 3573/1959/1 1455/368/1
f 1455/368/1 2708/1960/1 655/3692/1
f 3573/1959/1 966/3689/1 2708/1960/1
f 965/3694/1 3574/1956/1 2703/1952/1
f 2703/1952/1 2004/376/1 660/3695/1
f 3574/1956/1 246/3335/1 2004/376/1
f 315/3696/1 3575/1953/1 1659/3026/1
f 1659/3026/1 1460/1939/1 107/3105/1
f 3575/1953/1 660/3695/1 1460/1939/1
f 22/3575/1 3576/1950/1 1115/17/1
f 1115/17/1 2704/1951/1 315/3696/1
f 3576/1950/1 965/3694/1 2704/1951/1
f 964/3697/1 3577/1947/1 2699/1943/1
f 2699/1943/1 1752/364/1 408/3698/1
f 3577/1947/1 200/3342/1 1752/364/1
f 459/3699/1 3578/1944/1 1803/911/1
f 1803/911/1 1208/1975/1 51/3682/1
f 3578/1944/1 408/3698/1 1208/1975/1
f 107/3105/1 3579/1941/1 1259/722/1
f 1259/722/1 2700/1942/1 459/3699/1
f 3579/1941/1 964/3697/1 2700/1942/1
f 963/3700/1 3580/1938/1 2695/1934/1
f 2695/1934/1 1896/133/1 552/3701/1
f 3580/1938/1 75/3665/1 1896/133/1
f 659/3702/1 3581/1935/1 2003/1946/1
f 2003/1946/1 1352/2668/1 200/3342/1
f 3581/1935/1 552/3701/1 1352/2668/1
f 246/3335/1 3582/1932/1 1459/377/1
f 1459/377/1 2696/1933/1 659/3702/1
f 3582/1932/1 963/3700/1 2696/1933/1
f 962/3703/1 3583/1929/1 2691/1925/1
f 2691/1925/1 2008/385/1 664/3704/1
f 3583/1929/1 247/3329/1 2008/385/1
f 403/3705/1 3584/1926/1 1747/2702/1
f 1747/2702/1 1464/1912/1 195/3321/1
f 3584/1926/1 664/3704/1 1464/1912/1
f 74/3706/1 3585/1923/1 1203/125/1
f 1203/125/1 2692/1924/1 403/3705/1
f 3585/1923/1 962/3703/1 2692/1924/1
f 961/3707/1 3586/1920/1 2687/1916/1
f 2687/1916/1 1704/688/1 360/3708/1
f 3586/1920/1 152/3126/1 1704/688/1
f 547/3709/1 3587/1917/1 1891/1883/1
f 1891/1883/1 1160/1003/1 56/3710/1
f 3587/1917/1 360/3708/1 1160/1003/1
f 195/3321/1 3588/1914/1 1347/398/1
f 1347/398/1 2688/1915/1 547/3709/1
f 3588/1914/1 961/3707/1 2688/1915/1
f 960/3711/1 3589/1911/1 2683/1907/1
f 2683/1907/1 1848/25/1 504/3712/1
f 3589/1911/1 23/3542/1 1848/25/1
f 663/3713/1 3590/1908/1 2007/1919/1
f 2007/1919/1 1304/2992/1 152/3126/1
f 3590/1908/1 504/3712/1 1304/2992/1
f 247/3329/1 3591/1905/1 1463/386/1
f 1463/386/1 2684/1906/1 663/3713/1
f 3591/1905/1 960/3711/1 2684/1906/1
f 959/3714/1 3592/1902/1 2679/1898/1
f 2679/1898/1 2012/394/1 668/3715/1
f 3592/1902/1 248/3323/1 2012/394/1
f 446/3716/1 3593/1899/1 1246/3717/1
f 1246/3717/1 1468/1885/1 94/3718/1
f 3593/1899/1 668/3715/1 1468/1885/1
f 38/3719/1 3594/1896/1 1790/3720/1
f 1790/3720/1 2680/1897/1 446/3716/1
f 3594/1896/1 959/3714/1 2680/1897/1
f 958/3721/1 3595/1893/1 2675/1889/1
f 2675/1889/1 1664/427/1 320/3722/1
f 3595/1893/1 112/3300/1 1664/427/1
f 302/3723/1 3596/1890/1 1102/3724/1
f 1102/3724/1 1120/1786/1 10/3725/1
f 3596/1890/1 320/3722/1 1120/1786/1
f 94/3718/1 3597/1887/1 1646/3726/1
f 1646/3726/1 2676/1888/1 302/3723/1
f 3597/1887/1 958/3721/1 2676/1888/1
f 957/3727/1 3598/1884/1 2671/1880/1
f 2671/1880/1 1808/112/1 464/3728/1
f 3598/1884/1 56/3710/1 1808/112/1
f 667/3729/1 3599/1881/1 2011/1892/1
f 2011/1892/1 1264/2731/1 112/3300/1
f 3599/1881/1 464/3728/1 1264/2731/1
f 248/3323/1 3600/1878/1 1467/395/1
f 1467/395/1 2672/1879/1 667/3729/1
f 3600/1878/1 957/3727/1 2672/1879/1
f 956/3730/1 3601/1875/1 2667/1871/1
f 2667/1871/1 2016/403/1 672/3731/1
f 3601/1875/1 249/3317/1 2016/403/1
f 486/3732/1 3602/1872/1 1286/3733/1
f 1286/3733/1 1472/1858/1 134/3734/1
f 3602/1872/1 672/3731/1 1472/1858/1
f 5/3735/1 3603/1869/1 1830/3736/1
f 1830/3736/1 2668/1870/1 486/3732/1
f 3603/1869/1 956/3730/1 2668/1870/1
f 955/3737/1 3604/1866/1 2663/1862/1
f 2663/1862/1 1748/391/1 404/3738/1
f 3604/1866/1 196/3324/1 1748/391/1
f 342/3739/1 3605/1863/1 1142/3740/1
f 1142/3740/1 1204/1894/1 38/3719/1
f 3605/1863/1 404/3738/1 1204/1894/1
f 134/3734/1 3606/1860/1 1686/3741/1
f 1686/3741/1 2664/1861/1 342/3739/1
f 3606/1860/1 955/3737/1 2664/1861/1
f 954/3742/1 3607/1857/1 2659/1853/1
f 2659/1853/1 1892/124/1 548/3743/1
f 3607/1857/1 74/3706/1 1892/124/1
f 671/3744/1 3608/1854/1 2015/1865/1
f 2015/1865/1 1348/2695/1 196/3324/1
f 3608/1854/1 548/3743/1 1348/2695/1
f 249/3317/1 3609/1851/1 1471/404/1
f 1471/404/1 2660/1852/1 671/3744/1
f 3609/1851/1 954/3742/1 2660/1852/1
f 953/3745/1 3610/1848/1 2655/1844/1
f 2655/1844/1 2020/412/1 676/3746/1
f 3610/1848/1 250/3311/1 2020/412/1
f 399/3747/1 3611/1845/1 1743/2729/1
f 1743/2729/1 1476/1831/1 191/3303/1
f 3611/1845/1 676/3746/1 1476/1831/1
f 73/3748/1 3612/1842/1 1199/116/1
f 1199/116/1 2656/1843/1 399/3747/1
f 3612/1842/1 953/3745/1 2656/1843/1
f 952/3749/1 3613/1839/1 2651/1835/1
f 2651/1835/1 1251/3750/1 451/3751/1
f 3613/1839/1 99/3752/1 1251/3750/1
f 543/3753/1 3614/1836/1 1887/1802/1
f 1887/1802/1 1795/3754/1 43/3755/1
f 3614/1836/1 451/3751/1 1795/3754/1
f 191/3303/1 3615/1833/1 1343/425/1
f 1343/425/1 2652/1834/1 543/3753/1
f 3615/1833/1 952/3749/1 2652/1834/1
f 951/3756/1 3616/1830/1 2647/1826/1
f 2647/1826/1 1107/3757/1 307/3758/1
f 3616/1830/1 15/3759/1 1107/3757/1
f 675/3760/1 3617/1827/1 2019/1838/1
f 2019/1838/1 1651/3761/1 99/3752/1
f 3617/1827/1 307/3758/1 1651/3761/1
f 250/3311/1 3618/1824/1 1475/413/1
f 1475/413/1 2648/1825/1 675/3760/1
f 3618/1824/1 951/3756/1 2648/1825/1
f 950/3762/1 3619/1821/1 2643/1817/1
f 2643/1817/1 2024/421/1 680/3763/1
f 3619/1821/1 251/3305/1 2024/421/1
f 434/3764/1 3620/1818/1 1234/3765/1
f 1234/3765/1 1480/1804/1 82/3766/1
f 3620/1818/1 680/3763/1 1480/1804/1
f 26/3767/1 3621/1815/1 1778/3768/1
f 1778/3768/1 2644/1816/1 434/3764/1
f 3621/1815/1 950/3762/1 2644/1816/1
f 949/3769/1 3622/1812/1 2639/1808/1
f 2639/1808/1 1291/3770/1 491/3771/1
f 3622/1812/1 139/3772/1 1291/3770/1
f 290/3773/1 3623/1809/1 1090/3774/1
f 1090/3774/1 1835/3775/1 1/3776/1
f 3623/1809/1 491/3771/1 1835/3775/1
f 82/3766/1 3624/1806/1 1634/3777/1
f 1634/3777/1 2640/1807/1 290/3773/1
f 3624/1806/1 949/3769/1 2640/1807/1
f 948/3778/1 3625/1803/1 2635/1799/1
f 2635/1799/1 1147/3779/1 347/3780/1
f 3625/1803/1 43/3755/1 1147/3779/1
f 679/3781/1 3626/1800/1 2023/1811/1
f 2023/1811/1 1691/3782/1 139/3772/1
f 3626/1800/1 347/3780/1 1691/3782/1
f 251/3305/1 3627/1797/1 1479/422/1
f 1479/422/1 2636/1798/1 679/3781/1
f 3627/1797/1 948/3778/1 2636/1798/1
f 947/3783/1 3628/1794/1 2631/1790/1
f 2631/1790/1 2028/430/1 684/3784/1
f 3628/1794/1 252/3299/1 2028/430/1
f 474/3785/1 3629/1791/1 1274/3786/1
f 1274/3786/1 1484/1777/1 122/3787/1
f 3629/1791/1 684/3784/1 1484/1777/1
f 10/3725/1 3630/1788/1 1818/3788/1
f 1818/3788/1 2632/1789/1 474/3785/1
f 3630/1788/1 947/3783/1 2632/1789/1
f 946/3789/1 3631/1785/1 2627/1781/1
f 2627/1781/1 1744/418/1 400/3790/1
f 3631/1785/1 192/3306/1 1744/418/1
f 330/3791/1 3632/1782/1 1130/3792/1
f 1130/3792/1 1200/1813/1 26/3767/1
f 3632/1782/1 400/3790/1 1200/1813/1
f 122/3787/1 3633/1779/1 1674/3793/1
f 1674/3793/1 2628/1780/1 330/3791/1
f 3633/1779/1 946/3789/1 2628/1780/1
f 945/3794/1 3634/1776/1 2623/1772/1
f 2623/1772/1 1888/115/1 544/3795/1
f 3634/1776/1 73/3748/1 1888/115/1
f 683/3796/1 3635/1773/1 2027/1784/1
f 2027/1784/1 1344/2722/1 192/3306/1
f 3635/1773/1 544/3795/1 1344/2722/1
f 252/3299/1 3636/1770/1 1483/431/1
f 1483/431/1 2624/1771/1 683/3796/1
f 3636/1770/1 945/3794/1 2624/1771/1
f 944/3797/1 3637/1767/1 2619/1763/1
f 2619/1763/1 2032/439/1 688/3798/1
f 3637/1767/1 253/3293/1 2032/439/1
f 395/3799/1 3638/1764/1 1739/2756/1
f 1739/2756/1 1488/1750/1 187/3285/1
f 3638/1764/1 688/3798/1 1488/1750/1
f 72/3800/1 3639/1761/1 1195/107/1
f 1195/107/1 2620/1762/1 395/3799/1
f 3639/1761/1 944/3797/1 2620/1762/1
f 943/3801/1 3640/1758/1 2615/1754/1
f 2615/1754/1 1239/3802/1 439/3803/1
f 3640/1758/1 87/3804/1 1239/3802/1
f 539/3805/1 3641/1755/1 1883/1721/1
f 1883/1721/1 1783/3806/1 31/3807/1
f 3641/1755/1 439/3803/1 1783/3806/1
f 187/3285/1 3642/1752/1 1339/452/1
f 1339/452/1 2616/1753/1 539/3805/1
f 3642/1752/1 943/3801/1 2616/1753/1
f 942/3808/1 3643/1749/1 2611/1745/1
f 2611/1745/1 1095/3809/1 295/3810/1
f 3643/1749/1 6/3647/1 1095/3809/1
f 687/3811/1 3644/1746/1 2031/1757/1
f 2031/1757/1 1639/3812/1 87/3804/1
f 3644/1746/1 295/3810/1 1639/3812/1
f 253/3293/1 3645/1743/1 1487/440/1
f 1487/440/1 2612/1744/1 687/3811/1
f 3645/1743/1 942/3808/1 2612/1744/1
f 941/3813/1 3646/1740/1 2607/1736/1
f 2607/1736/1 2036/448/1 692/3814/1
f 3646/1740/1 254/3287/1 2036/448/1
f 359/3815/1 3647/1737/1 1703/2720/1
f 1703/2720/1 1492/1723/1 151/3309/1
f 3647/1737/1 692/3814/1 1492/1723/1
f 55/3816/1 3648/1734/1 1159/119/1
f 1159/119/1 2608/1735/1 359/3815/1
f 3648/1734/1 941/3813/1 2608/1735/1
f 940/3817/1 3649/1731/1 2603/1727/1
f 2603/1727/1 1279/3818/1 479/3819/1
f 3649/1731/1 127/3820/1 1279/3818/1
f 503/3821/1 3650/1728/1 1847/1829/1
f 1847/1829/1 1823/3822/1 15/3759/1
f 3650/1728/1 479/3819/1 1823/3822/1
f 151/3309/1 3651/1725/1 1303/416/1
f 1303/416/1 2604/1726/1 503/3821/1
f 3651/1725/1 940/3817/1 2604/1726/1
f 939/3823/1 3652/1722/1 2599/1718/1
f 2599/1718/1 1135/3824/1 335/3825/1
f 3652/1722/1 31/3807/1 1135/3824/1
f 691/3826/1 3653/1719/1 2035/1730/1
f 2035/1730/1 1679/3827/1 127/3820/1
f 3653/1719/1 335/3825/1 1679/3827/1
f 254/3287/1 3654/1716/1 1491/449/1
f 1491/449/1 2600/1717/1 691/3826/1
f 3654/1716/1 939/3823/1 2600/1717/1
f 938/3828/1 3655/1713/1 2595/1709/1
f 2595/1709/1 2040/457/1 696/3829/1
f 3655/1713/1 255/3281/1 2040/457/1
f 319/3830/1 3656/1710/1 1663/2999/1
f 1663/2999/1 1496/1696/1 111/3123/1
f 3656/1710/1 696/3829/1 1496/1696/1
f 23/3542/1 3657/1707/1 1119/26/1
f 1119/26/1 2596/1708/1 319/3830/1
f 3657/1707/1 938/3828/1 2596/1708/1
f 937/3831/1 3658/1704/1 2591/1700/1
f 2591/1700/1 1740/445/1 396/3832/1
f 3658/1704/1 188/3288/1 1740/445/1
f 463/3833/1 3659/1701/1 1807/992/1
f 1807/992/1 1196/1732/1 55/3816/1
f 3659/1701/1 396/3832/1 1196/1732/1
f 111/3123/1 3660/1698/1 1263/695/1
f 1263/695/1 2592/1699/1 463/3833/1
f 3660/1698/1 937/3831/1 2592/1699/1
f 936/3834/1 3661/1695/1 2587/1691/1
f 2587/1691/1 1884/106/1 540/3835/1
f 3661/1695/1 72/3800/1 1884/106/1
f 695/3836/1 3662/1692/1 2039/1703/1
f 2039/1703/1 1340/2749/1 188/3288/1
f 3662/1692/1 540/3835/1 1340/2749/1
f 255/3281/1 3663/1689/1 1495/458/1
f 1495/458/1 2588/1690/1 695/3836/1
f 3663/1689/1 936/3834/1 2588/1690/1
f 935/3837/1 3664/1686/1 2583/1682/1
f 2583/1682/1 2044/466/1 700/3838/1
f 3664/1686/1 256/3275/1 2044/466/1
f 391/3839/1 3665/1683/1 1735/2783/1
f 1735/2783/1 1500/1669/1 183/3267/1
f 3665/1683/1 700/3838/1 1500/1669/1
f 71/3840/1 3666/1680/1 1191/98/1
f 1191/98/1 2584/1681/1 391/3839/1
f 3666/1680/1 935/3837/1 2584/1681/1
f 934/3841/1 3667/1677/1 2579/1673/1
f 2579/1673/1 1708/661/1 364/3842/1
f 3667/1677/1 156/3144/1 1708/661/1
f 535/3843/1 3668/1674/1 1879/1640/1
f 1879/1640/1 1164/1084/1 60/3844/1
f 3668/1674/1 364/3842/1 1164/1084/1
f 183/3267/1 3669/1671/1 1335/479/1
f 1335/479/1 2580/1672/1 535/3843/1
f 3669/1671/1 934/3841/1 2580/1672/1
f 933/3845/1 3670/1668/1 2575/1664/1
f 2575/1664/1 1852/34/1 508/3846/1
f 3670/1668/1 24/3509/1 1852/34/1
f 699/3847/1 3671/1665/1 2043/1676/1
f 2043/1676/1 1308/2965/1 156/3144/1
f 3671/1665/1 508/3846/1 1308/2965/1
f 256/3275/1 3672/1662/1 1499/467/1
f 1499/467/1 2576/1663/1 699/3847/1
f 3672/1662/1 933/3845/1 2576/1663/1
f 932/3848/1 3673/1659/1 2571/1655/1
f 2571/1655/1 2048/475/1 704/3849/1
f 3673/1659/1 257/3269/1 2048/475/1
f 450/3850/1 3674/1656/1 1250/3851/1
f 1250/3851/1 1504/1642/1 98/3852/1
f 3674/1656/1 704/3849/1 1504/1642/1
f 42/3853/1 3675/1653/1 1794/3854/1
f 1794/3854/1 2572/1654/1 450/3850/1
f 3675/1653/1 932/3848/1 2572/1654/1
f 931/3855/1 3676/1650/1 2567/1646/1
f 2567/1646/1 1668/508/1 324/3856/1
f 3676/1650/1 116/3246/1 1668/508/1
f 306/3857/1 3677/1647/1 1106/3858/1
f 1106/3858/1 1124/1543/1 14/3859/1
f 3677/1647/1 324/3856/1 1124/1543/1
f 98/3852/1 3678/1644/1 1650/3860/1
f 1650/3860/1 2568/1645/1 306/3857/1
f 3678/1644/1 931/3855/1 2568/1645/1
f 930/3861/1 3679/1641/1 2563/1637/1
f 2563/1637/1 1812/85/1 468/3862/1
f 3679/1641/1 60/3844/1 1812/85/1
f 703/3863/1 3680/1638/1 2047/1649/1
f 2047/1649/1 1268/2812/1 116/3246/1
f 3680/1638/1 468/3862/1 1268/2812/1
f 257/3269/1 3681/1635/1 1503/476/1
f 1503/476/1 2564/1636/1 703/3863/1
f 3681/1635/1 930/3861/1 2564/1636/1
f 929/3864/1 3682/1632/1 2559/1628/1
f 2559/1628/1 2052/484/1 708/3865/1
f 3682/1632/1 258/3263/1 2052/484/1
f 490/3866/1 3683/1629/1 1290/3867/1
f 1290/3867/1 1508/1615/1 138/3868/1
f 3683/1629/1 708/3865/1 1508/1615/1
f 3/3869/1 3684/1626/1 1834/3870/1
f 1834/3870/1 2560/1627/1 490/3866/1
f 3684/1626/1 929/3864/1 2560/1627/1
f 928/3871/1 3685/1623/1 2555/1619/1
f 2555/1619/1 1736/472/1 392/3872/1
f 3685/1623/1 184/3270/1 1736/472/1
f 346/3873/1 3686/1620/1 1146/3874/1
f 1146/3874/1 1192/1651/1 42/3853/1
f 3686/1620/1 392/3872/1 1192/1651/1
f 138/3868/1 3687/1617/1 1690/3875/1
f 1690/3875/1 2556/1618/1 346/3873/1
f 3687/1617/1 928/3871/1 2556/1618/1
f 927/3876/1 3688/1614/1 2551/1610/1
f 2551/1610/1 1880/97/1 536/3877/1
f 3688/1614/1 71/3840/1 1880/97/1
f 707/3878/1 3689/1611/1 2051/1622/1
f 2051/1622/1 1336/2776/1 184/3270/1
f 3689/1611/1 536/3877/1 1336/2776/1
f 258/3263/1 3690/1608/1 1507/485/1
f 1507/485/1 2552/1609/1 707/3878/1
f 3690/1608/1 927/3876/1 2552/1609/1
f 926/3879/1 3691/1605/1 2547/1601/1
f 2547/1601/1 2056/493/1 712/3880/1
f 3691/1605/1 259/3257/1 2056/493/1
f 387/3881/1 3692/1602/1 1731/2810/1
f 1731/2810/1 1512/1588/1 179/3249/1
f 3692/1602/1 712/3880/1 1512/1588/1
f 70/3882/1 3693/1599/1 1187/89/1
f 1187/89/1 2548/1600/1 387/3881/1
f 3693/1599/1 926/3879/1 2548/1600/1
f 925/3883/1 3694/1596/1 2543/1592/1
f 2543/1592/1 1684/697/1 340/3884/1
f 3694/1596/1 132/3120/1 1684/697/1
f 531/3885/1 3695/1593/1 1875/1559/1
f 1875/1559/1 1140/976/1 36/3886/1
f 3695/1593/1 340/3884/1 1140/976/1
f 179/3249/1 3696/1590/1 1331/506/1
f 1331/506/1 2544/1591/1 531/3885/1
f 3696/1590/1 925/3883/1 2544/1591/1
f 924/3887/1 3697/1587/1 2539/1583/1
f 2539/1583/1 1828/22/1 484/3888/1
f 3697/1587/1 20/3549/1 1828/22/1
f 711/3889/1 3698/1584/1 2055/1595/1
f 2055/1595/1 1284/3001/1 132/3120/1
f 3698/1584/1 484/3888/1 1284/3001/1
f 259/3257/1 3699/1581/1 1511/494/1
f 1511/494/1 2540/1582/1 711/3889/1
f 3699/1581/1 924/3887/1 2540/1582/1
f 923/3890/1 3700/1578/1 2535/1574/1
f 2535/1574/1 2060/502/1 716/3891/1
f 3700/1578/1 260/3251/1 2060/502/1
f 438/3892/1 3701/1575/1 1238/3893/1
f 1238/3893/1 1516/1561/1 86/3894/1
f 3701/1575/1 716/3891/1 1516/1561/1
f 30/3895/1 3702/1572/1 1782/3896/1
f 1782/3896/1 2536/1573/1 438/3892/1
f 3702/1572/1 923/3890/1 2536/1573/1
f 922/3897/1 3703/1569/1 2531/1565/1
f 2531/1565/1 1644/400/1 300/3898/1
f 3703/1569/1 92/3318/1 1644/400/1
f 294/3899/1 3704/1566/1 1094/3900/1
f 1094/3900/1 1100/1867/1 5/3735/1
f 3704/1566/1 300/3898/1 1100/1867/1
f 86/3894/1 3705/1563/1 1638/3901/1
f 1638/3901/1 2532/1564/1 294/3899/1
f 3705/1563/1 922/3897/1 2532/1564/1
f 921/3902/1 3706/1560/1 2527/1556/1
f 2527/1556/1 1788/121/1 444/3903/1
f 3706/1560/1 36/3886/1 1788/121/1
f 715/3904/1 3707/1557/1 2059/1568/1
f 2059/1568/1 1244/2704/1 92/3318/1
f 3707/1557/1 444/3903/1 1244/2704/1
f 260/3251/1 3708/1554/1 1515/503/1
f 1515/503/1 2528/1555/1 715/3904/1
f 3708/1554/1 921/3902/1 2528/1555/1
f 920/3905/1 3709/1551/1 2523/1547/1
f 2523/1547/1 2064/511/1 720/3906/1
f 3709/1551/1 261/3245/1 2064/511/1
f 478/3907/1 3710/1548/1 1278/3908/1
f 1278/3908/1 1520/1534/1 126/3909/1
f 3710/1548/1 720/3906/1 1520/1534/1
f 14/3859/1 3711/1545/1 1822/3910/1
f 1822/3910/1 2524/1546/1 478/3907/1
f 3711/1545/1 920/3905/1 2524/1546/1
f 919/3911/1 3712/1542/1 2519/1538/1
f 2519/1538/1 1732/499/1 388/3912/1
f 3712/1542/1 180/3252/1 1732/499/1
f 334/3913/1 3713/1539/1 1134/3914/1
f 1134/3914/1 1188/1570/1 30/3895/1
f 3713/1539/1 388/3912/1 1188/1570/1
f 126/3909/1 3714/1536/1 1678/3915/1
f 1678/3915/1 2520/1537/1 334/3913/1
f 3714/1536/1 919/3911/1 2520/1537/1
f 918/3916/1 3715/1533/1 2515/1529/1
f 2515/1529/1 1876/88/1 532/3917/1
f 3715/1533/1 70/3882/1 1876/88/1
f 719/3918/1 3716/1530/1 2063/1541/1
f 2063/1541/1 1332/2803/1 180/3252/1
f 3716/1530/1 532/3917/1 1332/2803/1
f 261/3245/1 3717/1527/1 1519/512/1
f 1519/512/1 2516/1528/1 719/3918/1
f 3717/1527/1 918/3916/1 2516/1528/1
f 917/3919/1 3718/1524/1 2511/1520/1
f 2511/1520/1 2068/520/1 724/3920/1
f 3718/1524/1 262/3239/1 2068/520/1
f 383/3921/1 3719/1521/1 1727/2837/1
f 1727/2837/1 1524/1507/1 175/3231/1
f 3719/1521/1 724/3920/1 1524/1507/1
f 69/3922/1 3720/1518/1 1183/80/1
f 1183/80/1 2512/1519/1 383/3921/1
f 3720/1518/1 917/3919/1 2512/1519/1
f 916/3923/1 3721/1515/1 2507/1511/1
f 2507/1511/1 1696/742/1 352/3924/1
f 3721/1515/1 144/3090/1 1696/742/1
f 527/3925/1 3722/1512/1 1871/1478/1
f 1871/1478/1 1152/841/1 48/3926/1
f 3722/1512/1 352/3924/1 1152/841/1
f 175/3231/1 3723/1509/1 1327/533/1
f 1327/533/1 2508/1510/1 527/3925/1
f 3723/1509/1 916/3923/1 2508/1510/1
f 915/3927/1 3724/1506/1 2503/1502/1
f 2503/1502/1 1840/7/1 496/3928/1
f 3724/1506/1 9/3613/1 1840/7/1
f 723/3929/1 3725/1503/1 2067/1514/1
f 2067/1514/1 1296/3046/1 144/3090/1
f 3725/1503/1 496/3928/1 1296/3046/1
f 262/3239/1 3726/1500/1 1523/521/1
f 1523/521/1 2504/1501/1 723/3929/1
f 3726/1500/1 915/3927/1 2504/1501/1
f 914/3930/1 3727/1497/1 2499/1493/1
f 2499/1493/1 2072/529/1 728/3931/1
f 3727/1497/1 263/3233/1 2072/529/1
f 363/3932/1 3728/1494/1 1707/2801/1
f 1707/2801/1 1528/1480/1 155/3255/1
f 3728/1494/1 728/3931/1 1528/1480/1
f 59/3933/1 3729/1491/1 1163/92/1
f 1163/92/1 2500/1492/1 363/3932/1
f 3729/1491/1 914/3930/1 2500/1492/1
f 913/3934/1 3730/1488/1 2495/1484/1
f 2495/1484/1 1656/265/1 312/3935/1
f 3730/1488/1 104/3408/1 1656/265/1
f 507/3936/1 3731/1485/1 1851/1586/1
f 1851/1586/1 1112/2272/1 20/3549/1
f 3731/1485/1 312/3935/1 1112/2272/1
f 155/3255/1 3732/1482/1 1307/497/1
f 1307/497/1 2496/1483/1 507/3936/1
f 3732/1482/1 913/3934/1 2496/1483/1
f 912/3937/1 3733/1479/1 2491/1475/1
f 2491/1475/1 1800/166/1 456/3938/1
f 3733/1479/1 48/3926/1 1800/166/1
f 727/3939/1 3734/1476/1 2071/1487/1
f 2071/1487/1 1256/2569/1 104/3408/1
f 3734/1476/1 456/3938/1 1256/2569/1
f 263/3233/1 3735/1473/1 1527/530/1
f 1527/530/1 2492/1474/1 727/3939/1
f 3735/1473/1 912/3937/1 2492/1474/1
f 911/3940/1 3736/1470/1 2487/1466/1
f 2487/1466/1 2076/538/1 732/3941/1
f 3736/1470/1 264/3227/1 2076/538/1
f 323/3942/1 3737/1467/1 1667/2972/1
f 1667/2972/1 1532/1453/1 115/3141/1
f 3737/1467/1 732/3941/1 1532/1453/1
f 24/3509/1 3738/1464/1 1123/35/1
f 1123/35/1 2488/1465/1 323/3942/1
f 3738/1464/1 911/3940/1 2488/1465/1
f 910/3943/1 3739/1461/1 2483/1457/1
f 2483/1457/1 1728/526/1 384/3944/1
f 3739/1461/1 176/3234/1 1728/526/1
f 467/3945/1 3740/1458/1 1811/1073/1
f 1811/1073/1 1184/1489/1 59/3933/1
f 3740/1458/1 384/3944/1 1184/1489/1
f 115/3141/1 3741/1455/1 1267/668/1
f 1267/668/1 2484/1456/1 467/3945/1
f 3741/1455/1 910/3943/1 2484/1456/1
f 909/3946/1 3742/1452/1 2479/1448/1
f 2479/1448/1 1872/79/1 528/3947/1
f 3742/1452/1 69/3922/1 1872/79/1
f 731/3948/1 3743/1449/1 2075/1460/1
f 2075/1460/1 1328/2830/1 176/3234/1
f 3743/1449/1 528/3947/1 1328/2830/1
f 264/3227/1 3744/1446/1 1531/539/1
f 1531/539/1 2480/1447/1 731/3948/1
f 3744/1446/1 909/3946/1 2480/1447/1
f 908/3949/1 3745/1443/1 2475/1439/1
f 2475/1439/1 2080/547/1 736/3950/1
f 3745/1443/1 265/3221/1 2080/547/1
f 379/3951/1 3746/1440/1 1723/2864/1
f 1723/2864/1 1536/1426/1 171/3213/1
f 3746/1440/1 736/3950/1 1536/1426/1
f 68/3952/1 3747/1437/1 1179/71/1
f 1179/71/1 2476/1438/1 379/3951/1
f 3747/1437/1 908/3949/1 2476/1438/1
f 907/3953/1 3748/1434/1 2471/1430/1
f 2471/1430/1 1712/634/1 368/3954/1
f 3748/1434/1 160/3162/1 1712/634/1
f 523/3955/1 3749/1431/1 1867/1397/1
f 1867/1397/1 1168/1165/1 64/3956/1
f 3749/1431/1 368/3954/1 1168/1165/1
f 171/3213/1 3750/1428/1 1323/560/1
f 1323/560/1 2472/1429/1 523/3955/1
f 3750/1428/1 907/3953/1 2472/1429/1
f 906/3957/1 3751/1425/1 2467/1421/1
f 2467/1421/1 1856/43/1 512/3958/1
f 3751/1425/1 25/3476/1 1856/43/1
f 735/3959/1 3752/1422/1 2079/1433/1
f 2079/1433/1 1312/2938/1 160/3162/1
f 3752/1422/1 512/3958/1 1312/2938/1
f 265/3221/1 3753/1419/1 1535/548/1
f 1535/548/1 2468/1420/1 735/3959/1
f 3753/1419/1 906/3957/1 2468/1420/1
f 905/3960/1 3754/1416/1 2463/1412/1
f 2463/1412/1 2084/556/1 740/3961/1
f 3754/1416/1 266/3215/1 2084/556/1
f 338/3962/1 3755/1413/1 1682/2531/1
f 1682/2531/1 1540/1399/1 130/3435/1
f 3755/1413/1 740/3961/1 1540/1399/1
f 34/3963/1 3756/1410/1 1138/182/1
f 1138/182/1 2464/1411/1 338/3962/1
f 3756/1410/1 905/3960/1 2464/1411/1
f 904/3964/1 3757/1407/1 2459/1403/1
f 2459/1403/1 1672/589/1 328/3965/1
f 3757/1407/1 120/3192/1 1672/589/1
f 482/3966/1 3758/1404/1 1826/2396/1
f 1826/2396/1 1128/1300/1 18/3500/1
f 3758/1404/1 328/3965/1 1128/1300/1
f 130/3435/1 3759/1401/1 1282/227/1
f 1282/227/1 2460/1402/1 482/3966/1
f 3759/1401/1 904/3964/1 2460/1402/1
f 903/3967/1 3760/1398/1 2455/1394/1
f 2455/1394/1 1816/58/1 472/3968/1
f 3760/1398/1 64/3956/1 1816/58/1
f 739/3969/1 3761/1395/1 2083/1406/1
f 2083/1406/1 1272/2893/1 120/3192/1
f 3761/1395/1 472/3968/1 1272/2893/1
f 266/3215/1 3762/1392/1 1539/557/1
f 1539/557/1 2456/1393/1 739/3969/1
f 3762/1392/1 903/3967/1 2456/1393/1
f 902/3970/1 3763/1389/1 2451/1385/1
f 2451/1385/1 2088/565/1 744/3971/1
f 3763/1389/1 267/3209/1 2088/565/1
f 298/3972/1 3764/1386/1 1642/3062/1
f 1642/3062/1 1544/1372/1 90/3081/1
f 3764/1386/1 744/3971/1 1544/1372/1
f 8/3973/1 3765/1383/1 1098/5/1
f 1098/5/1 2452/1384/1 298/3972/1
f 3765/1383/1 902/3970/1 2452/1384/1
f 901/3974/1 3766/1380/1 2447/1376/1
f 2447/1376/1 1724/553/1 380/3975/1
f 3766/1380/1 172/3216/1 1724/553/1
f 442/3976/1 3767/1377/1 1786/803/1
f 1786/803/1 1180/1408/1 34/3963/1
f 3767/1377/1 380/3975/1 1180/1408/1
f 90/3081/1 3768/1374/1 1242/758/1
f 1242/758/1 2448/1375/1 442/3976/1
f 3768/1374/1 901/3974/1 2448/1375/1
f 900/3977/1 3769/1371/1 2443/1367/1
f 2443/1367/1 1868/70/1 524/3978/1
f 3769/1371/1 68/3952/1 1868/70/1
f 743/3979/1 3770/1368/1 2087/1379/1
f 2087/1379/1 1324/2857/1 172/3216/1
f 3770/1368/1 524/3978/1 1324/2857/1
f 267/3209/1 3771/1365/1 1543/566/1
f 1543/566/1 2444/1366/1 743/3979/1
f 3771/1365/1 900/3977/1 2444/1366/1
f 899/3980/1 3772/1362/1 2439/1358/1
f 2439/1358/1 2092/574/1 748/3981/1
f 3772/1362/1 268/3203/1 2092/574/1
f 375/3982/1 3773/1359/1 1719/2891/1
f 1719/2891/1 1548/1345/1 167/3195/1
f 3773/1359/1 748/3981/1 1548/1345/1
f 67/3983/1 3774/1356/1 1175/62/1
f 1175/62/1 2440/1357/1 375/3982/1
f 3774/1356/1 899/3980/1 2440/1357/1
f 898/3984/1 3775/1353/1 2435/1349/1
f 2435/1349/1 1685/724/1 341/3985/1
f 3775/1353/1 133/3102/1 1685/724/1
f 519/3986/1 3776/1350/1 1863/1316/1
f 1863/1316/1 1141/895/1 37/3987/1
f 3776/1350/1 341/3985/1 1141/895/1
f 167/3195/1 3777/1347/1 1319/587/1
f 1319/587/1 2436/1348/1 519/3986/1
f 3777/1347/1 898/3984/1 2436/1348/1
f 897/3988/1 3778/1344/1 2431/1340/1
f 2431/1340/1 1829/13/1 485/3989/1
f 3778/1344/1 21/3582/1 1829/13/1
f 747/3990/1 3779/1341/1 2091/1352/1
f 2091/1352/1 1285/3028/1 133/3102/1
f 3779/1341/1 485/3989/1 1285/3028/1
f 268/3203/1 3780/1338/1 1547/575/1
f 1547/575/1 2432/1339/1 747/3990/1
f 3780/1338/1 897/3988/1 2432/1339/1
f 896/3991/1 3781/1335/1 2427/1331/1
f 2427/1331/1 2096/583/1 752/3992/1
f 3781/1335/1 269/3197/1 2096/583/1
f 350/3993/1 3782/1332/1 1694/2828/1
f 1694/2828/1 1552/1318/1 142/3237/1
f 3782/1332/1 752/3992/1 1552/1318/1
f 46/3994/1 3783/1329/1 1150/83/1
f 1150/83/1 2428/1330/1 350/3993/1
f 3783/1329/1 896/3991/1 2428/1330/1
f 895/3995/1 3784/1326/1 2423/1322/1
f 2423/1322/1 1645/319/1 301/3996/1
f 3784/1326/1 93/3372/1 1645/319/1
f 494/3997/1 3785/1323/1 1838/1505/1
f 1838/1505/1 1101/2110/1 9/3613/1
f 3785/1323/1 301/3996/1 1101/2110/1
f 142/3237/1 3786/1320/1 1294/524/1
f 1294/524/1 2424/1321/1 494/3997/1
f 3786/1320/1 895/3995/1 2424/1321/1
f 894/3998/1 3787/1317/1 2419/1313/1
f 2419/1313/1 1789/148/1 445/3999/1
f 3787/1317/1 37/3987/1 1789/148/1
f 751/4000/1 3788/1314/1 2095/1325/1
f 2095/1325/1 1245/2623/1 93/3372/1
f 3788/1314/1 445/3999/1 1245/2623/1
f 269/3197/1 3789/1311/1 1551/584/1
f 1551/584/1 2420/1312/1 751/4000/1
f 3789/1311/1 894/3998/1 2420/1312/1
f 893/4001/1 3790/1308/1 2415/1304/1
f 2415/1304/1 2100/592/1 756/4002/1
f 3790/1308/1 270/3191/1 2100/592/1
f 310/4003/1 3791/1305/1 1654/2963/1
f 1654/2963/1 1556/1291/1 102/3147/1
f 3791/1305/1 756/4002/1 1556/1291/1
f 18/3500/1 3792/1302/1 1110/38/1
f 1110/38/1 2416/1303/1 310/4003/1
f 3792/1302/1 893/4001/1 2416/1303/1
f 892/4004/1 3793/1299/1 2411/1295/1
f 2411/1295/1 1720/580/1 376/4005/1
f 3793/1299/1 168/3198/1 1720/580/1
f 454/4006/1 3794/1296/1 1798/1100/1
f 1798/1100/1 1176/1327/1 46/3994/1
f 3794/1296/1 376/4005/1 1176/1327/1
f 102/3147/1 3795/1293/1 1254/659/1
f 1254/659/1 2412/1294/1 454/4006/1
f 3795/1293/1 892/4004/1 2412/1294/1
f 891/4007/1 3796/1290/1 2407/1286/1
f 2407/1286/1 1864/61/1 520/4008/1
f 3796/1290/1 67/3983/1 1864/61/1
f 755/4009/1 3797/1287/1 2099/1298/1
f 2099/1298/1 1320/2884/1 168/3198/1
f 3797/1287/1 520/4008/1 1320/2884/1
f 270/3191/1 3798/1284/1 1555/593/1
f 1555/593/1 2408/1285/1 755/4009/1
f 3798/1284/1 891/4007/1 2408/1285/1
f 890/4010/1 3799/1281/1 2403/1277/1
f 2403/1277/1 2104/601/1 760/4011/1
f 3799/1281/1 271/3185/1 2104/601/1
f 371/4012/1 3800/1278/1 1715/2918/1
f 1715/2918/1 1560/1264/1 163/3177/1
f 3800/1278/1 760/4011/1 1560/1264/1
f 66/4013/1 3801/1275/1 1171/53/1
f 1171/53/1 2404/1276/1 371/4012/1
f 3801/1275/1 890/4010/1 2404/1276/1
f 889/4014/1 3802/1272/1 2399/1268/1
f 2399/1268/1 1697/733/1 353/4015/1
f 3802/1272/1 145/3096/1 1697/733/1
f 515/4016/1 3803/1269/1 1859/1235/1
f 1859/1235/1 1153/868/1 49/4017/1
f 3803/1269/1 353/4015/1 1153/868/1
f 163/3177/1 3804/1266/1 1315/614/1
f 1315/614/1 2400/1267/1 515/4016/1
f 3804/1266/1 889/4014/1 2400/1267/1
f 888/4018/1 3805/1263/1 2395/1259/1
f 2395/1259/1 1841/10/1 497/4019/1
f 3805/1263/1 7/4020/1 1841/10/1
f 759/4021/1 3806/1260/1 2103/1271/1
f 2103/1271/1 1297/3037/1 145/3096/1
f 3806/1260/1 497/4019/1 1297/3037/1
f 271/3185/1 3807/1257/1 1559/602/1
f 1559/602/1 2396/1258/1 759/4021/1
f 3807/1257/1 888/4018/1 2396/1258/1
f 887/4022/1 3808/1254/1 2391/1250/1
f 2391/1250/1 2108/610/1 764/4023/1
f 3808/1254/1 272/3179/1 2108/610/1
f 367/4024/1 3809/1251/1 1711/2882/1
f 1711/2882/1 1564/1237/1 159/3201/1
f 3809/1251/1 764/4023/1 1564/1237/1
f 63/4025/1 3810/1248/1 1167/65/1
f 1167/65/1 2392/1249/1 367/4024/1
f 3810/1248/1 887/4022/1 2392/1249/1
f 886/4026/1 3811/1245/1 2387/1241/1
f 2387/1241/1 1657/292/1 313/4027/1
f 3811/1245/1 105/3390/1 1657/292/1
f 511/4028/1 3812/1242/1 1855/1343/1
f 1855/1343/1 1113/2191/1 21/3582/1
f 3812/1242/1 313/4027/1 1113/2191/1
f 159/3201/1 3813/1239/1 1311/578/1
f 1311/578/1 2388/1240/1 511/4028/1
f 3813/1239/1 886/4026/1 2388/1240/1
f 885/4029/1 3814/1236/1 2383/1232/1
f 2383/1232/1 1801/157/1 457/4030/1
f 3814/1236/1 49/4017/1 1801/157/1
f 763/4031/1 3815/1233/1 2107/1244/1
f 2107/1244/1 1257/2596/1 105/3390/1
f 3815/1233/1 457/4030/1 1257/2596/1
f 272/3179/1 3816/1230/1 1563/611/1
f 1563/611/1 2384/1231/1 763/4031/1
f 3816/1230/1 885/4029/1 2384/1231/1
f 884/4032/1 3817/1227/1 2379/1223/1
f 2379/1223/1 2112/619/1 768/4033/1
f 3817/1227/1 273/3173/1 2112/619/1
f 327/4034/1 3818/1224/1 1671/2945/1
f 1671/2945/1 1568/1210/1 119/3159/1
f 3818/1224/1 768/4033/1 1568/1210/1
f 25/3476/1 3819/1221/1 1127/44/1
f 1127/44/1 2380/1222/1 327/4034/1
f 3819/1221/1 884/4032/1 2380/1222/1
f 883/4035/1 3820/1218/1 2375/1214/1
f 2375/1214/1 1716/607/1 372/4036/1
f 3820/1218/1 164/3180/1 1716/607/1
f 471/4037/1 3821/1215/1 1815/1154/1
f 1815/1154/1 1172/1246/1 63/4025/1
f 3821/1215/1 372/4036/1 1172/1246/1
f 119/3159/1 3822/1212/1 1271/641/1
f 1271/641/1 2376/1213/1 471/4037/1
f 3822/1212/1 883/4035/1 2376/1213/1
f 882/4038/1 3823/1209/1 2371/1205/1
f 2371/1205/1 1860/52/1 516/4039/1
f 3823/1209/1 66/4013/1 1860/52/1
f 767/4040/1 3824/1206/1 2111/1217/1
f 2111/1217/1 1316/2911/1 164/3180/1
f 3824/1206/1 516/4039/1 1316/2911/1
f 273/3173/1 3825/1203/1 1567/620/1
f 1567/620/1 2372/1204/1 767/4040/1
f 3825/1203/1 882/4038/1 2372/1204/1
f 881/4041/1 3826/1200/1 2367/1196/1
f 2367/1196/1 2116/628/1 772/4042/1
f 3826/1200/1 274/3167/1 2116/628/1
f 370/4043/1 3827/1197/1 1714/2927/1
f 1714/2927/1 1572/1183/1 162/3171/1
f 3827/1197/1 772/4042/1 1572/1183/1
f 65/3464/1 3828/1194/1 1170/50/1
f 1170/50/1 2368/1195/1 370/4043/1
f 3828/1194/1 881/4041/1 2368/1195/1
f 880/4044/1 3829/1191/1 2363/1187/1
f 2363/1187/1 1717/598/1 373/4045/1
f 3829/1191/1 165/3186/1 1717/598/1
f 514/4046/1 3830/1188/1 1858/1208/1
f 1858/1208/1 1173/1273/1 66/4013/1
f 3830/1188/1 373/4045/1 1173/1273/1
f 162/3171/1 3831/1185/1 1314/623/1
f 1314/623/1 2364/1186/1 514/4046/1
f 3831/1185/1 880/4044/1 2364/1186/1
f 879/4047/1 3832/1182/1 2359/1178/1
f 2359/1178/1 1861/55/1 517/4048/1
f 3832/1182/1 40/4049/1 1861/55/1
f 771/4050/1 3833/1179/1 2115/1190/1
f 2115/1190/1 1317/2902/1 165/3186/1
f 3833/1179/1 517/4048/1 1317/2902/1
f 274/3167/1 3834/1176/1 1571/629/1
f 1571/629/1 2360/1177/1 771/4050/1
f 3834/1176/1 879/4047/1 2360/1177/1
f 878/4051/1 3835/1173/1 2355/1169/1
f 2355/1169/1 2120/637/1 776/4052/1
f 3835/1173/1 275/3161/1 2120/637/1
f 374/4053/1 3836/1170/1 1718/2900/1
f 1718/2900/1 1576/1156/1 166/3189/1
f 3836/1170/1 776/4052/1 1576/1156/1
f 64/3956/1 3837/1167/1 1174/59/1
f 1174/59/1 2356/1168/1 374/4053/1
f 3837/1167/1 878/4051/1 2356/1168/1
f 877/4054/1 3838/1164/1 2351/1160/1
f 2351/1160/1 1721/571/1 377/4055/1
f 3838/1164/1 169/3204/1 1721/571/1
f 518/4056/1 3839/1161/1 1862/1289/1
f 1862/1289/1 1177/1354/1 67/3983/1
f 3839/1161/1 377/4055/1 1177/1354/1
f 166/3189/1 3840/1158/1 1318/596/1
f 1318/596/1 2352/1159/1 518/4056/1
f 3840/1158/1 877/4054/1 2352/1159/1
f 876/4057/1 3841/1155/1 2347/1151/1
f 2347/1151/1 1865/64/1 521/4058/1
f 3841/1155/1 63/4025/1 1865/64/1
f 775/4059/1 3842/1152/1 2119/1163/1
f 2119/1163/1 1321/2875/1 169/3204/1
f 3842/1152/1 521/4058/1 1321/2875/1
f 275/3161/1 3843/1149/1 1575/638/1
f 1575/638/1 2348/1150/1 775/4059/1
f 3843/1149/1 876/4057/1 2348/1150/1
f 875/4060/1 3844/1146/1 2343/1142/1
f 2343/1142/1 2124/646/1 780/4061/1
f 3844/1146/1 276/3155/1 2124/646/1
f 378/4062/1 3845/1143/1 1722/2873/1
f 1722/2873/1 1580/1129/1 170/3207/1
f 3845/1143/1 780/4061/1 1580/1129/1
f 33/4063/1 3846/1140/1 1178/68/1
f 1178/68/1 2344/1141/1 378/4062/1
f 3846/1140/1 875/4060/1 2344/1141/1
f 874/4064/1 3847/1137/1 2339/1133/1
f 2339/1133/1 1725/544/1 381/4065/1
f 3847/1137/1 173/3222/1 1725/544/1
f 522/4066/1 3848/1134/1 1866/1370/1
f 1866/1370/1 1181/1435/1 68/3952/1
f 3848/1134/1 381/4065/1 1181/1435/1
f 170/3207/1 3849/1131/1 1322/569/1
f 1322/569/1 2340/1132/1 522/4066/1
f 3849/1131/1 874/4064/1 2340/1132/1
f 873/4067/1 3850/1128/1 2335/1124/1
f 2335/1124/1 1869/73/1 525/4068/1
f 3850/1128/1 62/3472/1 1869/73/1
f 779/4069/1 3851/1125/1 2123/1136/1
f 2123/1136/1 1325/2848/1 173/3222/1
f 3851/1125/1 525/4068/1 1325/2848/1
f 276/3155/1 3852/1122/1 1579/647/1
f 1579/647/1 2336/1123/1 779/4069/1
f 3852/1122/1 873/4067/1 2336/1123/1
f 872/4070/1 3853/1119/1 2331/1115/1
f 2331/1115/1 2128/655/1 784/4071/1
f 3853/1119/1 277/3149/1 2128/655/1
f 382/4072/1 3854/1116/1 1726/2846/1
f 1726/2846/1 1584/1102/1 174/3225/1
f 3854/1116/1 784/4071/1 1584/1102/1
f 61/3497/1 3855/1113/1 1182/77/1
f 1182/77/1 2332/1114/1 382/4072/1
f 3855/1113/1 872/4070/1 2332/1114/1
f 871/4073/1 3856/1110/1 2327/1106/1
f 2327/1106/1 1729/517/1 385/4074/1
f 3856/1110/1 177/3240/1 1729/517/1
f 526/4075/1 3857/1107/1 1870/1451/1
f 1870/1451/1 1185/1516/1 69/3922/1
f 3857/1107/1 385/4074/1 1185/1516/1
f 174/3225/1 3858/1104/1 1326/542/1
f 1326/542/1 2328/1105/1 526/4075/1
f 3858/1104/1 871/4073/1 2328/1105/1
f 870/4076/1 3859/1101/1 2323/1097/1
f 2323/1097/1 1873/82/1 529/4077/1
f 3859/1101/1 46/3994/1 1873/82/1
f 783/4078/1 3860/1098/1 2127/1109/1
f 2127/1109/1 1329/2821/1 177/3240/1
f 3860/1098/1 529/4077/1 1329/2821/1
f 277/3149/1 3861/1095/1 1583/656/1
f 1583/656/1 2324/1096/1 783/4078/1
f 3861/1095/1 870/4076/1 2324/1096/1
f 869/4079/1 3862/1092/1 2319/1088/1
f 2319/1088/1 2132/664/1 788/4080/1
f 3862/1092/1 278/3143/1 2132/664/1
f 386/4081/1 3863/1089/1 1730/2819/1
f 1730/2819/1 1588/1075/1 178/3243/1
f 3863/1089/1 788/4080/1 1588/1075/1
f 60/3844/1 3864/1086/1 1186/86/1
f 1186/86/1 2320/1087/1 386/4081/1
f 3864/1086/1 869/4079/1 2320/1087/1
f 868/4082/1 3865/1083/1 2315/1079/1
f 2315/1079/1 1733/490/1 389/4083/1
f 3865/1083/1 181/3258/1 1733/490/1
f 530/4084/1 3866/1080/1 1874/1532/1
f 1874/1532/1 1189/1597/1 70/3882/1
f 3866/1080/1 389/4083/1 1189/1597/1
f 178/3243/1 3867/1077/1 1330/515/1
f 1330/515/1 2316/1078/1 530/4084/1
f 3867/1077/1 868/4082/1 2316/1078/1
f 867/4085/1 3868/1074/1 2311/1070/1
f 2311/1070/1 1877/91/1 533/4086/1
f 3868/1074/1 59/3933/1 1877/91/1
f 787/4087/1 3869/1071/1 2131/1082/1
f 2131/1082/1 1333/2794/1 181/3258/1
f 3869/1071/1 533/4086/1 1333/2794/1
f 278/3143/1 3870/1068/1 1587/665/1
f 1587/665/1 2312/1069/1 787/4087/1
f 3870/1068/1 867/4085/1 2312/1069/1
f 866/4088/1 3871/1065/1 2307/1061/1
f 2307/1061/1 2136/673/1 792/4089/1
f 3871/1065/1 279/3137/1 2136/673/1
f 390/4090/1 3872/1062/1 1734/2792/1
f 1734/2792/1 1592/1048/1 182/3261/1
f 3872/1062/1 792/4089/1 1592/1048/1
f 29/4091/1 3873/1059/1 1190/95/1
f 1190/95/1 2308/1060/1 390/4090/1
f 3873/1059/1 866/4088/1 2308/1060/1
f 865/4092/1 3874/1056/1 2303/1052/1
f 2303/1052/1 1737/463/1 393/4093/1
f 3874/1056/1 185/3276/1 1737/463/1
f 534/4094/1 3875/1053/1 1878/1613/1
f 1878/1613/1 1193/1678/1 71/3840/1
f 3875/1053/1 393/4093/1 1193/1678/1
f 182/3261/1 3876/1050/1 1334/488/1
f 1334/488/1 2304/1051/1 534/4094/1
f 3876/1050/1 865/4092/1 2304/1051/1
f 864/4095/1 3877/1047/1 2299/1043/1
f 2299/1043/1 1881/100/1 537/4096/1
f 3877/1047/1 58/3505/1 1881/100/1
f 791/4097/1 3878/1044/1 2135/1055/1
f 2135/1055/1 1337/2767/1 185/3276/1
f 3878/1044/1 537/4096/1 1337/2767/1
f 279/3137/1 3879/1041/1 1591/674/1
f 1591/674/1 2300/1042/1 791/4097/1
f 3879/1041/1 864/4095/1 2300/1042/1
f 863/4098/1 3880/1038/1 2295/1034/1
f 2295/1034/1 2140/682/1 796/4099/1
f 3880/1038/1 280/3131/1 2140/682/1
f 394/4100/1 3881/1035/1 1738/2765/1
f 1738/2765/1 1596/1021/1 186/3279/1
f 3881/1035/1 796/4099/1 1596/1021/1
f 57/3530/1 3882/1032/1 1194/104/1
f 1194/104/1 2296/1033/1 394/4100/1
f 3882/1032/1 863/4098/1 2296/1033/1
f 862/4101/1 3883/1029/1 2291/1025/1
f 2291/1025/1 1741/436/1 397/4102/1
f 3883/1029/1 189/3294/1 1741/436/1
f 538/4103/1 3884/1026/1 1882/1694/1
f 1882/1694/1 1197/1759/1 72/3800/1
f 3884/1026/1 397/4102/1 1197/1759/1
f 186/3279/1 3885/1023/1 1338/461/1
f 1338/461/1 2292/1024/1 538/4103/1
f 3885/1023/1 862/4101/1 2292/1024/1
f 861/4104/1 3886/1020/1 2287/1016/1
f 2287/1016/1 1885/109/1 541/4105/1
f 3886/1020/1 47/3640/1 1885/109/1
f 795/4106/1 3887/1017/1 2139/1028/1
f 2139/1028/1 1341/2740/1 189/3294/1
f 3887/1017/1 541/4105/1 1341/2740/1
f 280/3131/1 3888/1014/1 1595/683/1
f 1595/683/1 2288/1015/1 795/4106/1
f 3888/1014/1 861/4104/1 2288/1015/1
f 860/4107/1 3889/1011/1 2283/1007/1
f 2283/1007/1 2144/691/1 800/4108/1
f 3889/1011/1 281/3125/1 2144/691/1
f 398/4109/1 3890/1008/1 1742/2738/1
f 1742/2738/1 1600/994/1 190/3297/1
f 3890/1008/1 800/4108/1 1600/994/1
f 56/3710/1 3891/1005/1 1198/113/1
f 1198/113/1 2284/1006/1 398/4109/1
f 3891/1005/1 860/4107/1 2284/1006/1
f 859/4110/1 3892/1002/1 2279/998/1
f 2279/998/1 1745/409/1 401/4111/1
f 3892/1002/1 193/3312/1 1745/409/1
f 542/4112/1 3893/999/1 1886/1775/1
f 1886/1775/1 1201/1840/1 73/3748/1
f 3893/999/1 401/4111/1 1201/1840/1
f 190/3297/1 3894/996/1 1342/434/1
f 1342/434/1 2280/997/1 542/4112/1
f 3894/996/1 859/4110/1 2280/997/1
f 858/4113/1 3895/993/1 2275/989/1
f 2275/989/1 1889/118/1 545/4114/1
f 3895/993/1 55/3816/1 1889/118/1
f 799/4115/1 3896/990/1 2143/1001/1
f 2143/1001/1 1345/2713/1 193/3312/1
f 3896/990/1 545/4114/1 1345/2713/1
f 281/3125/1 3897/987/1 1599/692/1
f 1599/692/1 2276/988/1 799/4115/1
f 3897/987/1 858/4113/1 2276/988/1
f 857/4116/1 3898/984/1 2271/980/1
f 2271/980/1 2148/700/1 804/4117/1
f 3898/984/1 282/3119/1 2148/700/1
f 402/4118/1 3899/981/1 1746/2711/1
f 1746/2711/1 1604/967/1 194/3315/1
f 3899/981/1 804/4117/1 1604/967/1
f 36/3886/1 3900/978/1 1202/122/1
f 1202/122/1 2272/979/1 402/4118/1
f 3900/978/1 857/4116/1 2272/979/1
f 856/4119/1 3901/975/1 2267/971/1
f 2267/971/1 1749/382/1 405/4120/1
f 3901/975/1 197/3330/1 1749/382/1
f 546/4121/1 3902/972/1 1890/1856/1
f 1890/1856/1 1205/1921/1 74/3706/1
f 3902/972/1 405/4120/1 1205/1921/1
f 194/3315/1 3903/969/1 1346/407/1
f 1346/407/1 2268/970/1 546/4121/1
f 3903/969/1 856/4119/1 2268/970/1
f 855/4122/1 3904/966/1 2263/962/1
f 2263/962/1 1893/127/1 549/4123/1
f 3904/966/1 54/3538/1 1893/127/1
f 803/4124/1 3905/963/1 2147/974/1
f 2147/974/1 1349/2686/1 197/3330/1
f 3905/963/1 549/4123/1 1349/2686/1
f 282/3119/1 3906/960/1 1603/701/1
f 1603/701/1 2264/961/1 803/4124/1
f 3906/960/1 855/4122/1 2264/961/1
f 854/4125/1 3907/957/1 2259/953/1
f 2259/953/1 2152/709/1 808/4126/1
f 3907/957/1 283/3113/1 2152/709/1
f 406/4127/1 3908/954/1 1750/2684/1
f 1750/2684/1 1608/940/1 198/3333/1
f 3908/954/1 808/4126/1 1608/940/1
f 53/3563/1 3909/951/1 1206/131/1
f 1206/131/1 2260/952/1 406/4127/1
f 3909/951/1 854/4125/1 2260/952/1
f 853/4128/1 3910/948/1 2255/944/1
f 2255/944/1 1753/355/1 409/4129/1
f 3910/948/1 201/3348/1 1753/355/1
f 550/4130/1 3911/945/1 1894/1937/1
f 1894/1937/1 1209/2002/1 75/3665/1
f 3911/945/1 409/4129/1 1209/2002/1
f 198/3333/1 3912/942/1 1350/380/1
f 1350/380/1 2256/943/1 550/4130/1
f 3912/942/1 853/4128/1 2256/943/1
f 852/4131/1 3913/939/1 2251/935/1
f 2251/935/1 1897/136/1 553/4132/1
f 3913/939/1 44/4133/1 1897/136/1
f 807/4134/1 3914/936/1 2151/947/1
f 2151/947/1 1353/2659/1 201/3348/1
f 3914/936/1 553/4132/1 1353/2659/1
f 283/3113/1 3915/933/1 1607/710/1
f 1607/710/1 2252/934/1 807/4134/1
f 3915/933/1 852/4131/1 2252/934/1
f 851/4135/1 3916/930/1 2247/926/1
f 2247/926/1 2156/718/1 812/4136/1
f 3916/930/1 284/3107/1 2156/718/1
f 410/4137/1 3917/927/1 1754/2657/1
f 1754/2657/1 1612/913/1 202/3351/1
f 3917/927/1 812/4136/1 1612/913/1
f 52/3596/1 3918/924/1 1210/140/1
f 1210/140/1 2248/925/1 410/4137/1
f 3918/924/1 851/4135/1 2248/925/1
f 850/4138/1 3919/921/1 2243/917/1
f 2243/917/1 1757/328/1 413/4139/1
f 3919/921/1 205/3366/1 1757/328/1
f 554/4140/1 3920/918/1 1898/2018/1
f 1898/2018/1 1213/2083/1 76/3623/1
f 3920/918/1 413/4139/1 1213/2083/1
f 202/3351/1 3921/915/1 1354/353/1
f 1354/353/1 2244/916/1 554/4140/1
f 3921/915/1 850/4138/1 2244/916/1
f 849/4141/1 3922/912/1 2239/908/1
f 2239/908/1 1901/145/1 557/4142/1
f 3922/912/1 51/3682/1 1901/145/1
f 811/4143/1 3923/909/1 2155/920/1
f 2155/920/1 1357/2632/1 205/3366/1
f 3923/909/1 557/4142/1 1357/2632/1
f 284/3107/1 3924/906/1 1611/719/1
f 1611/719/1 2240/907/1 811/4143/1
f 3924/906/1 849/4141/1 2240/907/1
f 848/4144/1 3925/903/1 2235/899/1
f 2235/899/1 2160/727/1 816/4145/1
f 3925/903/1 285/3101/1 2160/727/1
f 414/4146/1 3926/900/1 1758/2630/1
f 1758/2630/1 1616/886/1 206/3369/1
f 3926/900/1 816/4145/1 1616/886/1
f 37/3987/1 3927/897/1 1214/149/1
f 1214/149/1 2236/898/1 414/4146/1
f 3927/897/1 848/4144/1 2236/898/1
f 847/4147/1 3928/894/1 2231/890/1
f 2231/890/1 1761/301/1 417/4148/1
f 3928/894/1 209/3384/1 1761/301/1
f 558/4149/1 3929/891/1 1902/2099/1
f 1902/2099/1 1217/2164/1 77/3592/1
f 3929/891/1 417/4148/1 1217/2164/1
f 206/3369/1 3930/888/1 1358/326/1
f 1358/326/1 2232/889/1 558/4149/1
f 3930/888/1 847/4147/1 2232/889/1
f 846/4150/1 3931/885/1 2227/881/1
f 2227/881/1 1905/154/1 561/4151/1
f 3931/885/1 50/3571/1 1905/154/1
f 815/4152/1 3932/882/1 2159/893/1
f 2159/893/1 1361/2605/1 209/3384/1
f 3932/882/1 561/4151/1 1361/2605/1
f 285/3101/1 3933/879/1 1615/728/1
f 1615/728/1 2228/880/1 815/4152/1
f 3933/879/1 846/4150/1 2228/880/1
f 845/4153/1 3934/876/1 2223/872/1
f 2223/872/1 2164/736/1 820/4154/1
f 3934/876/1 286/3095/1 2164/736/1
f 418/4155/1 3935/873/1 1762/2603/1
f 1762/2603/1 1620/859/1 210/3387/1
f 3935/873/1 820/4154/1 1620/859/1
f 49/4017/1 3936/870/1 1218/158/1
f 1218/158/1 2224/871/1 418/4155/1
f 3936/870/1 845/4153/1 2224/871/1
f 844/4156/1 3937/867/1 2219/863/1
f 2219/863/1 1765/274/1 421/4157/1
f 3937/867/1 213/3402/1 1765/274/1
f 562/4158/1 3938/864/1 1906/2180/1
f 1906/2180/1 1221/2245/1 78/3559/1
f 3938/864/1 421/4157/1 1221/2245/1
f 210/3387/1 3939/861/1 1362/299/1
f 1362/299/1 2220/862/1 562/4158/1
f 3939/861/1 844/4156/1 2220/862/1
f 843/4159/1 3940/858/1 2215/854/1
f 2215/854/1 1909/163/1 565/4160/1
f 3940/858/1 32/4161/1 1909/163/1
f 819/4162/1 3941/855/1 2163/866/1
f 2163/866/1 1365/2578/1 213/3402/1
f 3941/855/1 565/4160/1 1365/2578/1
f 286/3095/1 3942/852/1 1619/737/1
f 1619/737/1 2216/853/1 819/4162/1
f 3942/852/1 843/4159/1 2216/853/1
f 842/4163/1 3943/849/1 2211/845/1
f 2211/845/1 2168/745/1 824/4164/1
f 3943/849/1 287/3089/1 2168/745/1
f 422/4165/1 3944/846/1 1766/2576/1
f 1766/2576/1 1624/832/1 214/3405/1
f 3944/846/1 824/4164/1 1624/832/1
f 48/3926/1 3945/843/1 1222/167/1
f 1222/167/1 2212/844/1 422/4165/1
f 3945/843/1 842/4163/1 2212/844/1
f 841/4166/1 3946/840/1 2207/836/1
f 2207/836/1 1769/247/1 425/4167/1
f 3946/840/1 217/3420/1 1769/247/1
f 566/4168/1 3947/837/1 1910/2261/1
f 1910/2261/1 1225/2326/1 79/3526/1
f 3947/837/1 425/4167/1 1225/2326/1
f 214/3405/1 3948/834/1 1366/272/1
f 1366/272/1 2208/835/1 566/4168/1
f 3948/834/1 841/4166/1 2208/835/1
f 840/4169/1 3949/831/1 2203/827/1
f 2203/827/1 1913/172/1 569/4170/1
f 3949/831/1 35/3603/1 1913/172/1
f 823/4171/1 3950/828/1 2167/839/1
f 2167/839/1 1369/2551/1 217/3420/1
f 3950/828/1 569/4170/1 1369/2551/1
f 287/3089/1 3951/825/1 1623/746/1
f 1623/746/1 2204/826/1 823/4171/1
f 3951/825/1 840/4169/1 2204/826/1
f 839/4172/1 3952/822/1 2199/818/1
f 2199/818/1 2172/754/1 828/4173/1
f 3952/822/1 288/3083/1 2172/754/1
f 426/4174/1 3953/819/1 1770/2549/1
f 1770/2549/1 1628/805/1 218/3423/1
f 3953/819/1 828/4173/1 1628/805/1
f 41/4175/1 3954/816/1 1226/176/1
f 1226/176/1 2200/817/1 426/4174/1
f 3954/816/1 839/4172/1 2200/817/1
f 838/4176/1 3955/813/1 2195/809/1
f 2195/809/1 1773/220/1 429/4177/1
f 3955/813/1 221/3438/1 1773/220/1
f 570/4178/1 3956/810/1 1914/2342/1
f 1914/2342/1 1229/2407/1 80/3493/1
f 3956/810/1 429/4177/1 1229/2407/1
f 218/3423/1 3957/807/1 1370/245/1
f 1370/245/1 2196/808/1 570/4178/1
f 3957/807/1 838/4176/1 2196/808/1
f 837/4179/1 3958/804/1 2191/800/1
f 2191/800/1 1917/181/1 573/4180/1
f 3958/804/1 34/3963/1 1917/181/1
f 827/4181/1 3959/801/1 2171/812/1
f 2171/812/1 1373/2524/1 221/3438/1
f 3959/801/1 573/4180/1 1373/2524/1
f 288/3083/1 3960/798/1 1627/755/1
f 1627/755/1 2192/799/1 827/4181/1
f 3960/798/1 837/4179/1 2192/799/1
f 836/4182/1 3961/795/1 2187/791/1
f 2187/791/1 2176/763/1 832/4183/1
f 3961/795/1 289/3077/1 2176/763/1
f 430/4184/1 3962/792/1 1774/2522/1
f 1774/2522/1 1632/778/1 222/3441/1
f 3962/792/1 832/4183/1 1632/778/1
f 45/4185/1 3963/789/1 1230/185/1
f 1230/185/1 2188/790/1 430/4184/1
f 3963/789/1 836/4182/1 2188/790/1
f 835/4186/1 3964/786/1 2183/782/1
f 2183/782/1 1777/193/1 433/4187/1
f 3964/786/1 225/3456/1 1777/193/1
f 574/4188/1 3965/783/1 1918/2423/1
f 1918/2423/1 1233/2488/1 81/3460/1
f 3965/783/1 433/4187/1 1233/2488/1
f 222/3441/1 3966/780/1 1374/218/1
f 1374/218/1 2184/781/1 574/4188/1
f 3966/780/1 835/4186/1 2184/781/1
f 834/4189/1 3967/777/1 2179/773/1
f 2179/773/1 1921/190/1 577/4190/1
f 3967/777/1 28/4191/1 1921/190/1
f 831/4192/1 3968/774/1 2175/785/1
f 2175/785/1 1377/2497/1 225/3456/1
f 3968/774/1 577/4190/1 1377/2497/1
f 289/3077/1 3969/771/1 1631/764/1
f 1631/764/1 2180/772/1 831/4192/1
f 3969/771/1 834/4189/1 2180/772/1
f 833/3074/1 3970/768/1 2178/770/1
f 2178/770/1 2181/775/1 834/4189/1
f 3970/768/1 436/4193/1 2181/775/1
f 832/4183/1 3971/765/1 2182/779/1
f 2182/779/1 2185/784/1 835/4186/1
f 3971/765/1 831/4192/1 2185/784/1
f 349/4194/1 3972/762/1 2186/788/1
f 2186/788/1 2189/793/1 836/4182/1
f 3972/762/1 830/3076/1 2189/793/1
f 829/3080/1 3973/759/1 2190/797/1
f 2190/797/1 2193/802/1 837/4179/1
f 3973/759/1 442/3976/1 2193/802/1
f 828/4173/1 3974/756/1 2194/806/1
f 2194/806/1 2197/811/1 838/4176/1
f 3974/756/1 827/4181/1 2197/811/1
f 345/4195/1 3975/753/1 2198/815/1
f 2198/815/1 2201/820/1 839/4172/1
f 3975/753/1 826/3082/1 2201/820/1
f 825/3086/1 3976/750/1 2202/824/1
f 2202/824/1 2205/829/1 840/4169/1
f 3976/750/1 443/3616/1 2205/829/1
f 824/4164/1 3977/747/1 2206/833/1
f 2206/833/1 2209/838/1 841/4166/1
f 3977/747/1 823/4171/1 2209/838/1
f 352/3924/1 3978/744/1 2210/842/1
f 2210/842/1 2213/847/1 842/4163/1
f 3978/744/1 822/3088/1 2213/847/1
f 821/3092/1 3979/741/1 2214/851/1
f 2214/851/1 2217/856/1 843/4159/1
f 3979/741/1 440/4196/1 2217/856/1
f 820/4154/1 3980/738/1 2218/860/1
f 2218/860/1 2221/865/1 844/4156/1
f 3980/738/1 819/4162/1 2221/865/1
f 353/4015/1 3981/735/1 2222/869/1
f 2222/869/1 2225/874/1 845/4153/1
f 3981/735/1 818/3094/1 2225/874/1
f 817/3098/1 3982/732/1 2226/878/1
f 2226/878/1 2229/883/1 846/4150/1
f 3982/732/1 458/3585/1 2229/883/1
f 816/4145/1 3983/729/1 2230/887/1
f 2230/887/1 2233/892/1 847/4147/1
f 3983/729/1 815/4152/1 2233/892/1
f 341/3985/1 3984/726/1 2234/896/1
f 2234/896/1 2237/901/1 848/4144/1
f 3984/726/1 814/3100/1 2237/901/1
f 813/3104/1 3985/723/1 2238/905/1
f 2238/905/1 2241/910/1 849/4141/1
f 3985/723/1 459/3699/1 2241/910/1
f 812/4136/1 3986/720/1 2242/914/1
f 2242/914/1 2245/919/1 850/4138/1
f 3986/720/1 811/4143/1 2245/919/1
f 356/3594/1 3987/717/1 2246/923/1
f 2246/923/1 2249/928/1 851/4135/1
f 3987/717/1 810/3106/1 2249/928/1
f 809/3110/1 3988/714/1 2250/932/1
f 2250/932/1 2253/937/1 852/4131/1
f 3988/714/1 452/4197/1 2253/937/1
f 808/4126/1 3989/711/1 2254/941/1
f 2254/941/1 2257/946/1 853/4128/1
f 3989/711/1 807/4134/1 2257/946/1
f 357/3561/1 3990/708/1 2258/950/1
f 2258/950/1 2261/955/1 854/4125/1
f 3990/708/1 806/3112/1 2261/955/1
f 805/3116/1 3991/705/1 2262/959/1
f 2262/959/1 2265/964/1 855/4122/1
f 3991/705/1 462/3552/1 2265/964/1
f 804/4117/1 3992/702/1 2266/968/1
f 2266/968/1 2269/973/1 856/4119/1
f 3992/702/1 803/4124/1 2269/973/1
f 340/3884/1 3993/699/1 2270/977/1
f 2270/977/1 2273/982/1 857/4116/1
f 3993/699/1 802/3118/1 2273/982/1
f 801/3122/1 3994/696/1 2274/986/1
f 2274/986/1 2277/991/1 858/4113/1
f 3994/696/1 463/3833/1 2277/991/1
f 800/4108/1 3995/693/1 2278/995/1
f 2278/995/1 2281/1000/1 859/4110/1
f 3995/693/1 799/4115/1 2281/1000/1
f 360/3708/1 3996/690/1 2282/1004/1
f 2282/1004/1 2285/1009/1 860/4107/1
f 3996/690/1 798/3124/1 2285/1009/1
f 797/3128/1 3997/687/1 2286/1013/1
f 2286/1013/1 2289/1018/1 861/4104/1
f 3997/687/1 455/3658/1 2289/1018/1
f 796/4099/1 3998/684/1 2290/1022/1
f 2290/1022/1 2293/1027/1 862/4101/1
f 3998/684/1 795/4106/1 2293/1027/1
f 361/3528/1 3999/681/1 2294/1031/1
f 2294/1031/1 2297/1036/1 863/4098/1
f 3999/681/1 794/3130/1 2297/1036/1
f 793/3134/1 4000/678/1 2298/1040/1
f 2298/1040/1 2301/1045/1 864/4095/1
f 4000/678/1 466/3519/1 2301/1045/1
f 792/4089/1 4001/675/1 2302/1049/1
f 2302/1049/1 2305/1054/1 865/4092/1
f 4001/675/1 791/4097/1 2305/1054/1
f 333/4198/1 4002/672/1 2306/1058/1
f 2306/1058/1 2309/1063/1 866/4088/1
f 4002/672/1 790/3136/1 2309/1063/1
f 789/3140/1 4003/669/1 2310/1067/1
f 2310/1067/1 2313/1072/1 867/4085/1
f 4003/669/1 467/3945/1 2313/1072/1
f 788/4080/1 4004/666/1 2314/1076/1
f 2314/1076/1 2317/1081/1 868/4082/1
f 4004/666/1 787/4087/1 2317/1081/1
f 364/3842/1 4005/663/1 2318/1085/1
f 2318/1085/1 2321/1090/1 869/4079/1
f 4005/663/1 786/3142/1 2321/1090/1
f 785/3146/1 4006/660/1 2322/1094/1
f 2322/1094/1 2325/1099/1 870/4076/1
f 4006/660/1 454/4006/1 2325/1099/1
f 784/4071/1 4007/657/1 2326/1103/1
f 2326/1103/1 2329/1108/1 871/4073/1
f 4007/657/1 783/4078/1 2329/1108/1
f 365/3495/1 4008/654/1 2330/1112/1
f 2330/1112/1 2333/1117/1 872/4070/1
f 4008/654/1 782/3148/1 2333/1117/1
f 781/3152/1 4009/651/1 2334/1121/1
f 2334/1121/1 2337/1126/1 873/4067/1
f 4009/651/1 470/3486/1 2337/1126/1
f 780/4061/1 4010/648/1 2338/1130/1
f 2338/1130/1 2341/1135/1 874/4064/1
f 4010/648/1 779/4069/1 2341/1135/1
f 337/4199/1 4011/645/1 2342/1139/1
f 2342/1139/1 2345/1144/1 875/4060/1
f 4011/645/1 778/3154/1 2345/1144/1
f 777/3158/1 4012/642/1 2346/1148/1
f 2346/1148/1 2349/1153/1 876/4057/1
f 4012/642/1 471/4037/1 2349/1153/1
f 776/4052/1 4013/639/1 2350/1157/1
f 2350/1157/1 2353/1162/1 877/4054/1
f 4013/639/1 775/4059/1 2353/1162/1
f 368/3954/1 4014/636/1 2354/1166/1
f 2354/1166/1 2357/1171/1 878/4051/1
f 4014/636/1 774/3160/1 2357/1171/1
f 773/3164/1 4015/633/1 2358/1175/1
f 2358/1175/1 2361/1180/1 879/4047/1
f 4015/633/1 448/4200/1 2361/1180/1
f 772/4042/1 4016/630/1 2362/1184/1
f 2362/1184/1 2365/1189/1 880/4044/1
f 4016/630/1 771/4050/1 2365/1189/1
f 369/3462/1 4017/627/1 2366/1193/1
f 2366/1193/1 2369/1198/1 881/4041/1
f 4017/627/1 770/3166/1 2369/1198/1
f 769/3170/1 4018/624/1 2370/1202/1
f 2370/1202/1 2373/1207/1 882/4038/1
f 4018/624/1 514/4046/1 2373/1207/1
f 768/4033/1 4019/621/1 2374/1211/1
f 2374/1211/1 2377/1216/1 883/4035/1
f 4019/621/1 767/4040/1 2377/1216/1
f 329/3474/1 4020/618/1 2378/1220/1
f 2378/1220/1 2381/1225/1 884/4032/1
f 4020/618/1 766/3172/1 2381/1225/1
f 765/3176/1 4021/615/1 2382/1229/1
f 2382/1229/1 2385/1234/1 885/4029/1
f 4021/615/1 515/4016/1 2385/1234/1
f 764/4023/1 4022/612/1 2386/1238/1
f 2386/1238/1 2389/1243/1 886/4026/1
f 4022/612/1 763/4031/1 2389/1243/1
f 372/4036/1 4023/609/1 2390/1247/1
f 2390/1247/1 2393/1252/1 887/4022/1
f 4023/609/1 762/3178/1 2393/1252/1
f 761/3182/1 4024/606/1 2394/1256/1
f 2394/1256/1 2397/1261/1 888/4018/1
f 4024/606/1 488/4201/1 2397/1261/1
f 760/4011/1 4025/603/1 2398/1265/1
f 2398/1265/1 2401/1270/1 889/4014/1
f 4025/603/1 759/4021/1 2401/1270/1
f 373/4045/1 4026/600/1 2402/1274/1
f 2402/1274/1 2405/1279/1 890/4010/1
f 4026/600/1 758/3184/1 2405/1279/1
f 757/3188/1 4027/597/1 2406/1283/1
f 2406/1283/1 2409/1288/1 891/4007/1
f 4027/597/1 518/4056/1 2409/1288/1
f 756/4002/1 4028/594/1 2410/1292/1
f 2410/1292/1 2413/1297/1 892/4004/1
f 4028/594/1 755/4009/1 2413/1297/1
f 328/3965/1 4029/591/1 2414/1301/1
f 2414/1301/1 2417/1306/1 893/4001/1
f 4029/591/1 754/3190/1 2417/1306/1
f 753/3194/1 4030/588/1 2418/1310/1
f 2418/1310/1 2421/1315/1 894/3998/1
f 4030/588/1 519/3986/1 2421/1315/1
f 752/3992/1 4031/585/1 2422/1319/1
f 2422/1319/1 2425/1324/1 895/3995/1
f 4031/585/1 751/4000/1 2425/1324/1
f 376/4005/1 4032/582/1 2426/1328/1
f 2426/1328/1 2429/1333/1 896/3991/1
f 4032/582/1 750/3196/1 2429/1333/1
f 749/3200/1 4033/579/1 2430/1337/1
f 2430/1337/1 2433/1342/1 897/3988/1
f 4033/579/1 511/4028/1 2433/1342/1
f 748/3981/1 4034/576/1 2434/1346/1
f 2434/1346/1 2437/1351/1 898/3984/1
f 4034/576/1 747/3990/1 2437/1351/1
f 377/4055/1 4035/573/1 2438/1355/1
f 2438/1355/1 2441/1360/1 899/3980/1
f 4035/573/1 746/3202/1 2441/1360/1
f 745/3206/1 4036/570/1 2442/1364/1
f 2442/1364/1 2445/1369/1 900/3977/1
f 4036/570/1 522/4066/1 2445/1369/1
f 744/3971/1 4037/567/1 2446/1373/1
f 2446/1373/1 2449/1378/1 901/3974/1
f 4037/567/1 743/3979/1 2449/1378/1
f 297/4202/1 4038/564/1 2450/1382/1
f 2450/1382/1 2453/1387/1 902/3970/1
f 4038/564/1 742/3208/1 2453/1387/1
f 741/3212/1 4039/561/1 2454/1391/1
f 2454/1391/1 2457/1396/1 903/3967/1
f 4039/561/1 523/3955/1 2457/1396/1
f 740/3961/1 4040/558/1 2458/1400/1
f 2458/1400/1 2461/1405/1 904/3964/1
f 4040/558/1 739/3969/1 2461/1405/1
f 380/3975/1 4041/555/1 2462/1409/1
f 2462/1409/1 2465/1414/1 905/3960/1
f 4041/555/1 738/3214/1 2465/1414/1
f 737/3218/1 4042/552/1 2466/1418/1
f 2466/1418/1 2469/1423/1 906/3957/1
f 4042/552/1 510/3475/1 2469/1423/1
f 736/3950/1 4043/549/1 2470/1427/1
f 2470/1427/1 2473/1432/1 907/3953/1
f 4043/549/1 735/3959/1 2473/1432/1
f 381/4065/1 4044/546/1 2474/1436/1
f 2474/1436/1 2477/1441/1 908/3949/1
f 4044/546/1 734/3220/1 2477/1441/1
f 733/3224/1 4045/543/1 2478/1445/1
f 2478/1445/1 2481/1450/1 909/3946/1
f 4045/543/1 526/4075/1 2481/1450/1
f 732/3941/1 4046/540/1 2482/1454/1
f 2482/1454/1 2485/1459/1 910/3943/1
f 4046/540/1 731/3948/1 2485/1459/1
f 325/3507/1 4047/537/1 2486/1463/1
f 2486/1463/1 2489/1468/1 911/3940/1
f 4047/537/1 730/3226/1 2489/1468/1
f 729/3230/1 4048/534/1 2490/1472/1
f 2490/1472/1 2493/1477/1 912/3937/1
f 4048/534/1 527/3925/1 2493/1477/1
f 728/3931/1 4049/531/1 2494/1481/1
f 2494/1481/1 2497/1486/1 913/3934/1
f 4049/531/1 727/3939/1 2497/1486/1
f 384/3944/1 4050/528/1 2498/1490/1
f 2498/1490/1 2501/1495/1 914/3930/1
f 4050/528/1 726/3232/1 2501/1495/1
f 725/3236/1 4051/525/1 2502/1499/1
f 2502/1499/1 2505/1504/1 915/3927/1
f 4051/525/1 494/3997/1 2505/1504/1
f 724/3920/1 4052/522/1 2506/1508/1
f 2506/1508/1 2509/1513/1 916/3923/1
f 4052/522/1 723/3929/1 2509/1513/1
f 385/4074/1 4053/519/1 2510/1517/1
f 2510/1517/1 2513/1522/1 917/3919/1
f 4053/519/1 722/3238/1 2513/1522/1
f 721/3242/1 4054/516/1 2514/1526/1
f 2514/1526/1 2517/1531/1 918/3916/1
f 4054/516/1 530/4084/1 2517/1531/1
f 720/3906/1 4055/513/1 2518/1535/1
f 2518/1535/1 2521/1540/1 919/3911/1
f 4055/513/1 719/3918/1 2521/1540/1
f 324/3856/1 4056/510/1 2522/1544/1
f 2522/1544/1 2525/1549/1 920/3905/1
f 4056/510/1 718/3244/1 2525/1549/1
f 717/3248/1 4057/507/1 2526/1553/1
f 2526/1553/1 2529/1558/1 921/3902/1
f 4057/507/1 531/3885/1 2529/1558/1
f 716/3891/1 4058/504/1 2530/1562/1
f 2530/1562/1 2533/1567/1 922/3897/1
f 4058/504/1 715/3904/1 2533/1567/1
f 388/3912/1 4059/501/1 2534/1571/1
f 2534/1571/1 2537/1576/1 923/3890/1
f 4059/501/1 714/3250/1 2537/1576/1
f 713/3254/1 4060/498/1 2538/1580/1
f 2538/1580/1 2541/1585/1 924/3887/1
f 4060/498/1 507/3936/1 2541/1585/1
f 712/3880/1 4061/495/1 2542/1589/1
f 2542/1589/1 2545/1594/1 925/3883/1
f 4061/495/1 711/3889/1 2545/1594/1
f 389/4083/1 4062/492/1 2546/1598/1
f 2546/1598/1 2549/1603/1 926/3879/1
f 4062/492/1 710/3256/1 2549/1603/1
f 709/3260/1 4063/489/1 2550/1607/1
f 2550/1607/1 2553/1612/1 927/3876/1
f 4063/489/1 534/4094/1 2553/1612/1
f 708/3865/1 4064/486/1 2554/1616/1
f 2554/1616/1 2557/1621/1 928/3871/1
f 4064/486/1 707/3878/1 2557/1621/1
f 293/4203/1 4065/483/1 2558/1625/1
f 2558/1625/1 2561/1630/1 929/3864/1
f 4065/483/1 706/3262/1 2561/1630/1
f 705/3266/1 4066/480/1 2562/1634/1
f 2562/1634/1 2565/1639/1 930/3861/1
f 4066/480/1 535/3843/1 2565/1639/1
f 704/3849/1 4067/477/1 2566/1643/1
f 2566/1643/1 2569/1648/1 931/3855/1
f 4067/477/1 703/3863/1 2569/1648/1
f 392/3872/1 4068/474/1 2570/1652/1
f 2570/1652/1 2573/1657/1 932/3848/1
f 4068/474/1 702/3268/1 2573/1657/1
f 701/3272/1 4069/471/1 2574/1661/1
f 2574/1661/1 2577/1666/1 933/3845/1
f 4069/471/1 506/3508/1 2577/1666/1
f 700/3838/1 4070/468/1 2578/1670/1
f 2578/1670/1 2581/1675/1 934/3841/1
f 4070/468/1 699/3847/1 2581/1675/1
f 393/4093/1 4071/465/1 2582/1679/1
f 2582/1679/1 2585/1684/1 935/3837/1
f 4071/465/1 698/3274/1 2585/1684/1
f 697/3278/1 4072/462/1 2586/1688/1
f 2586/1688/1 2589/1693/1 936/3834/1
f 4072/462/1 538/4103/1 2589/1693/1
f 696/3829/1 4073/459/1 2590/1697/1
f 2590/1697/1 2593/1702/1 937/3831/1
f 4073/459/1 695/3836/1 2593/1702/1
f 321/3540/1 4074/456/1 2594/1706/1
f 2594/1706/1 2597/1711/1 938/3828/1
f 4074/456/1 694/3280/1 2597/1711/1
f 693/3284/1 4075/453/1 2598/1715/1
f 2598/1715/1 2601/1720/1 939/3823/1
f 4075/453/1 539/3805/1 2601/1720/1
f 692/3814/1 4076/450/1 2602/1724/1
f 2602/1724/1 2605/1729/1 940/3817/1
f 4076/450/1 691/3826/1 2605/1729/1
f 396/3832/1 4077/447/1 2606/1733/1
f 2606/1733/1 2609/1738/1 941/3813/1
f 4077/447/1 690/3286/1 2609/1738/1
f 689/3290/1 4078/444/1 2610/1742/1
f 2610/1742/1 2613/1747/1 942/3808/1
f 4078/444/1 495/3645/1 2613/1747/1
f 688/3798/1 4079/441/1 2614/1751/1
f 2614/1751/1 2617/1756/1 943/3801/1
f 4079/441/1 687/3811/1 2617/1756/1
f 397/4102/1 4080/438/1 2618/1760/1
f 2618/1760/1 2621/1765/1 944/3797/1
f 4080/438/1 686/3292/1 2621/1765/1
f 685/3296/1 4081/435/1 2622/1769/1
f 2622/1769/1 2625/1774/1 945/3794/1
f 4081/435/1 542/4112/1 2625/1774/1
f 684/3784/1 4082/432/1 2626/1778/1
f 2626/1778/1 2629/1783/1 946/3789/1
f 4082/432/1 683/3796/1 2629/1783/1
f 320/3722/1 4083/429/1 2630/1787/1
f 2630/1787/1 2633/1792/1 947/3783/1
f 4083/429/1 682/3298/1 2633/1792/1
f 681/3302/1 4084/426/1 2634/1796/1
f 2634/1796/1 2637/1801/1 948/3778/1
f 4084/426/1 543/3753/1 2637/1801/1
f 680/3763/1 4085/423/1 2638/1805/1
f 2638/1805/1 2641/1810/1 949/3769/1
f 4085/423/1 679/3781/1 2641/1810/1
f 400/3790/1 4086/420/1 2642/1814/1
f 2642/1814/1 2645/1819/1 950/3762/1
f 4086/420/1 678/3304/1 2645/1819/1
f 677/3308/1 4087/417/1 2646/1823/1
f 2646/1823/1 2649/1828/1 951/3756/1
f 4087/417/1 503/3821/1 2649/1828/1
f 676/3746/1 4088/414/1 2650/1832/1
f 2650/1832/1 2653/1837/1 952/3749/1
f 4088/414/1 675/3760/1 2653/1837/1
f 401/4111/1 4089/411/1 2654/1841/1
f 2654/1841/1 2657/1846/1 953/3745/1
f 4089/411/1 674/3310/1 2657/1846/1
f 673/3314/1 4090/408/1 2658/1850/1
f 2658/1850/1 2661/1855/1 954/3742/1
f 4090/408/1 546/4121/1 2661/1855/1
f 672/3731/1 4091/405/1 2662/1859/1
f 2662/1859/1 2665/1864/1 955/3737/1
f 4091/405/1 671/3744/1 2665/1864/1
f 300/3898/1 4092/402/1 2666/1868/1
f 2666/1868/1 2669/1873/1 956/3730/1
f 4092/402/1 670/3316/1 2669/1873/1
f 669/3320/1 4093/399/1 2670/1877/1
f 2670/1877/1 2673/1882/1 957/3727/1
f 4093/399/1 547/3709/1 2673/1882/1
f 668/3715/1 4094/396/1 2674/1886/1
f 2674/1886/1 2677/1891/1 958/3721/1
f 4094/396/1 667/3729/1 2677/1891/1
f 404/3738/1 4095/393/1 2678/1895/1
f 2678/1895/1 2681/1900/1 959/3714/1
f 4095/393/1 666/3322/1 2681/1900/1
f 665/3326/1 4096/390/1 2682/1904/1
f 2682/1904/1 2685/1909/1 960/3711/1
f 4096/390/1 502/3541/1 2685/1909/1
f 664/3704/1 4097/387/1 2686/1913/1
f 2686/1913/1 2689/1918/1 961/3707/1
f 4097/387/1 663/3713/1 2689/1918/1
f 405/4120/1 4098/384/1 2690/1922/1
f 2690/1922/1 2693/1927/1 962/3703/1
f 4098/384/1 662/3328/1 2693/1927/1
f 661/3332/1 4099/381/1 2694/1931/1
f 2694/1931/1 2697/1936/1 963/3700/1
f 4099/381/1 550/4130/1 2697/1936/1
f 660/3695/1 4100/378/1 2698/1940/1
f 2698/1940/1 2701/1945/1 964/3697/1
f 4100/378/1 659/3702/1 2701/1945/1
f 317/3573/1 4101/375/1 2702/1949/1
f 2702/1949/1 2705/1954/1 965/3694/1
f 4101/375/1 658/3334/1 2705/1954/1
f 657/3338/1 4102/372/1 2706/1958/1
f 2706/1958/1 2709/1963/1 966/3689/1
f 4102/372/1 551/3670/1 2709/1963/1
f 656/3680/1 4103/369/1 2710/1967/1
f 2710/1967/1 2713/1972/1 967/3683/1
f 4103/369/1 655/3692/1 2713/1972/1
f 408/3698/1 4104/366/1 2714/1976/1
f 2714/1976/1 2717/1981/1 968/3679/1
f 4104/366/1 654/3340/1 2717/1981/1
f 653/3344/1 4105/363/1 2718/1985/1
f 2718/1985/1 2721/1990/1 969/3673/1
f 4105/363/1 492/4204/1 2721/1990/1
f 652/3663/1 4106/360/1 2722/1994/1
f 2722/1994/1 2725/1999/1 970/3666/1
f 4106/360/1 651/3677/1 2725/1999/1
f 409/4129/1 4107/357/1 2726/2003/1
f 2726/2003/1 2729/2008/1 971/3662/1
f 4107/357/1 650/3346/1 2729/2008/1
f 649/3350/1 4108/354/1 2730/2012/1
f 2730/2012/1 2733/2017/1 972/3659/1
f 4108/354/1 554/4140/1 2733/2017/1
f 648/3654/1 4109/351/1 2734/2021/1
f 2734/2021/1 2737/2026/1 973/3656/1
f 4109/351/1 647/3661/1 2737/2026/1
f 316/3605/1 4110/348/1 2738/2030/1
f 2738/2030/1 2741/2035/1 974/3653/1
f 4110/348/1 646/3352/1 2741/2035/1
f 645/3356/1 4111/345/1 2742/2039/1
f 2742/2039/1 2745/2044/1 975/3648/1
f 4111/345/1 555/3628/1 2745/2044/1
f 644/3638/1 4112/342/1 2746/2048/1
f 2746/2048/1 2749/2053/1 976/3641/1
f 4112/342/1 643/3651/1 2749/2053/1
f 412/3657/1 4113/339/1 2750/2057/1
f 2750/2057/1 2753/2062/1 977/3637/1
f 4113/339/1 642/3358/1 2753/2062/1
f 641/3362/1 4114/336/1 2754/2066/1
f 2754/2066/1 2757/2071/1 978/3631/1
f 4114/336/1 499/3687/1 2757/2071/1
f 640/3621/1 4115/333/1 2758/2075/1
f 2758/2075/1 2761/2080/1 979/3624/1
f 4115/333/1 639/3635/1 2761/2080/1
f 413/4139/1 4116/330/1 2762/2084/1
f 2762/2084/1 2765/2089/1 980/3620/1
f 4116/330/1 638/3364/1 2765/2089/1
f 637/3368/1 4117/327/1 2766/2093/1
f 2766/2093/1 2769/2098/1 981/3617/1
f 4117/327/1 558/4149/1 2769/2098/1
f 636/3611/1 4118/324/1 2770/2102/1
f 2770/2102/1 2773/2107/1 982/3614/1
f 4118/324/1 635/3619/1 2773/2107/1
f 301/3996/1 4119/321/1 2774/2111/1
f 2774/2111/1 2777/2116/1 983/3610/1
f 4119/321/1 634/3370/1 2777/2116/1
f 633/3374/1 4120/318/1 2778/2120/1
f 2778/2120/1 2781/2125/1 984/3607/1
f 4120/318/1 559/3595/1 2781/2125/1
f 632/3601/1 4121/315/1 2782/2129/1
f 2782/2129/1 2785/2134/1 985/3604/1
f 4121/315/1 631/3609/1 2785/2134/1
f 416/3615/1 4122/312/1 2786/2138/1
f 2786/2138/1 2789/2143/1 986/3600/1
f 4122/312/1 630/3376/1 2789/2143/1
f 629/3380/1 4123/309/1 2790/2147/1
f 2790/2147/1 2793/2152/1 987/3597/1
f 4123/309/1 498/3574/1 2793/2152/1
f 628/3590/1 4124/306/1 2794/2156/1
f 2794/2156/1 2797/2161/1 988/3593/1
f 4124/306/1 627/3599/1 2797/2161/1
f 417/4148/1 4125/303/1 2798/2165/1
f 2798/2165/1 2801/2170/1 989/3589/1
f 4125/303/1 626/3382/1 2801/2170/1
f 625/3386/1 4126/300/1 2802/2174/1
f 2802/2174/1 2805/2179/1 990/3586/1
f 4126/300/1 562/4158/1 2805/2179/1
f 624/3580/1 4127/297/1 2806/2183/1
f 2806/2183/1 2809/2188/1 991/3583/1
f 4127/297/1 623/3588/1 2809/2188/1
f 313/4027/1 4128/294/1 2810/2192/1
f 2810/2192/1 2813/2197/1 992/3579/1
f 4128/294/1 622/3388/1 2813/2197/1
f 621/3392/1 4129/291/1 2814/2201/1
f 2814/2201/1 2817/2206/1 993/3576/1
f 4129/291/1 563/3562/1 2817/2206/1
f 620/3569/1 4130/288/1 2818/2210/1
f 2818/2210/1 2821/2215/1 994/3572/1
f 4130/288/1 619/3578/1 2821/2215/1
f 420/3584/1 4131/285/1 2822/2219/1
f 2822/2219/1 2825/2224/1 995/3568/1
f 4131/285/1 618/3394/1 2825/2224/1
f 617/3398/1 4132/282/1 2826/2228/1
f 2826/2228/1 2829/2233/1 996/3564/1
f 4132/282/1 480/4205/1 2829/2233/1
f 616/3557/1 4133/279/1 2830/2237/1
f 2830/2237/1 2833/2242/1 997/3560/1
f 4133/279/1 615/3567/1 2833/2242/1
f 421/4157/1 4134/276/1 2834/2246/1
f 2834/2246/1 2837/2251/1 998/3556/1
f 4134/276/1 614/3400/1 2837/2251/1
f 613/3404/1 4135/273/1 2838/2255/1
f 2838/2255/1 2841/2260/1 999/3553/1
f 4135/273/1 566/4168/1 2841/2260/1
f 612/3547/1 4136/270/1 2842/2264/1
f 2842/2264/1 2845/2269/1 1000/3550/1
f 4136/270/1 611/3555/1 2845/2269/1
f 312/3935/1 4137/267/1 2846/2273/1
f 2846/2273/1 2849/2278/1 1001/3546/1
f 4137/267/1 610/3406/1 2849/2278/1
f 609/3410/1 4138/264/1 2850/2282/1
f 2850/2282/1 2853/2287/1 1002/3543/1
f 4138/264/1 567/3529/1 2853/2287/1
f 608/3536/1 4139/261/1 2854/2291/1
f 2854/2291/1 2857/2296/1 1003/3539/1
f 4139/261/1 607/3545/1 2857/2296/1
f 424/3551/1 4140/258/1 2858/2300/1
f 2858/2300/1 2861/2305/1 1004/3535/1
f 4140/258/1 606/3412/1 2861/2305/1
f 605/3416/1 4141/255/1 2862/2309/1
f 2862/2309/1 2865/2314/1 1005/3531/1
f 4141/255/1 483/3606/1 2865/2314/1
f 604/3524/1 4142/252/1 2866/2318/1
f 2866/2318/1 2869/2323/1 1006/3527/1
f 4142/252/1 603/3534/1 2869/2323/1
f 425/4167/1 4143/249/1 2870/2327/1
f 2870/2327/1 2873/2332/1 1007/3523/1
f 4143/249/1 602/3418/1 2873/2332/1
f 601/3422/1 4144/246/1 2874/2336/1
f 2874/2336/1 2877/2341/1 1008/3520/1
f 4144/246/1 570/4178/1 2877/2341/1
f 600/3514/1 4145/243/1 2878/2345/1
f 2878/2345/1 2881/2350/1 1009/3517/1
f 4145/243/1 599/3522/1 2881/2350/1
f 305/4206/1 4146/240/1 2882/2354/1
f 2882/2354/1 2885/2359/1 1010/3513/1
f 4146/240/1 598/3424/1 2885/2359/1
f 597/3428/1 4147/237/1 2886/2363/1
f 2886/2363/1 2889/2368/1 1011/3510/1
f 4147/237/1 571/3496/1 2889/2368/1
f 596/3503/1 4148/234/1 2890/2372/1
f 2890/2372/1 2893/2377/1 1012/3506/1
f 4148/234/1 595/3512/1 2893/2377/1
f 428/3518/1 4149/231/1 2894/2381/1
f 2894/2381/1 2897/2386/1 1013/3502/1
f 4149/231/1 594/3430/1 2897/2386/1
f 593/3434/1 4150/228/1 2898/2390/1
f 2898/2390/1 2901/2395/1 1014/3498/1
f 4150/228/1 482/3966/1 2901/2395/1
f 592/3491/1 4151/225/1 2902/2399/1
f 2902/2399/1 2905/2404/1 1015/3494/1
f 4151/225/1 591/3501/1 2905/2404/1
f 429/4177/1 4152/222/1 2906/2408/1
f 2906/2408/1 2909/2413/1 1016/3490/1
f 4152/222/1 590/3436/1 2909/2413/1
f 589/3440/1 4153/219/1 2910/2417/1
f 2910/2417/1 2913/2422/1 1017/3487/1
f 4153/219/1 574/4188/1 2913/2422/1
f 588/3481/1 4154/216/1 2914/2426/1
f 2914/2426/1 2917/2431/1 1018/3484/1
f 4154/216/1 587/3489/1 2917/2431/1
f 309/4207/1 4155/213/1 2918/2435/1
f 2918/2435/1 2921/2440/1 1019/3480/1
f 4155/213/1 586/3442/1 2921/2440/1
f 585/3446/1 4156/210/1 2922/2444/1
f 2922/2444/1 2925/2449/1 1020/3477/1
f 4156/210/1 575/3463/1 2925/2449/1
f 584/3470/1 4157/207/1 2926/2453/1
f 2926/2453/1 2929/2458/1 1021/3473/1
f 4157/207/1 583/3479/1 2929/2458/1
f 432/3485/1 4158/204/1 2930/2462/1
f 2930/2462/1 2933/2467/1 1022/3469/1
f 4158/204/1 582/3448/1 2933/2467/1
f 581/3452/1 4159/201/1 2934/2471/1
f 2934/2471/1 2937/2476/1 1023/3465/1
f 4159/201/1 476/4208/1 2937/2476/1
f 580/3458/1 4160/198/1 2938/2480/1
f 2938/2480/1 2941/2485/1 1024/3461/1
f 4160/198/1 579/3468/1 2941/2485/1
f 433/4187/1 4161/195/1 2942/2489/1
f 2942/2489/1 2945/2494/1 1025/3457/1
f 4161/195/1 578/3454/1 2945/2494/1
f 577/4190/1 4162/192/1 2946/2498/1
f 2946/2498/1 2949/2503/1 1026/3451/1
f 4162/192/1 332/4209/1 2949/2503/1
f 576/3488/1 4163/189/1 2950/2507/1
f 2950/2507/1 2953/2512/1 1027/3445/1
f 4163/189/1 431/3459/1 2953/2512/1
f 453/4210/1 4164/186/1 2954/2516/1
f 2954/2516/1 2957/2521/1 1028/3439/1
f 4164/186/1 430/4184/1 2957/2521/1
f 573/4180/1 4165/183/1 2958/2525/1
f 2958/2525/1 2961/2530/1 1029/3433/1
f 4165/183/1 338/3962/1 2961/2530/1
f 572/3521/1 4166/180/1 2962/2534/1
f 2962/2534/1 2965/2539/1 1030/3427/1
f 4166/180/1 427/3492/1 2965/2539/1
f 449/4211/1 4167/177/1 2966/2543/1
f 2966/2543/1 2969/2548/1 1031/3421/1
f 4167/177/1 426/4174/1 2969/2548/1
f 569/4170/1 4168/174/1 2970/2552/1
f 2970/2552/1 2973/2557/1 1032/3415/1
f 4168/174/1 339/3602/1 2973/2557/1
f 568/3554/1 4169/171/1 2974/2561/1
f 2974/2561/1 2977/2566/1 1033/3409/1
f 4169/171/1 423/3525/1 2977/2566/1
f 456/3938/1 4170/168/1 2978/2570/1
f 2978/2570/1 2981/2575/1 1034/3403/1
f 4170/168/1 422/4165/1 2981/2575/1
f 565/4160/1 4171/165/1 2982/2579/1
f 2982/2579/1 2985/2584/1 1035/3397/1
f 4171/165/1 336/4212/1 2985/2584/1
f 564/3587/1 4172/162/1 2986/2588/1
f 2986/2588/1 2989/2593/1 1036/3391/1
f 4172/162/1 419/3558/1 2989/2593/1
f 457/4030/1 4173/159/1 2990/2597/1
f 2990/2597/1 2993/2602/1 1037/3385/1
f 4173/159/1 418/4155/1 2993/2602/1
f 561/4151/1 4174/156/1 2994/2606/1
f 2994/2606/1 2997/2611/1 1038/3379/1
f 4174/156/1 354/3570/1 2997/2611/1
f 560/3618/1 4175/153/1 2998/2615/1
f 2998/2615/1 3001/2620/1 1039/3373/1
f 4175/153/1 415/3591/1 3001/2620/1
f 445/3999/1 4176/150/1 3002/2624/1
f 3002/2624/1 3005/2629/1 1040/3367/1
f 4176/150/1 414/4146/1 3005/2629/1
f 557/4142/1 4177/147/1 3006/2633/1
f 3006/2633/1 3009/2638/1 1041/3361/1
f 4177/147/1 355/3681/1 3009/2638/1
f 556/3660/1 4178/144/1 3010/2642/1
f 3010/2642/1 3013/2647/1 1042/3355/1
f 4178/144/1 411/3622/1 3013/2647/1
f 460/3608/1 4179/141/1 3014/2651/1
f 3014/2651/1 3017/2656/1 1043/3349/1
f 4179/141/1 410/4137/1 3017/2656/1
f 553/4132/1 4180/138/1 3018/2660/1
f 3018/2660/1 3021/2665/1 1044/3343/1
f 4180/138/1 348/4213/1 3021/2665/1
f 552/3701/1 4181/135/1 3022/2669/1
f 3022/2669/1 3025/2674/1 1045/3337/1
f 4181/135/1 407/3664/1 3025/2674/1
f 461/3577/1 4182/132/1 3026/2678/1
f 3026/2678/1 3029/2683/1 1046/3331/1
f 4182/132/1 406/4127/1 3029/2683/1
f 549/4123/1 4183/129/1 3030/2687/1
f 3030/2687/1 3033/2692/1 1047/3325/1
f 4183/129/1 358/3537/1 3033/2692/1
f 548/3743/1 4184/126/1 3034/2696/1
f 3034/2696/1 3037/2701/1 1048/3319/1
f 4184/126/1 403/3705/1 3037/2701/1
f 444/3903/1 4185/123/1 3038/2705/1
f 3038/2705/1 3041/2710/1 1049/3313/1
f 4185/123/1 402/4118/1 3041/2710/1
f 545/4114/1 4186/120/1 3042/2714/1
f 3042/2714/1 3045/2719/1 1050/3307/1
f 4186/120/1 359/3815/1 3045/2719/1
f 544/3795/1 4187/117/1 3046/2723/1
f 3046/2723/1 3049/2728/1 1051/3301/1
f 4187/117/1 399/3747/1 3049/2728/1
f 464/3728/1 4188/114/1 3050/2732/1
f 3050/2732/1 3053/2737/1 1052/3295/1
f 4188/114/1 398/4109/1 3053/2737/1
f 541/4105/1 4189/111/1 3054/2741/1
f 3054/2741/1 3057/2746/1 1053/3289/1
f 4189/111/1 351/3639/1 3057/2746/1
f 540/3835/1 4190/108/1 3058/2750/1
f 3058/2750/1 3061/2755/1 1054/3283/1
f 4190/108/1 395/3799/1 3061/2755/1
f 465/3544/1 4191/105/1 3062/2759/1
f 3062/2759/1 3065/2764/1 1055/3277/1
f 4191/105/1 394/4100/1 3065/2764/1
f 537/4096/1 4192/102/1 3066/2768/1
f 3066/2768/1 3069/2773/1 1056/3271/1
f 4192/102/1 362/3504/1 3069/2773/1
f 536/3877/1 4193/99/1 3070/2777/1
f 3070/2777/1 3073/2782/1 1057/3265/1
f 4193/99/1 391/3839/1 3073/2782/1
f 437/4214/1 4194/96/1 3074/2786/1
f 3074/2786/1 3077/2791/1 1058/3259/1
f 4194/96/1 390/4090/1 3077/2791/1
f 533/4086/1 4195/93/1 3078/2795/1
f 3078/2795/1 3081/2800/1 1059/3253/1
f 4195/93/1 363/3932/1 3081/2800/1
f 532/3917/1 4196/90/1 3082/2804/1
f 3082/2804/1 3085/2809/1 1060/3247/1
f 4196/90/1 387/3881/1 3085/2809/1
f 468/3862/1 4197/87/1 3086/2813/1
f 3086/2813/1 3089/2818/1 1061/3241/1
f 4197/87/1 386/4081/1 3089/2818/1
f 529/4077/1 4198/84/1 3090/2822/1
f 3090/2822/1 3093/2827/1 1062/3235/1
f 4198/84/1 350/3993/1 3093/2827/1
f 528/3947/1 4199/81/1 3094/2831/1
f 3094/2831/1 3097/2836/1 1063/3229/1
f 4199/81/1 383/3921/1 3097/2836/1
f 469/3511/1 4200/78/1 3098/2840/1
f 3098/2840/1 3101/2845/1 1064/3223/1
f 4200/78/1 382/4072/1 3101/2845/1
f 525/4068/1 4201/75/1 3102/2849/1
f 3102/2849/1 3105/2854/1 1065/3217/1
f 4201/75/1 366/3471/1 3105/2854/1
f 524/3978/1 4202/72/1 3106/2858/1
f 3106/2858/1 3109/2863/1 1066/3211/1
f 4202/72/1 379/3951/1 3109/2863/1
f 441/4215/1 4203/69/1 3110/2867/1
f 3110/2867/1 3113/2872/1 1067/3205/1
f 4203/69/1 378/4062/1 3113/2872/1
f 521/4058/1 4204/66/1 3114/2876/1
f 3114/2876/1 3117/2881/1 1068/3199/1
f 4204/66/1 367/4024/1 3117/2881/1
f 520/4008/1 4205/63/1 3118/2885/1
f 3118/2885/1 3121/2890/1 1069/3193/1
f 4205/63/1 375/3982/1 3121/2890/1
f 472/3968/1 4206/60/1 3122/2894/1
f 3122/2894/1 3125/2899/1 1070/3187/1
f 4206/60/1 374/4053/1 3125/2899/1
f 517/4048/1 4207/57/1 3126/2903/1
f 3126/2903/1 3129/2908/1 1071/3181/1
f 4207/57/1 344/4216/1 3129/2908/1
f 516/4039/1 4208/54/1 3130/2912/1
f 3130/2912/1 3133/2917/1 1072/3175/1
f 4208/54/1 371/4012/1 3133/2917/1
f 473/3478/1 4209/51/1 3134/2921/1
f 3134/2921/1 3137/2926/1 1073/3169/1
f 4209/51/1 370/4043/1 3137/2926/1
f 513/3466/1 4210/48/1 3138/2930/1
f 3138/2930/1 3141/2935/1 1074/3163/1
f 4210/48/1 304/4217/1 3141/2935/1
f 512/3958/1 4211/45/1 3142/2939/1
f 3142/2939/1 3145/2944/1 1075/3157/1
f 4211/45/1 327/4034/1 3145/2944/1
f 481/4218/1 4212/42/1 3146/2948/1
f 3146/2948/1 3149/2953/1 1076/3151/1
f 4212/42/1 326/3482/1 3149/2953/1
f 509/3499/1 4213/39/1 3150/2957/1
f 3150/2957/1 3153/2962/1 1077/3145/1
f 4213/39/1 310/4003/1 3153/2962/1
f 508/3846/1 4214/36/1 3154/2966/1
f 3154/2966/1 3157/2971/1 1078/3139/1
f 4214/36/1 323/3942/1 3157/2971/1
f 477/4219/1 4215/33/1 3158/2975/1
f 3158/2975/1 3161/2980/1 1079/3133/1
f 4215/33/1 322/3515/1 3161/2980/1
f 505/3532/1 4216/30/1 3162/2984/1
f 3162/2984/1 3165/2989/1 1080/3127/1
f 4216/30/1 311/3655/1 3165/2989/1
f 504/3712/1 4217/27/1 3166/2993/1
f 3166/2993/1 3169/2998/1 1081/3121/1
f 4217/27/1 319/3830/1 3169/2998/1
f 484/3888/1 4218/24/1 3170/3002/1
f 3170/3002/1 3173/3007/1 1082/3115/1
f 4218/24/1 318/3548/1 3173/3007/1
f 501/3565/1 4219/21/1 3174/3011/1
f 3174/3011/1 3177/3016/1 1083/3109/1
f 4219/21/1 308/4220/1 3177/3016/1
f 500/3598/1 4220/18/1 3178/3020/1
f 3178/3020/1 3181/3025/1 1084/3103/1
f 4220/18/1 315/3696/1 3181/3025/1
f 485/3989/1 4221/15/1 3182/3029/1
f 3182/3029/1 3185/3034/1 1085/3097/1
f 4221/15/1 314/3581/1 3185/3034/1
f 497/4019/1 4222/12/1 3186/3038/1
f 3186/3038/1 3189/3043/1 1086/3091/1
f 4222/12/1 296/4221/1 3189/3043/1
f 496/3928/1 4223/9/1 3190/3047/1
f 3190/3047/1 3193/3052/1 1087/3085/1
f 4223/9/1 299/3612/1 3193/3052/1
f 489/4222/1 4224/6/1 3194/3056/1
f 3194/3056/1 3197/3061/1 1088/3079/1
f 4224/6/1 298/3972/1 3197/3061/1
f 493/4223/1 4225/3/1 3198/3065/1
f 3198/3065/1 3201/3070/1 1089/3073/1
f 4225/3/1 292/4224/1 3201/3070/1
f 5317/2/2 6062/1/2 8450/3/2
f 5323/5/2 6058/4/2 8449/6/2
f 5324/8/2 6065/7/2 8448/9/2
f 5321/11/2 6066/10/2 8447/12/2
f 5339/14/2 6054/13/2 8446/15/2
f 5340/17/2 6069/16/2 8445/18/2
f 5333/20/2 6070/19/2 8444/21/2
f 5343/23/2 6053/22/2 8443/24/2
f 5344/26/2 6073/25/2 8442/27/2
f 5336/29/2 6074/28/2 8441/30/2
f 5347/32/2 6046/31/2 8440/33/2
f 5348/35/2 6077/34/2 8439/36/2
f 5335/38/2 6078/37/2 8438/39/2
f 5351/41/2 6050/40/2 8437/42/2
f 5352/44/2 6081/43/2 8436/45/2
f 5329/47/2 6082/46/2 8435/48/2
f 5395/50/2 6042/49/2 8434/51/2
f 5396/53/2 6085/52/2 8433/54/2
f 5369/56/2 6086/55/2 8432/57/2
f 5399/59/2 6041/58/2 8431/60/2
f 5400/62/2 6089/61/2 8430/63/2
f 5392/65/2 6090/64/2 8429/66/2
f 5403/68/2 6010/67/2 8428/69/2
f 5404/71/2 6093/70/2 8427/72/2
f 5391/74/2 6094/73/2 8426/75/2
f 5407/77/2 6038/76/2 8425/78/2
f 5408/80/2 6097/79/2 8424/81/2
f 5375/83/2 6098/82/2 8423/84/2
f 5411/86/2 6037/85/2 8422/87/2
f 5412/89/2 6101/88/2 8421/90/2
f 5388/92/2 6102/91/2 8420/93/2
f 5415/95/2 6006/94/2 8419/96/2
f 5416/98/2 6105/97/2 8418/99/2
f 5387/101/2 6106/100/2 8417/102/2
f 5419/104/2 6034/103/2 8416/105/2
f 5420/107/2 6109/106/2 8415/108/2
f 5376/110/2 6110/109/2 8414/111/2
f 5423/113/2 6033/112/2 8413/114/2
f 5424/116/2 6113/115/2 8412/117/2
f 5384/119/2 6114/118/2 8411/120/2
f 5427/122/2 6013/121/2 8410/123/2
f 5428/125/2 6117/124/2 8409/126/2
f 5383/128/2 6118/127/2 8408/129/2
f 5431/131/2 6030/130/2 8407/132/2
f 5432/134/2 6121/133/2 8406/135/2
f 5373/137/2 6122/136/2 8405/138/2
f 5435/140/2 6029/139/2 8404/141/2
f 5436/143/2 6125/142/2 8403/144/2
f 5380/146/2 6126/145/2 8402/147/2
f 5439/149/2 6014/148/2 8401/150/2
f 5440/152/2 6129/151/2 8400/153/2
f 5379/155/2 6130/154/2 8399/156/2
f 5443/158/2 6026/157/2 8398/159/2
f 5444/161/2 6133/160/2 8397/162/2
f 5361/164/2 6134/163/2 8396/165/2
f 5447/167/2 6025/166/2 8395/168/2
f 5448/170/2 6137/169/2 8394/171/2
f 5364/173/2 6138/172/2 8393/174/2
f 5451/176/2 6018/175/2 8392/177/2
f 5452/179/2 6141/178/2 8391/180/2
f 5363/182/2 6142/181/2 8390/183/2
f 5455/185/2 6022/184/2 8389/186/2
f 5456/188/2 6145/187/2 8388/189/2
f 5357/191/2 6146/190/2 8387/192/2
f 5603/194/2 6002/193/2 8386/195/2
f 5604/197/2 6149/196/2 8385/198/2
f 5501/200/2 6150/199/2 8384/201/2
f 5607/203/2 6001/202/2 8383/204/2
f 5608/206/2 6153/205/2 8382/207/2
f 5600/209/2 6154/208/2 8381/210/2
f 5611/212/2 5878/211/2 8380/213/2
f 5612/215/2 6157/214/2 8379/216/2
f 5599/218/2 6158/217/2 8378/219/2
f 5615/221/2 5998/220/2 8377/222/2
f 5616/224/2 6161/223/2 8376/225/2
f 5507/227/2 6162/226/2 8375/228/2
f 5619/230/2 5997/229/2 8374/231/2
f 5620/233/2 6165/232/2 8373/234/2
f 5596/236/2 6166/235/2 8372/237/2
f 5623/239/2 5874/238/2 8371/240/2
f 5624/242/2 6169/241/2 8370/243/2
f 5595/245/2 6170/244/2 8369/246/2
f 5627/248/2 5994/247/2 8368/249/2
f 5628/251/2 6173/250/2 8367/252/2
f 5508/254/2 6174/253/2 8366/255/2
f 5631/257/2 5993/256/2 8365/258/2
f 5632/260/2 6177/259/2 8364/261/2
f 5592/263/2 6178/262/2 8363/264/2
f 5635/266/2 5881/265/2 8362/267/2
f 5636/269/2 6181/268/2 8361/270/2
f 5591/272/2 6182/271/2 8360/273/2
f 5639/275/2 5990/274/2 8359/276/2
f 5640/278/2 6185/277/2 8358/279/2
f 5505/281/2 6186/280/2 8357/282/2
f 5643/284/2 5989/283/2 8356/285/2
f 5644/287/2 6189/286/2 8355/288/2
f 5588/290/2 6190/289/2 8354/291/2
f 5647/293/2 5882/292/2 8353/294/2
f 5648/296/2 6193/295/2 8352/297/2
f 5587/299/2 6194/298/2 8351/300/2
f 5651/302/2 5986/301/2 8350/303/2
f 5652/305/2 6197/304/2 8349/306/2
f 5523/308/2 6198/307/2 8348/309/2
f 5655/311/2 5985/310/2 8347/312/2
f 5656/314/2 6201/313/2 8346/315/2
f 5584/317/2 6202/316/2 8345/318/2
f 5659/320/2 5870/319/2 8344/321/2
f 5660/323/2 6205/322/2 8343/324/2
f 5583/326/2 6206/325/2 8342/327/2
f 5663/329/2 5982/328/2 8341/330/2
f 5664/332/2 6209/331/2 8340/333/2
f 5524/335/2 6210/334/2 8339/336/2
f 5667/338/2 5981/337/2 8338/339/2
f 5668/341/2 6213/340/2 8337/342/2
f 5580/344/2 6214/343/2 8336/345/2
f 5671/347/2 5885/346/2 8335/348/2
f 5672/350/2 6217/349/2 8334/351/2
f 5579/353/2 6218/352/2 8333/354/2
f 5675/356/2 5978/355/2 8332/357/2
f 5676/359/2 6221/358/2 8331/360/2
f 5517/362/2 6222/361/2 8330/363/2
f 5679/365/2 5977/364/2 8329/366/2
f 5680/368/2 6225/367/2 8328/369/2
f 5576/371/2 6226/370/2 8327/372/2
f 5683/374/2 5886/373/2 8326/375/2
f 5684/377/2 6229/376/2 8325/378/2
f 5575/380/2 6230/379/2 8324/381/2
f 5687/383/2 5974/382/2 8323/384/2
f 5688/386/2 6233/385/2 8322/387/2
f 5527/389/2 6234/388/2 8321/390/2
f 5691/392/2 5973/391/2 8320/393/2
f 5692/395/2 6237/394/2 8319/396/2
f 5572/398/2 6238/397/2 8318/399/2
f 5695/401/2 5869/400/2 8317/402/2
f 5696/404/2 6241/403/2 8316/405/2
f 5571/407/2 6242/406/2 8315/408/2
f 5699/410/2 5970/409/2 8314/411/2
f 5700/413/2 6245/412/2 8313/414/2
f 5528/416/2 6246/415/2 8312/417/2
f 5703/419/2 5969/418/2 8311/420/2
f 5704/422/2 6249/421/2 8310/423/2
f 5568/425/2 6250/424/2 8309/426/2
f 5707/428/2 5889/427/2 8308/429/2
f 5708/431/2 6253/430/2 8307/432/2
f 5567/434/2 6254/433/2 8306/435/2
f 5711/437/2 5966/436/2 8305/438/2
f 5712/440/2 6257/439/2 8304/441/2
f 5520/443/2 6258/442/2 8303/444/2
f 5715/446/2 5965/445/2 8302/447/2
f 5716/449/2 6261/448/2 8301/450/2
f 5564/452/2 6262/451/2 8300/453/2
f 5719/455/2 5890/454/2 8299/456/2
f 5720/458/2 6265/457/2 8298/459/2
f 5563/461/2 6266/460/2 8297/462/2
f 5723/464/2 5962/463/2 8296/465/2
f 5724/467/2 6269/466/2 8295/468/2
f 5531/470/2 6270/469/2 8294/471/2
f 5727/473/2 5961/472/2 8293/474/2
f 5728/476/2 6273/475/2 8292/477/2
f 5560/479/2 6274/478/2 8291/480/2
f 5731/482/2 5862/481/2 8290/483/2
f 5732/485/2 6277/484/2 8289/486/2
f 5559/488/2 6278/487/2 8288/489/2
f 5735/491/2 5958/490/2 8287/492/2
f 5736/494/2 6281/493/2 8286/495/2
f 5532/497/2 6282/496/2 8285/498/2
f 5739/500/2 5957/499/2 8284/501/2
f 5740/503/2 6285/502/2 8283/504/2
f 5556/506/2 6286/505/2 8282/507/2
f 5743/509/2 5893/508/2 8281/510/2
f 5744/512/2 6289/511/2 8280/513/2
f 5555/515/2 6290/514/2 8279/516/2
f 5747/518/2 5954/517/2 8278/519/2
f 5748/521/2 6293/520/2 8277/522/2
f 5519/524/2 6294/523/2 8276/525/2
f 5751/527/2 5953/526/2 8275/528/2
f 5752/530/2 6297/529/2 8274/531/2
f 5552/533/2 6298/532/2 8273/534/2
f 5755/536/2 5894/535/2 8272/537/2
f 5756/539/2 6301/538/2 8271/540/2
f 5551/542/2 6302/541/2 8270/543/2
f 5759/545/2 5950/544/2 8269/546/2
f 5760/548/2 6305/547/2 8268/549/2
f 5535/551/2 6306/550/2 8267/552/2
f 5763/554/2 5949/553/2 8266/555/2
f 5764/557/2 6309/556/2 8265/558/2
f 5548/560/2 6310/559/2 8264/561/2
f 5767/563/2 5866/562/2 8263/564/2
f 5768/566/2 6313/565/2 8262/567/2
f 5547/569/2 6314/568/2 8261/570/2
f 5771/572/2 5946/571/2 8260/573/2
f 5772/575/2 6317/574/2 8259/576/2
f 5536/578/2 6318/577/2 8258/579/2
f 5775/581/2 5945/580/2 8257/582/2
f 5776/584/2 6321/583/2 8256/585/2
f 5544/587/2 6322/586/2 8255/588/2
f 5779/590/2 5897/589/2 8254/591/2
f 5780/593/2 6325/592/2 8253/594/2
f 5543/596/2 6326/595/2 8252/597/2
f 5783/599/2 5942/598/2 8251/600/2
f 5784/602/2 6329/601/2 8250/603/2
f 5513/605/2 6330/604/2 8249/606/2
f 5787/608/2 5941/607/2 8248/609/2
f 5788/611/2 6333/610/2 8247/612/2
f 5540/614/2 6334/613/2 8246/615/2
f 5791/617/2 5898/616/2 8245/618/2
f 5792/620/2 6337/619/2 8244/621/2
f 5539/623/2 6338/622/2 8243/624/2
f 5795/626/2 5938/625/2 8242/627/2
f 5796/629/2 6341/628/2 8241/630/2
f 5473/632/2 6342/631/2 8240/633/2
f 5799/635/2 5937/634/2 8239/636/2
f 5800/638/2 6345/637/2 8238/639/2
f 5496/641/2 6346/640/2 8237/642/2
f 5803/644/2 5906/643/2 8236/645/2
f 5804/647/2 6349/646/2 8235/648/2
f 5495/650/2 6350/649/2 8234/651/2
f 5807/653/2 5934/652/2 8233/654/2
f 5808/656/2 6353/655/2 8232/657/2
f 5479/659/2 6354/658/2 8231/660/2
f 5811/662/2 5933/661/2 8230/663/2
f 5812/665/2 6357/664/2 8229/666/2
f 5492/668/2 6358/667/2 8228/669/2
f 5815/671/2 5902/670/2 8227/672/2
f 5816/674/2 6361/673/2 8226/675/2
f 5491/677/2 6362/676/2 8225/678/2
f 5819/680/2 5930/679/2 8224/681/2
f 5820/683/2 6365/682/2 8223/684/2
f 5480/686/2 6366/685/2 8222/687/2
f 5823/689/2 5929/688/2 8221/690/2
f 5824/692/2 6369/691/2 8220/693/2
f 5488/695/2 6370/694/2 8219/696/2
f 5827/698/2 5909/697/2 8218/699/2
f 5828/701/2 6373/700/2 8217/702/2
f 5487/704/2 6374/703/2 8216/705/2
f 5831/707/2 5926/706/2 8215/708/2
f 5832/710/2 6377/709/2 8214/711/2
f 5477/713/2 6378/712/2 8213/714/2
f 5835/716/2 5925/715/2 8212/717/2
f 5836/719/2 6381/718/2 8211/720/2
f 5484/722/2 6382/721/2 8210/723/2
f 5839/725/2 5910/724/2 8209/726/2
f 5840/728/2 6385/727/2 8208/729/2
f 5483/731/2 6386/730/2 8207/732/2
f 5843/734/2 5922/733/2 8206/735/2
f 5844/737/2 6389/736/2 8205/738/2
f 5465/740/2 6390/739/2 8204/741/2
f 5847/743/2 5921/742/2 8203/744/2
f 5848/746/2 6393/745/2 8202/747/2
f 5468/749/2 6394/748/2 8201/750/2
f 5851/752/2 5914/751/2 8200/753/2
f 5852/755/2 6397/754/2 8199/756/2
f 5467/758/2 6398/757/2 8198/759/2
f 5855/761/2 5918/760/2 8197/762/2
f 5856/764/2 6401/763/2 8196/765/2
f 5461/767/2 6402/766/2 8195/768/2
f 6403/770/2 5858/769/2 8194/771/2
f 6404/773/2 6405/772/2 8193/774/2
f 6005/776/2 6406/775/2 8192/777/2
f 6407/779/2 5857/778/2 8191/780/2
f 6408/782/2 6409/781/2 8190/783/2
f 6400/785/2 6410/784/2 8189/786/2
f 6411/788/2 5374/787/2 8188/789/2
f 6412/791/2 6413/790/2 8187/792/2
f 6399/794/2 6414/793/2 8186/795/2
f 6415/797/2 5854/796/2 8185/798/2
f 6416/800/2 6417/799/2 8184/801/2
f 6011/803/2 6418/802/2 8183/804/2
f 6419/806/2 5853/805/2 8182/807/2
f 6420/809/2 6421/808/2 8181/810/2
f 6396/812/2 6422/811/2 8180/813/2
f 6423/815/2 5370/814/2 8179/816/2
f 6424/818/2 6425/817/2 8178/819/2
f 6395/821/2 6426/820/2 8177/822/2
f 6427/824/2 5850/823/2 8176/825/2
f 6428/827/2 6429/826/2 8175/828/2
f 6012/830/2 6430/829/2 8174/831/2
f 6431/833/2 5849/832/2 8173/834/2
f 6432/836/2 6433/835/2 8172/837/2
f 6392/839/2 6434/838/2 8171/840/2
f 6435/842/2 5377/841/2 8170/843/2
f 6436/845/2 6437/844/2 8169/846/2
f 6391/848/2 6438/847/2 8168/849/2
f 6439/851/2 5846/850/2 8167/852/2
f 6440/854/2 6441/853/2 8166/855/2
f 6009/857/2 6442/856/2 8165/858/2
f 6443/860/2 5845/859/2 8164/861/2
f 6444/863/2 6445/862/2 8163/864/2
f 6388/866/2 6446/865/2 8162/867/2
f 6447/869/2 5378/868/2 8161/870/2
f 6448/872/2 6449/871/2 8160/873/2
f 6387/875/2 6450/874/2 8159/876/2
f 6451/878/2 5842/877/2 8158/879/2
f 6452/881/2 6453/880/2 8157/882/2
f 6027/884/2 6454/883/2 8156/885/2
f 6455/887/2 5841/886/2 8155/888/2
f 6456/890/2 6457/889/2 8154/891/2
f 6384/893/2 6458/892/2 8153/894/2
f 6459/896/2 5366/895/2 8152/897/2
f 6460/899/2 6461/898/2 8151/900/2
f 6383/902/2 6462/901/2 8150/903/2
f 6463/905/2 5838/904/2 8149/906/2
f 6464/908/2 6465/907/2 8148/909/2
f 6028/911/2 6466/910/2 8147/912/2
f 6467/914/2 5837/913/2 8146/915/2
f 6468/917/2 6469/916/2 8145/918/2
f 6380/920/2 6470/919/2 8144/921/2
f 6471/923/2 5381/922/2 8143/924/2
f 6472/926/2 6473/925/2 8142/927/2
f 6379/929/2 6474/928/2 8141/930/2
f 6475/932/2 5834/931/2 8140/933/2
f 6476/935/2 6477/934/2 8139/936/2
f 6021/938/2 6478/937/2 8138/939/2
f 6479/941/2 5833/940/2 8137/942/2
f 6480/944/2 6481/943/2 8136/945/2
f 6376/947/2 6482/946/2 8135/948/2
f 6483/950/2 5382/949/2 8134/951/2
f 6484/953/2 6485/952/2 8133/954/2
f 6375/956/2 6486/955/2 8132/957/2
f 6487/959/2 5830/958/2 8131/960/2
f 6488/962/2 6489/961/2 8130/963/2
f 6031/965/2 6490/964/2 8129/966/2
f 6491/968/2 5829/967/2 8128/969/2
f 6492/971/2 6493/970/2 8127/972/2
f 6372/974/2 6494/973/2 8126/975/2
f 6495/977/2 5365/976/2 8125/978/2
f 6496/980/2 6497/979/2 8124/981/2
f 6371/983/2 6498/982/2 8123/984/2
f 6499/986/2 5826/985/2 8122/987/2
f 6500/989/2 6501/988/2 8121/990/2
f 6032/992/2 6502/991/2 8120/993/2
f 6503/995/2 5825/994/2 8119/996/2
f 6504/998/2 6505/997/2 8118/999/2
f 6368/1001/2 6506/1000/2 8117/1002/2
f 6507/1004/2 5385/1003/2 8116/1005/2
f 6508/1007/2 6509/1006/2 8115/1008/2
f 6367/1010/2 6510/1009/2 8114/1011/2
f 6511/1013/2 5822/1012/2 8113/1014/2
f 6512/1016/2 6513/1015/2 8112/1017/2
f 6024/1019/2 6514/1018/2 8111/1020/2
f 6515/1022/2 5821/1021/2 8110/1023/2
f 6516/1025/2 6517/1024/2 8109/1026/2
f 6364/1028/2 6518/1027/2 8108/1029/2
f 6519/1031/2 5386/1030/2 8107/1032/2
f 6520/1034/2 6521/1033/2 8106/1035/2
f 6363/1037/2 6522/1036/2 8105/1038/2
f 6523/1040/2 5818/1039/2 8104/1041/2
f 6524/1043/2 6525/1042/2 8103/1044/2
f 6035/1046/2 6526/1045/2 8102/1047/2
f 6527/1049/2 5817/1048/2 8101/1050/2
f 6528/1052/2 6529/1051/2 8100/1053/2
f 6360/1055/2 6530/1054/2 8099/1056/2
f 6531/1058/2 5358/1057/2 8098/1059/2
f 6532/1061/2 6533/1060/2 8097/1062/2
f 6359/1064/2 6534/1063/2 8096/1065/2
f 6535/1067/2 5814/1066/2 8095/1068/2
f 6536/1070/2 6537/1069/2 8094/1071/2
f 6036/1073/2 6538/1072/2 8093/1074/2
f 6539/1076/2 5813/1075/2 8092/1077/2
f 6540/1079/2 6541/1078/2 8091/1080/2
f 6356/1082/2 6542/1081/2 8090/1083/2
f 6543/1085/2 5389/1084/2 8089/1086/2
f 6544/1088/2 6545/1087/2 8088/1089/2
f 6355/1091/2 6546/1090/2 8087/1092/2
f 6547/1094/2 5810/1093/2 8086/1095/2
f 6548/1097/2 6549/1096/2 8085/1098/2
f 6023/1100/2 6550/1099/2 8084/1101/2
f 6551/1103/2 5809/1102/2 8083/1104/2
f 6552/1106/2 6553/1105/2 8082/1107/2
f 6352/1109/2 6554/1108/2 8081/1110/2
f 6555/1112/2 5390/1111/2 8080/1113/2
f 6556/1115/2 6557/1114/2 8079/1116/2
f 6351/1118/2 6558/1117/2 8078/1119/2
f 6559/1121/2 5806/1120/2 8077/1122/2
f 6560/1124/2 6561/1123/2 8076/1125/2
f 6039/1127/2 6562/1126/2 8075/1128/2
f 6563/1130/2 5805/1129/2 8074/1131/2
f 6564/1133/2 6565/1132/2 8073/1134/2
f 6348/1136/2 6566/1135/2 8072/1137/2
f 6567/1139/2 5362/1138/2 8071/1140/2
f 6568/1142/2 6569/1141/2 8070/1143/2
f 6347/1145/2 6570/1144/2 8069/1146/2
f 6571/1148/2 5802/1147/2 8068/1149/2
f 6572/1151/2 6573/1150/2 8067/1152/2
f 6040/1154/2 6574/1153/2 8066/1155/2
f 6575/1157/2 5801/1156/2 8065/1158/2
f 6576/1160/2 6577/1159/2 8064/1161/2
f 6344/1163/2 6578/1162/2 8063/1164/2
f 6579/1166/2 5393/1165/2 8062/1167/2
f 6580/1169/2 6581/1168/2 8061/1170/2
f 6343/1172/2 6582/1171/2 8060/1173/2
f 6583/1175/2 5798/1174/2 8059/1176/2
f 6584/1178/2 6585/1177/2 8058/1179/2
f 6017/1181/2 6586/1180/2 8057/1182/2
f 6587/1184/2 5797/1183/2 8056/1185/2
f 6588/1187/2 6589/1186/2 8055/1188/2
f 6340/1190/2 6590/1189/2 8054/1191/2
f 6591/1193/2 5394/1192/2 8053/1194/2
f 6592/1196/2 6593/1195/2 8052/1197/2
f 6339/1199/2 6594/1198/2 8051/1200/2
f 6595/1202/2 5794/1201/2 8050/1203/2
f 6596/1205/2 6597/1204/2 8049/1206/2
f 6083/1208/2 6598/1207/2 8048/1209/2
f 6599/1211/2 5793/1210/2 8047/1212/2
f 6600/1214/2 6601/1213/2 8046/1215/2
f 6336/1217/2 6602/1216/2 8045/1218/2
f 6603/1220/2 5354/1219/2 8044/1221/2
f 6604/1223/2 6605/1222/2 8043/1224/2
f 6335/1226/2 6606/1225/2 8042/1227/2
f 6607/1229/2 5790/1228/2 8041/1230/2
f 6608/1232/2 6609/1231/2 8040/1233/2
f 6084/1235/2 6610/1234/2 8039/1236/2
f 6611/1238/2 5789/1237/2 8038/1239/2
f 6612/1241/2 6613/1240/2 8037/1242/2
f 6332/1244/2 6614/1243/2 8036/1245/2
f 6615/1247/2 5397/1246/2 8035/1248/2
f 6616/1250/2 6617/1249/2 8034/1251/2
f 6331/1253/2 6618/1252/2 8033/1254/2
f 6619/1256/2 5786/1255/2 8032/1257/2
f 6620/1259/2 6621/1258/2 8031/1260/2
f 6057/1262/2 6622/1261/2 8030/1263/2
f 6623/1265/2 5785/1264/2 8029/1266/2
f 6624/1268/2 6625/1267/2 8028/1269/2
f 6328/1271/2 6626/1270/2 8027/1272/2
f 6627/1274/2 5398/1273/2 8026/1275/2
f 6628/1277/2 6629/1276/2 8025/1278/2
f 6327/1280/2 6630/1279/2 8024/1281/2
f 6631/1283/2 5782/1282/2 8023/1284/2
f 6632/1286/2 6633/1285/2 8022/1287/2
f 6087/1289/2 6634/1288/2 8021/1290/2
f 6635/1292/2 5781/1291/2 8020/1293/2
f 6636/1295/2 6637/1294/2 8019/1296/2
f 6324/1298/2 6638/1297/2 8018/1299/2
f 6639/1301/2 5353/1300/2 8017/1302/2
f 6640/1304/2 6641/1303/2 8016/1305/2
f 6323/1307/2 6642/1306/2 8015/1308/2
f 6643/1310/2 5778/1309/2 8014/1311/2
f 6644/1313/2 6645/1312/2 8013/1314/2
f 6088/1316/2 6646/1315/2 8012/1317/2
f 6647/1319/2 5777/1318/2 8011/1320/2
f 6648/1322/2 6649/1321/2 8010/1323/2
f 6320/1325/2 6650/1324/2 8009/1326/2
f 6651/1328/2 5401/1327/2 8008/1329/2
f 6652/1331/2 6653/1330/2 8007/1332/2
f 6319/1334/2 6654/1333/2 8006/1335/2
f 6655/1337/2 5774/1336/2 8005/1338/2
f 6656/1340/2 6657/1339/2 8004/1341/2
f 6080/1343/2 6658/1342/2 8003/1344/2
f 6659/1346/2 5773/1345/2 8002/1347/2
f 6660/1349/2 6661/1348/2 8001/1350/2
f 6316/1352/2 6662/1351/2 8000/1353/2
f 6663/1355/2 5402/1354/2 7999/1356/2
f 6664/1358/2 6665/1357/2 7998/1359/2
f 6315/1361/2 6666/1360/2 7997/1362/2
f 6667/1364/2 5770/1363/2 7996/1365/2
f 6668/1367/2 6669/1366/2 7995/1368/2
f 6091/1370/2 6670/1369/2 7994/1371/2
f 6671/1373/2 5769/1372/2 7993/1374/2
f 6672/1376/2 6673/1375/2 7992/1377/2
f 6312/1379/2 6674/1378/2 7991/1380/2
f 6675/1382/2 5322/1381/2 7990/1383/2
f 6676/1385/2 6677/1384/2 7989/1386/2
f 6311/1388/2 6678/1387/2 7988/1389/2
f 6679/1391/2 5766/1390/2 7987/1392/2
f 6680/1394/2 6681/1393/2 7986/1395/2
f 6092/1397/2 6682/1396/2 7985/1398/2
f 6683/1400/2 5765/1399/2 7984/1401/2
f 6684/1403/2 6685/1402/2 7983/1404/2
f 6308/1406/2 6686/1405/2 7982/1407/2
f 6687/1409/2 5405/1408/2 7981/1410/2
f 6688/1412/2 6689/1411/2 7980/1413/2
f 6307/1415/2 6690/1414/2 7979/1416/2
f 6691/1418/2 5762/1417/2 7978/1419/2
f 6692/1421/2 6693/1420/2 7977/1422/2
f 6079/1424/2 6694/1423/2 7976/1425/2
f 6695/1427/2 5761/1426/2 7975/1428/2
f 6696/1430/2 6697/1429/2 7974/1431/2
f 6304/1433/2 6698/1432/2 7973/1434/2
f 6699/1436/2 5406/1435/2 7972/1437/2
f 6700/1439/2 6701/1438/2 7971/1440/2
f 6303/1442/2 6702/1441/2 7970/1443/2
f 6703/1445/2 5758/1444/2 7969/1446/2
f 6704/1448/2 6705/1447/2 7968/1449/2
f 6095/1451/2 6706/1450/2 7967/1452/2
f 6707/1454/2 5757/1453/2 7966/1455/2
f 6708/1457/2 6709/1456/2 7965/1458/2
f 6300/1460/2 6710/1459/2 7964/1461/2
f 6711/1463/2 5350/1462/2 7963/1464/2
f 6712/1466/2 6713/1465/2 7962/1467/2
f 6299/1469/2 6714/1468/2 7961/1470/2
f 6715/1472/2 5754/1471/2 7960/1473/2
f 6716/1475/2 6717/1474/2 7959/1476/2
f 6096/1478/2 6718/1477/2 7958/1479/2
f 6719/1481/2 5753/1480/2 7957/1482/2
f 6720/1484/2 6721/1483/2 7956/1485/2
f 6296/1487/2 6722/1486/2 7955/1488/2
f 6723/1490/2 5409/1489/2 7954/1491/2
f 6724/1493/2 6725/1492/2 7953/1494/2
f 6295/1496/2 6726/1495/2 7952/1497/2
f 6727/1499/2 5750/1498/2 7951/1500/2
f 6728/1502/2 6729/1501/2 7950/1503/2
f 6063/1505/2 6730/1504/2 7949/1506/2
f 6731/1508/2 5749/1507/2 7948/1509/2
f 6732/1511/2 6733/1510/2 7947/1512/2
f 6292/1514/2 6734/1513/2 7946/1515/2
f 6735/1517/2 5410/1516/2 7945/1518/2
f 6736/1520/2 6737/1519/2 7944/1521/2
f 6291/1523/2 6738/1522/2 7943/1524/2
f 6739/1526/2 5746/1525/2 7942/1527/2
f 6740/1529/2 6741/1528/2 7941/1530/2
f 6099/1532/2 6742/1531/2 7940/1533/2
f 6743/1535/2 5745/1534/2 7939/1536/2
f 6744/1538/2 6745/1537/2 7938/1539/2
f 6288/1541/2 6746/1540/2 7937/1542/2
f 6747/1544/2 5349/1543/2 7936/1545/2
f 6748/1547/2 6749/1546/2 7935/1548/2
f 6287/1550/2 6750/1549/2 7934/1551/2
f 6751/1553/2 5742/1552/2 7933/1554/2
f 6752/1556/2 6753/1555/2 7932/1557/2
f 6100/1559/2 6754/1558/2 7931/1560/2
f 6755/1562/2 5741/1561/2 7930/1563/2
f 6756/1565/2 6757/1564/2 7929/1566/2
f 6284/1568/2 6758/1567/2 7928/1569/2
f 6759/1571/2 5413/1570/2 7927/1572/2
f 6760/1574/2 6761/1573/2 7926/1575/2
f 6283/1577/2 6762/1576/2 7925/1578/2
f 6763/1580/2 5738/1579/2 7924/1581/2
f 6764/1583/2 6765/1582/2 7923/1584/2
f 6076/1586/2 6766/1585/2 7922/1587/2
f 6767/1589/2 5737/1588/2 7921/1590/2
f 6768/1592/2 6769/1591/2 7920/1593/2
f 6280/1595/2 6770/1594/2 7919/1596/2
f 6771/1598/2 5414/1597/2 7918/1599/2
f 6772/1601/2 6773/1600/2 7917/1602/2
f 6279/1604/2 6774/1603/2 7916/1605/2
f 6775/1607/2 5734/1606/2 7915/1608/2
f 6776/1610/2 6777/1609/2 7914/1611/2
f 6103/1613/2 6778/1612/2 7913/1614/2
f 6779/1616/2 5733/1615/2 7912/1617/2
f 6780/1619/2 6781/1618/2 7911/1620/2
f 6276/1622/2 6782/1621/2 7910/1623/2
f 6783/1625/2 5318/1624/2 7909/1626/2
f 6784/1628/2 6785/1627/2 7908/1629/2
f 6275/1631/2 6786/1630/2 7907/1632/2
f 6787/1634/2 5730/1633/2 7906/1635/2
f 6788/1637/2 6789/1636/2 7905/1638/2
f 6104/1640/2 6790/1639/2 7904/1641/2
f 6791/1643/2 5729/1642/2 7903/1644/2
f 6792/1646/2 6793/1645/2 7902/1647/2
f 6272/1649/2 6794/1648/2 7901/1650/2
f 6795/1652/2 5417/1651/2 7900/1653/2
f 6796/1655/2 6797/1654/2 7899/1656/2
f 6271/1658/2 6798/1657/2 7898/1659/2
f 6799/1661/2 5726/1660/2 7897/1662/2
f 6800/1664/2 6801/1663/2 7896/1665/2
f 6075/1667/2 6802/1666/2 7895/1668/2
f 6803/1670/2 5725/1669/2 7894/1671/2
f 6804/1673/2 6805/1672/2 7893/1674/2
f 6268/1676/2 6806/1675/2 7892/1677/2
f 6807/1679/2 5418/1678/2 7891/1680/2
f 6808/1682/2 6809/1681/2 7890/1683/2
f 6267/1685/2 6810/1684/2 7889/1686/2
f 6811/1688/2 5722/1687/2 7888/1689/2
f 6812/1691/2 6813/1690/2 7887/1692/2
f 6107/1694/2 6814/1693/2 7886/1695/2
f 6815/1697/2 5721/1696/2 7885/1698/2
f 6816/1700/2 6817/1699/2 7884/1701/2
f 6264/1703/2 6818/1702/2 7883/1704/2
f 6819/1706/2 5346/1705/2 7882/1707/2
f 6820/1709/2 6821/1708/2 7881/1710/2
f 6263/1712/2 6822/1711/2 7880/1713/2
f 6823/1715/2 5718/1714/2 7879/1716/2
f 6824/1718/2 6825/1717/2 7878/1719/2
f 6108/1721/2 6826/1720/2 7877/1722/2
f 6827/1724/2 5717/1723/2 7876/1725/2
f 6828/1727/2 6829/1726/2 7875/1728/2
f 6260/1730/2 6830/1729/2 7874/1731/2
f 6831/1733/2 5421/1732/2 7873/1734/2
f 6832/1736/2 6833/1735/2 7872/1737/2
f 6259/1739/2 6834/1738/2 7871/1740/2
f 6835/1742/2 5714/1741/2 7870/1743/2
f 6836/1745/2 6837/1744/2 7869/1746/2
f 6064/1748/2 6838/1747/2 7868/1749/2
f 6839/1751/2 5713/1750/2 7867/1752/2
f 6840/1754/2 6841/1753/2 7866/1755/2
f 6256/1757/2 6842/1756/2 7865/1758/2
f 6843/1760/2 5422/1759/2 7864/1761/2
f 6844/1763/2 6845/1762/2 7863/1764/2
f 6255/1766/2 6846/1765/2 7862/1767/2
f 6847/1769/2 5710/1768/2 7861/1770/2
f 6848/1772/2 6849/1771/2 7860/1773/2
f 6111/1775/2 6850/1774/2 7859/1776/2
f 6851/1778/2 5709/1777/2 7858/1779/2
f 6852/1781/2 6853/1780/2 7857/1782/2
f 6252/1784/2 6854/1783/2 7856/1785/2
f 6855/1787/2 5345/1786/2 7855/1788/2
f 6856/1790/2 6857/1789/2 7854/1791/2
f 6251/1793/2 6858/1792/2 7853/1794/2
f 6859/1796/2 5706/1795/2 7852/1797/2
f 6860/1799/2 6861/1798/2 7851/1800/2
f 6112/1802/2 6862/1801/2 7850/1803/2
f 6863/1805/2 5705/1804/2 7849/1806/2
f 6864/1808/2 6865/1807/2 7848/1809/2
f 6248/1811/2 6866/1810/2 7847/1812/2
f 6867/1814/2 5425/1813/2 7846/1815/2
f 6868/1817/2 6869/1816/2 7845/1818/2
f 6247/1820/2 6870/1819/2 7844/1821/2
f 6871/1823/2 5702/1822/2 7843/1824/2
f 6872/1826/2 6873/1825/2 7842/1827/2
f 6072/1829/2 6874/1828/2 7841/1830/2
f 6875/1832/2 5701/1831/2 7840/1833/2
f 6876/1835/2 6877/1834/2 7839/1836/2
f 6244/1838/2 6878/1837/2 7838/1839/2
f 6879/1841/2 5426/1840/2 7837/1842/2
f 6880/1844/2 6881/1843/2 7836/1845/2
f 6243/1847/2 6882/1846/2 7835/1848/2
f 6883/1850/2 5698/1849/2 7834/1851/2
f 6884/1853/2 6885/1852/2 7833/1854/2
f 6115/1856/2 6886/1855/2 7832/1857/2
f 6887/1859/2 5697/1858/2 7831/1860/2
f 6888/1862/2 6889/1861/2 7830/1863/2
f 6240/1865/2 6890/1864/2 7829/1866/2
f 6891/1868/2 5325/1867/2 7828/1869/2
f 6892/1871/2 6893/1870/2 7827/1872/2
f 6239/1874/2 6894/1873/2 7826/1875/2
f 6895/1877/2 5694/1876/2 7825/1878/2
f 6896/1880/2 6897/1879/2 7824/1881/2
f 6116/1883/2 6898/1882/2 7823/1884/2
f 6899/1886/2 5693/1885/2 7822/1887/2
f 6900/1889/2 6901/1888/2 7821/1890/2
f 6236/1892/2 6902/1891/2 7820/1893/2
f 6903/1895/2 5429/1894/2 7819/1896/2
f 6904/1898/2 6905/1897/2 7818/1899/2
f 6235/1901/2 6906/1900/2 7817/1902/2
f 6907/1904/2 5690/1903/2 7816/1905/2
f 6908/1907/2 6909/1906/2 7815/1908/2
f 6071/1910/2 6910/1909/2 7814/1911/2
f 6911/1913/2 5689/1912/2 7813/1914/2
f 6912/1916/2 6913/1915/2 7812/1917/2
f 6232/1919/2 6914/1918/2 7811/1920/2
f 6915/1922/2 5430/1921/2 7810/1923/2
f 6916/1925/2 6917/1924/2 7809/1926/2
f 6231/1928/2 6918/1927/2 7808/1929/2
f 6919/1931/2 5686/1930/2 7807/1932/2
f 6920/1934/2 6921/1933/2 7806/1935/2
f 6119/1937/2 6922/1936/2 7805/1938/2
f 6923/1940/2 5685/1939/2 7804/1941/2
f 6924/1943/2 6925/1942/2 7803/1944/2
f 6228/1946/2 6926/1945/2 7802/1947/2
f 6927/1949/2 5342/1948/2 7801/1950/2
f 6928/1952/2 6929/1951/2 7800/1953/2
f 6227/1955/2 6930/1954/2 7799/1956/2
f 6931/1958/2 5682/1957/2 7798/1959/2
f 6932/1961/2 6933/1960/2 7797/1962/2
f 6120/1964/2 6934/1963/2 7796/1965/2
f 6935/1967/2 5681/1966/2 7795/1968/2
f 6936/1970/2 6937/1969/2 7794/1971/2
f 6224/1973/2 6938/1972/2 7793/1974/2
f 6939/1976/2 5433/1975/2 7792/1977/2
f 6940/1979/2 6941/1978/2 7791/1980/2
f 6223/1982/2 6942/1981/2 7790/1983/2
f 6943/1985/2 5678/1984/2 7789/1986/2
f 6944/1988/2 6945/1987/2 7788/1989/2
f 6061/1991/2 6946/1990/2 7787/1992/2
f 6947/1994/2 5677/1993/2 7786/1995/2
f 6948/1997/2 6949/1996/2 7785/1998/2
f 6220/2000/2 6950/1999/2 7784/2001/2
f 6951/2003/2 5434/2002/2 7783/2004/2
f 6952/2006/2 6953/2005/2 7782/2007/2
f 6219/2009/2 6954/2008/2 7781/2010/2
f 6955/2012/2 5674/2011/2 7780/2013/2
f 6956/2015/2 6957/2014/2 7779/2016/2
f 6123/2018/2 6958/2017/2 7778/2019/2
f 6959/2021/2 5673/2020/2 7777/2022/2
f 6960/2024/2 6961/2023/2 7776/2025/2
f 6216/2027/2 6962/2026/2 7775/2028/2
f 6963/2030/2 5341/2029/2 7774/2031/2
f 6964/2033/2 6965/2032/2 7773/2034/2
f 6215/2036/2 6966/2035/2 7772/2037/2
f 6967/2039/2 5670/2038/2 7771/2040/2
f 6968/2042/2 6969/2041/2 7770/2043/2
f 6124/2045/2 6970/2044/2 7769/2046/2
f 6971/2048/2 5669/2047/2 7768/2049/2
f 6972/2051/2 6973/2050/2 7767/2052/2
f 6212/2054/2 6974/2053/2 7766/2055/2
f 6975/2057/2 5437/2056/2 7765/2058/2
f 6976/2060/2 6977/2059/2 7764/2061/2
f 6211/2063/2 6978/2062/2 7763/2064/2
f 6979/2066/2 5666/2065/2 7762/2067/2
f 6980/2069/2 6981/2068/2 7761/2070/2
f 6068/2072/2 6982/2071/2 7760/2073/2
f 6983/2075/2 5665/2074/2 7759/2076/2
f 6984/2078/2 6985/2077/2 7758/2079/2
f 6208/2081/2 6986/2080/2 7757/2082/2
f 6987/2084/2 5438/2083/2 7756/2085/2
f 6988/2087/2 6989/2086/2 7755/2088/2
f 6207/2090/2 6990/2089/2 7754/2091/2
f 6991/2093/2 5662/2092/2 7753/2094/2
f 6992/2096/2 6993/2095/2 7752/2097/2
f 6127/2099/2 6994/2098/2 7751/2100/2
f 6995/2102/2 5661/2101/2 7750/2103/2
f 6996/2105/2 6997/2104/2 7749/2106/2
f 6204/2108/2 6998/2107/2 7748/2109/2
f 6999/2111/2 5326/2110/2 7747/2112/2
f 7000/2114/2 7001/2113/2 7746/2115/2
f 6203/2117/2 7002/2116/2 7745/2118/2
f 7003/2120/2 5658/2119/2 7744/2121/2
f 7004/2123/2 7005/2122/2 7743/2124/2
f 6128/2126/2 7006/2125/2 7742/2127/2
f 7007/2129/2 5657/2128/2 7741/2130/2
f 7008/2132/2 7009/2131/2 7740/2133/2
f 6200/2135/2 7010/2134/2 7739/2136/2
f 7011/2138/2 5441/2137/2 7738/2139/2
f 7012/2141/2 7013/2140/2 7737/2142/2
f 6199/2144/2 7014/2143/2 7736/2145/2
f 7015/2147/2 5654/2146/2 7735/2148/2
f 7016/2150/2 7017/2149/2 7734/2151/2
f 6067/2153/2 7018/2152/2 7733/2154/2
f 7019/2156/2 5653/2155/2 7732/2157/2
f 7020/2159/2 7021/2158/2 7731/2160/2
f 6196/2162/2 7022/2161/2 7730/2163/2
f 7023/2165/2 5442/2164/2 7729/2166/2
f 7024/2168/2 7025/2167/2 7728/2169/2
f 6195/2171/2 7026/2170/2 7727/2172/2
f 7027/2174/2 5650/2173/2 7726/2175/2
f 7028/2177/2 7029/2176/2 7725/2178/2
f 6131/2180/2 7030/2179/2 7724/2181/2
f 7031/2183/2 5649/2182/2 7723/2184/2
f 7032/2186/2 7033/2185/2 7722/2187/2
f 6192/2189/2 7034/2188/2 7721/2190/2
f 7035/2192/2 5338/2191/2 7720/2193/2
f 7036/2195/2 7037/2194/2 7719/2196/2
f 6191/2198/2 7038/2197/2 7718/2199/2
f 7039/2201/2 5646/2200/2 7717/2202/2
f 7040/2204/2 7041/2203/2 7716/2205/2
f 6132/2207/2 7042/2206/2 7715/2208/2
f 7043/2210/2 5645/2209/2 7714/2211/2
f 7044/2213/2 7045/2212/2 7713/2214/2
f 6188/2216/2 7046/2215/2 7712/2217/2
f 7047/2219/2 5445/2218/2 7711/2220/2
f 7048/2222/2 7049/2221/2 7710/2223/2
f 6187/2225/2 7050/2224/2 7709/2226/2
f 7051/2228/2 5642/2227/2 7708/2229/2
f 7052/2231/2 7053/2230/2 7707/2232/2
f 6049/2234/2 7054/2233/2 7706/2235/2
f 7055/2237/2 5641/2236/2 7705/2238/2
f 7056/2240/2 7057/2239/2 7704/2241/2
f 6184/2243/2 7058/2242/2 7703/2244/2
f 7059/2246/2 5446/2245/2 7702/2247/2
f 7060/2249/2 7061/2248/2 7701/2250/2
f 6183/2252/2 7062/2251/2 7700/2253/2
f 7063/2255/2 5638/2254/2 7699/2256/2
f 7064/2258/2 7065/2257/2 7698/2259/2
f 6135/2261/2 7066/2260/2 7697/2262/2
f 7067/2264/2 5637/2263/2 7696/2265/2
f 7068/2267/2 7069/2266/2 7695/2268/2
f 6180/2270/2 7070/2269/2 7694/2271/2
f 7071/2273/2 5337/2272/2 7693/2274/2
f 7072/2276/2 7073/2275/2 7692/2277/2
f 6179/2279/2 7074/2278/2 7691/2280/2
f 7075/2282/2 5634/2281/2 7690/2283/2
f 7076/2285/2 7077/2284/2 7689/2286/2
f 6136/2288/2 7078/2287/2 7688/2289/2
f 7079/2291/2 5633/2290/2 7687/2292/2
f 7080/2294/2 7081/2293/2 7686/2295/2
f 6176/2297/2 7082/2296/2 7685/2298/2
f 7083/2300/2 5449/2299/2 7684/2301/2
f 7084/2303/2 7085/2302/2 7683/2304/2
f 6175/2306/2 7086/2305/2 7682/2307/2
f 7087/2309/2 5630/2308/2 7681/2310/2
f 7088/2312/2 7089/2311/2 7680/2313/2
f 6052/2315/2 7090/2314/2 7679/2316/2
f 7091/2318/2 5629/2317/2 7678/2319/2
f 7092/2321/2 7093/2320/2 7677/2322/2
f 6172/2324/2 7094/2323/2 7676/2325/2
f 7095/2327/2 5450/2326/2 7675/2328/2
f 7096/2330/2 7097/2329/2 7674/2331/2
f 6171/2333/2 7098/2332/2 7673/2334/2
f 7099/2336/2 5626/2335/2 7672/2337/2
f 7100/2339/2 7101/2338/2 7671/2340/2
f 6139/2342/2 7102/2341/2 7670/2343/2
f 7103/2345/2 5625/2344/2 7669/2346/2
f 7104/2348/2 7105/2347/2 7668/2349/2
f 6168/2351/2 7106/2350/2 7667/2352/2
f 7107/2354/2 5330/2353/2 7666/2355/2
f 7108/2357/2 7109/2356/2 7665/2358/2
f 6167/2360/2 7110/2359/2 7664/2361/2
f 7111/2363/2 5622/2362/2 7663/2364/2
f 7112/2366/2 7113/2365/2 7662/2367/2
f 6140/2369/2 7114/2368/2 7661/2370/2
f 7115/2372/2 5621/2371/2 7660/2373/2
f 7116/2375/2 7117/2374/2 7659/2376/2
f 6164/2378/2 7118/2377/2 7658/2379/2
f 7119/2381/2 5453/2380/2 7657/2382/2
f 7120/2384/2 7121/2383/2 7656/2385/2
f 6163/2387/2 7122/2386/2 7655/2388/2
f 7123/2390/2 5618/2389/2 7654/2391/2
f 7124/2393/2 7125/2392/2 7653/2394/2
f 6051/2396/2 7126/2395/2 7652/2397/2
f 7127/2399/2 5617/2398/2 7651/2400/2
f 7128/2402/2 7129/2401/2 7650/2403/2
f 6160/2405/2 7130/2404/2 7649/2406/2
f 7131/2408/2 5454/2407/2 7648/2409/2
f 7132/2411/2 7133/2410/2 7647/2412/2
f 6159/2414/2 7134/2413/2 7646/2415/2
f 7135/2417/2 5614/2416/2 7645/2418/2
f 7136/2420/2 7137/2419/2 7644/2421/2
f 6143/2423/2 7138/2422/2 7643/2424/2
f 7139/2426/2 5613/2425/2 7642/2427/2
f 7140/2429/2 7141/2428/2 7641/2430/2
f 6156/2432/2 7142/2431/2 7640/2433/2
f 7143/2435/2 5334/2434/2 7639/2436/2
f 7144/2438/2 7145/2437/2 7638/2439/2
f 6155/2441/2 7146/2440/2 7637/2442/2
f 7147/2444/2 5610/2443/2 7636/2445/2
f 7148/2447/2 7149/2446/2 7635/2448/2
f 6144/2450/2 7150/2449/2 7634/2451/2
f 7151/2453/2 5609/2452/2 7633/2454/2
f 7152/2456/2 7153/2455/2 7632/2457/2
f 6152/2459/2 7154/2458/2 7631/2460/2
f 7155/2462/2 5457/2461/2 7630/2463/2
f 7156/2465/2 7157/2464/2 7629/2466/2
f 6151/2468/2 7158/2467/2 7628/2469/2
f 7159/2471/2 5606/2470/2 7627/2472/2
f 7160/2474/2 7161/2473/2 7626/2475/2
f 6045/2477/2 7162/2476/2 7625/2478/2
f 7163/2480/2 5605/2479/2 7624/2481/2
f 7164/2483/2 7165/2482/2 7623/2484/2
f 6148/2486/2 7166/2485/2 7622/2487/2
f 7167/2489/2 5458/2488/2 7621/2490/2
f 7168/2492/2 7169/2491/2 7620/2493/2
f 6147/2495/2 7170/2494/2 7619/2496/2
f 7171/2498/2 5602/2497/2 7618/2499/2
f 7172/2501/2 7173/2500/2 7617/2502/2
f 5901/2504/2 7174/2503/2 7616/2505/2
f 7175/2507/2 5601/2506/2 7615/2508/2
f 7176/2510/2 7177/2509/2 7614/2511/2
f 6000/2513/2 7178/2512/2 7613/2514/2
f 7179/2516/2 5478/2515/2 7612/2517/2
f 7180/2519/2 7181/2518/2 7611/2520/2
f 5999/2522/2 7182/2521/2 7610/2523/2
f 7183/2525/2 5598/2524/2 7609/2526/2
f 7184/2528/2 7185/2527/2 7608/2529/2
f 5907/2531/2 7186/2530/2 7607/2532/2
f 7187/2534/2 5597/2533/2 7606/2535/2
f 7188/2537/2 7189/2536/2 7605/2538/2
f 5996/2540/2 7190/2539/2 7604/2541/2
f 7191/2543/2 5474/2542/2 7603/2544/2
f 7192/2546/2 7193/2545/2 7602/2547/2
f 5995/2549/2 7194/2548/2 7601/2550/2
f 7195/2552/2 5594/2551/2 7600/2553/2
f 7196/2555/2 7197/2554/2 7599/2556/2
f 5908/2558/2 7198/2557/2 7598/2559/2
f 7199/2561/2 5593/2560/2 7597/2562/2
f 7200/2564/2 7201/2563/2 7596/2565/2
f 5992/2567/2 7202/2566/2 7595/2568/2
f 7203/2570/2 5481/2569/2 7594/2571/2
f 7204/2573/2 7205/2572/2 7593/2574/2
f 5991/2576/2 7206/2575/2 7592/2577/2
f 7207/2579/2 5590/2578/2 7591/2580/2
f 7208/2582/2 7209/2581/2 7590/2583/2
f 5905/2585/2 7210/2584/2 7589/2586/2
f 7211/2588/2 5589/2587/2 7588/2589/2
f 7212/2591/2 7213/2590/2 7587/2592/2
f 5988/2594/2 7214/2593/2 7586/2595/2
f 7215/2597/2 5482/2596/2 7585/2598/2
f 7216/2600/2 7217/2599/2 7584/2601/2
f 5987/2603/2 7218/2602/2 7583/2604/2
f 7219/2606/2 5586/2605/2 7582/2607/2
f 7220/2609/2 7221/2608/2 7581/2610/2
f 5923/2612/2 7222/2611/2 7580/2613/2
f 7223/2615/2 5585/2614/2 7579/2616/2
f 7224/2618/2 7225/2617/2 7578/2619/2
f 5984/2621/2 7226/2620/2 7577/2622/2
f 7227/2624/2 5470/2623/2 7576/2625/2
f 7228/2627/2 7229/2626/2 7575/2628/2
f 5983/2630/2 7230/2629/2 7574/2631/2
f 7231/2633/2 5582/2632/2 7573/2634/2
f 7232/2636/2 7233/2635/2 7572/2637/2
f 5924/2639/2 7234/2638/2 7571/2640/2
f 7235/2642/2 5581/2641/2 7570/2643/2
f 7236/2645/2 7237/2644/2 7569/2646/2
f 5980/2648/2 7238/2647/2 7568/2649/2
f 7239/2651/2 5485/2650/2 7567/2652/2
f 7240/2654/2 7241/2653/2 7566/2655/2
f 5979/2657/2 7242/2656/2 7565/2658/2
f 7243/2660/2 5578/2659/2 7564/2661/2
f 7244/2663/2 7245/2662/2 7563/2664/2
f 5917/2666/2 7246/2665/2 7562/2667/2
f 7247/2669/2 5577/2668/2 7561/2670/2
f 7248/2672/2 7249/2671/2 7560/2673/2
f 5976/2675/2 7250/2674/2 7559/2676/2
f 7251/2678/2 5486/2677/2 7558/2679/2
f 7252/2681/2 7253/2680/2 7557/2682/2
f 5975/2684/2 7254/2683/2 7556/2685/2
f 7255/2687/2 5574/2686/2 7555/2688/2
f 7256/2690/2 7257/2689/2 7554/2691/2
f 5927/2693/2 7258/2692/2 7553/2694/2
f 7259/2696/2 5573/2695/2 7552/2697/2
f 7260/2699/2 7261/2698/2 7551/2700/2
f 5972/2702/2 7262/2701/2 7550/2703/2
f 7263/2705/2 5469/2704/2 7549/2706/2
f 7264/2708/2 7265/2707/2 7548/2709/2
f 5971/2711/2 7266/2710/2 7547/2712/2
f 7267/2714/2 5570/2713/2 7546/2715/2
f 7268/2717/2 7269/2716/2 7545/2718/2
f 5928/2720/2 7270/2719/2 7544/2721/2
f 7271/2723/2 5569/2722/2 7543/2724/2
f 7272/2726/2 7273/2725/2 7542/2727/2
f 5968/2729/2 7274/2728/2 7541/2730/2
f 7275/2732/2 5489/2731/2 7540/2733/2
f 7276/2735/2 7277/2734/2 7539/2736/2
f 5967/2738/2 7278/2737/2 7538/2739/2
f 7279/2741/2 5566/2740/2 7537/2742/2
f 7280/2744/2 7281/2743/2 7536/2745/2
f 5920/2747/2 7282/2746/2 7535/2748/2
f 7283/2750/2 5565/2749/2 7534/2751/2
f 7284/2753/2 7285/2752/2 7533/2754/2
f 5964/2756/2 7286/2755/2 7532/2757/2
f 7287/2759/2 5490/2758/2 7531/2760/2
f 7288/2762/2 7289/2761/2 7530/2763/2
f 5963/2765/2 7290/2764/2 7529/2766/2
f 7291/2768/2 5562/2767/2 7528/2769/2
f 7292/2771/2 7293/2770/2 7527/2772/2
f 5931/2774/2 7294/2773/2 7526/2775/2
f 7295/2777/2 5561/2776/2 7525/2778/2
f 7296/2780/2 7297/2779/2 7524/2781/2
f 5960/2783/2 7298/2782/2 7523/2784/2
f 7299/2786/2 5462/2785/2 7522/2787/2
f 7300/2789/2 7301/2788/2 7521/2790/2
f 5959/2792/2 7302/2791/2 7520/2793/2
f 7303/2795/2 5558/2794/2 7519/2796/2
f 7304/2798/2 7305/2797/2 7518/2799/2
f 5932/2801/2 7306/2800/2 7517/2802/2
f 7307/2804/2 5557/2803/2 7516/2805/2
f 7308/2807/2 7309/2806/2 7515/2808/2
f 5956/2810/2 7310/2809/2 7514/2811/2
f 7311/2813/2 5493/2812/2 7513/2814/2
f 7312/2816/2 7313/2815/2 7512/2817/2
f 5955/2819/2 7314/2818/2 7511/2820/2
f 7315/2822/2 5554/2821/2 7510/2823/2
f 7316/2825/2 7317/2824/2 7509/2826/2
f 5919/2828/2 7318/2827/2 7508/2829/2
f 7319/2831/2 5553/2830/2 7507/2832/2
f 7320/2834/2 7321/2833/2 7506/2835/2
f 5952/2837/2 7322/2836/2 7505/2838/2
f 7323/2840/2 5494/2839/2 7504/2841/2
f 7324/2843/2 7325/2842/2 7503/2844/2
f 5951/2846/2 7326/2845/2 7502/2847/2
f 7327/2849/2 5550/2848/2 7501/2850/2
f 7328/2852/2 7329/2851/2 7500/2853/2
f 5935/2855/2 7330/2854/2 7499/2856/2
f 7331/2858/2 5549/2857/2 7498/2859/2
f 7332/2861/2 7333/2860/2 7497/2862/2
f 5948/2864/2 7334/2863/2 7496/2865/2
f 7335/2867/2 5466/2866/2 7495/2868/2
f 7336/2870/2 7337/2869/2 7494/2871/2
f 5947/2873/2 7338/2872/2 7493/2874/2
f 7339/2876/2 5546/2875/2 7492/2877/2
f 7340/2879/2 7341/2878/2 7491/2880/2
f 5936/2882/2 7342/2881/2 7490/2883/2
f 7343/2885/2 5545/2884/2 7489/2886/2
f 7344/2888/2 7345/2887/2 7488/2889/2
f 5944/2891/2 7346/2890/2 7487/2892/2
f 7347/2894/2 5497/2893/2 7486/2895/2
f 7348/2897/2 7349/2896/2 7485/2898/2
f 5943/2900/2 7350/2899/2 7484/2901/2
f 7351/2903/2 5542/2902/2 7483/2904/2
f 7352/2906/2 7353/2905/2 7482/2907/2
f 5913/2909/2 7354/2908/2 7481/2910/2
f 7355/2912/2 5541/2911/2 7480/2913/2
f 7356/2915/2 7357/2914/2 7479/2916/2
f 5940/2918/2 7358/2917/2 7478/2919/2
f 7359/2921/2 5498/2920/2 7477/2922/2
f 7360/2924/2 7361/2923/2 7476/2925/2
f 5939/2927/2 7362/2926/2 7475/2928/2
f 7363/2930/2 5538/2929/2 7474/2931/2
f 7364/2933/2 7365/2932/2 7473/2934/2
f 5873/2936/2 7366/2935/2 7472/2937/2
f 7367/2939/2 5537/2938/2 7471/2940/2
f 7368/2942/2 7369/2941/2 7470/2943/2
f 5896/2945/2 7370/2944/2 7469/2946/2
f 7371/2948/2 5506/2947/2 7468/2949/2
f 7372/2951/2 7373/2950/2 7467/2952/2
f 5895/2954/2 7374/2953/2 7466/2955/2
f 7375/2957/2 5534/2956/2 7465/2958/2
f 7376/2960/2 7377/2959/2 7464/2961/2
f 5879/2963/2 7378/2962/2 7463/2964/2
f 7379/2966/2 5533/2965/2 7462/2967/2
f 7380/2969/2 7381/2968/2 7461/2970/2
f 5892/2972/2 7382/2971/2 7460/2973/2
f 7383/2975/2 5502/2974/2 7459/2976/2
f 7384/2978/2 7385/2977/2 7458/2979/2
f 5891/2981/2 7386/2980/2 7457/2982/2
f 7387/2984/2 5530/2983/2 7456/2985/2
f 7388/2987/2 7389/2986/2 7455/2988/2
f 5880/2990/2 7390/2989/2 7454/2991/2
f 7391/2993/2 5529/2992/2 7453/2994/2
f 7392/2996/2 7393/2995/2 7452/2997/2
f 5888/2999/2 7394/2998/2 7451/3000/2
f 7395/3002/2 5509/3001/2 7450/3003/2
f 7396/3005/2 7397/3004/2 7449/3006/2
f 5887/3008/2 7398/3007/2 7448/3009/2
f 7399/3011/2 5526/3010/2 7447/3012/2
f 7400/3014/2 7401/3013/2 7446/3015/2
f 5877/3017/2 7402/3016/2 7445/3018/2
f 7403/3020/2 5525/3019/2 7444/3021/2
f 7404/3023/2 7405/3022/2 7443/3024/2
f 5884/3026/2 7406/3025/2 7442/3027/2
f 7407/3029/2 5510/3028/2 7441/3030/2
f 7408/3032/2 7409/3031/2 7440/3033/2
f 5883/3035/2 7410/3034/2 7439/3036/2
f 7411/3038/2 5522/3037/2 7438/3039/2
f 7412/3041/2 7413/3040/2 7437/3042/2
f 5865/3044/2 7414/3043/2 7436/3045/2
f 7415/3047/2 5521/3046/2 7435/3048/2
f 7416/3050/2 7417/3049/2 7434/3051/2
f 5868/3053/2 7418/3052/2 7433/3054/2
f 7419/3056/2 5514/3055/2 7432/3057/2
f 7420/3059/2 7421/3058/2 7431/3060/2
f 5867/3062/2 7422/3061/2 7430/3063/2
f 7423/3065/2 5518/3064/2 7429/3066/2
f 7424/3068/2 7425/3067/2 7428/3069/2
f 5861/3071/2 7426/3070/2 7427/3072/2
f 7427/3072/2 5314/3073/2 7424/3068/2
f 6402/766/2 7424/3068/2 5058/3074/2
f 4309/3075/2 7427/3072/2 6402/766/2
f 7428/3069/2 5055/3076/2 6399/794/2
f 5858/769/2 6399/794/2 4514/3077/2
f 5058/3074/2 7428/3069/2 5858/769/2
f 7429/3066/2 4366/3078/2 5855/761/2
f 7425/3067/2 5855/761/2 5055/3076/2
f 5314/3073/2 7429/3066/2 7425/3067/2
f 7430/3063/2 5313/3079/2 7420/3059/2
f 6398/757/2 7420/3059/2 5054/3080/2
f 4315/3081/2 7430/3063/2 6398/757/2
f 7431/3060/2 5051/3082/2 6395/821/2
f 5854/796/2 6395/821/2 4513/3083/2
f 5054/3080/2 7431/3060/2 5854/796/2
f 7432/3057/2 4362/3084/2 5851/752/2
f 7421/3058/2 5851/752/2 5051/3082/2
f 5313/3079/2 7432/3057/2 7421/3058/2
f 7433/3054/2 5312/3085/2 7416/3050/2
f 6394/748/2 7416/3050/2 5050/3086/2
f 4316/3087/2 7433/3054/2 6394/748/2
f 7434/3051/2 5047/3088/2 6391/848/2
f 5850/823/2 6391/848/2 4512/3089/2
f 5050/3086/2 7434/3051/2 5850/823/2
f 7435/3048/2 4369/3090/2 5847/743/2
f 7417/3049/2 5847/743/2 5047/3088/2
f 5312/3085/2 7435/3048/2 7417/3049/2
f 7436/3045/2 5311/3091/2 7412/3041/2
f 6390/739/2 7412/3041/2 5046/3092/2
f 4313/3093/2 7436/3045/2 6390/739/2
f 7437/3042/2 5043/3094/2 6387/875/2
f 5846/850/2 6387/875/2 4511/3095/2
f 5046/3092/2 7437/3042/2 5846/850/2
f 7438/3039/2 4370/3096/2 5843/734/2
f 7413/3040/2 5843/734/2 5043/3094/2
f 5311/3091/2 7438/3039/2 7413/3040/2
f 7439/3036/2 5310/3097/2 7408/3032/2
f 6386/730/2 7408/3032/2 5042/3098/2
f 4331/3099/2 7439/3036/2 6386/730/2
f 7440/3033/2 5039/3100/2 6383/902/2
f 5842/877/2 6383/902/2 4510/3101/2
f 5042/3098/2 7440/3033/2 5842/877/2
f 7441/3030/2 4358/3102/2 5839/725/2
f 7409/3031/2 5839/725/2 5039/3100/2
f 5310/3097/2 7441/3030/2 7409/3031/2
f 7442/3027/2 5309/3103/2 7404/3023/2
f 6382/721/2 7404/3023/2 5038/3104/2
f 4332/3105/2 7442/3027/2 6382/721/2
f 7443/3024/2 5035/3106/2 6379/929/2
f 5838/904/2 6379/929/2 4509/3107/2
f 5038/3104/2 7443/3024/2 5838/904/2
f 7444/3021/2 4373/3108/2 5835/716/2
f 7405/3022/2 5835/716/2 5035/3106/2
f 5309/3103/2 7444/3021/2 7405/3022/2
f 7445/3018/2 5308/3109/2 7400/3014/2
f 6378/712/2 7400/3014/2 5034/3110/2
f 4325/3111/2 7445/3018/2 6378/712/2
f 7446/3015/2 5031/3112/2 6375/956/2
f 5834/931/2 6375/956/2 4508/3113/2
f 5034/3110/2 7446/3015/2 5834/931/2
f 7447/3012/2 4374/3114/2 5831/707/2
f 7401/3013/2 5831/707/2 5031/3112/2
f 5308/3109/2 7447/3012/2 7401/3013/2
f 7448/3009/2 5307/3115/2 7396/3005/2
f 6374/703/2 7396/3005/2 5030/3116/2
f 4335/3117/2 7448/3009/2 6374/703/2
f 7449/3006/2 5027/3118/2 6371/983/2
f 5830/958/2 6371/983/2 4507/3119/2
f 5030/3116/2 7449/3006/2 5830/958/2
f 7450/3003/2 4357/3120/2 5827/698/2
f 7397/3004/2 5827/698/2 5027/3118/2
f 5307/3115/2 7450/3003/2 7397/3004/2
f 7451/3000/2 5306/3121/2 7392/2996/2
f 6370/694/2 7392/2996/2 5026/3122/2
f 4336/3123/2 7451/3000/2 6370/694/2
f 7452/2997/2 5023/3124/2 6367/1010/2
f 5826/985/2 6367/1010/2 4506/3125/2
f 5026/3122/2 7452/2997/2 5826/985/2
f 7453/2994/2 4377/3126/2 5823/689/2
f 7393/2995/2 5823/689/2 5023/3124/2
f 5306/3121/2 7453/2994/2 7393/2995/2
f 7454/2991/2 5305/3127/2 7388/2987/2
f 6366/685/2 7388/2987/2 5022/3128/2
f 4328/3129/2 7454/2991/2 6366/685/2
f 7455/2988/2 5019/3130/2 6363/1037/2
f 5822/1012/2 6363/1037/2 4505/3131/2
f 5022/3128/2 7455/2988/2 5822/1012/2
f 7456/2985/2 4378/3132/2 5819/680/2
f 7389/2986/2 5819/680/2 5019/3130/2
f 5305/3127/2 7456/2985/2 7389/2986/2
f 7457/2982/2 5304/3133/2 7384/2978/2
f 6362/676/2 7384/2978/2 5018/3134/2
f 4339/3135/2 7457/2982/2 6362/676/2
f 7458/2979/2 5015/3136/2 6359/1064/2
f 5818/1039/2 6359/1064/2 4504/3137/2
f 5018/3134/2 7458/2979/2 5818/1039/2
f 7459/2976/2 4350/3138/2 5815/671/2
f 7385/2977/2 5815/671/2 5015/3136/2
f 5304/3133/2 7459/2976/2 7385/2977/2
f 7460/2973/2 5303/3139/2 7380/2969/2
f 6358/667/2 7380/2969/2 5014/3140/2
f 4340/3141/2 7460/2973/2 6358/667/2
f 7461/2970/2 5011/3142/2 6355/1091/2
f 5814/1066/2 6355/1091/2 4503/3143/2
f 5014/3140/2 7461/2970/2 5814/1066/2
f 7462/2967/2 4381/3144/2 5811/662/2
f 7381/2968/2 5811/662/2 5011/3142/2
f 5303/3139/2 7462/2967/2 7381/2968/2
f 7463/2964/2 5302/3145/2 7376/2960/2
f 6354/658/2 7376/2960/2 5010/3146/2
f 4327/3147/2 7463/2964/2 6354/658/2
f 7464/2961/2 5007/3148/2 6351/1118/2
f 5810/1093/2 6351/1118/2 4502/3149/2
f 5010/3146/2 7464/2961/2 5810/1093/2
f 7465/2958/2 4382/3150/2 5807/653/2
f 7377/2959/2 5807/653/2 5007/3148/2
f 5302/3145/2 7465/2958/2 7377/2959/2
f 7466/2955/2 5301/3151/2 7372/2951/2
f 6350/649/2 7372/2951/2 5006/3152/2
f 4343/3153/2 7466/2955/2 6350/649/2
f 7467/2952/2 5003/3154/2 6347/1145/2
f 5806/1120/2 6347/1145/2 4501/3155/2
f 5006/3152/2 7467/2952/2 5806/1120/2
f 7468/2949/2 4354/3156/2 5803/644/2
f 7373/2950/2 5803/644/2 5003/3154/2
f 5301/3151/2 7468/2949/2 7373/2950/2
f 7469/2946/2 5300/3157/2 7368/2942/2
f 6346/640/2 7368/2942/2 5002/3158/2
f 4344/3159/2 7469/2946/2 6346/640/2
f 7470/2943/2 4999/3160/2 6343/1172/2
f 5802/1147/2 6343/1172/2 4500/3161/2
f 5002/3158/2 7470/2943/2 5802/1147/2
f 7471/2940/2 4385/3162/2 5799/635/2
f 7369/2941/2 5799/635/2 4999/3160/2
f 5300/3157/2 7471/2940/2 7369/2941/2
f 7472/2937/2 5299/3163/2 7364/2933/2
f 6342/631/2 7364/2933/2 4998/3164/2
f 4321/3165/2 7472/2937/2 6342/631/2
f 7473/2934/2 4995/3166/2 6339/1199/2
f 5798/1174/2 6339/1199/2 4499/3167/2
f 4998/3164/2 7473/2934/2 5798/1174/2
f 7474/2931/2 4386/3168/2 5795/626/2
f 7365/2932/2 5795/626/2 4995/3166/2
f 5299/3163/2 7474/2931/2 7365/2932/2
f 7475/2928/2 5298/3169/2 7360/2924/2
f 6338/622/2 7360/2924/2 4994/3170/2
f 4387/3171/2 7475/2928/2 6338/622/2
f 7476/2925/2 4991/3172/2 6335/1226/2
f 5794/1201/2 6335/1226/2 4498/3173/2
f 4994/3170/2 7476/2925/2 5794/1201/2
f 7477/2922/2 4346/3174/2 5791/617/2
f 7361/2923/2 5791/617/2 4991/3172/2
f 5298/3169/2 7477/2922/2 7361/2923/2
f 7478/2919/2 5297/3175/2 7356/2915/2
f 6334/613/2 7356/2915/2 4990/3176/2
f 4388/3177/2 7478/2919/2 6334/613/2
f 7479/2916/2 4987/3178/2 6331/1253/2
f 5790/1228/2 6331/1253/2 4497/3179/2
f 4990/3176/2 7479/2916/2 5790/1228/2
f 7480/2913/2 4389/3180/2 5787/608/2
f 7357/2914/2 5787/608/2 4987/3178/2
f 5297/3175/2 7480/2913/2 7357/2914/2
f 7481/2910/2 5296/3181/2 7352/2906/2
f 6330/604/2 7352/2906/2 4986/3182/2
f 4361/3183/2 7481/2910/2 6330/604/2
f 7482/2907/2 4983/3184/2 6327/1280/2
f 5786/1255/2 6327/1280/2 4496/3185/2
f 4986/3182/2 7482/2907/2 5786/1255/2
f 7483/2904/2 4390/3186/2 5783/599/2
f 7353/2905/2 5783/599/2 4983/3184/2
f 5296/3181/2 7483/2904/2 7353/2905/2
f 7484/2901/2 5295/3187/2 7348/2897/2
f 6326/595/2 7348/2897/2 4982/3188/2
f 4391/3189/2 7484/2901/2 6326/595/2
f 7485/2898/2 4979/3190/2 6323/1307/2
f 5782/1282/2 6323/1307/2 4495/3191/2
f 4982/3188/2 7485/2898/2 5782/1282/2
f 7486/2895/2 4345/3192/2 5779/590/2
f 7349/2896/2 5779/590/2 4979/3190/2
f 5295/3187/2 7486/2895/2 7349/2896/2
f 7487/2892/2 5294/3193/2 7344/2888/2
f 6322/586/2 7344/2888/2 4978/3194/2
f 4392/3195/2 7487/2892/2 6322/586/2
f 7488/2889/2 4975/3196/2 6319/1334/2
f 5778/1309/2 6319/1334/2 4494/3197/2
f 4978/3194/2 7488/2889/2 5778/1309/2
f 7489/2886/2 4393/3198/2 5775/581/2
f 7345/2887/2 5775/581/2 4975/3196/2
f 5294/3193/2 7489/2886/2 7345/2887/2
f 7490/2883/2 5293/3199/2 7340/2879/2
f 6318/577/2 7340/2879/2 4974/3200/2
f 4384/3201/2 7490/2883/2 6318/577/2
f 7491/2880/2 4971/3202/2 6315/1361/2
f 5774/1336/2 6315/1361/2 4493/3203/2
f 4974/3200/2 7491/2880/2 5774/1336/2
f 7492/2877/2 4394/3204/2 5771/572/2
f 7341/2878/2 5771/572/2 4971/3202/2
f 5293/3199/2 7492/2877/2 7341/2878/2
f 7493/2874/2 5292/3205/2 7336/2870/2
f 6314/568/2 7336/2870/2 4970/3206/2
f 4395/3207/2 7493/2874/2 6314/568/2
f 7494/2871/2 4967/3208/2 6311/1388/2
f 5770/1363/2 6311/1388/2 4492/3209/2
f 4970/3206/2 7494/2871/2 5770/1363/2
f 7495/2868/2 4314/3210/2 5767/563/2
f 7337/2869/2 5767/563/2 4967/3208/2
f 5292/3205/2 7495/2868/2 7337/2869/2
f 7496/2865/2 5291/3211/2 7332/2861/2
f 6310/559/2 7332/2861/2 4966/3212/2
f 4396/3213/2 7496/2865/2 6310/559/2
f 7497/2862/2 4963/3214/2 6307/1415/2
f 5766/1390/2 6307/1415/2 4491/3215/2
f 4966/3212/2 7497/2862/2 5766/1390/2
f 7498/2859/2 4397/3216/2 5763/554/2
f 7333/2860/2 5763/554/2 4963/3214/2
f 5291/3211/2 7498/2859/2 7333/2860/2
f 7499/2856/2 5290/3217/2 7328/2852/2
f 6306/550/2 7328/2852/2 4962/3218/2
f 4383/3219/2 7499/2856/2 6306/550/2
f 7500/2853/2 4959/3220/2 6303/1442/2
f 5762/1417/2 6303/1442/2 4490/3221/2
f 4962/3218/2 7500/2853/2 5762/1417/2
f 7501/2850/2 4398/3222/2 5759/545/2
f 7329/2851/2 5759/545/2 4959/3220/2
f 5290/3217/2 7501/2850/2 7329/2851/2
f 7502/2847/2 5289/3223/2 7324/2843/2
f 6302/541/2 7324/2843/2 4958/3224/2
f 4399/3225/2 7502/2847/2 6302/541/2
f 7503/2844/2 4955/3226/2 6299/1469/2
f 5758/1444/2 6299/1469/2 4489/3227/2
f 4958/3224/2 7503/2844/2 5758/1444/2
f 7504/2841/2 4342/3228/2 5755/536/2
f 7325/2842/2 5755/536/2 4955/3226/2
f 5289/3223/2 7504/2841/2 7325/2842/2
f 7505/2838/2 5288/3229/2 7320/2834/2
f 6298/532/2 7320/2834/2 4954/3230/2
f 4400/3231/2 7505/2838/2 6298/532/2
f 7506/2835/2 4951/3232/2 6295/1496/2
f 5754/1471/2 6295/1496/2 4488/3233/2
f 4954/3230/2 7506/2835/2 5754/1471/2
f 7507/2832/2 4401/3234/2 5751/527/2
f 7321/2833/2 5751/527/2 4951/3232/2
f 5288/3229/2 7507/2832/2 7321/2833/2
f 7508/2829/2 5287/3235/2 7316/2825/2
f 6294/523/2 7316/2825/2 4950/3236/2
f 4367/3237/2 7508/2829/2 6294/523/2
f 7509/2826/2 4947/3238/2 6291/1523/2
f 5750/1498/2 6291/1523/2 4487/3239/2
f 4950/3236/2 7509/2826/2 5750/1498/2
f 7510/2823/2 4402/3240/2 5747/518/2
f 7317/2824/2 5747/518/2 4947/3238/2
f 5287/3235/2 7510/2823/2 7317/2824/2
f 7511/2820/2 5286/3241/2 7312/2816/2
f 6290/514/2 7312/2816/2 4946/3242/2
f 4403/3243/2 7511/2820/2 6290/514/2
f 7512/2817/2 4943/3244/2 6287/1550/2
f 5746/1525/2 6287/1550/2 4486/3245/2
f 4946/3242/2 7512/2817/2 5746/1525/2
f 7513/2814/2 4341/3246/2 5743/509/2
f 7313/2815/2 5743/509/2 4943/3244/2
f 5286/3241/2 7513/2814/2 7313/2815/2
f 7514/2811/2 5285/3247/2 7308/2807/2
f 6286/505/2 7308/2807/2 4942/3248/2
f 4404/3249/2 7514/2811/2 6286/505/2
f 7515/2808/2 4939/3250/2 6283/1577/2
f 5742/1552/2 6283/1577/2 4485/3251/2
f 4942/3248/2 7515/2808/2 5742/1552/2
f 7516/2805/2 4405/3252/2 5739/500/2
f 7309/2806/2 5739/500/2 4939/3250/2
f 5285/3247/2 7516/2805/2 7309/2806/2
f 7517/2802/2 5284/3253/2 7304/2798/2
f 6282/496/2 7304/2798/2 4938/3254/2
f 4380/3255/2 7517/2802/2 6282/496/2
f 7518/2799/2 4935/3256/2 6279/1604/2
f 5738/1579/2 6279/1604/2 4484/3257/2
f 4938/3254/2 7518/2799/2 5738/1579/2
f 7519/2796/2 4406/3258/2 5735/491/2
f 7305/2797/2 5735/491/2 4935/3256/2
f 5284/3253/2 7519/2796/2 7305/2797/2
f 7520/2793/2 5283/3259/2 7300/2789/2
f 6278/487/2 7300/2789/2 4934/3260/2
f 4407/3261/2 7520/2793/2 6278/487/2
f 7521/2790/2 4931/3262/2 6275/1631/2
f 5734/1606/2 6275/1631/2 4483/3263/2
f 4934/3260/2 7521/2790/2 5734/1606/2
f 7522/2787/2 4310/3264/2 5731/482/2
f 7301/2788/2 5731/482/2 4931/3262/2
f 5283/3259/2 7522/2787/2 7301/2788/2
f 7523/2784/2 5282/3265/2 7296/2780/2
f 6274/478/2 7296/2780/2 4930/3266/2
f 4408/3267/2 7523/2784/2 6274/478/2
f 7524/2781/2 4927/3268/2 6271/1658/2
f 5730/1633/2 6271/1658/2 4482/3269/2
f 4930/3266/2 7524/2781/2 5730/1633/2
f 7525/2778/2 4409/3270/2 5727/473/2
f 7297/2779/2 5727/473/2 4927/3268/2
f 5282/3265/2 7525/2778/2 7297/2779/2
f 7526/2775/2 5281/3271/2 7292/2771/2
f 6270/469/2 7292/2771/2 4926/3272/2
f 4379/3273/2 7526/2775/2 6270/469/2
f 7527/2772/2 4923/3274/2 6267/1685/2
f 5726/1660/2 6267/1685/2 4481/3275/2
f 4926/3272/2 7527/2772/2 5726/1660/2
f 7528/2769/2 4410/3276/2 5723/464/2
f 7293/2770/2 5723/464/2 4923/3274/2
f 5281/3271/2 7528/2769/2 7293/2770/2
f 7529/2766/2 5280/3277/2 7288/2762/2
f 6266/460/2 7288/2762/2 4922/3278/2
f 4411/3279/2 7529/2766/2 6266/460/2
f 7530/2763/2 4919/3280/2 6263/1712/2
f 5722/1687/2 6263/1712/2 4480/3281/2
f 4922/3278/2 7530/2763/2 5722/1687/2
f 7531/2760/2 4338/3282/2 5719/455/2
f 7289/2761/2 5719/455/2 4919/3280/2
f 5280/3277/2 7531/2760/2 7289/2761/2
f 7532/2757/2 5279/3283/2 7284/2753/2
f 6262/451/2 7284/2753/2 4918/3284/2
f 4412/3285/2 7532/2757/2 6262/451/2
f 7533/2754/2 4915/3286/2 6259/1739/2
f 5718/1714/2 6259/1739/2 4479/3287/2
f 4918/3284/2 7533/2754/2 5718/1714/2
f 7534/2751/2 4413/3288/2 5715/446/2
f 7285/2752/2 5715/446/2 4915/3286/2
f 5279/3283/2 7534/2751/2 7285/2752/2
f 7535/2748/2 5278/3289/2 7280/2744/2
f 6258/442/2 7280/2744/2 4914/3290/2
f 4368/3291/2 7535/2748/2 6258/442/2
f 7536/2745/2 4911/3292/2 6255/1766/2
f 5714/1741/2 6255/1766/2 4478/3293/2
f 4914/3290/2 7536/2745/2 5714/1741/2
f 7537/2742/2 4414/3294/2 5711/437/2
f 7281/2743/2 5711/437/2 4911/3292/2
f 5278/3289/2 7537/2742/2 7281/2743/2
f 7538/2739/2 5277/3295/2 7276/2735/2
f 6254/433/2 7276/2735/2 4910/3296/2
f 4415/3297/2 7538/2739/2 6254/433/2
f 7539/2736/2 4907/3298/2 6251/1793/2
f 5710/1768/2 6251/1793/2 4477/3299/2
f 4910/3296/2 7539/2736/2 5710/1768/2
f 7540/2733/2 4337/3300/2 5707/428/2
f 7277/2734/2 5707/428/2 4907/3298/2
f 5277/3295/2 7540/2733/2 7277/2734/2
f 7541/2730/2 5276/3301/2 7272/2726/2
f 6250/424/2 7272/2726/2 4906/3302/2
f 4416/3303/2 7541/2730/2 6250/424/2
f 7542/2727/2 4903/3304/2 6247/1820/2
f 5706/1795/2 6247/1820/2 4476/3305/2
f 4906/3302/2 7542/2727/2 5706/1795/2
f 7543/2724/2 4417/3306/2 5703/419/2
f 7273/2725/2 5703/419/2 4903/3304/2
f 5276/3301/2 7543/2724/2 7273/2725/2
f 7544/2721/2 5275/3307/2 7268/2717/2
f 6246/415/2 7268/2717/2 4902/3308/2
f 4376/3309/2 7544/2721/2 6246/415/2
f 7545/2718/2 4899/3310/2 6243/1847/2
f 5702/1822/2 6243/1847/2 4475/3311/2
f 4902/3308/2 7545/2718/2 5702/1822/2
f 7546/2715/2 4418/3312/2 5699/410/2
f 7269/2716/2 5699/410/2 4899/3310/2
f 5275/3307/2 7546/2715/2 7269/2716/2
f 7547/2712/2 5274/3313/2 7264/2708/2
f 6242/406/2 7264/2708/2 4898/3314/2
f 4419/3315/2 7547/2712/2 6242/406/2
f 7548/2709/2 4895/3316/2 6239/1874/2
f 5698/1849/2 6239/1874/2 4474/3317/2
f 4898/3314/2 7548/2709/2 5698/1849/2
f 7549/2706/2 4317/3318/2 5695/401/2
f 7265/2707/2 5695/401/2 4895/3316/2
f 5274/3313/2 7549/2706/2 7265/2707/2
f 7550/2703/2 5273/3319/2 7260/2699/2
f 6238/397/2 7260/2699/2 4894/3320/2
f 4420/3321/2 7550/2703/2 6238/397/2
f 7551/2700/2 4891/3322/2 6235/1901/2
f 5694/1876/2 6235/1901/2 4473/3323/2
f 4894/3320/2 7551/2700/2 5694/1876/2
f 7552/2697/2 4421/3324/2 5691/392/2
f 7261/2698/2 5691/392/2 4891/3322/2
f 5273/3319/2 7552/2697/2 7261/2698/2
f 7553/2694/2 5272/3325/2 7256/2690/2
f 6234/388/2 7256/2690/2 4890/3326/2
f 4375/3327/2 7553/2694/2 6234/388/2
f 7554/2691/2 4887/3328/2 6231/1928/2
f 5690/1903/2 6231/1928/2 4472/3329/2
f 4890/3326/2 7554/2691/2 5690/1903/2
f 7555/2688/2 4422/3330/2 5687/383/2
f 7257/2689/2 5687/383/2 4887/3328/2
f 5272/3325/2 7555/2688/2 7257/2689/2
f 7556/2685/2 5271/3331/2 7252/2681/2
f 6230/379/2 7252/2681/2 4886/3332/2
f 4423/3333/2 7556/2685/2 6230/379/2
f 7557/2682/2 4883/3334/2 6227/1955/2
f 5686/1930/2 6227/1955/2 4471/3335/2
f 4886/3332/2 7557/2682/2 5686/1930/2
f 7558/2679/2 4334/3336/2 5683/374/2
f 7253/2680/2 5683/374/2 4883/3334/2
f 5271/3331/2 7558/2679/2 7253/2680/2
f 7559/2676/2 5270/3337/2 7248/2672/2
f 6226/370/2 7248/2672/2 4882/3338/2
f 4424/3339/2 7559/2676/2 6226/370/2
f 7560/2673/2 4879/3340/2 6223/1982/2
f 5682/1957/2 6223/1982/2 4470/3341/2
f 4882/3338/2 7560/2673/2 5682/1957/2
f 7561/2670/2 4425/3342/2 5679/365/2
f 7249/2671/2 5679/365/2 4879/3340/2
f 5270/3337/2 7561/2670/2 7249/2671/2
f 7562/2667/2 5269/3343/2 7244/2663/2
f 6222/361/2 7244/2663/2 4878/3344/2
f 4365/3345/2 7562/2667/2 6222/361/2
f 7563/2664/2 4875/3346/2 6219/2009/2
f 5678/1984/2 6219/2009/2 4469/3347/2
f 4878/3344/2 7563/2664/2 5678/1984/2
f 7564/2661/2 4426/3348/2 5675/356/2
f 7245/2662/2 5675/356/2 4875/3346/2
f 5269/3343/2 7564/2661/2 7245/2662/2
f 7565/2658/2 5268/3349/2 7240/2654/2
f 6218/352/2 7240/2654/2 4874/3350/2
f 4427/3351/2 7565/2658/2 6218/352/2
f 7566/2655/2 4871/3352/2 6215/2036/2
f 5674/2011/2 6215/2036/2 4468/3353/2
f 4874/3350/2 7566/2655/2 5674/2011/2
f 7567/2652/2 4333/3354/2 5671/347/2
f 7241/2653/2 5671/347/2 4871/3352/2
f 5268/3349/2 7567/2652/2 7241/2653/2
f 7568/2649/2 5267/3355/2 7236/2645/2
f 6214/343/2 7236/2645/2 4870/3356/2
f 4428/3357/2 7568/2649/2 6214/343/2
f 7569/2646/2 4867/3358/2 6211/2063/2
f 5670/2038/2 6211/2063/2 4467/3359/2
f 4870/3356/2 7569/2646/2 5670/2038/2
f 7570/2643/2 4429/3360/2 5667/338/2
f 7237/2644/2 5667/338/2 4867/3358/2
f 5267/3355/2 7570/2643/2 7237/2644/2
f 7571/2640/2 5266/3361/2 7232/2636/2
f 6210/334/2 7232/2636/2 4866/3362/2
f 4372/3363/2 7571/2640/2 6210/334/2
f 7572/2637/2 4863/3364/2 6207/2090/2
f 5666/2065/2 6207/2090/2 4466/3365/2
f 4866/3362/2 7572/2637/2 5666/2065/2
f 7573/2634/2 4430/3366/2 5663/329/2
f 7233/2635/2 5663/329/2 4863/3364/2
f 5266/3361/2 7573/2634/2 7233/2635/2
f 7574/2631/2 5265/3367/2 7228/2627/2
f 6206/325/2 7228/2627/2 4862/3368/2
f 4431/3369/2 7574/2631/2 6206/325/2
f 7575/2628/2 4859/3370/2 6203/2117/2
f 5662/2092/2 6203/2117/2 4465/3371/2
f 4862/3368/2 7575/2628/2 5662/2092/2
f 7576/2625/2 4318/3372/2 5659/320/2
f 7229/2626/2 5659/320/2 4859/3370/2
f 5265/3367/2 7576/2625/2 7229/2626/2
f 7577/2622/2 5264/3373/2 7224/2618/2
f 6202/316/2 7224/2618/2 4858/3374/2
f 4432/3375/2 7577/2622/2 6202/316/2
f 7578/2619/2 4855/3376/2 6199/2144/2
f 5658/2119/2 6199/2144/2 4464/3377/2
f 4858/3374/2 7578/2619/2 5658/2119/2
f 7579/2616/2 4433/3378/2 5655/311/2
f 7225/2617/2 5655/311/2 4855/3376/2
f 5264/3373/2 7579/2616/2 7225/2617/2
f 7580/2613/2 5263/3379/2 7220/2609/2
f 6198/307/2 7220/2609/2 4854/3380/2
f 4371/3381/2 7580/2613/2 6198/307/2
f 7581/2610/2 4851/3382/2 6195/2171/2
f 5654/2146/2 6195/2171/2 4463/3383/2
f 4854/3380/2 7581/2610/2 5654/2146/2
f 7582/2607/2 4434/3384/2 5651/302/2
f 7221/2608/2 5651/302/2 4851/3382/2
f 5263/3379/2 7582/2607/2 7221/2608/2
f 7583/2604/2 5262/3385/2 7216/2600/2
f 6194/298/2 7216/2600/2 4850/3386/2
f 4435/3387/2 7583/2604/2 6194/298/2
f 7584/2601/2 4847/3388/2 6191/2198/2
f 5650/2173/2 6191/2198/2 4462/3389/2
f 4850/3386/2 7584/2601/2 5650/2173/2
f 7585/2598/2 4330/3390/2 5647/293/2
f 7217/2599/2 5647/293/2 4847/3388/2
f 5262/3385/2 7585/2598/2 7217/2599/2
f 7586/2595/2 5261/3391/2 7212/2591/2
f 6190/289/2 7212/2591/2 4846/3392/2
f 4436/3393/2 7586/2595/2 6190/289/2
f 7587/2592/2 4843/3394/2 6187/2225/2
f 5646/2200/2 6187/2225/2 4461/3395/2
f 4846/3392/2 7587/2592/2 5646/2200/2
f 7588/2589/2 4437/3396/2 5643/284/2
f 7213/2590/2 5643/284/2 4843/3394/2
f 5261/3391/2 7588/2589/2 7213/2590/2
f 7589/2586/2 5260/3397/2 7208/2582/2
f 6186/280/2 7208/2582/2 4842/3398/2
f 4353/3399/2 7589/2586/2 6186/280/2
f 7590/2583/2 4839/3400/2 6183/2252/2
f 5642/2227/2 6183/2252/2 4460/3401/2
f 4842/3398/2 7590/2583/2 5642/2227/2
f 7591/2580/2 4438/3402/2 5639/275/2
f 7209/2581/2 5639/275/2 4839/3400/2
f 5260/3397/2 7591/2580/2 7209/2581/2
f 7592/2577/2 5259/3403/2 7204/2573/2
f 6182/271/2 7204/2573/2 4838/3404/2
f 4439/3405/2 7592/2577/2 6182/271/2
f 7593/2574/2 4835/3406/2 6179/2279/2
f 5638/2254/2 6179/2279/2 4459/3407/2
f 4838/3404/2 7593/2574/2 5638/2254/2
f 7594/2571/2 4329/3408/2 5635/266/2
f 7205/2572/2 5635/266/2 4835/3406/2
f 5259/3403/2 7594/2571/2 7205/2572/2
f 7595/2568/2 5258/3409/2 7200/2564/2
f 6178/262/2 7200/2564/2 4834/3410/2
f 4440/3411/2 7595/2568/2 6178/262/2
f 7596/2565/2 4831/3412/2 6175/2306/2
f 5634/2281/2 6175/2306/2 4458/3413/2
f 4834/3410/2 7596/2565/2 5634/2281/2
f 7597/2562/2 4441/3414/2 5631/257/2
f 7201/2563/2 5631/257/2 4831/3412/2
f 5258/3409/2 7597/2562/2 7201/2563/2
f 7598/2559/2 5257/3415/2 7196/2555/2
f 6174/253/2 7196/2555/2 4830/3416/2
f 4356/3417/2 7598/2559/2 6174/253/2
f 7599/2556/2 4827/3418/2 6171/2333/2
f 5630/2308/2 6171/2333/2 4457/3419/2
f 4830/3416/2 7599/2556/2 5630/2308/2
f 7600/2553/2 4442/3420/2 5627/248/2
f 7197/2554/2 5627/248/2 4827/3418/2
f 5257/3415/2 7600/2553/2 7197/2554/2
f 7601/2550/2 5256/3421/2 7192/2546/2
f 6170/244/2 7192/2546/2 4826/3422/2
f 4443/3423/2 7601/2550/2 6170/244/2
f 7602/2547/2 4823/3424/2 6167/2360/2
f 5626/2335/2 6167/2360/2 4456/3425/2
f 4826/3422/2 7602/2547/2 5626/2335/2
f 7603/2544/2 4322/3426/2 5623/239/2
f 7193/2545/2 5623/239/2 4823/3424/2
f 5256/3421/2 7603/2544/2 7193/2545/2
f 7604/2541/2 5255/3427/2 7188/2537/2
f 6166/235/2 7188/2537/2 4822/3428/2
f 4444/3429/2 7604/2541/2 6166/235/2
f 7605/2538/2 4819/3430/2 6163/2387/2
f 5622/2362/2 6163/2387/2 4455/3431/2
f 4822/3428/2 7605/2538/2 5622/2362/2
f 7606/2535/2 4445/3432/2 5619/230/2
f 7189/2536/2 5619/230/2 4819/3430/2
f 5255/3427/2 7606/2535/2 7189/2536/2
f 7607/2532/2 5254/3433/2 7184/2528/2
f 6162/226/2 7184/2528/2 4818/3434/2
f 4355/3435/2 7607/2532/2 6162/226/2
f 7608/2529/2 4815/3436/2 6159/2414/2
f 5618/2389/2 6159/2414/2 4454/3437/2
f 4818/3434/2 7608/2529/2 5618/2389/2
f 7609/2526/2 4446/3438/2 5615/221/2
f 7185/2527/2 5615/221/2 4815/3436/2
f 5254/3433/2 7609/2526/2 7185/2527/2
f 7610/2523/2 5253/3439/2 7180/2519/2
f 6158/217/2 7180/2519/2 4814/3440/2
f 4447/3441/2 7610/2523/2 6158/217/2
f 7611/2520/2 4811/3442/2 6155/2441/2
f 5614/2416/2 6155/2441/2 4453/3443/2
f 4814/3440/2 7611/2520/2 5614/2416/2
f 7612/2517/2 4326/3444/2 5611/212/2
f 7181/2518/2 5611/212/2 4811/3442/2
f 5253/3439/2 7612/2517/2 7181/2518/2
f 7613/2514/2 5252/3445/2 7176/2510/2
f 6154/208/2 7176/2510/2 4810/3446/2
f 4448/3447/2 7613/2514/2 6154/208/2
f 7614/2511/2 4807/3448/2 6151/2468/2
f 5610/2443/2 6151/2468/2 4452/3449/2
f 4810/3446/2 7614/2511/2 5610/2443/2
f 7615/2508/2 4449/3450/2 5607/203/2
f 7177/2509/2 5607/203/2 4807/3448/2
f 5252/3445/2 7615/2508/2 7177/2509/2
f 7616/2505/2 5251/3451/2 7172/2501/2
f 6150/199/2 7172/2501/2 4806/3452/2
f 4349/3453/2 7616/2505/2 6150/199/2
f 7617/2502/2 4803/3454/2 6147/2495/2
f 5606/2470/2 6147/2495/2 4451/3455/2
f 4806/3452/2 7617/2502/2 5606/2470/2
f 7618/2499/2 4450/3456/2 5603/194/2
f 7173/2500/2 5603/194/2 4803/3454/2
f 5251/3451/2 7618/2499/2 7173/2500/2
f 7619/2496/2 5250/3457/2 7168/2492/2
f 6149/196/2 7168/2492/2 4805/3458/2
f 4451/3455/2 7619/2496/2 6149/196/2
f 7620/2493/2 4656/3459/2 6000/2513/2
f 5605/2479/2 6000/2513/2 4448/3447/2
f 4805/3458/2 7620/2493/2 5605/2479/2
f 7621/2490/2 4306/3460/2 5456/188/2
f 7169/2491/2 5456/188/2 4656/3459/2
f 5250/3457/2 7621/2490/2 7169/2491/2
f 7622/2487/2 5249/3461/2 7164/2483/2
f 5938/625/2 7164/2483/2 4594/3462/2
f 4386/3168/2 7622/2487/2 5938/625/2
f 7623/2484/2 4800/3463/2 6144/2450/2
f 5394/1192/2 6144/2450/2 4290/3464/2
f 4594/3462/2 7623/2484/2 5394/1192/2
f 7624/2481/2 4448/3447/2 5600/209/2
f 7165/2482/2 5600/209/2 4800/3463/2
f 5249/3461/2 7624/2481/2 7165/2482/2
f 7625/2478/2 5248/3465/2 7160/2474/2
f 6082/46/2 7160/2474/2 4738/3466/2
f 4237/3467/2 7625/2478/2 6082/46/2
f 7626/2475/2 4804/3468/2 6148/2486/2
f 5538/2929/2 6148/2486/2 4386/3168/2
f 4738/3466/2 7626/2475/2 5538/2929/2
f 7627/2472/2 4451/3455/2 5604/197/2
f 7161/2473/2 5604/197/2 4804/3468/2
f 5248/3465/2 7627/2472/2 7161/2473/2
f 7628/2469/2 5247/3469/2 7156/2465/2
f 6153/205/2 7156/2465/2 4809/3470/2
f 4452/3449/2 7628/2469/2 6153/205/2
f 7629/2466/2 4591/3471/2 5935/2855/2
f 5609/2452/2 5935/2855/2 4383/3219/2
f 4809/3470/2 7629/2466/2 5609/2452/2
f 7630/2463/2 4287/3472/2 5391/74/2
f 7157/2464/2 5391/74/2 4591/3471/2
f 5247/3469/2 7630/2463/2 7157/2464/2
f 7631/2460/2 5246/3473/2 7152/2456/2
f 5898/616/2 7152/2456/2 4554/3474/2
f 4346/3174/2 7631/2460/2 5898/616/2
f 7632/2457/2 4735/3475/2 6079/1424/2
f 5354/1219/2 6079/1424/2 4250/3476/2
f 4554/3474/2 7632/2457/2 5354/1219/2
f 7633/2454/2 4383/3219/2 5535/551/2
f 7153/2455/2 5535/551/2 4735/3475/2
f 5246/3473/2 7633/2454/2 7153/2455/2
f 7634/2451/2 5245/3477/2 7148/2447/2
f 6042/49/2 7148/2447/2 4698/3478/2
f 4290/3464/2 7634/2451/2 6042/49/2
f 7635/2448/2 4808/3479/2 6152/2459/2
f 5498/2920/2 6152/2459/2 4346/3174/2
f 4698/3478/2 7635/2448/2 5498/2920/2
f 7636/2445/2 4452/3449/2 5608/206/2
f 7149/2446/2 5608/206/2 4808/3479/2
f 5245/3477/2 7636/2445/2 7149/2446/2
f 7637/2442/2 5244/3480/2 7144/2438/2
f 6157/214/2 7144/2438/2 4813/3481/2
f 4453/3443/2 7637/2442/2 6157/214/2
f 7638/2439/2 4551/3482/2 5895/2954/2
f 5613/2425/2 5895/2954/2 4343/3153/2
f 4813/3481/2 7638/2439/2 5613/2425/2
f 7639/2436/2 4242/3483/2 5351/41/2
f 7145/2437/2 5351/41/2 4551/3482/2
f 5244/3480/2 7639/2436/2 7145/2437/2
f 7640/2433/2 5243/3484/2 7140/2429/2
f 6001/202/2 7140/2429/2 4657/3485/2
f 4449/3450/2 7640/2433/2 6001/202/2
f 7641/2430/2 4695/3486/2 6039/1127/2
f 5457/2461/2 6039/1127/2 4287/3472/2
f 4657/3485/2 7641/2430/2 5457/2461/2
f 7642/2427/2 4343/3153/2 5495/650/2
f 7141/2428/2 5495/650/2 4695/3486/2
f 5243/3484/2 7642/2427/2 7141/2428/2
f 7643/2424/2 5242/3487/2 7136/2420/2
f 6145/187/2 7136/2420/2 4801/3488/2
f 4306/3460/2 7643/2424/2 6145/187/2
f 7644/2421/2 4812/3489/2 6156/2432/2
f 5601/2506/2 6156/2432/2 4449/3450/2
f 4801/3488/2 7644/2421/2 5601/2506/2
f 7645/2418/2 4453/3443/2 5612/215/2
f 7137/2419/2 5612/215/2 4812/3489/2
f 5242/3487/2 7645/2418/2 7137/2419/2
f 7646/2415/2 5241/3490/2 7132/2411/2
f 6161/223/2 7132/2411/2 4817/3491/2
f 4454/3437/2 7646/2415/2 6161/223/2
f 7647/2412/2 4652/3492/2 5996/2540/2
f 5617/2398/2 5996/2540/2 4444/3429/2
f 4817/3491/2 7647/2412/2 5617/2398/2
f 7648/2409/2 4305/3493/2 5452/179/2
f 7133/2410/2 5452/179/2 4652/3492/2
f 5241/3490/2 7648/2409/2 7133/2410/2
f 7649/2406/2 5240/3494/2 7128/2402/2
f 5934/652/2 7128/2402/2 4590/3495/2
f 4382/3150/2 7649/2406/2 5934/652/2
f 7650/2403/2 4796/3496/2 6140/2369/2
f 5390/1111/2 6140/2369/2 4286/3497/2
f 4590/3495/2 7650/2403/2 5390/1111/2
f 7651/2400/2 4444/3429/2 5596/236/2
f 7129/2401/2 5596/236/2 4796/3496/2
f 5240/3494/2 7651/2400/2 7129/2401/2
f 7652/2397/2 5239/3498/2 7124/2393/2
f 6078/37/2 7124/2393/2 4734/3499/2
f 4243/3500/2 7652/2397/2 6078/37/2
f 7653/2394/2 4816/3501/2 6160/2405/2
f 5534/2956/2 6160/2405/2 4382/3150/2
f 4734/3499/2 7653/2394/2 5534/2956/2
f 7654/2391/2 4454/3437/2 5616/224/2
f 7125/2392/2 5616/224/2 4816/3501/2
f 5239/3498/2 7654/2391/2 7125/2392/2
f 7655/2388/2 5238/3502/2 7120/2384/2
f 6165/232/2 7120/2384/2 4821/3503/2
f 4455/3431/2 7655/2388/2 6165/232/2
f 7656/2385/2 4587/3504/2 5931/2774/2
f 5621/2371/2 5931/2774/2 4379/3273/2
f 4821/3503/2 7656/2385/2 5621/2371/2
f 7657/2382/2 4283/3505/2 5387/101/2
f 7121/2383/2 5387/101/2 4587/3504/2
f 5238/3502/2 7657/2382/2 7121/2383/2
f 7658/2379/2 5237/3506/2 7116/2375/2
f 5894/535/2 7116/2375/2 4550/3507/2
f 4342/3228/2 7658/2379/2 5894/535/2
f 7659/2376/2 4731/3508/2 6075/1667/2
f 5350/1462/2 6075/1667/2 4249/3509/2
f 4550/3507/2 7659/2376/2 5350/1462/2
f 7660/2373/2 4379/3273/2 5531/470/2
f 7117/2374/2 5531/470/2 4731/3508/2
f 5237/3506/2 7660/2373/2 7117/2374/2
f 7661/2370/2 5236/3510/2 7112/2366/2
f 6038/76/2 7112/2366/2 4694/3511/2
f 4286/3497/2 7661/2370/2 6038/76/2
f 7662/2367/2 4820/3512/2 6164/2378/2
f 5494/2839/2 6164/2378/2 4342/3228/2
f 4694/3511/2 7662/2367/2 5494/2839/2
f 7663/2364/2 4455/3431/2 5620/233/2
f 7113/2365/2 5620/233/2 4820/3512/2
f 5236/3510/2 7663/2364/2 7113/2365/2
f 7664/2361/2 5235/3513/2 7108/2357/2
f 6169/241/2 7108/2357/2 4825/3514/2
f 4456/3425/2 7664/2361/2 6169/241/2
f 7665/2358/2 4547/3515/2 5891/2981/2
f 5625/2344/2 5891/2981/2 4339/3135/2
f 4825/3514/2 7665/2358/2 5625/2344/2
f 7666/2355/2 4238/3516/2 5347/32/2
f 7109/2356/2 5347/32/2 4547/3515/2
f 5235/3513/2 7666/2355/2 7109/2356/2
f 7667/2352/2 5234/3517/2 7104/2348/2
f 5997/229/2 7104/2348/2 4653/3518/2
f 4445/3432/2 7667/2352/2 5997/229/2
f 7668/2349/2 4691/3519/2 6035/1046/2
f 5453/2380/2 6035/1046/2 4283/3505/2
f 4653/3518/2 7668/2349/2 5453/2380/2
f 7669/2346/2 4339/3135/2 5491/677/2
f 7105/2347/2 5491/677/2 4691/3519/2
f 5234/3517/2 7669/2346/2 7105/2347/2
f 7670/2343/2 5233/3520/2 7100/2339/2
f 6141/178/2 7100/2339/2 4797/3521/2
f 4305/3493/2 7670/2343/2 6141/178/2
f 7671/2340/2 4824/3522/2 6168/2351/2
f 5597/2533/2 6168/2351/2 4445/3432/2
f 4797/3521/2 7671/2340/2 5597/2533/2
f 7672/2337/2 4456/3425/2 5624/242/2
f 7101/2338/2 5624/242/2 4824/3522/2
f 5233/3520/2 7672/2337/2 7101/2338/2
f 7673/2334/2 5232/3523/2 7096/2330/2
f 6173/250/2 7096/2330/2 4829/3524/2
f 4457/3419/2 7673/2334/2 6173/250/2
f 7674/2331/2 4648/3525/2 5992/2567/2
f 5629/2317/2 5992/2567/2 4440/3411/2
f 4829/3524/2 7674/2331/2 5629/2317/2
f 7675/2328/2 4304/3526/2 5448/170/2
f 7097/2329/2 5448/170/2 4648/3525/2
f 5232/3523/2 7675/2328/2 7097/2329/2
f 7676/2325/2 5231/3527/2 7092/2321/2
f 5930/679/2 7092/2321/2 4586/3528/2
f 4378/3132/2 7676/2325/2 5930/679/2
f 7677/2322/2 4792/3529/2 6136/2288/2
f 5386/1030/2 6136/2288/2 4282/3530/2
f 4586/3528/2 7677/2322/2 5386/1030/2
f 7678/2319/2 4440/3411/2 5592/263/2
f 7093/2320/2 5592/263/2 4792/3529/2
f 5231/3527/2 7678/2319/2 7093/2320/2
f 7679/2316/2 5230/3531/2 7088/2312/2
f 6074/28/2 7088/2312/2 4730/3532/2
f 4244/3533/2 7679/2316/2 6074/28/2
f 7680/2313/2 4828/3534/2 6172/2324/2
f 5530/2983/2 6172/2324/2 4378/3132/2
f 4730/3532/2 7680/2313/2 5530/2983/2
f 7681/2310/2 4457/3419/2 5628/251/2
f 7089/2311/2 5628/251/2 4828/3534/2
f 5230/3531/2 7681/2310/2 7089/2311/2
f 7682/2307/2 5229/3535/2 7084/2303/2
f 6177/259/2 7084/2303/2 4833/3536/2
f 4458/3413/2 7682/2307/2 6177/259/2
f 7683/2304/2 4583/3537/2 5927/2693/2
f 5633/2290/2 5927/2693/2 4375/3327/2
f 4833/3536/2 7683/2304/2 5633/2290/2
f 7684/2301/2 4279/3538/2 5383/128/2
f 7085/2302/2 5383/128/2 4583/3537/2
f 5229/3535/2 7684/2301/2 7085/2302/2
f 7685/2298/2 5228/3539/2 7080/2294/2
f 5890/454/2 7080/2294/2 4546/3540/2
f 4338/3282/2 7685/2298/2 5890/454/2
f 7686/2295/2 4727/3541/2 6071/1910/2
f 5346/1705/2 6071/1910/2 4248/3542/2
f 4546/3540/2 7686/2295/2 5346/1705/2
f 7687/2292/2 4375/3327/2 5527/389/2
f 7081/2293/2 5527/389/2 4727/3541/2
f 5228/3539/2 7687/2292/2 7081/2293/2
f 7688/2289/2 5227/3543/2 7076/2285/2
f 6034/103/2 7076/2285/2 4690/3544/2
f 4282/3530/2 7688/2289/2 6034/103/2
f 7689/2286/2 4832/3545/2 6176/2297/2
f 5490/2758/2 6176/2297/2 4338/3282/2
f 4690/3544/2 7689/2286/2 5490/2758/2
f 7690/2283/2 4458/3413/2 5632/260/2
f 7077/2284/2 5632/260/2 4832/3545/2
f 5227/3543/2 7690/2283/2 7077/2284/2
f 7691/2280/2 5226/3546/2 7072/2276/2
f 6181/268/2 7072/2276/2 4837/3547/2
f 4459/3407/2 7691/2280/2 6181/268/2
f 7692/2277/2 4543/3548/2 5887/3008/2
f 5637/2263/2 5887/3008/2 4335/3117/2
f 4837/3547/2 7692/2277/2 5637/2263/2
f 7693/2274/2 4245/3549/2 5343/23/2
f 7073/2275/2 5343/23/2 4543/3548/2
f 5226/3546/2 7693/2274/2 7073/2275/2
f 7694/2271/2 5225/3550/2 7068/2267/2
f 5993/256/2 7068/2267/2 4649/3551/2
f 4441/3414/2 7694/2271/2 5993/256/2
f 7695/2268/2 4687/3552/2 6031/965/2
f 5449/2299/2 6031/965/2 4279/3538/2
f 4649/3551/2 7695/2268/2 5449/2299/2
f 7696/2265/2 4335/3117/2 5487/704/2
f 7069/2266/2 5487/704/2 4687/3552/2
f 5225/3550/2 7696/2265/2 7069/2266/2
f 7697/2262/2 5224/3553/2 7064/2258/2
f 6137/169/2 7064/2258/2 4793/3554/2
f 4304/3526/2 7697/2262/2 6137/169/2
f 7698/2259/2 4836/3555/2 6180/2270/2
f 5593/2560/2 6180/2270/2 4441/3414/2
f 4793/3554/2 7698/2259/2 5593/2560/2
f 7699/2256/2 4459/3407/2 5636/269/2
f 7065/2257/2 5636/269/2 4836/3555/2
f 5224/3553/2 7699/2256/2 7065/2257/2
f 7700/2253/2 5223/3556/2 7060/2249/2
f 6185/277/2 7060/2249/2 4841/3557/2
f 4460/3401/2 7700/2253/2 6185/277/2
f 7701/2250/2 4644/3558/2 5988/2594/2
f 5641/2236/2 5988/2594/2 4436/3393/2
f 4841/3557/2 7701/2250/2 5641/2236/2
f 7702/2247/2 4303/3559/2 5444/161/2
f 7061/2248/2 5444/161/2 4644/3558/2
f 5223/3556/2 7702/2247/2 7061/2248/2
f 7703/2244/2 5222/3560/2 7056/2240/2
f 5926/706/2 7056/2240/2 4582/3561/2
f 4374/3114/2 7703/2244/2 5926/706/2
f 7704/2241/2 4788/3562/2 6132/2207/2
f 5382/949/2 6132/2207/2 4278/3563/2
f 4582/3561/2 7704/2241/2 5382/949/2
f 7705/2238/2 4436/3393/2 5588/290/2
f 7057/2239/2 5588/290/2 4788/3562/2
f 5222/3560/2 7705/2238/2 7057/2239/2
f 7706/2235/2 5221/3564/2 7052/2231/2
f 6070/19/2 7052/2231/2 4726/3565/2
f 4241/3566/2 7706/2235/2 6070/19/2
f 7707/2232/2 4840/3567/2 6184/2243/2
f 5526/3010/2 6184/2243/2 4374/3114/2
f 4726/3565/2 7707/2232/2 5526/3010/2
f 7708/2229/2 4460/3401/2 5640/278/2
f 7053/2230/2 5640/278/2 4840/3567/2
f 5221/3564/2 7708/2229/2 7053/2230/2
f 7709/2226/2 5220/3568/2 7048/2222/2
f 6189/286/2 7048/2222/2 4845/3569/2
f 4461/3395/2 7709/2226/2 6189/286/2
f 7710/2223/2 4579/3570/2 5923/2612/2
f 5645/2209/2 5923/2612/2 4371/3381/2
f 4845/3569/2 7710/2223/2 5645/2209/2
f 7711/2220/2 4275/3571/2 5379/155/2
f 7049/2221/2 5379/155/2 4579/3570/2
f 5220/3568/2 7711/2220/2 7049/2221/2
f 7712/2217/2 5219/3572/2 7044/2213/2
f 5886/373/2 7044/2213/2 4542/3573/2
f 4334/3336/2 7712/2217/2 5886/373/2
f 7713/2214/2 4723/3574/2 6067/2153/2
f 5342/1948/2 6067/2153/2 4247/3575/2
f 4542/3573/2 7713/2214/2 5342/1948/2
f 7714/2211/2 4371/3381/2 5523/308/2
f 7045/2212/2 5523/308/2 4723/3574/2
f 5219/3572/2 7714/2211/2 7045/2212/2
f 7715/2208/2 5218/3576/2 7040/2204/2
f 6030/130/2 7040/2204/2 4686/3577/2
f 4278/3563/2 7715/2208/2 6030/130/2
f 7716/2205/2 4844/3578/2 6188/2216/2
f 5486/2677/2 6188/2216/2 4334/3336/2
f 4686/3577/2 7716/2205/2 5486/2677/2
f 7717/2202/2 4461/3395/2 5644/287/2
f 7041/2203/2 5644/287/2 4844/3578/2
f 5218/3576/2 7717/2202/2 7041/2203/2
f 7718/2199/2 5217/3579/2 7036/2195/2
f 6193/295/2 7036/2195/2 4849/3580/2
f 4462/3389/2 7718/2199/2 6193/295/2
f 7719/2196/2 4539/3581/2 5883/3035/2
f 5649/2182/2 5883/3035/2 4331/3099/2
f 4849/3580/2 7719/2196/2 5649/2182/2
f 7720/2193/2 4246/3582/2 5339/14/2
f 7037/2194/2 5339/14/2 4539/3581/2
f 5217/3579/2 7720/2193/2 7037/2194/2
f 7721/2190/2 5216/3583/2 7032/2186/2
f 5989/283/2 7032/2186/2 4645/3584/2
f 4437/3396/2 7721/2190/2 5989/283/2
f 7722/2187/2 4683/3585/2 6027/884/2
f 5445/2218/2 6027/884/2 4275/3571/2
f 4645/3584/2 7722/2187/2 5445/2218/2
f 7723/2184/2 4331/3099/2 5483/731/2
f 7033/2185/2 5483/731/2 4683/3585/2
f 5216/3583/2 7723/2184/2 7033/2185/2
f 7724/2181/2 5215/3586/2 7028/2177/2
f 6133/160/2 7028/2177/2 4789/3587/2
f 4303/3559/2 7724/2181/2 6133/160/2
f 7725/2178/2 4848/3588/2 6192/2189/2
f 5589/2587/2 6192/2189/2 4437/3396/2
f 4789/3587/2 7725/2178/2 5589/2587/2
f 7726/2175/2 4462/3389/2 5648/296/2
f 7029/2176/2 5648/296/2 4848/3588/2
f 5215/3586/2 7726/2175/2 7029/2176/2
f 7727/2172/2 5214/3589/2 7024/2168/2
f 6197/304/2 7024/2168/2 4853/3590/2
f 4463/3383/2 7727/2172/2 6197/304/2
f 7728/2169/2 4640/3591/2 5984/2621/2
f 5653/2155/2 5984/2621/2 4432/3375/2
f 4853/3590/2 7728/2169/2 5653/2155/2
f 7729/2166/2 4302/3592/2 5440/152/2
f 7025/2167/2 5440/152/2 4640/3591/2
f 5214/3589/2 7729/2166/2 7025/2167/2
f 7730/2163/2 5213/3593/2 7020/2159/2
f 5925/715/2 7020/2159/2 4581/3594/2
f 4373/3108/2 7730/2163/2 5925/715/2
f 7731/2160/2 4784/3595/2 6128/2126/2
f 5381/922/2 6128/2126/2 4277/3596/2
f 4581/3594/2 7731/2160/2 5381/922/2
f 7732/2157/2 4432/3375/2 5584/317/2
f 7021/2158/2 5584/317/2 4784/3595/2
f 5213/3593/2 7732/2157/2 7021/2158/2
f 7733/2154/2 5212/3597/2 7016/2150/2
f 6069/16/2 7016/2150/2 4725/3598/2
f 4247/3575/2 7733/2154/2 6069/16/2
f 7734/2151/2 4852/3599/2 6196/2162/2
f 5525/3019/2 6196/2162/2 4373/3108/2
f 4725/3598/2 7734/2151/2 5525/3019/2
f 7735/2148/2 4463/3383/2 5652/305/2
f 7017/2149/2 5652/305/2 4852/3599/2
f 5212/3597/2 7735/2148/2 7017/2149/2
f 7736/2145/2 5211/3600/2 7012/2141/2
f 6201/313/2 7012/2141/2 4857/3601/2
f 4464/3377/2 7736/2145/2 6201/313/2
f 7737/2142/2 4564/3602/2 5908/2558/2
f 5657/2128/2 5908/2558/2 4356/3417/2
f 4857/3601/2 7737/2142/2 5657/2128/2
f 7738/2139/2 4260/3603/2 5364/173/2
f 7013/2140/2 5364/173/2 4564/3602/2
f 5211/3600/2 7738/2139/2 7013/2140/2
f 7739/2136/2 5210/3604/2 7008/2132/2
f 5885/346/2 7008/2132/2 4541/3605/2
f 4333/3354/2 7739/2136/2 5885/346/2
f 7740/2133/2 4708/3606/2 6052/2315/2
f 5341/2029/2 6052/2315/2 4244/3533/2
f 4541/3605/2 7740/2133/2 5341/2029/2
f 7741/2130/2 4356/3417/2 5508/254/2
f 7009/2131/2 5508/254/2 4708/3606/2
f 5210/3604/2 7741/2130/2 7009/2131/2
f 7742/2127/2 5209/3607/2 7004/2123/2
f 6029/139/2 7004/2123/2 4685/3608/2
f 4277/3596/2 7742/2127/2 6029/139/2
f 7743/2124/2 4856/3609/2 6200/2135/2
f 5485/2650/2 6200/2135/2 4333/3354/2
f 4685/3608/2 7743/2124/2 5485/2650/2
f 7744/2121/2 4464/3377/2 5656/314/2
f 7005/2122/2 5656/314/2 4856/3609/2
f 5209/3607/2 7744/2121/2 7005/2122/2
f 7745/2118/2 5208/3610/2 7000/2114/2
f 6205/322/2 7000/2114/2 4861/3611/2
f 4465/3371/2 7745/2118/2 6205/322/2
f 7746/2115/2 4524/3612/2 5868/3053/2
f 5661/2101/2 5868/3053/2 4316/3087/2
f 4861/3611/2 7746/2115/2 5661/2101/2
f 7747/2112/2 4234/3613/2 5324/8/2
f 7001/2113/2 5324/8/2 4524/3612/2
f 5208/3610/2 7747/2112/2 7001/2113/2
f 7748/2109/2 5207/3614/2 6996/2105/2
f 5985/310/2 6996/2105/2 4641/3615/2
f 4433/3378/2 7748/2109/2 5985/310/2
f 7749/2106/2 4668/3616/2 6012/830/2
f 5441/2137/2 6012/830/2 4260/3603/2
f 4641/3615/2 7749/2106/2 5441/2137/2
f 7750/2103/2 4316/3087/2 5468/749/2
f 6997/2104/2 5468/749/2 4668/3616/2
f 5207/3614/2 7750/2103/2 6997/2104/2
f 7751/2100/2 5206/3617/2 6992/2096/2
f 6129/151/2 6992/2096/2 4785/3618/2
f 4302/3592/2 7751/2100/2 6129/151/2
f 7752/2097/2 4860/3619/2 6204/2108/2
f 5585/2614/2 6204/2108/2 4433/3378/2
f 4785/3618/2 7752/2097/2 5585/2614/2
f 7753/2094/2 4465/3371/2 5660/323/2
f 6993/2095/2 5660/323/2 4860/3619/2
f 5206/3617/2 7753/2094/2 6993/2095/2
f 7754/2091/2 5205/3620/2 6988/2087/2
f 6209/331/2 6988/2087/2 4865/3621/2
f 4466/3365/2 7754/2091/2 6209/331/2
f 7755/2088/2 4636/3622/2 5980/2648/2
f 5665/2074/2 5980/2648/2 4428/3357/2
f 4865/3621/2 7755/2088/2 5665/2074/2
f 7756/2085/2 4301/3623/2 5436/143/2
f 6989/2086/2 5436/143/2 4636/3622/2
f 5205/3620/2 7756/2085/2 6989/2086/2
f 7757/2082/2 5204/3624/2 6984/2078/2
f 5472/3625/2 6984/2078/2 4672/3626/2
f 4320/3627/2 7757/2082/2 5472/3625/2
f 7758/2079/2 4780/3628/2 6124/2045/2
f 6016/3629/2 6124/2045/2 4264/3630/2
f 4672/3626/2 7758/2079/2 6016/3629/2
f 7759/2076/2 4428/3357/2 5580/344/2
f 6985/2077/2 5580/344/2 4780/3628/2
f 5204/3624/2 7759/2076/2 6985/2077/2
f 7760/2073/2 5203/3631/2 6980/2069/2
f 5328/3632/2 6980/2069/2 4528/3633/2
f 4236/3634/2 7760/2073/2 5328/3632/2
f 7761/2070/2 4864/3635/2 6208/2081/2
f 5872/3636/2 6208/2081/2 4320/3627/2
f 4528/3633/2 7761/2070/2 5872/3636/2
f 7762/2067/2 4466/3365/2 5664/332/2
f 6981/2068/2 5664/332/2 4864/3635/2
f 5203/3631/2 7762/2067/2 6981/2068/2
f 7763/2064/2 5202/3637/2 6976/2060/2
f 6213/340/2 6976/2060/2 4869/3638/2
f 4467/3359/2 7763/2064/2 6213/340/2
f 7764/2061/2 4576/3639/2 5920/2747/2
f 5669/2047/2 5920/2747/2 4368/3291/2
f 4869/3638/2 7764/2061/2 5669/2047/2
f 7765/2058/2 4272/3640/2 5376/110/2
f 6977/2059/2 5376/110/2 4576/3639/2
f 5202/3637/2 7765/2058/2 6977/2059/2
f 7766/2055/2 5201/3641/2 6972/2051/2
f 5512/3642/2 6972/2051/2 4712/3643/2
f 4360/3644/2 7766/2055/2 5512/3642/2
f 7767/2052/2 4720/3645/2 6064/1748/2
f 6056/3646/2 6064/1748/2 4231/3647/2
f 4712/3643/2 7767/2052/2 6056/3646/2
f 7768/2049/2 4368/3291/2 5520/443/2
f 6973/2050/2 5520/443/2 4720/3645/2
f 5201/3641/2 7768/2049/2 6973/2050/2
f 7769/2046/2 5200/3648/2 6968/2042/2
f 5368/3649/2 6968/2042/2 4568/3650/2
f 4264/3630/2 7769/2046/2 5368/3649/2
f 7770/2043/2 4868/3651/2 6212/2054/2
f 5912/3652/2 6212/2054/2 4360/3644/2
f 4568/3650/2 7770/2043/2 5912/3652/2
f 7771/2040/2 4467/3359/2 5668/341/2
f 6969/2041/2 5668/341/2 4868/3651/2
f 5200/3648/2 7771/2040/2 6969/2041/2
f 7772/2037/2 5199/3653/2 6964/2033/2
f 6217/349/2 6964/2033/2 4873/3654/2
f 4468/3353/2 7772/2037/2 6217/349/2
f 7773/2034/2 4536/3655/2 5880/2990/2
f 5673/2020/2 5880/2990/2 4328/3129/2
f 4873/3654/2 7773/2034/2 5673/2020/2
f 7774/2031/2 4244/3533/2 5336/29/2
f 6965/2032/2 5336/29/2 4536/3655/2
f 5199/3653/2 7774/2031/2 6965/2032/2
f 7775/2028/2 5198/3656/2 6960/2024/2
f 5981/337/2 6960/2024/2 4637/3657/2
f 4429/3360/2 7775/2028/2 5981/337/2
f 7776/2025/2 4680/3658/2 6024/1019/2
f 5437/2056/2 6024/1019/2 4272/3640/2
f 4637/3657/2 7776/2025/2 5437/2056/2
f 7777/2022/2 4328/3129/2 5480/686/2
f 6961/2023/2 5480/686/2 4680/3658/2
f 5198/3656/2 7777/2022/2 6961/2023/2
f 7778/2019/2 5197/3659/2 6956/2015/2
f 6125/142/2 6956/2015/2 4781/3660/2
f 4301/3623/2 7778/2019/2 6125/142/2
f 7779/2016/2 4872/3661/2 6216/2027/2
f 5581/2641/2 6216/2027/2 4429/3360/2
f 4781/3660/2 7779/2016/2 5581/2641/2
f 7780/2013/2 4468/3353/2 5672/350/2
f 6957/2014/2 5672/350/2 4872/3661/2
f 5197/3659/2 7780/2013/2 6957/2014/2
f 7781/2010/2 5196/3662/2 6952/2006/2
f 6221/358/2 6952/2006/2 4877/3663/2
f 4469/3347/2 7781/2010/2 6221/358/2
f 7782/2007/2 4632/3664/2 5976/2675/2
f 5677/1993/2 5976/2675/2 4424/3339/2
f 4877/3663/2 7782/2007/2 5677/1993/2
f 7783/2004/2 4300/3665/2 5432/134/2
f 6953/2005/2 5432/134/2 4632/3664/2
f 5196/3662/2 7783/2004/2 6953/2005/2
f 7784/2001/2 5195/3666/2 6948/1997/2
f 5460/3667/2 6948/1997/2 4660/3668/2
f 4308/3669/2 7784/2001/2 5460/3667/2
f 7785/1998/2 4776/3670/2 6120/1964/2
f 6004/3671/2 6120/1964/2 4252/3672/2
f 4660/3668/2 7785/1998/2 6004/3671/2
f 7786/1995/2 4424/3339/2 5576/371/2
f 6949/1996/2 5576/371/2 4776/3670/2
f 5195/3666/2 7786/1995/2 6949/1996/2
f 7787/1992/2 5194/3673/2 6944/1988/2
f 5316/3674/2 6944/1988/2 4516/3675/2
f 4227/3676/2 7787/1992/2 5316/3674/2
f 7788/1989/2 4876/3677/2 6220/2000/2
f 5860/3678/2 6220/2000/2 4308/3669/2
f 4516/3675/2 7788/1989/2 5860/3678/2
f 7789/1986/2 4469/3347/2 5676/359/2
f 6945/1987/2 5676/359/2 4876/3677/2
f 5194/3673/2 7789/1986/2 6945/1987/2
f 7790/1983/2 5193/3679/2 6940/1979/2
f 6225/367/2 6940/1979/2 4881/3680/2
f 4470/3341/2 7790/1983/2 6225/367/2
f 7791/1980/2 4580/3681/2 5924/2639/2
f 5681/1966/2 5924/2639/2 4372/3363/2
f 4881/3680/2 7791/1980/2 5681/1966/2
f 7792/1977/2 4276/3682/2 5380/146/2
f 6941/1978/2 5380/146/2 4580/3681/2
f 5193/3679/2 7792/1977/2 6941/1978/2
f 7793/1974/2 5192/3683/2 6936/1970/2
f 5500/3684/2 6936/1970/2 4700/3685/2
f 4348/3686/2 7793/1974/2 5500/3684/2
f 7794/1971/2 4724/3687/2 6068/2072/2
f 6044/3688/2 6068/2072/2 4236/3634/2
f 4700/3685/2 7794/1971/2 6044/3688/2
f 7795/1968/2 4372/3363/2 5524/335/2
f 6937/1969/2 5524/335/2 4724/3687/2
f 5192/3683/2 7795/1968/2 6937/1969/2
f 7796/1965/2 5191/3689/2 6932/1961/2
f 5356/3690/2 6932/1961/2 4556/3691/2
f 4252/3672/2 7796/1965/2 5356/3690/2
f 7797/1962/2 4880/3692/2 6224/1973/2
f 5900/3693/2 6224/1973/2 4348/3686/2
f 4556/3691/2 7797/1962/2 5900/3693/2
f 7798/1959/2 4470/3341/2 5680/368/2
f 6933/1960/2 5680/368/2 4880/3692/2
f 5191/3689/2 7798/1959/2 6933/1960/2
f 7799/1956/2 5190/3694/2 6928/1952/2
f 6229/376/2 6928/1952/2 4885/3695/2
f 4471/3335/2 7799/1956/2 6229/376/2
f 7800/1953/2 4540/3696/2 5884/3026/2
f 5685/1939/2 5884/3026/2 4332/3105/2
f 4885/3695/2 7800/1953/2 5685/1939/2
f 7801/1950/2 4247/3575/2 5340/17/2
f 6929/1951/2 5340/17/2 4540/3696/2
f 5190/3694/2 7801/1950/2 6929/1951/2
f 7802/1947/2 5189/3697/2 6924/1943/2
f 5977/364/2 6924/1943/2 4633/3698/2
f 4425/3342/2 7802/1947/2 5977/364/2
f 7803/1944/2 4684/3699/2 6028/911/2
f 5433/1975/2 6028/911/2 4276/3682/2
f 4633/3698/2 7803/1944/2 5433/1975/2
f 7804/1941/2 4332/3105/2 5484/722/2
f 6925/1942/2 5484/722/2 4684/3699/2
f 5189/3697/2 7804/1941/2 6925/1942/2
f 7805/1938/2 5188/3700/2 6920/1934/2
f 6121/133/2 6920/1934/2 4777/3701/2
f 4300/3665/2 7805/1938/2 6121/133/2
f 7806/1935/2 4884/3702/2 6228/1946/2
f 5577/2668/2 6228/1946/2 4425/3342/2
f 4777/3701/2 7806/1935/2 5577/2668/2
f 7807/1932/2 4471/3335/2 5684/377/2
f 6921/1933/2 5684/377/2 4884/3702/2
f 5188/3700/2 7807/1932/2 6921/1933/2
f 7808/1929/2 5187/3703/2 6916/1925/2
f 6233/385/2 6916/1925/2 4889/3704/2
f 4472/3329/2 7808/1929/2 6233/385/2
f 7809/1926/2 4628/3705/2 5972/2702/2
f 5689/1912/2 5972/2702/2 4420/3321/2
f 4889/3704/2 7809/1926/2 5689/1912/2
f 7810/1923/2 4299/3706/2 5428/125/2
f 6917/1924/2 5428/125/2 4628/3705/2
f 5187/3703/2 7810/1923/2 6917/1924/2
f 7811/1920/2 5186/3707/2 6912/1916/2
f 5929/688/2 6912/1916/2 4585/3708/2
f 4377/3126/2 7811/1920/2 5929/688/2
f 7812/1917/2 4772/3709/2 6116/1883/2
f 5385/1003/2 6116/1883/2 4281/3710/2
f 4585/3708/2 7812/1917/2 5385/1003/2
f 7813/1914/2 4420/3321/2 5572/398/2
f 6913/1915/2 5572/398/2 4772/3709/2
f 5186/3707/2 7813/1914/2 6913/1915/2
f 7814/1911/2 5185/3711/2 6908/1907/2
f 6073/25/2 6908/1907/2 4729/3712/2
f 4248/3542/2 7814/1911/2 6073/25/2
f 7815/1908/2 4888/3713/2 6232/1919/2
f 5529/2992/2 6232/1919/2 4377/3126/2
f 4729/3712/2 7815/1908/2 5529/2992/2
f 7816/1905/2 4472/3329/2 5688/386/2
f 6909/1906/2 5688/386/2 4888/3713/2
f 5185/3711/2 7816/1905/2 6909/1906/2
f 7817/1902/2 5184/3714/2 6904/1898/2
f 6237/394/2 6904/1898/2 4893/3715/2
f 4473/3323/2 7817/1902/2 6237/394/2
f 7818/1899/2 4671/3716/2 5471/3717/2
f 5693/1885/2 5471/3717/2 4319/3718/2
f 4893/3715/2 7818/1899/2 5693/1885/2
f 7819/1896/2 4263/3719/2 6015/3720/2
f 6905/1897/2 6015/3720/2 4671/3716/2
f 5184/3714/2 7819/1896/2 6905/1897/2
f 7820/1893/2 5183/3721/2 6900/1889/2
f 5889/427/2 6900/1889/2 4545/3722/2
f 4337/3300/2 7820/1893/2 5889/427/2
f 7821/1890/2 4527/3723/2 5327/3724/2
f 5345/1786/2 5327/3724/2 4235/3725/2
f 4545/3722/2 7821/1890/2 5345/1786/2
f 7822/1887/2 4319/3718/2 5871/3726/2
f 6901/1888/2 5871/3726/2 4527/3723/2
f 5183/3721/2 7822/1887/2 6901/1888/2
f 7823/1884/2 5182/3727/2 6896/1880/2
f 6033/112/2 6896/1880/2 4689/3728/2
f 4281/3710/2 7823/1884/2 6033/112/2
f 7824/1881/2 4892/3729/2 6236/1892/2
f 5489/2731/2 6236/1892/2 4337/3300/2
f 4689/3728/2 7824/1881/2 5489/2731/2
f 7825/1878/2 4473/3323/2 5692/395/2
f 6897/1879/2 5692/395/2 4892/3729/2
f 5182/3727/2 7825/1878/2 6897/1879/2
f 7826/1875/2 5181/3730/2 6892/1871/2
f 6241/403/2 6892/1871/2 4897/3731/2
f 4474/3317/2 7826/1875/2 6241/403/2
f 7827/1872/2 4711/3732/2 5511/3733/2
f 5697/1858/2 5511/3733/2 4359/3734/2
f 4897/3731/2 7827/1872/2 5697/1858/2
f 7828/1869/2 4230/3735/2 6055/3736/2
f 6893/1870/2 6055/3736/2 4711/3732/2
f 5181/3730/2 7828/1869/2 6893/1870/2
f 7829/1866/2 5180/3737/2 6888/1862/2
f 5973/391/2 6888/1862/2 4629/3738/2
f 4421/3324/2 7829/1866/2 5973/391/2
f 7830/1863/2 4567/3739/2 5367/3740/2
f 5429/1894/2 5367/3740/2 4263/3719/2
f 4629/3738/2 7830/1863/2 5429/1894/2
f 7831/1860/2 4359/3734/2 5911/3741/2
f 6889/1861/2 5911/3741/2 4567/3739/2
f 5180/3737/2 7831/1860/2 6889/1861/2
f 7832/1857/2 5179/3742/2 6884/1853/2
f 6117/124/2 6884/1853/2 4773/3743/2
f 4299/3706/2 7832/1857/2 6117/124/2
f 7833/1854/2 4896/3744/2 6240/1865/2
f 5573/2695/2 6240/1865/2 4421/3324/2
f 4773/3743/2 7833/1854/2 5573/2695/2
f 7834/1851/2 4474/3317/2 5696/404/2
f 6885/1852/2 5696/404/2 4896/3744/2
f 5179/3742/2 7834/1851/2 6885/1852/2
f 7835/1848/2 5178/3745/2 6880/1844/2
f 6245/412/2 6880/1844/2 4901/3746/2
f 4475/3311/2 7835/1848/2 6245/412/2
f 7836/1845/2 4624/3747/2 5968/2729/2
f 5701/1831/2 5968/2729/2 4416/3303/2
f 4901/3746/2 7836/1845/2 5701/1831/2
f 7837/1842/2 4298/3748/2 5424/116/2
f 6881/1843/2 5424/116/2 4624/3747/2
f 5178/3745/2 7837/1842/2 6881/1843/2
f 7838/1839/2 5177/3749/2 6876/1835/2
f 5476/3750/2 6876/1835/2 4676/3751/2
f 4324/3752/2 7838/1839/2 5476/3750/2
f 7839/1836/2 4768/3753/2 6112/1802/2
f 6020/3754/2 6112/1802/2 4268/3755/2
f 4676/3751/2 7839/1836/2 6020/3754/2
f 7840/1833/2 4416/3303/2 5568/425/2
f 6877/1834/2 5568/425/2 4768/3753/2
f 5177/3749/2 7840/1833/2 6877/1834/2
f 7841/1830/2 5176/3756/2 6872/1826/2
f 5332/3757/2 6872/1826/2 4532/3758/2
f 4240/3759/2 7841/1830/2 5332/3757/2
f 7842/1827/2 4900/3760/2 6244/1838/2
f 5876/3761/2 6244/1838/2 4324/3752/2
f 4532/3758/2 7842/1827/2 5876/3761/2
f 7843/1824/2 4475/3311/2 5700/413/2
f 6873/1825/2 5700/413/2 4900/3760/2
f 5176/3756/2 7843/1824/2 6873/1825/2
f 7844/1821/2 5175/3762/2 6868/1817/2
f 6249/421/2 6868/1817/2 4905/3763/2
f 4476/3305/2 7844/1821/2 6249/421/2
f 7845/1818/2 4659/3764/2 5459/3765/2
f 5705/1804/2 5459/3765/2 4307/3766/2
f 4905/3763/2 7845/1818/2 5705/1804/2
f 7846/1815/2 4251/3767/2 6003/3768/2
f 6869/1816/2 6003/3768/2 4659/3764/2
f 5175/3762/2 7846/1815/2 6869/1816/2
f 7847/1812/2 5174/3769/2 6864/1808/2
f 5516/3770/2 6864/1808/2 4716/3771/2
f 4364/3772/2 7847/1812/2 5516/3770/2
f 7848/1809/2 4515/3773/2 5315/3774/2
f 6060/3775/2 5315/3774/2 4226/3776/2
f 4716/3771/2 7848/1809/2 6060/3775/2
f 7849/1806/2 4307/3766/2 5859/3777/2
f 6865/1807/2 5859/3777/2 4515/3773/2
f 5174/3769/2 7849/1806/2 6865/1807/2
f 7850/1803/2 5173/3778/2 6860/1799/2
f 5372/3779/2 6860/1799/2 4572/3780/2
f 4268/3755/2 7850/1803/2 5372/3779/2
f 7851/1800/2 4904/3781/2 6248/1811/2
f 5916/3782/2 6248/1811/2 4364/3772/2
f 4572/3780/2 7851/1800/2 5916/3782/2
f 7852/1797/2 4476/3305/2 5704/422/2
f 6861/1798/2 5704/422/2 4904/3781/2
f 5173/3778/2 7852/1797/2 6861/1798/2
f 7853/1794/2 5172/3783/2 6856/1790/2
f 6253/430/2 6856/1790/2 4909/3784/2
f 4477/3299/2 7853/1794/2 6253/430/2
f 7854/1791/2 4699/3785/2 5499/3786/2
f 5709/1777/2 5499/3786/2 4347/3787/2
f 4909/3784/2 7854/1791/2 5709/1777/2
f 7855/1788/2 4235/3725/2 6043/3788/2
f 6857/1789/2 6043/3788/2 4699/3785/2
f 5172/3783/2 7855/1788/2 6857/1789/2
f 7856/1785/2 5171/3789/2 6852/1781/2
f 5969/418/2 6852/1781/2 4625/3790/2
f 4417/3306/2 7856/1785/2 5969/418/2
f 7857/1782/2 4555/3791/2 5355/3792/2
f 5425/1813/2 5355/3792/2 4251/3767/2
f 4625/3790/2 7857/1782/2 5425/1813/2
f 7858/1779/2 4347/3787/2 5899/3793/2
f 6853/1780/2 5899/3793/2 4555/3791/2
f 5171/3789/2 7858/1779/2 6853/1780/2
f 7859/1776/2 5170/3794/2 6848/1772/2
f 6113/115/2 6848/1772/2 4769/3795/2
f 4298/3748/2 7859/1776/2 6113/115/2
f 7860/1773/2 4908/3796/2 6252/1784/2
f 5569/2722/2 6252/1784/2 4417/3306/2
f 4769/3795/2 7860/1773/2 5569/2722/2
f 7861/1770/2 4477/3299/2 5708/431/2
f 6849/1771/2 5708/431/2 4908/3796/2
f 5170/3794/2 7861/1770/2 6849/1771/2
f 7862/1767/2 5169/3797/2 6844/1763/2
f 6257/439/2 6844/1763/2 4913/3798/2
f 4478/3293/2 7862/1767/2 6257/439/2
f 7863/1764/2 4620/3799/2 5964/2756/2
f 5713/1750/2 5964/2756/2 4412/3285/2
f 4913/3798/2 7863/1764/2 5713/1750/2
f 7864/1761/2 4297/3800/2 5420/107/2
f 6845/1762/2 5420/107/2 4620/3799/2
f 5169/3797/2 7864/1761/2 6845/1762/2
f 7865/1758/2 5168/3801/2 6840/1754/2
f 5464/3802/2 6840/1754/2 4664/3803/2
f 4312/3804/2 7865/1758/2 5464/3802/2
f 7866/1755/2 4764/3805/2 6108/1721/2
f 6008/3806/2 6108/1721/2 4256/3807/2
f 4664/3803/2 7866/1755/2 6008/3806/2
f 7867/1752/2 4412/3285/2 5564/452/2
f 6841/1753/2 5564/452/2 4764/3805/2
f 5168/3801/2 7867/1752/2 6841/1753/2
f 7868/1749/2 5167/3808/2 6836/1745/2
f 5320/3809/2 6836/1745/2 4520/3810/2
f 4231/3647/2 7868/1749/2 5320/3809/2
f 7869/1746/2 4912/3811/2 6256/1757/2
f 5864/3812/2 6256/1757/2 4312/3804/2
f 4520/3810/2 7869/1746/2 5864/3812/2
f 7870/1743/2 4478/3293/2 5712/440/2
f 6837/1744/2 5712/440/2 4912/3811/2
f 5167/3808/2 7870/1743/2 6837/1744/2
f 7871/1740/2 5166/3813/2 6832/1736/2
f 6261/448/2 6832/1736/2 4917/3814/2
f 4479/3287/2 7871/1740/2 6261/448/2
f 7872/1737/2 4584/3815/2 5928/2720/2
f 5717/1723/2 5928/2720/2 4376/3309/2
f 4917/3814/2 7872/1737/2 5717/1723/2
f 7873/1734/2 4280/3816/2 5384/119/2
f 6833/1735/2 5384/119/2 4584/3815/2
f 5166/3813/2 7873/1734/2 6833/1735/2
f 7874/1731/2 5165/3817/2 6828/1727/2
f 5504/3818/2 6828/1727/2 4704/3819/2
f 4352/3820/2 7874/1731/2 5504/3818/2
f 7875/1728/2 4728/3821/2 6072/1829/2
f 6048/3822/2 6072/1829/2 4240/3759/2
f 4704/3819/2 7875/1728/2 6048/3822/2
f 7876/1725/2 4376/3309/2 5528/416/2
f 6829/1726/2 5528/416/2 4728/3821/2
f 5165/3817/2 7876/1725/2 6829/1726/2
f 7877/1722/2 5164/3823/2 6824/1718/2
f 5360/3824/2 6824/1718/2 4560/3825/2
f 4256/3807/2 7877/1722/2 5360/3824/2
f 7878/1719/2 4916/3826/2 6260/1730/2
f 5904/3827/2 6260/1730/2 4352/3820/2
f 4560/3825/2 7878/1719/2 5904/3827/2
f 7879/1716/2 4479/3287/2 5716/449/2
f 6825/1717/2 5716/449/2 4916/3826/2
f 5164/3823/2 7879/1716/2 6825/1717/2
f 7880/1713/2 5163/3828/2 6820/1709/2
f 6265/457/2 6820/1709/2 4921/3829/2
f 4480/3281/2 7880/1713/2 6265/457/2
f 7881/1710/2 4544/3830/2 5888/2999/2
f 5721/1696/2 5888/2999/2 4336/3123/2
f 4921/3829/2 7881/1710/2 5721/1696/2
f 7882/1707/2 4248/3542/2 5344/26/2
f 6821/1708/2 5344/26/2 4544/3830/2
f 5163/3828/2 7882/1707/2 6821/1708/2
f 7883/1704/2 5162/3831/2 6816/1700/2
f 5965/445/2 6816/1700/2 4621/3832/2
f 4413/3288/2 7883/1704/2 5965/445/2
f 7884/1701/2 4688/3833/2 6032/992/2
f 5421/1732/2 6032/992/2 4280/3816/2
f 4621/3832/2 7884/1701/2 5421/1732/2
f 7885/1698/2 4336/3123/2 5488/695/2
f 6817/1699/2 5488/695/2 4688/3833/2
f 5162/3831/2 7885/1698/2 6817/1699/2
f 7886/1695/2 5161/3834/2 6812/1691/2
f 6109/106/2 6812/1691/2 4765/3835/2
f 4297/3800/2 7886/1695/2 6109/106/2
f 7887/1692/2 4920/3836/2 6264/1703/2
f 5565/2749/2 6264/1703/2 4413/3288/2
f 4765/3835/2 7887/1692/2 5565/2749/2
f 7888/1689/2 4480/3281/2 5720/458/2
f 6813/1690/2 5720/458/2 4920/3836/2
f 5161/3834/2 7888/1689/2 6813/1690/2
f 7889/1686/2 5160/3837/2 6808/1682/2
f 6269/466/2 6808/1682/2 4925/3838/2
f 4481/3275/2 7889/1686/2 6269/466/2
f 7890/1683/2 4616/3839/2 5960/2783/2
f 5725/1669/2 5960/2783/2 4408/3267/2
f 4925/3838/2 7890/1683/2 5725/1669/2
f 7891/1680/2 4296/3840/2 5416/98/2
f 6809/1681/2 5416/98/2 4616/3839/2
f 5160/3837/2 7891/1680/2 6809/1681/2
f 7892/1677/2 5159/3841/2 6804/1673/2
f 5933/661/2 6804/1673/2 4589/3842/2
f 4381/3144/2 7892/1677/2 5933/661/2
f 7893/1674/2 4760/3843/2 6104/1640/2
f 5389/1084/2 6104/1640/2 4285/3844/2
f 4589/3842/2 7893/1674/2 5389/1084/2
f 7894/1671/2 4408/3267/2 5560/479/2
f 6805/1672/2 5560/479/2 4760/3843/2
f 5159/3841/2 7894/1671/2 6805/1672/2
f 7895/1668/2 5158/3845/2 6800/1664/2
f 6077/34/2 6800/1664/2 4733/3846/2
f 4249/3509/2 7895/1668/2 6077/34/2
f 7896/1665/2 4924/3847/2 6268/1676/2
f 5533/2965/2 6268/1676/2 4381/3144/2
f 4733/3846/2 7896/1665/2 5533/2965/2
f 7897/1662/2 4481/3275/2 5724/467/2
f 6801/1663/2 5724/467/2 4924/3847/2
f 5158/3845/2 7897/1662/2 6801/1663/2
f 7898/1659/2 5157/3848/2 6796/1655/2
f 6273/475/2 6796/1655/2 4929/3849/2
f 4482/3269/2 7898/1659/2 6273/475/2
f 7899/1656/2 4675/3850/2 5475/3851/2
f 5729/1642/2 5475/3851/2 4323/3852/2
f 4929/3849/2 7899/1656/2 5729/1642/2
f 7900/1653/2 4267/3853/2 6019/3854/2
f 6797/1654/2 6019/3854/2 4675/3850/2
f 5157/3848/2 7900/1653/2 6797/1654/2
f 7901/1650/2 5156/3855/2 6792/1646/2
f 5893/508/2 6792/1646/2 4549/3856/2
f 4341/3246/2 7901/1650/2 5893/508/2
f 7902/1647/2 4531/3857/2 5331/3858/2
f 5349/1543/2 5331/3858/2 4239/3859/2
f 4549/3856/2 7902/1647/2 5349/1543/2
f 7903/1644/2 4323/3852/2 5875/3860/2
f 6793/1645/2 5875/3860/2 4531/3857/2
f 5156/3855/2 7903/1644/2 6793/1645/2
f 7904/1641/2 5155/3861/2 6788/1637/2
f 6037/85/2 6788/1637/2 4693/3862/2
f 4285/3844/2 7904/1641/2 6037/85/2
f 7905/1638/2 4928/3863/2 6272/1649/2
f 5493/2812/2 6272/1649/2 4341/3246/2
f 4693/3862/2 7905/1638/2 5493/2812/2
f 7906/1635/2 4482/3269/2 5728/476/2
f 6789/1636/2 5728/476/2 4928/3863/2
f 5155/3861/2 7906/1635/2 6789/1636/2
f 7907/1632/2 5154/3864/2 6784/1628/2
f 6277/484/2 6784/1628/2 4933/3865/2
f 4483/3263/2 7907/1632/2 6277/484/2
f 7908/1629/2 4715/3866/2 5515/3867/2
f 5733/1615/2 5515/3867/2 4363/3868/2
f 4933/3865/2 7908/1629/2 5733/1615/2
f 7909/1626/2 4228/3869/2 6059/3870/2
f 6785/1627/2 6059/3870/2 4715/3866/2
f 5154/3864/2 7909/1626/2 6785/1627/2
f 7910/1623/2 5153/3871/2 6780/1619/2
f 5961/472/2 6780/1619/2 4617/3872/2
f 4409/3270/2 7910/1623/2 5961/472/2
f 7911/1620/2 4571/3873/2 5371/3874/2
f 5417/1651/2 5371/3874/2 4267/3853/2
f 4617/3872/2 7911/1620/2 5417/1651/2
f 7912/1617/2 4363/3868/2 5915/3875/2
f 6781/1618/2 5915/3875/2 4571/3873/2
f 5153/3871/2 7912/1617/2 6781/1618/2
f 7913/1614/2 5152/3876/2 6776/1610/2
f 6105/97/2 6776/1610/2 4761/3877/2
f 4296/3840/2 7913/1614/2 6105/97/2
f 7914/1611/2 4932/3878/2 6276/1622/2
f 5561/2776/2 6276/1622/2 4409/3270/2
f 4761/3877/2 7914/1611/2 5561/2776/2
f 7915/1608/2 4483/3263/2 5732/485/2
f 6777/1609/2 5732/485/2 4932/3878/2
f 5152/3876/2 7915/1608/2 6777/1609/2
f 7916/1605/2 5151/3879/2 6772/1601/2
f 6281/493/2 6772/1601/2 4937/3880/2
f 4484/3257/2 7916/1605/2 6281/493/2
f 7917/1602/2 4612/3881/2 5956/2810/2
f 5737/1588/2 5956/2810/2 4404/3249/2
f 4937/3880/2 7917/1602/2 5737/1588/2
f 7918/1599/2 4295/3882/2 5412/89/2
f 6773/1600/2 5412/89/2 4612/3881/2
f 5151/3879/2 7918/1599/2 6773/1600/2
f 7919/1596/2 5150/3883/2 6768/1592/2
f 5909/697/2 6768/1592/2 4565/3884/2
f 4357/3120/2 7919/1596/2 5909/697/2
f 7920/1593/2 4756/3885/2 6100/1559/2
f 5365/976/2 6100/1559/2 4261/3886/2
f 4565/3884/2 7920/1593/2 5365/976/2
f 7921/1590/2 4404/3249/2 5556/506/2
f 6769/1591/2 5556/506/2 4756/3885/2
f 5150/3883/2 7921/1590/2 6769/1591/2
f 7922/1587/2 5149/3887/2 6764/1583/2
f 6053/22/2 6764/1583/2 4709/3888/2
f 4245/3549/2 7922/1587/2 6053/22/2
f 7923/1584/2 4936/3889/2 6280/1595/2
f 5509/3001/2 6280/1595/2 4357/3120/2
f 4709/3888/2 7923/1584/2 5509/3001/2
f 7924/1581/2 4484/3257/2 5736/494/2
f 6765/1582/2 5736/494/2 4936/3889/2
f 5149/3887/2 7924/1581/2 6765/1582/2
f 7925/1578/2 5148/3890/2 6760/1574/2
f 6285/502/2 6760/1574/2 4941/3891/2
f 4485/3251/2 7925/1578/2 6285/502/2
f 7926/1575/2 4663/3892/2 5463/3893/2
f 5741/1561/2 5463/3893/2 4311/3894/2
f 4941/3891/2 7926/1575/2 5741/1561/2
f 7927/1572/2 4255/3895/2 6007/3896/2
f 6761/1573/2 6007/3896/2 4663/3892/2
f 5148/3890/2 7927/1572/2 6761/1573/2
f 7928/1569/2 5147/3897/2 6756/1565/2
f 5869/400/2 6756/1565/2 4525/3898/2
f 4317/3318/2 7928/1569/2 5869/400/2
f 7929/1566/2 4519/3899/2 5319/3900/2
f 5325/1867/2 5319/3900/2 4230/3735/2
f 4525/3898/2 7929/1566/2 5325/1867/2
f 7930/1563/2 4311/3894/2 5863/3901/2
f 6757/1564/2 5863/3901/2 4519/3899/2
f 5147/3897/2 7930/1563/2 6757/1564/2
f 7931/1560/2 5146/3902/2 6752/1556/2
f 6013/121/2 6752/1556/2 4669/3903/2
f 4261/3886/2 7931/1560/2 6013/121/2
f 7932/1557/2 4940/3904/2 6284/1568/2
f 5469/2704/2 6284/1568/2 4317/3318/2
f 4669/3903/2 7932/1557/2 5469/2704/2
f 7933/1554/2 4485/3251/2 5740/503/2
f 6753/1555/2 5740/503/2 4940/3904/2
f 5146/3902/2 7933/1554/2 6753/1555/2
f 7934/1551/2 5145/3905/2 6748/1547/2
f 6289/511/2 6748/1547/2 4945/3906/2
f 4486/3245/2 7934/1551/2 6289/511/2
f 7935/1548/2 4703/3907/2 5503/3908/2
f 5745/1534/2 5503/3908/2 4351/3909/2
f 4945/3906/2 7935/1548/2 5745/1534/2
f 7936/1545/2 4239/3859/2 6047/3910/2
f 6749/1546/2 6047/3910/2 4703/3907/2
f 5145/3905/2 7936/1545/2 6749/1546/2
f 7937/1542/2 5144/3911/2 6744/1538/2
f 5957/499/2 6744/1538/2 4613/3912/2
f 4405/3252/2 7937/1542/2 5957/499/2
f 7938/1539/2 4559/3913/2 5359/3914/2
f 5413/1570/2 5359/3914/2 4255/3895/2
f 4613/3912/2 7938/1539/2 5413/1570/2
f 7939/1536/2 4351/3909/2 5903/3915/2
f 6745/1537/2 5903/3915/2 4559/3913/2
f 5144/3911/2 7939/1536/2 6745/1537/2
f 7940/1533/2 5143/3916/2 6740/1529/2
f 6101/88/2 6740/1529/2 4757/3917/2
f 4295/3882/2 7940/1533/2 6101/88/2
f 7941/1530/2 4944/3918/2 6288/1541/2
f 5557/2803/2 6288/1541/2 4405/3252/2
f 4757/3917/2 7941/1530/2 5557/2803/2
f 7942/1527/2 4486/3245/2 5744/512/2
f 6741/1528/2 5744/512/2 4944/3918/2
f 5143/3916/2 7942/1527/2 6741/1528/2
f 7943/1524/2 5142/3919/2 6736/1520/2
f 6293/520/2 6736/1520/2 4949/3920/2
f 4487/3239/2 7943/1524/2 6293/520/2
f 7944/1521/2 4608/3921/2 5952/2837/2
f 5749/1507/2 5952/2837/2 4400/3231/2
f 4949/3920/2 7944/1521/2 5749/1507/2
f 7945/1518/2 4294/3922/2 5408/80/2
f 6737/1519/2 5408/80/2 4608/3921/2
f 5142/3919/2 7945/1518/2 6737/1519/2
f 7946/1515/2 5141/3923/2 6732/1511/2
f 5921/742/2 6732/1511/2 4577/3924/2
f 4369/3090/2 7946/1515/2 5921/742/2
f 7947/1512/2 4752/3925/2 6096/1478/2
f 5377/841/2 6096/1478/2 4273/3926/2
f 4577/3924/2 7947/1512/2 5377/841/2
f 7948/1509/2 4400/3231/2 5552/533/2
f 6733/1510/2 5552/533/2 4752/3925/2
f 5141/3923/2 7948/1509/2 6733/1510/2
f 7949/1506/2 5140/3927/2 6728/1502/2
f 6065/7/2 6728/1502/2 4721/3928/2
f 4234/3613/2 7949/1506/2 6065/7/2
f 7950/1503/2 4948/3929/2 6292/1514/2
f 5521/3046/2 6292/1514/2 4369/3090/2
f 4721/3928/2 7950/1503/2 5521/3046/2
f 7951/1500/2 4487/3239/2 5748/521/2
f 6729/1501/2 5748/521/2 4948/3929/2
f 5140/3927/2 7951/1500/2 6729/1501/2
f 7952/1497/2 5139/3930/2 6724/1493/2
f 6297/529/2 6724/1493/2 4953/3931/2
f 4488/3233/2 7952/1497/2 6297/529/2
f 7953/1494/2 4588/3932/2 5932/2801/2
f 5753/1480/2 5932/2801/2 4380/3255/2
f 4953/3931/2 7953/1494/2 5753/1480/2
f 7954/1491/2 4284/3933/2 5388/92/2
f 6725/1492/2 5388/92/2 4588/3932/2
f 5139/3930/2 7954/1491/2 6725/1492/2
f 7955/1488/2 5138/3934/2 6720/1484/2
f 5881/265/2 6720/1484/2 4537/3935/2
f 4329/3408/2 7955/1488/2 5881/265/2
f 7956/1485/2 4732/3936/2 6076/1586/2
f 5337/2272/2 6076/1586/2 4245/3549/2
f 4537/3935/2 7956/1485/2 5337/2272/2
f 7957/1482/2 4380/3255/2 5532/497/2
f 6721/1483/2 5532/497/2 4732/3936/2
f 5138/3934/2 7957/1482/2 6721/1483/2
f 7958/1479/2 5137/3937/2 6716/1475/2
f 6025/166/2 6716/1475/2 4681/3938/2
f 4273/3926/2 7958/1479/2 6025/166/2
f 7959/1476/2 4952/3939/2 6296/1487/2
f 5481/2569/2 6296/1487/2 4329/3408/2
f 4681/3938/2 7959/1476/2 5481/2569/2
f 7960/1473/2 4488/3233/2 5752/530/2
f 6717/1474/2 5752/530/2 4952/3939/2
f 5137/3937/2 7960/1473/2 6717/1474/2
f 7961/1470/2 5136/3940/2 6712/1466/2
f 6301/538/2 6712/1466/2 4957/3941/2
f 4489/3227/2 7961/1470/2 6301/538/2
f 7962/1467/2 4548/3942/2 5892/2972/2
f 5757/1453/2 5892/2972/2 4340/3141/2
f 4957/3941/2 7962/1467/2 5757/1453/2
f 7963/1464/2 4249/3509/2 5348/35/2
f 6713/1465/2 5348/35/2 4548/3942/2
f 5136/3940/2 7963/1464/2 6713/1465/2
f 7964/1461/2 5135/3943/2 6708/1457/2
f 5953/526/2 6708/1457/2 4609/3944/2
f 4401/3234/2 7964/1461/2 5953/526/2
f 7965/1458/2 4692/3945/2 6036/1073/2
f 5409/1489/2 6036/1073/2 4284/3933/2
f 4609/3944/2 7965/1458/2 5409/1489/2
f 7966/1455/2 4340/3141/2 5492/668/2
f 6709/1456/2 5492/668/2 4692/3945/2
f 5135/3943/2 7966/1455/2 6709/1456/2
f 7967/1452/2 5134/3946/2 6704/1448/2
f 6097/79/2 6704/1448/2 4753/3947/2
f 4294/3922/2 7967/1452/2 6097/79/2
f 7968/1449/2 4956/3948/2 6300/1460/2
f 5553/2830/2 6300/1460/2 4401/3234/2
f 4753/3947/2 7968/1449/2 5553/2830/2
f 7969/1446/2 4489/3227/2 5756/539/2
f 6705/1447/2 5756/539/2 4956/3948/2
f 5134/3946/2 7969/1446/2 6705/1447/2
f 7970/1443/2 5133/3949/2 6700/1439/2
f 6305/547/2 6700/1439/2 4961/3950/2
f 4490/3221/2 7970/1443/2 6305/547/2
f 7971/1440/2 4604/3951/2 5948/2864/2
f 5761/1426/2 5948/2864/2 4396/3213/2
f 4961/3950/2 7971/1440/2 5761/1426/2
f 7972/1437/2 4293/3952/2 5404/71/2
f 6701/1438/2 5404/71/2 4604/3951/2
f 5133/3949/2 7972/1437/2 6701/1438/2
f 7973/1434/2 5132/3953/2 6696/1430/2
f 5937/634/2 6696/1430/2 4593/3954/2
f 4385/3162/2 7973/1434/2 5937/634/2
f 7974/1431/2 4748/3955/2 6092/1397/2
f 5393/1165/2 6092/1397/2 4289/3956/2
f 4593/3954/2 7974/1431/2 5393/1165/2
f 7975/1428/2 4396/3213/2 5548/560/2
f 6697/1429/2 5548/560/2 4748/3955/2
f 5132/3953/2 7975/1428/2 6697/1429/2
f 7976/1425/2 5131/3957/2 6692/1421/2
f 6081/43/2 6692/1421/2 4737/3958/2
f 4250/3476/2 7976/1425/2 6081/43/2
f 7977/1422/2 4960/3959/2 6304/1433/2
f 5537/2938/2 6304/1433/2 4385/3162/2
f 4737/3958/2 7977/1422/2 5537/2938/2
f 7978/1419/2 4490/3221/2 5760/548/2
f 6693/1420/2 5760/548/2 4960/3959/2
f 5131/3957/2 7978/1419/2 6693/1420/2
f 7979/1416/2 5130/3960/2 6688/1412/2
f 6309/556/2 6688/1412/2 4965/3961/2
f 4491/3215/2 7979/1416/2 6309/556/2
f 7980/1413/2 4563/3962/2 5907/2531/2
f 5765/1399/2 5907/2531/2 4355/3435/2
f 4965/3961/2 7980/1413/2 5765/1399/2
f 7981/1410/2 4259/3963/2 5363/182/2
f 6689/1411/2 5363/182/2 4563/3962/2
f 5130/3960/2 7981/1410/2 6689/1411/2
f 7982/1407/2 5129/3964/2 6684/1403/2
f 5897/589/2 6684/1403/2 4553/3965/2
f 4345/3192/2 7982/1407/2 5897/589/2
f 7983/1404/2 4707/3966/2 6051/2396/2
f 5353/1300/2 6051/2396/2 4243/3500/2
f 4553/3965/2 7983/1404/2 5353/1300/2
f 7984/1401/2 4355/3435/2 5507/227/2
f 6685/1402/2 5507/227/2 4707/3966/2
f 5129/3964/2 7984/1401/2 6685/1402/2
f 7985/1398/2 5128/3967/2 6680/1394/2
f 6041/58/2 6680/1394/2 4697/3968/2
f 4289/3956/2 7985/1398/2 6041/58/2
f 7986/1395/2 4964/3969/2 6308/1406/2
f 5497/2893/2 6308/1406/2 4345/3192/2
f 4697/3968/2 7986/1395/2 5497/2893/2
f 7987/1392/2 4491/3215/2 5764/557/2
f 6681/1393/2 5764/557/2 4964/3969/2
f 5128/3967/2 7987/1392/2 6681/1393/2
f 7988/1389/2 5127/3970/2 6676/1385/2
f 6313/565/2 6676/1385/2 4969/3971/2
f 4492/3209/2 7988/1389/2 6313/565/2
f 7989/1386/2 4523/3972/2 5867/3062/2
f 5769/1372/2 5867/3062/2 4315/3081/2
f 4969/3971/2 7989/1386/2 5769/1372/2
f 7990/1383/2 4233/3973/2 5323/5/2
f 6677/1384/2 5323/5/2 4523/3972/2
f 5127/3970/2 7990/1383/2 6677/1384/2
f 7991/1380/2 5126/3974/2 6672/1376/2
f 5949/553/2 6672/1376/2 4605/3975/2
f 4397/3216/2 7991/1380/2 5949/553/2
f 7992/1377/2 4667/3976/2 6011/803/2
f 5405/1408/2 6011/803/2 4259/3963/2
f 4605/3975/2 7992/1377/2 5405/1408/2
f 7993/1374/2 4315/3081/2 5467/758/2
f 6673/1375/2 5467/758/2 4667/3976/2
f 5126/3974/2 7993/1374/2 6673/1375/2
f 7994/1371/2 5125/3977/2 6668/1367/2
f 6093/70/2 6668/1367/2 4749/3978/2
f 4293/3952/2 7994/1371/2 6093/70/2
f 7995/1368/2 4968/3979/2 6312/1379/2
f 5549/2857/2 6312/1379/2 4397/3216/2
f 4749/3978/2 7995/1368/2 5549/2857/2
f 7996/1365/2 4492/3209/2 5768/566/2
f 6669/1366/2 5768/566/2 4968/3979/2
f 5125/3977/2 7996/1365/2 6669/1366/2
f 7997/1362/2 5124/3980/2 6664/1358/2
f 6317/574/2 6664/1358/2 4973/3981/2
f 4493/3203/2 7997/1362/2 6317/574/2
f 7998/1359/2 4600/3982/2 5944/2891/2
f 5773/1345/2 5944/2891/2 4392/3195/2
f 4973/3981/2 7998/1359/2 5773/1345/2
f 7999/1356/2 4292/3983/2 5400/62/2
f 6665/1357/2 5400/62/2 4600/3982/2
f 5124/3980/2 7999/1356/2 6665/1357/2
f 8000/1353/2 5123/3984/2 6660/1349/2
f 5910/724/2 6660/1349/2 4566/3985/2
f 4358/3102/2 8000/1353/2 5910/724/2
f 8001/1350/2 4744/3986/2 6088/1316/2
f 5366/895/2 6088/1316/2 4262/3987/2
f 4566/3985/2 8001/1350/2 5366/895/2
f 8002/1347/2 4392/3195/2 5544/587/2
f 6661/1348/2 5544/587/2 4744/3986/2
f 5123/3984/2 8002/1347/2 6661/1348/2
f 8003/1344/2 5122/3988/2 6656/1340/2
f 6054/13/2 6656/1340/2 4710/3989/2
f 4246/3582/2 8003/1344/2 6054/13/2
f 8004/1341/2 4972/3990/2 6316/1352/2
f 5510/3028/2 6316/1352/2 4358/3102/2
f 4710/3989/2 8004/1341/2 5510/3028/2
f 8005/1338/2 4493/3203/2 5772/575/2
f 6657/1339/2 5772/575/2 4972/3990/2
f 5122/3988/2 8005/1338/2 6657/1339/2
f 8006/1335/2 5121/3991/2 6652/1331/2
f 6321/583/2 6652/1331/2 4977/3992/2
f 4494/3197/2 8006/1335/2 6321/583/2
f 8007/1332/2 4575/3993/2 5919/2828/2
f 5777/1318/2 5919/2828/2 4367/3237/2
f 4977/3992/2 8007/1332/2 5777/1318/2
f 8008/1329/2 4271/3994/2 5375/83/2
f 6653/1330/2 5375/83/2 4575/3993/2
f 5121/3991/2 8008/1329/2 6653/1330/2
f 8009/1326/2 5120/3995/2 6648/1322/2
f 5870/319/2 6648/1322/2 4526/3996/2
f 4318/3372/2 8009/1326/2 5870/319/2
f 8010/1323/2 4719/3997/2 6063/1505/2
f 5326/2110/2 6063/1505/2 4234/3613/2
f 4526/3996/2 8010/1323/2 5326/2110/2
f 8011/1320/2 4367/3237/2 5519/524/2
f 6649/1321/2 5519/524/2 4719/3997/2
f 5120/3995/2 8011/1320/2 6649/1321/2
f 8012/1317/2 5119/3998/2 6644/1313/2
f 6014/148/2 6644/1313/2 4670/3999/2
f 4262/3987/2 8012/1317/2 6014/148/2
f 8013/1314/2 4976/4000/2 6320/1325/2
f 5470/2623/2 6320/1325/2 4318/3372/2
f 4670/3999/2 8013/1314/2 5470/2623/2
f 8014/1311/2 4494/3197/2 5776/584/2
f 6645/1312/2 5776/584/2 4976/4000/2
f 5119/3998/2 8014/1311/2 6645/1312/2
f 8015/1308/2 5118/4001/2 6640/1304/2
f 6325/592/2 6640/1304/2 4981/4002/2
f 4495/3191/2 8015/1308/2 6325/592/2
f 8016/1305/2 4535/4003/2 5879/2963/2
f 5781/1291/2 5879/2963/2 4327/3147/2
f 4981/4002/2 8016/1305/2 5781/1291/2
f 8017/1302/2 4243/3500/2 5335/38/2
f 6641/1303/2 5335/38/2 4535/4003/2
f 5118/4001/2 8017/1302/2 6641/1303/2
f 8018/1299/2 5117/4004/2 6636/1295/2
f 5945/580/2 6636/1295/2 4601/4005/2
f 4393/3198/2 8018/1299/2 5945/580/2
f 8019/1296/2 4679/4006/2 6023/1100/2
f 5401/1327/2 6023/1100/2 4271/3994/2
f 4601/4005/2 8019/1296/2 5401/1327/2
f 8020/1293/2 4327/3147/2 5479/659/2
f 6637/1294/2 5479/659/2 4679/4006/2
f 5117/4004/2 8020/1293/2 6637/1294/2
f 8021/1290/2 5116/4007/2 6632/1286/2
f 6089/61/2 6632/1286/2 4745/4008/2
f 4292/3983/2 8021/1290/2 6089/61/2
f 8022/1287/2 4980/4009/2 6324/1298/2
f 5545/2884/2 6324/1298/2 4393/3198/2
f 4745/4008/2 8022/1287/2 5545/2884/2
f 8023/1284/2 4495/3191/2 5780/593/2
f 6633/1285/2 5780/593/2 4980/4009/2
f 5116/4007/2 8023/1284/2 6633/1285/2
f 8024/1281/2 5115/4010/2 6628/1277/2
f 6329/601/2 6628/1277/2 4985/4011/2
f 4496/3185/2 8024/1281/2 6329/601/2
f 8025/1278/2 4596/4012/2 5940/2918/2
f 5785/1264/2 5940/2918/2 4388/3177/2
f 4985/4011/2 8025/1278/2 5785/1264/2
f 8026/1275/2 4291/4013/2 5396/53/2
f 6629/1276/2 5396/53/2 4596/4012/2
f 5115/4010/2 8026/1275/2 6629/1276/2
f 8027/1272/2 5114/4014/2 6624/1268/2
f 5922/733/2 6624/1268/2 4578/4015/2
f 4370/3096/2 8027/1272/2 5922/733/2
f 8028/1269/2 4740/4016/2 6084/1235/2
f 5378/868/2 6084/1235/2 4274/4017/2
f 4578/4015/2 8028/1269/2 5378/868/2
f 8029/1266/2 4388/3177/2 5540/614/2
f 6625/1267/2 5540/614/2 4740/4016/2
f 5114/4014/2 8029/1266/2 6625/1267/2
f 8030/1263/2 5113/4018/2 6620/1259/2
f 6066/10/2 6620/1259/2 4722/4019/2
f 4232/4020/2 8030/1263/2 6066/10/2
f 8031/1260/2 4984/4021/2 6328/1271/2
f 5522/3037/2 6328/1271/2 4370/3096/2
f 4722/4019/2 8031/1260/2 5522/3037/2
f 8032/1257/2 4496/3185/2 5784/602/2
f 6621/1258/2 5784/602/2 4984/4021/2
f 5113/4018/2 8032/1257/2 6621/1258/2
f 8033/1254/2 5112/4022/2 6616/1250/2
f 6333/610/2 6616/1250/2 4989/4023/2
f 4497/3179/2 8033/1254/2 6333/610/2
f 8034/1251/2 4592/4024/2 5936/2882/2
f 5789/1237/2 5936/2882/2 4384/3201/2
f 4989/4023/2 8034/1251/2 5789/1237/2
f 8035/1248/2 4288/4025/2 5392/65/2
f 6617/1249/2 5392/65/2 4592/4024/2
f 5112/4022/2 8035/1248/2 6617/1249/2
f 8036/1245/2 5111/4026/2 6612/1241/2
f 5882/292/2 6612/1241/2 4538/4027/2
f 4330/3390/2 8036/1245/2 5882/292/2
f 8037/1242/2 4736/4028/2 6080/1343/2
f 5338/2191/2 6080/1343/2 4246/3582/2
f 4538/4027/2 8037/1242/2 5338/2191/2
f 8038/1239/2 4384/3201/2 5536/578/2
f 6613/1240/2 5536/578/2 4736/4028/2
f 5111/4026/2 8038/1239/2 6613/1240/2
f 8039/1236/2 5110/4029/2 6608/1232/2
f 6026/157/2 6608/1232/2 4682/4030/2
f 4274/4017/2 8039/1236/2 6026/157/2
f 8040/1233/2 4988/4031/2 6332/1244/2
f 5482/2596/2 6332/1244/2 4330/3390/2
f 4682/4030/2 8040/1233/2 5482/2596/2
f 8041/1230/2 4497/3179/2 5788/611/2
f 6609/1231/2 5788/611/2 4988/4031/2
f 5110/4029/2 8041/1230/2 6609/1231/2
f 8042/1227/2 5109/4032/2 6604/1223/2
f 6337/619/2 6604/1223/2 4993/4033/2
f 4498/3173/2 8042/1227/2 6337/619/2
f 8043/1224/2 4552/4034/2 5896/2945/2
f 5793/1210/2 5896/2945/2 4344/3159/2
f 4993/4033/2 8043/1224/2 5793/1210/2
f 8044/1221/2 4250/3476/2 5352/44/2
f 6605/1222/2 5352/44/2 4552/4034/2
f 5109/4032/2 8044/1221/2 6605/1222/2
f 8045/1218/2 5108/4035/2 6600/1214/2
f 5941/607/2 6600/1214/2 4597/4036/2
f 4389/3180/2 8045/1218/2 5941/607/2
f 8046/1215/2 4696/4037/2 6040/1154/2
f 5397/1246/2 6040/1154/2 4288/4025/2
f 4597/4036/2 8046/1215/2 5397/1246/2
f 8047/1212/2 4344/3159/2 5496/641/2
f 6601/1213/2 5496/641/2 4696/4037/2
f 5108/4035/2 8047/1212/2 6601/1213/2
f 8048/1209/2 5107/4038/2 6596/1205/2
f 6085/52/2 6596/1205/2 4741/4039/2
f 4291/4013/2 8048/1209/2 6085/52/2
f 8049/1206/2 4992/4040/2 6336/1217/2
f 5541/2911/2 6336/1217/2 4389/3180/2
f 4741/4039/2 8049/1206/2 5541/2911/2
f 8050/1203/2 4498/3173/2 5792/620/2
f 6597/1204/2 5792/620/2 4992/4040/2
f 5107/4038/2 8050/1203/2 6597/1204/2
f 8051/1200/2 5106/4041/2 6592/1196/2
f 6341/628/2 6592/1196/2 4997/4042/2
f 4499/3167/2 8051/1200/2 6341/628/2
f 8052/1197/2 4595/4043/2 5939/2927/2
f 5797/1183/2 5939/2927/2 4387/3171/2
f 4997/4042/2 8052/1197/2 5797/1183/2
f 8053/1194/2 4290/3464/2 5395/50/2
f 6593/1195/2 5395/50/2 4595/4043/2
f 5106/4041/2 8053/1194/2 6593/1195/2
f 8054/1191/2 5105/4044/2 6588/1187/2
f 5942/598/2 6588/1187/2 4598/4045/2
f 4390/3186/2 8054/1191/2 5942/598/2
f 8055/1188/2 4739/4046/2 6083/1208/2
f 5398/1273/2 6083/1208/2 4291/4013/2
f 4598/4045/2 8055/1188/2 5398/1273/2
f 8056/1185/2 4387/3171/2 5539/623/2
f 6589/1186/2 5539/623/2 4739/4046/2
f 5105/4044/2 8056/1185/2 6589/1186/2
f 8057/1182/2 5104/4047/2 6584/1178/2
f 6086/55/2 6584/1178/2 4742/4048/2
f 4265/4049/2 8057/1182/2 6086/55/2
f 8058/1179/2 4996/4050/2 6340/1190/2
f 5542/2902/2 6340/1190/2 4390/3186/2
f 4742/4048/2 8058/1179/2 5542/2902/2
f 8059/1176/2 4499/3167/2 5796/629/2
f 6585/1177/2 5796/629/2 4996/4050/2
f 5104/4047/2 8059/1176/2 6585/1177/2
f 8060/1173/2 5103/4051/2 6580/1169/2
f 6345/637/2 6580/1169/2 5001/4052/2
f 4500/3161/2 8060/1173/2 6345/637/2
f 8061/1170/2 4599/4053/2 5943/2900/2
f 5801/1156/2 5943/2900/2 4391/3189/2
f 5001/4052/2 8061/1170/2 5801/1156/2
f 8062/1167/2 4289/3956/2 5399/59/2
f 6581/1168/2 5399/59/2 4599/4053/2
f 5103/4051/2 8062/1167/2 6581/1168/2
f 8063/1164/2 5102/4054/2 6576/1160/2
f 5946/571/2 6576/1160/2 4602/4055/2
f 4394/3204/2 8063/1164/2 5946/571/2
f 8064/1161/2 4743/4056/2 6087/1289/2
f 5402/1354/2 6087/1289/2 4292/3983/2
f 4602/4055/2 8064/1161/2 5402/1354/2
f 8065/1158/2 4391/3189/2 5543/596/2
f 6577/1159/2 5543/596/2 4743/4056/2
f 5102/4054/2 8065/1158/2 6577/1159/2
f 8066/1155/2 5101/4057/2 6572/1151/2
f 6090/64/2 6572/1151/2 4746/4058/2
f 4288/4025/2 8066/1155/2 6090/64/2
f 8067/1152/2 5000/4059/2 6344/1163/2
f 5546/2875/2 6344/1163/2 4394/3204/2
f 4746/4058/2 8067/1152/2 5546/2875/2
f 8068/1149/2 4500/3161/2 5800/638/2
f 6573/1150/2 5800/638/2 5000/4059/2
f 5101/4057/2 8068/1149/2 6573/1150/2
f 8069/1146/2 5100/4060/2 6568/1142/2
f 6349/646/2 6568/1142/2 5005/4061/2
f 4501/3155/2 8069/1146/2 6349/646/2
f 8070/1143/2 4603/4062/2 5947/2873/2
f 5805/1129/2 5947/2873/2 4395/3207/2
f 5005/4061/2 8070/1143/2 5805/1129/2
f 8071/1140/2 4258/4063/2 5403/68/2
f 6569/1141/2 5403/68/2 4603/4062/2
f 5100/4060/2 8071/1140/2 6569/1141/2
f 8072/1137/2 5099/4064/2 6564/1133/2
f 5950/544/2 6564/1133/2 4606/4065/2
f 4398/3222/2 8072/1137/2 5950/544/2
f 8073/1134/2 4747/4066/2 6091/1370/2
f 5406/1435/2 6091/1370/2 4293/3952/2
f 4606/4065/2 8073/1134/2 5406/1435/2
f 8074/1131/2 4395/3207/2 5547/569/2
f 6565/1132/2 5547/569/2 4747/4066/2
f 5099/4064/2 8074/1131/2 6565/1132/2
f 8075/1128/2 5098/4067/2 6560/1124/2
f 6094/73/2 6560/1124/2 4750/4068/2
f 4287/3472/2 8075/1128/2 6094/73/2
f 8076/1125/2 5004/4069/2 6348/1136/2
f 5550/2848/2 6348/1136/2 4398/3222/2
f 4750/4068/2 8076/1125/2 5550/2848/2
f 8077/1122/2 4501/3155/2 5804/647/2
f 6561/1123/2 5804/647/2 5004/4069/2
f 5098/4067/2 8077/1122/2 6561/1123/2
f 8078/1119/2 5097/4070/2 6556/1115/2
f 6353/655/2 6556/1115/2 5009/4071/2
f 4502/3149/2 8078/1119/2 6353/655/2
f 8079/1116/2 4607/4072/2 5951/2846/2
f 5809/1102/2 5951/2846/2 4399/3225/2
f 5009/4071/2 8079/1116/2 5809/1102/2
f 8080/1113/2 4286/3497/2 5407/77/2
f 6557/1114/2 5407/77/2 4607/4072/2
f 5097/4070/2 8080/1113/2 6557/1114/2
f 8081/1110/2 5096/4073/2 6552/1106/2
f 5954/517/2 6552/1106/2 4610/4074/2
f 4402/3240/2 8081/1110/2 5954/517/2
f 8082/1107/2 4751/4075/2 6095/1451/2
f 5410/1516/2 6095/1451/2 4294/3922/2
f 4610/4074/2 8082/1107/2 5410/1516/2
f 8083/1104/2 4399/3225/2 5551/542/2
f 6553/1105/2 5551/542/2 4751/4075/2
f 5096/4073/2 8083/1104/2 6553/1105/2
f 8084/1101/2 5095/4076/2 6548/1097/2
f 6098/82/2 6548/1097/2 4754/4077/2
f 4271/3994/2 8084/1101/2 6098/82/2
f 8085/1098/2 5008/4078/2 6352/1109/2
f 5554/2821/2 6352/1109/2 4402/3240/2
f 4754/4077/2 8085/1098/2 5554/2821/2
f 8086/1095/2 4502/3149/2 5808/656/2
f 6549/1096/2 5808/656/2 5008/4078/2
f 5095/4076/2 8086/1095/2 6549/1096/2
f 8087/1092/2 5094/4079/2 6544/1088/2
f 6357/664/2 6544/1088/2 5013/4080/2
f 4503/3143/2 8087/1092/2 6357/664/2
f 8088/1089/2 4611/4081/2 5955/2819/2
f 5813/1075/2 5955/2819/2 4403/3243/2
f 5013/4080/2 8088/1089/2 5813/1075/2
f 8089/1086/2 4285/3844/2 5411/86/2
f 6545/1087/2 5411/86/2 4611/4081/2
f 5094/4079/2 8089/1086/2 6545/1087/2
f 8090/1083/2 5093/4082/2 6540/1079/2
f 5958/490/2 6540/1079/2 4614/4083/2
f 4406/3258/2 8090/1083/2 5958/490/2
f 8091/1080/2 4755/4084/2 6099/1532/2
f 5414/1597/2 6099/1532/2 4295/3882/2
f 4614/4083/2 8091/1080/2 5414/1597/2
f 8092/1077/2 4403/3243/2 5555/515/2
f 6541/1078/2 5555/515/2 4755/4084/2
f 5093/4082/2 8092/1077/2 6541/1078/2
f 8093/1074/2 5092/4085/2 6536/1070/2
f 6102/91/2 6536/1070/2 4758/4086/2
f 4284/3933/2 8093/1074/2 6102/91/2
f 8094/1071/2 5012/4087/2 6356/1082/2
f 5558/2794/2 6356/1082/2 4406/3258/2
f 4758/4086/2 8094/1071/2 5558/2794/2
f 8095/1068/2 4503/3143/2 5812/665/2
f 6537/1069/2 5812/665/2 5012/4087/2
f 5092/4085/2 8095/1068/2 6537/1069/2
f 8096/1065/2 5091/4088/2 6532/1061/2
f 6361/673/2 6532/1061/2 5017/4089/2
f 4504/3137/2 8096/1065/2 6361/673/2
f 8097/1062/2 4615/4090/2 5959/2792/2
f 5817/1048/2 5959/2792/2 4407/3261/2
f 5017/4089/2 8097/1062/2 5817/1048/2
f 8098/1059/2 4254/4091/2 5415/95/2
f 6533/1060/2 5415/95/2 4615/4090/2
f 5091/4088/2 8098/1059/2 6533/1060/2
f 8099/1056/2 5090/4092/2 6528/1052/2
f 5962/463/2 6528/1052/2 4618/4093/2
f 4410/3276/2 8099/1056/2 5962/463/2
f 8100/1053/2 4759/4094/2 6103/1613/2
f 5418/1678/2 6103/1613/2 4296/3840/2
f 4618/4093/2 8100/1053/2 5418/1678/2
f 8101/1050/2 4407/3261/2 5559/488/2
f 6529/1051/2 5559/488/2 4759/4094/2
f 5090/4092/2 8101/1050/2 6529/1051/2
f 8102/1047/2 5089/4095/2 6524/1043/2
f 6106/100/2 6524/1043/2 4762/4096/2
f 4283/3505/2 8102/1047/2 6106/100/2
f 8103/1044/2 5016/4097/2 6360/1055/2
f 5562/2767/2 6360/1055/2 4410/3276/2
f 4762/4096/2 8103/1044/2 5562/2767/2
f 8104/1041/2 4504/3137/2 5816/674/2
f 6525/1042/2 5816/674/2 5016/4097/2
f 5089/4095/2 8104/1041/2 6525/1042/2
f 8105/1038/2 5088/4098/2 6520/1034/2
f 6365/682/2 6520/1034/2 5021/4099/2
f 4505/3131/2 8105/1038/2 6365/682/2
f 8106/1035/2 4619/4100/2 5963/2765/2
f 5821/1021/2 5963/2765/2 4411/3279/2
f 5021/4099/2 8106/1035/2 5821/1021/2
f 8107/1032/2 4282/3530/2 5419/104/2
f 6521/1033/2 5419/104/2 4619/4100/2
f 5088/4098/2 8107/1032/2 6521/1033/2
f 8108/1029/2 5087/4101/2 6516/1025/2
f 5966/436/2 6516/1025/2 4622/4102/2
f 4414/3294/2 8108/1029/2 5966/436/2
f 8109/1026/2 4763/4103/2 6107/1694/2
f 5422/1759/2 6107/1694/2 4297/3800/2
f 4622/4102/2 8109/1026/2 5422/1759/2
f 8110/1023/2 4411/3279/2 5563/461/2
f 6517/1024/2 5563/461/2 4763/4103/2
f 5087/4101/2 8110/1023/2 6517/1024/2
f 8111/1020/2 5086/4104/2 6512/1016/2
f 6110/109/2 6512/1016/2 4766/4105/2
f 4272/3640/2 8111/1020/2 6110/109/2
f 8112/1017/2 5020/4106/2 6364/1028/2
f 5566/2740/2 6364/1028/2 4414/3294/2
f 4766/4105/2 8112/1017/2 5566/2740/2
f 8113/1014/2 4505/3131/2 5820/683/2
f 6513/1015/2 5820/683/2 5020/4106/2
f 5086/4104/2 8113/1014/2 6513/1015/2
f 8114/1011/2 5085/4107/2 6508/1007/2
f 6369/691/2 6508/1007/2 5025/4108/2
f 4506/3125/2 8114/1011/2 6369/691/2
f 8115/1008/2 4623/4109/2 5967/2738/2
f 5825/994/2 5967/2738/2 4415/3297/2
f 5025/4108/2 8115/1008/2 5825/994/2
f 8116/1005/2 4281/3710/2 5423/113/2
f 6509/1006/2 5423/113/2 4623/4109/2
f 5085/4107/2 8116/1005/2 6509/1006/2
f 8117/1002/2 5084/4110/2 6504/998/2
f 5970/409/2 6504/998/2 4626/4111/2
f 4418/3312/2 8117/1002/2 5970/409/2
f 8118/999/2 4767/4112/2 6111/1775/2
f 5426/1840/2 6111/1775/2 4298/3748/2
f 4626/4111/2 8118/999/2 5426/1840/2
f 8119/996/2 4415/3297/2 5567/434/2
f 6505/997/2 5567/434/2 4767/4112/2
f 5084/4110/2 8119/996/2 6505/997/2
f 8120/993/2 5083/4113/2 6500/989/2
f 6114/118/2 6500/989/2 4770/4114/2
f 4280/3816/2 8120/993/2 6114/118/2
f 8121/990/2 5024/4115/2 6368/1001/2
f 5570/2713/2 6368/1001/2 4418/3312/2
f 4770/4114/2 8121/990/2 5570/2713/2
f 8122/987/2 4506/3125/2 5824/692/2
f 6501/988/2 5824/692/2 5024/4115/2
f 5083/4113/2 8122/987/2 6501/988/2
f 8123/984/2 5082/4116/2 6496/980/2
f 6373/700/2 6496/980/2 5029/4117/2
f 4507/3119/2 8123/984/2 6373/700/2
f 8124/981/2 4627/4118/2 5971/2711/2
f 5829/967/2 5971/2711/2 4419/3315/2
f 5029/4117/2 8124/981/2 5829/967/2
f 8125/978/2 4261/3886/2 5427/122/2
f 6497/979/2 5427/122/2 4627/4118/2
f 5082/4116/2 8125/978/2 6497/979/2
f 8126/975/2 5081/4119/2 6492/971/2
f 5974/382/2 6492/971/2 4630/4120/2
f 4422/3330/2 8126/975/2 5974/382/2
f 8127/972/2 4771/4121/2 6115/1856/2
f 5430/1921/2 6115/1856/2 4299/3706/2
f 4630/4120/2 8127/972/2 5430/1921/2
f 8128/969/2 4419/3315/2 5571/407/2
f 6493/970/2 5571/407/2 4771/4121/2
f 5081/4119/2 8128/969/2 6493/970/2
f 8129/966/2 5080/4122/2 6488/962/2
f 6118/127/2 6488/962/2 4774/4123/2
f 4279/3538/2 8129/966/2 6118/127/2
f 8130/963/2 5028/4124/2 6372/974/2
f 5574/2686/2 6372/974/2 4422/3330/2
f 4774/4123/2 8130/963/2 5574/2686/2
f 8131/960/2 4507/3119/2 5828/701/2
f 6489/961/2 5828/701/2 5028/4124/2
f 5080/4122/2 8131/960/2 6489/961/2
f 8132/957/2 5079/4125/2 6484/953/2
f 6377/709/2 6484/953/2 5033/4126/2
f 4508/3113/2 8132/957/2 6377/709/2
f 8133/954/2 4631/4127/2 5975/2684/2
f 5833/940/2 5975/2684/2 4423/3333/2
f 5033/4126/2 8133/954/2 5833/940/2
f 8134/951/2 4278/3563/2 5431/131/2
f 6485/952/2 5431/131/2 4631/4127/2
f 5079/4125/2 8134/951/2 6485/952/2
f 8135/948/2 5078/4128/2 6480/944/2
f 5978/355/2 6480/944/2 4634/4129/2
f 4426/3348/2 8135/948/2 5978/355/2
f 8136/945/2 4775/4130/2 6119/1937/2
f 5434/2002/2 6119/1937/2 4300/3665/2
f 4634/4129/2 8136/945/2 5434/2002/2
f 8137/942/2 4423/3333/2 5575/380/2
f 6481/943/2 5575/380/2 4775/4130/2
f 5078/4128/2 8137/942/2 6481/943/2
f 8138/939/2 5077/4131/2 6476/935/2
f 6122/136/2 6476/935/2 4778/4132/2
f 4269/4133/2 8138/939/2 6122/136/2
f 8139/936/2 5032/4134/2 6376/947/2
f 5578/2659/2 6376/947/2 4426/3348/2
f 4778/4132/2 8139/936/2 5578/2659/2
f 8140/933/2 4508/3113/2 5832/710/2
f 6477/934/2 5832/710/2 5032/4134/2
f 5077/4131/2 8140/933/2 6477/934/2
f 8141/930/2 5076/4135/2 6472/926/2
f 6381/718/2 6472/926/2 5037/4136/2
f 4509/3107/2 8141/930/2 6381/718/2
f 8142/927/2 4635/4137/2 5979/2657/2
f 5837/913/2 5979/2657/2 4427/3351/2
f 5037/4136/2 8142/927/2 5837/913/2
f 8143/924/2 4277/3596/2 5435/140/2
f 6473/925/2 5435/140/2 4635/4137/2
f 5076/4135/2 8143/924/2 6473/925/2
f 8144/921/2 5075/4138/2 6468/917/2
f 5982/328/2 6468/917/2 4638/4139/2
f 4430/3366/2 8144/921/2 5982/328/2
f 8145/918/2 4779/4140/2 6123/2018/2
f 5438/2083/2 6123/2018/2 4301/3623/2
f 4638/4139/2 8145/918/2 5438/2083/2
f 8146/915/2 4427/3351/2 5579/353/2
f 6469/916/2 5579/353/2 4779/4140/2
f 5075/4138/2 8146/915/2 6469/916/2
f 8147/912/2 5074/4141/2 6464/908/2
f 6126/145/2 6464/908/2 4782/4142/2
f 4276/3682/2 8147/912/2 6126/145/2
f 8148/909/2 5036/4143/2 6380/920/2
f 5582/2632/2 6380/920/2 4430/3366/2
f 4782/4142/2 8148/909/2 5582/2632/2
f 8149/906/2 4509/3107/2 5836/719/2
f 6465/907/2 5836/719/2 5036/4143/2
f 5074/4141/2 8149/906/2 6465/907/2
f 8150/903/2 5073/4144/2 6460/899/2
f 6385/727/2 6460/899/2 5041/4145/2
f 4510/3101/2 8150/903/2 6385/727/2
f 8151/900/2 4639/4146/2 5983/2630/2
f 5841/886/2 5983/2630/2 4431/3369/2
f 5041/4145/2 8151/900/2 5841/886/2
f 8152/897/2 4262/3987/2 5439/149/2
f 6461/898/2 5439/149/2 4639/4146/2
f 5073/4144/2 8152/897/2 6461/898/2
f 8153/894/2 5072/4147/2 6456/890/2
f 5986/301/2 6456/890/2 4642/4148/2
f 4434/3384/2 8153/894/2 5986/301/2
f 8154/891/2 4783/4149/2 6127/2099/2
f 5442/2164/2 6127/2099/2 4302/3592/2
f 4642/4148/2 8154/891/2 5442/2164/2
f 8155/888/2 4431/3369/2 5583/326/2
f 6457/889/2 5583/326/2 4783/4149/2
f 5072/4147/2 8155/888/2 6457/889/2
f 8156/885/2 5071/4150/2 6452/881/2
f 6130/154/2 6452/881/2 4786/4151/2
f 4275/3571/2 8156/885/2 6130/154/2
f 8157/882/2 5040/4152/2 6384/893/2
f 5586/2605/2 6384/893/2 4434/3384/2
f 4786/4151/2 8157/882/2 5586/2605/2
f 8158/879/2 4510/3101/2 5840/728/2
f 6453/880/2 5840/728/2 5040/4152/2
f 5071/4150/2 8158/879/2 6453/880/2
f 8159/876/2 5070/4153/2 6448/872/2
f 6389/736/2 6448/872/2 5045/4154/2
f 4511/3095/2 8159/876/2 6389/736/2
f 8160/873/2 4643/4155/2 5987/2603/2
f 5845/859/2 5987/2603/2 4435/3387/2
f 5045/4154/2 8160/873/2 5845/859/2
f 8161/870/2 4274/4017/2 5443/158/2
f 6449/871/2 5443/158/2 4643/4155/2
f 5070/4153/2 8161/870/2 6449/871/2
f 8162/867/2 5069/4156/2 6444/863/2
f 5990/274/2 6444/863/2 4646/4157/2
f 4438/3402/2 8162/867/2 5990/274/2
f 8163/864/2 4787/4158/2 6131/2180/2
f 5446/2245/2 6131/2180/2 4303/3559/2
f 4646/4157/2 8163/864/2 5446/2245/2
f 8164/861/2 4435/3387/2 5587/299/2
f 6445/862/2 5587/299/2 4787/4158/2
f 5069/4156/2 8164/861/2 6445/862/2
f 8165/858/2 5068/4159/2 6440/854/2
f 6134/163/2 6440/854/2 4790/4160/2
f 4257/4161/2 8165/858/2 6134/163/2
f 8166/855/2 5044/4162/2 6388/866/2
f 5590/2578/2 6388/866/2 4438/3402/2
f 4790/4160/2 8166/855/2 5590/2578/2
f 8167/852/2 4511/3095/2 5844/737/2
f 6441/853/2 5844/737/2 5044/4162/2
f 5068/4159/2 8167/852/2 6441/853/2
f 8168/849/2 5067/4163/2 6436/845/2
f 6393/745/2 6436/845/2 5049/4164/2
f 4512/3089/2 8168/849/2 6393/745/2
f 8169/846/2 4647/4165/2 5991/2576/2
f 5849/832/2 5991/2576/2 4439/3405/2
f 5049/4164/2 8169/846/2 5849/832/2
f 8170/843/2 4273/3926/2 5447/167/2
f 6437/844/2 5447/167/2 4647/4165/2
f 5067/4163/2 8170/843/2 6437/844/2
f 8171/840/2 5066/4166/2 6432/836/2
f 5994/247/2 6432/836/2 4650/4167/2
f 4442/3420/2 8171/840/2 5994/247/2
f 8172/837/2 4791/4168/2 6135/2261/2
f 5450/2326/2 6135/2261/2 4304/3526/2
f 4650/4167/2 8172/837/2 5450/2326/2
f 8173/834/2 4439/3405/2 5591/272/2
f 6433/835/2 5591/272/2 4791/4168/2
f 5066/4166/2 8173/834/2 6433/835/2
f 8174/831/2 5065/4169/2 6428/827/2
f 6138/172/2 6428/827/2 4794/4170/2
f 4260/3603/2 8174/831/2 6138/172/2
f 8175/828/2 5048/4171/2 6392/839/2
f 5594/2551/2 6392/839/2 4442/3420/2
f 4794/4170/2 8175/828/2 5594/2551/2
f 8176/825/2 4512/3089/2 5848/746/2
f 6429/826/2 5848/746/2 5048/4171/2
f 5065/4169/2 8176/825/2 6429/826/2
f 8177/822/2 5064/4172/2 6424/818/2
f 6397/754/2 6424/818/2 5053/4173/2
f 4513/3083/2 8177/822/2 6397/754/2
f 8178/819/2 4651/4174/2 5995/2549/2
f 5853/805/2 5995/2549/2 4443/3423/2
f 5053/4173/2 8178/819/2 5853/805/2
f 8179/816/2 4266/4175/2 5451/176/2
f 6425/817/2 5451/176/2 4651/4174/2
f 5064/4172/2 8179/816/2 6425/817/2
f 8180/813/2 5063/4176/2 6420/809/2
f 5998/220/2 6420/809/2 4654/4177/2
f 4446/3438/2 8180/813/2 5998/220/2
f 8181/810/2 4795/4178/2 6139/2342/2
f 5454/2407/2 6139/2342/2 4305/3493/2
f 4654/4177/2 8181/810/2 5454/2407/2
f 8182/807/2 4443/3423/2 5595/245/2
f 6421/808/2 5595/245/2 4795/4178/2
f 5063/4176/2 8182/807/2 6421/808/2
f 8183/804/2 5062/4179/2 6416/800/2
f 6142/181/2 6416/800/2 4798/4180/2
f 4259/3963/2 8183/804/2 6142/181/2
f 8184/801/2 5052/4181/2 6396/812/2
f 5598/2524/2 6396/812/2 4446/3438/2
f 4798/4180/2 8184/801/2 5598/2524/2
f 8185/798/2 4513/3083/2 5852/755/2
f 6417/799/2 5852/755/2 5052/4181/2
f 5062/4179/2 8185/798/2 6417/799/2
f 8186/795/2 5061/4182/2 6412/791/2
f 6401/763/2 6412/791/2 5057/4183/2
f 4514/3077/2 8186/795/2 6401/763/2
f 8187/792/2 4655/4184/2 5999/2522/2
f 5857/778/2 5999/2522/2 4447/3441/2
f 5057/4183/2 8187/792/2 5857/778/2
f 8188/789/2 4270/4185/2 5455/185/2
f 6413/790/2 5455/185/2 4655/4184/2
f 5061/4182/2 8188/789/2 6413/790/2
f 8189/786/2 5060/4186/2 6408/782/2
f 6002/193/2 6408/782/2 4658/4187/2
f 4450/3456/2 8189/786/2 6002/193/2
f 8190/783/2 4799/4188/2 6143/2423/2
f 5458/2488/2 6143/2423/2 4306/3460/2
f 4658/4187/2 8190/783/2 5458/2488/2
f 8191/780/2 4447/3441/2 5599/218/2
f 6409/781/2 5599/218/2 4799/4188/2
f 5060/4186/2 8191/780/2 6409/781/2
f 8192/777/2 5059/4189/2 6404/773/2
f 6146/190/2 6404/773/2 4802/4190/2
f 4253/4191/2 8192/777/2 6146/190/2
f 8193/774/2 5056/4192/2 6400/785/2
f 5602/2497/2 6400/785/2 4450/3456/2
f 4802/4190/2 8193/774/2 5602/2497/2
f 8194/771/2 4514/3077/2 5856/764/2
f 6405/772/2 5856/764/2 5056/4192/2
f 5059/4189/2 8194/771/2 6405/772/2
f 8195/768/2 5058/3074/2 6403/770/2
f 6406/775/2 6403/770/2 5059/4189/2
f 4661/4193/2 8195/768/2 6406/775/2
f 8196/765/2 5057/4183/2 6407/779/2
f 6410/784/2 6407/779/2 5060/4186/2
f 5056/4192/2 8196/765/2 6410/784/2
f 8197/762/2 4574/4194/2 6411/788/2
f 6414/793/2 6411/788/2 5061/4182/2
f 5055/3076/2 8197/762/2 6414/793/2
f 8198/759/2 5054/3080/2 6415/797/2
f 6418/802/2 6415/797/2 5062/4179/2
f 4667/3976/2 8198/759/2 6418/802/2
f 8199/756/2 5053/4173/2 6419/806/2
f 6422/811/2 6419/806/2 5063/4176/2
f 5052/4181/2 8199/756/2 6422/811/2
f 8200/753/2 4570/4195/2 6423/815/2
f 6426/820/2 6423/815/2 5064/4172/2
f 5051/3082/2 8200/753/2 6426/820/2
f 8201/750/2 5050/3086/2 6427/824/2
f 6430/829/2 6427/824/2 5065/4169/2
f 4668/3616/2 8201/750/2 6430/829/2
f 8202/747/2 5049/4164/2 6431/833/2
f 6434/838/2 6431/833/2 5066/4166/2
f 5048/4171/2 8202/747/2 6434/838/2
f 8203/744/2 4577/3924/2 6435/842/2
f 6438/847/2 6435/842/2 5067/4163/2
f 5047/3088/2 8203/744/2 6438/847/2
f 8204/741/2 5046/3092/2 6439/851/2
f 6442/856/2 6439/851/2 5068/4159/2
f 4665/4196/2 8204/741/2 6442/856/2
f 8205/738/2 5045/4154/2 6443/860/2
f 6446/865/2 6443/860/2 5069/4156/2
f 5044/4162/2 8205/738/2 6446/865/2
f 8206/735/2 4578/4015/2 6447/869/2
f 6450/874/2 6447/869/2 5070/4153/2
f 5043/3094/2 8206/735/2 6450/874/2
f 8207/732/2 5042/3098/2 6451/878/2
f 6454/883/2 6451/878/2 5071/4150/2
f 4683/3585/2 8207/732/2 6454/883/2
f 8208/729/2 5041/4145/2 6455/887/2
f 6458/892/2 6455/887/2 5072/4147/2
f 5040/4152/2 8208/729/2 6458/892/2
f 8209/726/2 4566/3985/2 6459/896/2
f 6462/901/2 6459/896/2 5073/4144/2
f 5039/3100/2 8209/726/2 6462/901/2
f 8210/723/2 5038/3104/2 6463/905/2
f 6466/910/2 6463/905/2 5074/4141/2
f 4684/3699/2 8210/723/2 6466/910/2
f 8211/720/2 5037/4136/2 6467/914/2
f 6470/919/2 6467/914/2 5075/4138/2
f 5036/4143/2 8211/720/2 6470/919/2
f 8212/717/2 4581/3594/2 6471/923/2
f 6474/928/2 6471/923/2 5076/4135/2
f 5035/3106/2 8212/717/2 6474/928/2
f 8213/714/2 5034/3110/2 6475/932/2
f 6478/937/2 6475/932/2 5077/4131/2
f 4677/4197/2 8213/714/2 6478/937/2
f 8214/711/2 5033/4126/2 6479/941/2
f 6482/946/2 6479/941/2 5078/4128/2
f 5032/4134/2 8214/711/2 6482/946/2
f 8215/708/2 4582/3561/2 6483/950/2
f 6486/955/2 6483/950/2 5079/4125/2
f 5031/3112/2 8215/708/2 6486/955/2
f 8216/705/2 5030/3116/2 6487/959/2
f 6490/964/2 6487/959/2 5080/4122/2
f 4687/3552/2 8216/705/2 6490/964/2
f 8217/702/2 5029/4117/2 6491/968/2
f 6494/973/2 6491/968/2 5081/4119/2
f 5028/4124/2 8217/702/2 6494/973/2
f 8218/699/2 4565/3884/2 6495/977/2
f 6498/982/2 6495/977/2 5082/4116/2
f 5027/3118/2 8218/699/2 6498/982/2
f 8219/696/2 5026/3122/2 6499/986/2
f 6502/991/2 6499/986/2 5083/4113/2
f 4688/3833/2 8219/696/2 6502/991/2
f 8220/693/2 5025/4108/2 6503/995/2
f 6506/1000/2 6503/995/2 5084/4110/2
f 5024/4115/2 8220/693/2 6506/1000/2
f 8221/690/2 4585/3708/2 6507/1004/2
f 6510/1009/2 6507/1004/2 5085/4107/2
f 5023/3124/2 8221/690/2 6510/1009/2
f 8222/687/2 5022/3128/2 6511/1013/2
f 6514/1018/2 6511/1013/2 5086/4104/2
f 4680/3658/2 8222/687/2 6514/1018/2
f 8223/684/2 5021/4099/2 6515/1022/2
f 6518/1027/2 6515/1022/2 5087/4101/2
f 5020/4106/2 8223/684/2 6518/1027/2
f 8224/681/2 4586/3528/2 6519/1031/2
f 6522/1036/2 6519/1031/2 5088/4098/2
f 5019/3130/2 8224/681/2 6522/1036/2
f 8225/678/2 5018/3134/2 6523/1040/2
f 6526/1045/2 6523/1040/2 5089/4095/2
f 4691/3519/2 8225/678/2 6526/1045/2
f 8226/675/2 5017/4089/2 6527/1049/2
f 6530/1054/2 6527/1049/2 5090/4092/2
f 5016/4097/2 8226/675/2 6530/1054/2
f 8227/672/2 4558/4198/2 6531/1058/2
f 6534/1063/2 6531/1058/2 5091/4088/2
f 5015/3136/2 8227/672/2 6534/1063/2
f 8228/669/2 5014/3140/2 6535/1067/2
f 6538/1072/2 6535/1067/2 5092/4085/2
f 4692/3945/2 8228/669/2 6538/1072/2
f 8229/666/2 5013/4080/2 6539/1076/2
f 6542/1081/2 6539/1076/2 5093/4082/2
f 5012/4087/2 8229/666/2 6542/1081/2
f 8230/663/2 4589/3842/2 6543/1085/2
f 6546/1090/2 6543/1085/2 5094/4079/2
f 5011/3142/2 8230/663/2 6546/1090/2
f 8231/660/2 5010/3146/2 6547/1094/2
f 6550/1099/2 6547/1094/2 5095/4076/2
f 4679/4006/2 8231/660/2 6550/1099/2
f 8232/657/2 5009/4071/2 6551/1103/2
f 6554/1108/2 6551/1103/2 5096/4073/2
f 5008/4078/2 8232/657/2 6554/1108/2
f 8233/654/2 4590/3495/2 6555/1112/2
f 6558/1117/2 6555/1112/2 5097/4070/2
f 5007/3148/2 8233/654/2 6558/1117/2
f 8234/651/2 5006/3152/2 6559/1121/2
f 6562/1126/2 6559/1121/2 5098/4067/2
f 4695/3486/2 8234/651/2 6562/1126/2
f 8235/648/2 5005/4061/2 6563/1130/2
f 6566/1135/2 6563/1130/2 5099/4064/2
f 5004/4069/2 8235/648/2 6566/1135/2
f 8236/645/2 4562/4199/2 6567/1139/2
f 6570/1144/2 6567/1139/2 5100/4060/2
f 5003/3154/2 8236/645/2 6570/1144/2
f 8237/642/2 5002/3158/2 6571/1148/2
f 6574/1153/2 6571/1148/2 5101/4057/2
f 4696/4037/2 8237/642/2 6574/1153/2
f 8238/639/2 5001/4052/2 6575/1157/2
f 6578/1162/2 6575/1157/2 5102/4054/2
f 5000/4059/2 8238/639/2 6578/1162/2
f 8239/636/2 4593/3954/2 6579/1166/2
f 6582/1171/2 6579/1166/2 5103/4051/2
f 4999/3160/2 8239/636/2 6582/1171/2
f 8240/633/2 4998/3164/2 6583/1175/2
f 6586/1180/2 6583/1175/2 5104/4047/2
f 4673/4200/2 8240/633/2 6586/1180/2
f 8241/630/2 4997/4042/2 6587/1184/2
f 6590/1189/2 6587/1184/2 5105/4044/2
f 4996/4050/2 8241/630/2 6590/1189/2
f 8242/627/2 4594/3462/2 6591/1193/2
f 6594/1198/2 6591/1193/2 5106/4041/2
f 4995/3166/2 8242/627/2 6594/1198/2
f 8243/624/2 4994/3170/2 6595/1202/2
f 6598/1207/2 6595/1202/2 5107/4038/2
f 4739/4046/2 8243/624/2 6598/1207/2
f 8244/621/2 4993/4033/2 6599/1211/2
f 6602/1216/2 6599/1211/2 5108/4035/2
f 4992/4040/2 8244/621/2 6602/1216/2
f 8245/618/2 4554/3474/2 6603/1220/2
f 6606/1225/2 6603/1220/2 5109/4032/2
f 4991/3172/2 8245/618/2 6606/1225/2
f 8246/615/2 4990/3176/2 6607/1229/2
f 6610/1234/2 6607/1229/2 5110/4029/2
f 4740/4016/2 8246/615/2 6610/1234/2
f 8247/612/2 4989/4023/2 6611/1238/2
f 6614/1243/2 6611/1238/2 5111/4026/2
f 4988/4031/2 8247/612/2 6614/1243/2
f 8248/609/2 4597/4036/2 6615/1247/2
f 6618/1252/2 6615/1247/2 5112/4022/2
f 4987/3178/2 8248/609/2 6618/1252/2
f 8249/606/2 4986/3182/2 6619/1256/2
f 6622/1261/2 6619/1256/2 5113/4018/2
f 4713/4201/2 8249/606/2 6622/1261/2
f 8250/603/2 4985/4011/2 6623/1265/2
f 6626/1270/2 6623/1265/2 5114/4014/2
f 4984/4021/2 8250/603/2 6626/1270/2
f 8251/600/2 4598/4045/2 6627/1274/2
f 6630/1279/2 6627/1274/2 5115/4010/2
f 4983/3184/2 8251/600/2 6630/1279/2
f 8252/597/2 4982/3188/2 6631/1283/2
f 6634/1288/2 6631/1283/2 5116/4007/2
f 4743/4056/2 8252/597/2 6634/1288/2
f 8253/594/2 4981/4002/2 6635/1292/2
f 6638/1297/2 6635/1292/2 5117/4004/2
f 4980/4009/2 8253/594/2 6638/1297/2
f 8254/591/2 4553/3965/2 6639/1301/2
f 6642/1306/2 6639/1301/2 5118/4001/2
f 4979/3190/2 8254/591/2 6642/1306/2
f 8255/588/2 4978/3194/2 6643/1310/2
f 6646/1315/2 6643/1310/2 5119/3998/2
f 4744/3986/2 8255/588/2 6646/1315/2
f 8256/585/2 4977/3992/2 6647/1319/2
f 6650/1324/2 6647/1319/2 5120/3995/2
f 4976/4000/2 8256/585/2 6650/1324/2
f 8257/582/2 4601/4005/2 6651/1328/2
f 6654/1333/2 6651/1328/2 5121/3991/2
f 4975/3196/2 8257/582/2 6654/1333/2
f 8258/579/2 4974/3200/2 6655/1337/2
f 6658/1342/2 6655/1337/2 5122/3988/2
f 4736/4028/2 8258/579/2 6658/1342/2
f 8259/576/2 4973/3981/2 6659/1346/2
f 6662/1351/2 6659/1346/2 5123/3984/2
f 4972/3990/2 8259/576/2 6662/1351/2
f 8260/573/2 4602/4055/2 6663/1355/2
f 6666/1360/2 6663/1355/2 5124/3980/2
f 4971/3202/2 8260/573/2 6666/1360/2
f 8261/570/2 4970/3206/2 6667/1364/2
f 6670/1369/2 6667/1364/2 5125/3977/2
f 4747/4066/2 8261/570/2 6670/1369/2
f 8262/567/2 4969/3971/2 6671/1373/2
f 6674/1378/2 6671/1373/2 5126/3974/2
f 4968/3979/2 8262/567/2 6674/1378/2
f 8263/564/2 4522/4202/2 6675/1382/2
f 6678/1387/2 6675/1382/2 5127/3970/2
f 4967/3208/2 8263/564/2 6678/1387/2
f 8264/561/2 4966/3212/2 6679/1391/2
f 6682/1396/2 6679/1391/2 5128/3967/2
f 4748/3955/2 8264/561/2 6682/1396/2
f 8265/558/2 4965/3961/2 6683/1400/2
f 6686/1405/2 6683/1400/2 5129/3964/2
f 4964/3969/2 8265/558/2 6686/1405/2
f 8266/555/2 4605/3975/2 6687/1409/2
f 6690/1414/2 6687/1409/2 5130/3960/2
f 4963/3214/2 8266/555/2 6690/1414/2
f 8267/552/2 4962/3218/2 6691/1418/2
f 6694/1423/2 6691/1418/2 5131/3957/2
f 4735/3475/2 8267/552/2 6694/1423/2
f 8268/549/2 4961/3950/2 6695/1427/2
f 6698/1432/2 6695/1427/2 5132/3953/2
f 4960/3959/2 8268/549/2 6698/1432/2
f 8269/546/2 4606/4065/2 6699/1436/2
f 6702/1441/2 6699/1436/2 5133/3949/2
f 4959/3220/2 8269/546/2 6702/1441/2
f 8270/543/2 4958/3224/2 6703/1445/2
f 6706/1450/2 6703/1445/2 5134/3946/2
f 4751/4075/2 8270/543/2 6706/1450/2
f 8271/540/2 4957/3941/2 6707/1454/2
f 6710/1459/2 6707/1454/2 5135/3943/2
f 4956/3948/2 8271/540/2 6710/1459/2
f 8272/537/2 4550/3507/2 6711/1463/2
f 6714/1468/2 6711/1463/2 5136/3940/2
f 4955/3226/2 8272/537/2 6714/1468/2
f 8273/534/2 4954/3230/2 6715/1472/2
f 6718/1477/2 6715/1472/2 5137/3937/2
f 4752/3925/2 8273/534/2 6718/1477/2
f 8274/531/2 4953/3931/2 6719/1481/2
f 6722/1486/2 6719/1481/2 5138/3934/2
f 4952/3939/2 8274/531/2 6722/1486/2
f 8275/528/2 4609/3944/2 6723/1490/2
f 6726/1495/2 6723/1490/2 5139/3930/2
f 4951/3232/2 8275/528/2 6726/1495/2
f 8276/525/2 4950/3236/2 6727/1499/2
f 6730/1504/2 6727/1499/2 5140/3927/2
f 4719/3997/2 8276/525/2 6730/1504/2
f 8277/522/2 4949/3920/2 6731/1508/2
f 6734/1513/2 6731/1508/2 5141/3923/2
f 4948/3929/2 8277/522/2 6734/1513/2
f 8278/519/2 4610/4074/2 6735/1517/2
f 6738/1522/2 6735/1517/2 5142/3919/2
f 4947/3238/2 8278/519/2 6738/1522/2
f 8279/516/2 4946/3242/2 6739/1526/2
f 6742/1531/2 6739/1526/2 5143/3916/2
f 4755/4084/2 8279/516/2 6742/1531/2
f 8280/513/2 4945/3906/2 6743/1535/2
f 6746/1540/2 6743/1535/2 5144/3911/2
f 4944/3918/2 8280/513/2 6746/1540/2
f 8281/510/2 4549/3856/2 6747/1544/2
f 6750/1549/2 6747/1544/2 5145/3905/2
f 4943/3244/2 8281/510/2 6750/1549/2
f 8282/507/2 4942/3248/2 6751/1553/2
f 6754/1558/2 6751/1553/2 5146/3902/2
f 4756/3885/2 8282/507/2 6754/1558/2
f 8283/504/2 4941/3891/2 6755/1562/2
f 6758/1567/2 6755/1562/2 5147/3897/2
f 4940/3904/2 8283/504/2 6758/1567/2
f 8284/501/2 4613/3912/2 6759/1571/2
f 6762/1576/2 6759/1571/2 5148/3890/2
f 4939/3250/2 8284/501/2 6762/1576/2
f 8285/498/2 4938/3254/2 6763/1580/2
f 6766/1585/2 6763/1580/2 5149/3887/2
f 4732/3936/2 8285/498/2 6766/1585/2
f 8286/495/2 4937/3880/2 6767/1589/2
f 6770/1594/2 6767/1589/2 5150/3883/2
f 4936/3889/2 8286/495/2 6770/1594/2
f 8287/492/2 4614/4083/2 6771/1598/2
f 6774/1603/2 6771/1598/2 5151/3879/2
f 4935/3256/2 8287/492/2 6774/1603/2
f 8288/489/2 4934/3260/2 6775/1607/2
f 6778/1612/2 6775/1607/2 5152/3876/2
f 4759/4094/2 8288/489/2 6778/1612/2
f 8289/486/2 4933/3865/2 6779/1616/2
f 6782/1621/2 6779/1616/2 5153/3871/2
f 4932/3878/2 8289/486/2 6782/1621/2
f 8290/483/2 4518/4203/2 6783/1625/2
f 6786/1630/2 6783/1625/2 5154/3864/2
f 4931/3262/2 8290/483/2 6786/1630/2
f 8291/480/2 4930/3266/2 6787/1634/2
f 6790/1639/2 6787/1634/2 5155/3861/2
f 4760/3843/2 8291/480/2 6790/1639/2
f 8292/477/2 4929/3849/2 6791/1643/2
f 6794/1648/2 6791/1643/2 5156/3855/2
f 4928/3863/2 8292/477/2 6794/1648/2
f 8293/474/2 4617/3872/2 6795/1652/2
f 6798/1657/2 6795/1652/2 5157/3848/2
f 4927/3268/2 8293/474/2 6798/1657/2
f 8294/471/2 4926/3272/2 6799/1661/2
f 6802/1666/2 6799/1661/2 5158/3845/2
f 4731/3508/2 8294/471/2 6802/1666/2
f 8295/468/2 4925/3838/2 6803/1670/2
f 6806/1675/2 6803/1670/2 5159/3841/2
f 4924/3847/2 8295/468/2 6806/1675/2
f 8296/465/2 4618/4093/2 6807/1679/2
f 6810/1684/2 6807/1679/2 5160/3837/2
f 4923/3274/2 8296/465/2 6810/1684/2
f 8297/462/2 4922/3278/2 6811/1688/2
f 6814/1693/2 6811/1688/2 5161/3834/2
f 4763/4103/2 8297/462/2 6814/1693/2
f 8298/459/2 4921/3829/2 6815/1697/2
f 6818/1702/2 6815/1697/2 5162/3831/2
f 4920/3836/2 8298/459/2 6818/1702/2
f 8299/456/2 4546/3540/2 6819/1706/2
f 6822/1711/2 6819/1706/2 5163/3828/2
f 4919/3280/2 8299/456/2 6822/1711/2
f 8300/453/2 4918/3284/2 6823/1715/2
f 6826/1720/2 6823/1715/2 5164/3823/2
f 4764/3805/2 8300/453/2 6826/1720/2
f 8301/450/2 4917/3814/2 6827/1724/2
f 6830/1729/2 6827/1724/2 5165/3817/2
f 4916/3826/2 8301/450/2 6830/1729/2
f 8302/447/2 4621/3832/2 6831/1733/2
f 6834/1738/2 6831/1733/2 5166/3813/2
f 4915/3286/2 8302/447/2 6834/1738/2
f 8303/444/2 4914/3290/2 6835/1742/2
f 6838/1747/2 6835/1742/2 5167/3808/2
f 4720/3645/2 8303/444/2 6838/1747/2
f 8304/441/2 4913/3798/2 6839/1751/2
f 6842/1756/2 6839/1751/2 5168/3801/2
f 4912/3811/2 8304/441/2 6842/1756/2
f 8305/438/2 4622/4102/2 6843/1760/2
f 6846/1765/2 6843/1760/2 5169/3797/2
f 4911/3292/2 8305/438/2 6846/1765/2
f 8306/435/2 4910/3296/2 6847/1769/2
f 6850/1774/2 6847/1769/2 5170/3794/2
f 4767/4112/2 8306/435/2 6850/1774/2
f 8307/432/2 4909/3784/2 6851/1778/2
f 6854/1783/2 6851/1778/2 5171/3789/2
f 4908/3796/2 8307/432/2 6854/1783/2
f 8308/429/2 4545/3722/2 6855/1787/2
f 6858/1792/2 6855/1787/2 5172/3783/2
f 4907/3298/2 8308/429/2 6858/1792/2
f 8309/426/2 4906/3302/2 6859/1796/2
f 6862/1801/2 6859/1796/2 5173/3778/2
f 4768/3753/2 8309/426/2 6862/1801/2
f 8310/423/2 4905/3763/2 6863/1805/2
f 6866/1810/2 6863/1805/2 5174/3769/2
f 4904/3781/2 8310/423/2 6866/1810/2
f 8311/420/2 4625/3790/2 6867/1814/2
f 6870/1819/2 6867/1814/2 5175/3762/2
f 4903/3304/2 8311/420/2 6870/1819/2
f 8312/417/2 4902/3308/2 6871/1823/2
f 6874/1828/2 6871/1823/2 5176/3756/2
f 4728/3821/2 8312/417/2 6874/1828/2
f 8313/414/2 4901/3746/2 6875/1832/2
f 6878/1837/2 6875/1832/2 5177/3749/2
f 4900/3760/2 8313/414/2 6878/1837/2
f 8314/411/2 4626/4111/2 6879/1841/2
f 6882/1846/2 6879/1841/2 5178/3745/2
f 4899/3310/2 8314/411/2 6882/1846/2
f 8315/408/2 4898/3314/2 6883/1850/2
f 6886/1855/2 6883/1850/2 5179/3742/2
f 4771/4121/2 8315/408/2 6886/1855/2
f 8316/405/2 4897/3731/2 6887/1859/2
f 6890/1864/2 6887/1859/2 5180/3737/2
f 4896/3744/2 8316/405/2 6890/1864/2
f 8317/402/2 4525/3898/2 6891/1868/2
f 6894/1873/2 6891/1868/2 5181/3730/2
f 4895/3316/2 8317/402/2 6894/1873/2
f 8318/399/2 4894/3320/2 6895/1877/2
f 6898/1882/2 6895/1877/2 5182/3727/2
f 4772/3709/2 8318/399/2 6898/1882/2
f 8319/396/2 4893/3715/2 6899/1886/2
f 6902/1891/2 6899/1886/2 5183/3721/2
f 4892/3729/2 8319/396/2 6902/1891/2
f 8320/393/2 4629/3738/2 6903/1895/2
f 6906/1900/2 6903/1895/2 5184/3714/2
f 4891/3322/2 8320/393/2 6906/1900/2
f 8321/390/2 4890/3326/2 6907/1904/2
f 6910/1909/2 6907/1904/2 5185/3711/2
f 4727/3541/2 8321/390/2 6910/1909/2
f 8322/387/2 4889/3704/2 6911/1913/2
f 6914/1918/2 6911/1913/2 5186/3707/2
f 4888/3713/2 8322/387/2 6914/1918/2
f 8323/384/2 4630/4120/2 6915/1922/2
f 6918/1927/2 6915/1922/2 5187/3703/2
f 4887/3328/2 8323/384/2 6918/1927/2
f 8324/381/2 4886/3332/2 6919/1931/2
f 6922/1936/2 6919/1931/2 5188/3700/2
f 4775/4130/2 8324/381/2 6922/1936/2
f 8325/378/2 4885/3695/2 6923/1940/2
f 6926/1945/2 6923/1940/2 5189/3697/2
f 4884/3702/2 8325/378/2 6926/1945/2
f 8326/375/2 4542/3573/2 6927/1949/2
f 6930/1954/2 6927/1949/2 5190/3694/2
f 4883/3334/2 8326/375/2 6930/1954/2
f 8327/372/2 4882/3338/2 6931/1958/2
f 6934/1963/2 6931/1958/2 5191/3689/2
f 4776/3670/2 8327/372/2 6934/1963/2
f 8328/369/2 4881/3680/2 6935/1967/2
f 6938/1972/2 6935/1967/2 5192/3683/2
f 4880/3692/2 8328/369/2 6938/1972/2
f 8329/366/2 4633/3698/2 6939/1976/2
f 6942/1981/2 6939/1976/2 5193/3679/2
f 4879/3340/2 8329/366/2 6942/1981/2
f 8330/363/2 4878/3344/2 6943/1985/2
f 6946/1990/2 6943/1985/2 5194/3673/2
f 4717/4204/2 8330/363/2 6946/1990/2
f 8331/360/2 4877/3663/2 6947/1994/2
f 6950/1999/2 6947/1994/2 5195/3666/2
f 4876/3677/2 8331/360/2 6950/1999/2
f 8332/357/2 4634/4129/2 6951/2003/2
f 6954/2008/2 6951/2003/2 5196/3662/2
f 4875/3346/2 8332/357/2 6954/2008/2
f 8333/354/2 4874/3350/2 6955/2012/2
f 6958/2017/2 6955/2012/2 5197/3659/2
f 4779/4140/2 8333/354/2 6958/2017/2
f 8334/351/2 4873/3654/2 6959/2021/2
f 6962/2026/2 6959/2021/2 5198/3656/2
f 4872/3661/2 8334/351/2 6962/2026/2
f 8335/348/2 4541/3605/2 6963/2030/2
f 6966/2035/2 6963/2030/2 5199/3653/2
f 4871/3352/2 8335/348/2 6966/2035/2
f 8336/345/2 4870/3356/2 6967/2039/2
f 6970/2044/2 6967/2039/2 5200/3648/2
f 4780/3628/2 8336/345/2 6970/2044/2
f 8337/342/2 4869/3638/2 6971/2048/2
f 6974/2053/2 6971/2048/2 5201/3641/2
f 4868/3651/2 8337/342/2 6974/2053/2
f 8338/339/2 4637/3657/2 6975/2057/2
f 6978/2062/2 6975/2057/2 5202/3637/2
f 4867/3358/2 8338/339/2 6978/2062/2
f 8339/336/2 4866/3362/2 6979/2066/2
f 6982/2071/2 6979/2066/2 5203/3631/2
f 4724/3687/2 8339/336/2 6982/2071/2
f 8340/333/2 4865/3621/2 6983/2075/2
f 6986/2080/2 6983/2075/2 5204/3624/2
f 4864/3635/2 8340/333/2 6986/2080/2
f 8341/330/2 4638/4139/2 6987/2084/2
f 6990/2089/2 6987/2084/2 5205/3620/2
f 4863/3364/2 8341/330/2 6990/2089/2
f 8342/327/2 4862/3368/2 6991/2093/2
f 6994/2098/2 6991/2093/2 5206/3617/2
f 4783/4149/2 8342/327/2 6994/2098/2
f 8343/324/2 4861/3611/2 6995/2102/2
f 6998/2107/2 6995/2102/2 5207/3614/2
f 4860/3619/2 8343/324/2 6998/2107/2
f 8344/321/2 4526/3996/2 6999/2111/2
f 7002/2116/2 6999/2111/2 5208/3610/2
f 4859/3370/2 8344/321/2 7002/2116/2
f 8345/318/2 4858/3374/2 7003/2120/2
f 7006/2125/2 7003/2120/2 5209/3607/2
f 4784/3595/2 8345/318/2 7006/2125/2
f 8346/315/2 4857/3601/2 7007/2129/2
f 7010/2134/2 7007/2129/2 5210/3604/2
f 4856/3609/2 8346/315/2 7010/2134/2
f 8347/312/2 4641/3615/2 7011/2138/2
f 7014/2143/2 7011/2138/2 5211/3600/2
f 4855/3376/2 8347/312/2 7014/2143/2
f 8348/309/2 4854/3380/2 7015/2147/2
f 7018/2152/2 7015/2147/2 5212/3597/2
f 4723/3574/2 8348/309/2 7018/2152/2
f 8349/306/2 4853/3590/2 7019/2156/2
f 7022/2161/2 7019/2156/2 5213/3593/2
f 4852/3599/2 8349/306/2 7022/2161/2
f 8350/303/2 4642/4148/2 7023/2165/2
f 7026/2170/2 7023/2165/2 5214/3589/2
f 4851/3382/2 8350/303/2 7026/2170/2
f 8351/300/2 4850/3386/2 7027/2174/2
f 7030/2179/2 7027/2174/2 5215/3586/2
f 4787/4158/2 8351/300/2 7030/2179/2
f 8352/297/2 4849/3580/2 7031/2183/2
f 7034/2188/2 7031/2183/2 5216/3583/2
f 4848/3588/2 8352/297/2 7034/2188/2
f 8353/294/2 4538/4027/2 7035/2192/2
f 7038/2197/2 7035/2192/2 5217/3579/2
f 4847/3388/2 8353/294/2 7038/2197/2
f 8354/291/2 4846/3392/2 7039/2201/2
f 7042/2206/2 7039/2201/2 5218/3576/2
f 4788/3562/2 8354/291/2 7042/2206/2
f 8355/288/2 4845/3569/2 7043/2210/2
f 7046/2215/2 7043/2210/2 5219/3572/2
f 4844/3578/2 8355/288/2 7046/2215/2
f 8356/285/2 4645/3584/2 7047/2219/2
f 7050/2224/2 7047/2219/2 5220/3568/2
f 4843/3394/2 8356/285/2 7050/2224/2
f 8357/282/2 4842/3398/2 7051/2228/2
f 7054/2233/2 7051/2228/2 5221/3564/2
f 4705/4205/2 8357/282/2 7054/2233/2
f 8358/279/2 4841/3557/2 7055/2237/2
f 7058/2242/2 7055/2237/2 5222/3560/2
f 4840/3567/2 8358/279/2 7058/2242/2
f 8359/276/2 4646/4157/2 7059/2246/2
f 7062/2251/2 7059/2246/2 5223/3556/2
f 4839/3400/2 8359/276/2 7062/2251/2
f 8360/273/2 4838/3404/2 7063/2255/2
f 7066/2260/2 7063/2255/2 5224/3553/2
f 4791/4168/2 8360/273/2 7066/2260/2
f 8361/270/2 4837/3547/2 7067/2264/2
f 7070/2269/2 7067/2264/2 5225/3550/2
f 4836/3555/2 8361/270/2 7070/2269/2
f 8362/267/2 4537/3935/2 7071/2273/2
f 7074/2278/2 7071/2273/2 5226/3546/2
f 4835/3406/2 8362/267/2 7074/2278/2
f 8363/264/2 4834/3410/2 7075/2282/2
f 7078/2287/2 7075/2282/2 5227/3543/2
f 4792/3529/2 8363/264/2 7078/2287/2
f 8364/261/2 4833/3536/2 7079/2291/2
f 7082/2296/2 7079/2291/2 5228/3539/2
f 4832/3545/2 8364/261/2 7082/2296/2
f 8365/258/2 4649/3551/2 7083/2300/2
f 7086/2305/2 7083/2300/2 5229/3535/2
f 4831/3412/2 8365/258/2 7086/2305/2
f 8366/255/2 4830/3416/2 7087/2309/2
f 7090/2314/2 7087/2309/2 5230/3531/2
f 4708/3606/2 8366/255/2 7090/2314/2
f 8367/252/2 4829/3524/2 7091/2318/2
f 7094/2323/2 7091/2318/2 5231/3527/2
f 4828/3534/2 8367/252/2 7094/2323/2
f 8368/249/2 4650/4167/2 7095/2327/2
f 7098/2332/2 7095/2327/2 5232/3523/2
f 4827/3418/2 8368/249/2 7098/2332/2
f 8369/246/2 4826/3422/2 7099/2336/2
f 7102/2341/2 7099/2336/2 5233/3520/2
f 4795/4178/2 8369/246/2 7102/2341/2
f 8370/243/2 4825/3514/2 7103/2345/2
f 7106/2350/2 7103/2345/2 5234/3517/2
f 4824/3522/2 8370/243/2 7106/2350/2
f 8371/240/2 4530/4206/2 7107/2354/2
f 7110/2359/2 7107/2354/2 5235/3513/2
f 4823/3424/2 8371/240/2 7110/2359/2
f 8372/237/2 4822/3428/2 7111/2363/2
f 7114/2368/2 7111/2363/2 5236/3510/2
f 4796/3496/2 8372/237/2 7114/2368/2
f 8373/234/2 4821/3503/2 7115/2372/2
f 7118/2377/2 7115/2372/2 5237/3506/2
f 4820/3512/2 8373/234/2 7118/2377/2
f 8374/231/2 4653/3518/2 7119/2381/2
f 7122/2386/2 7119/2381/2 5238/3502/2
f 4819/3430/2 8374/231/2 7122/2386/2
f 8375/228/2 4818/3434/2 7123/2390/2
f 7126/2395/2 7123/2390/2 5239/3498/2
f 4707/3966/2 8375/228/2 7126/2395/2
f 8376/225/2 4817/3491/2 7127/2399/2
f 7130/2404/2 7127/2399/2 5240/3494/2
f 4816/3501/2 8376/225/2 7130/2404/2
f 8377/222/2 4654/4177/2 7131/2408/2
f 7134/2413/2 7131/2408/2 5241/3490/2
f 4815/3436/2 8377/222/2 7134/2413/2
f 8378/219/2 4814/3440/2 7135/2417/2
f 7138/2422/2 7135/2417/2 5242/3487/2
f 4799/4188/2 8378/219/2 7138/2422/2
f 8379/216/2 4813/3481/2 7139/2426/2
f 7142/2431/2 7139/2426/2 5243/3484/2
f 4812/3489/2 8379/216/2 7142/2431/2
f 8380/213/2 4534/4207/2 7143/2435/2
f 7146/2440/2 7143/2435/2 5244/3480/2
f 4811/3442/2 8380/213/2 7146/2440/2
f 8381/210/2 4810/3446/2 7147/2444/2
f 7150/2449/2 7147/2444/2 5245/3477/2
f 4800/3463/2 8381/210/2 7150/2449/2
f 8382/207/2 4809/3470/2 7151/2453/2
f 7154/2458/2 7151/2453/2 5246/3473/2
f 4808/3479/2 8382/207/2 7154/2458/2
f 8383/204/2 4657/3485/2 7155/2462/2
f 7158/2467/2 7155/2462/2 5247/3469/2
f 4807/3448/2 8383/204/2 7158/2467/2
f 8384/201/2 4806/3452/2 7159/2471/2
f 7162/2476/2 7159/2471/2 5248/3465/2
f 4701/4208/2 8384/201/2 7162/2476/2
f 8385/198/2 4805/3458/2 7163/2480/2
f 7166/2485/2 7163/2480/2 5249/3461/2
f 4804/3468/2 8385/198/2 7166/2485/2
f 8386/195/2 4658/4187/2 7167/2489/2
f 7170/2494/2 7167/2489/2 5250/3457/2
f 4803/3454/2 8386/195/2 7170/2494/2
f 8387/192/2 4802/4190/2 7171/2498/2
f 7174/2503/2 7171/2498/2 5251/3451/2
f 4557/4209/2 8387/192/2 7174/2503/2
f 8388/189/2 4801/3488/2 7175/2507/2
f 7178/2512/2 7175/2507/2 5252/3445/2
f 4656/3459/2 8388/189/2 7178/2512/2
f 8389/186/2 4678/4210/2 7179/2516/2
f 7182/2521/2 7179/2516/2 5253/3439/2
f 4655/4184/2 8389/186/2 7182/2521/2
f 8390/183/2 4798/4180/2 7183/2525/2
f 7186/2530/2 7183/2525/2 5254/3433/2
f 4563/3962/2 8390/183/2 7186/2530/2
f 8391/180/2 4797/3521/2 7187/2534/2
f 7190/2539/2 7187/2534/2 5255/3427/2
f 4652/3492/2 8391/180/2 7190/2539/2
f 8392/177/2 4674/4211/2 7191/2543/2
f 7194/2548/2 7191/2543/2 5256/3421/2
f 4651/4174/2 8392/177/2 7194/2548/2
f 8393/174/2 4794/4170/2 7195/2552/2
f 7198/2557/2 7195/2552/2 5257/3415/2
f 4564/3602/2 8393/174/2 7198/2557/2
f 8394/171/2 4793/3554/2 7199/2561/2
f 7202/2566/2 7199/2561/2 5258/3409/2
f 4648/3525/2 8394/171/2 7202/2566/2
f 8395/168/2 4681/3938/2 7203/2570/2
f 7206/2575/2 7203/2570/2 5259/3403/2
f 4647/4165/2 8395/168/2 7206/2575/2
f 8396/165/2 4790/4160/2 7207/2579/2
f 7210/2584/2 7207/2579/2 5260/3397/2
f 4561/4212/2 8396/165/2 7210/2584/2
f 8397/162/2 4789/3587/2 7211/2588/2
f 7214/2593/2 7211/2588/2 5261/3391/2
f 4644/3558/2 8397/162/2 7214/2593/2
f 8398/159/2 4682/4030/2 7215/2597/2
f 7218/2602/2 7215/2597/2 5262/3385/2
f 4643/4155/2 8398/159/2 7218/2602/2
f 8399/156/2 4786/4151/2 7219/2606/2
f 7222/2611/2 7219/2606/2 5263/3379/2
f 4579/3570/2 8399/156/2 7222/2611/2
f 8400/153/2 4785/3618/2 7223/2615/2
f 7226/2620/2 7223/2615/2 5264/3373/2
f 4640/3591/2 8400/153/2 7226/2620/2
f 8401/150/2 4670/3999/2 7227/2624/2
f 7230/2629/2 7227/2624/2 5265/3367/2
f 4639/4146/2 8401/150/2 7230/2629/2
f 8402/147/2 4782/4142/2 7231/2633/2
f 7234/2638/2 7231/2633/2 5266/3361/2
f 4580/3681/2 8402/147/2 7234/2638/2
f 8403/144/2 4781/3660/2 7235/2642/2
f 7238/2647/2 7235/2642/2 5267/3355/2
f 4636/3622/2 8403/144/2 7238/2647/2
f 8404/141/2 4685/3608/2 7239/2651/2
f 7242/2656/2 7239/2651/2 5268/3349/2
f 4635/4137/2 8404/141/2 7242/2656/2
f 8405/138/2 4778/4132/2 7243/2660/2
f 7246/2665/2 7243/2660/2 5269/3343/2
f 4573/4213/2 8405/138/2 7246/2665/2
f 8406/135/2 4777/3701/2 7247/2669/2
f 7250/2674/2 7247/2669/2 5270/3337/2
f 4632/3664/2 8406/135/2 7250/2674/2
f 8407/132/2 4686/3577/2 7251/2678/2
f 7254/2683/2 7251/2678/2 5271/3331/2
f 4631/4127/2 8407/132/2 7254/2683/2
f 8408/129/2 4774/4123/2 7255/2687/2
f 7258/2692/2 7255/2687/2 5272/3325/2
f 4583/3537/2 8408/129/2 7258/2692/2
f 8409/126/2 4773/3743/2 7259/2696/2
f 7262/2701/2 7259/2696/2 5273/3319/2
f 4628/3705/2 8409/126/2 7262/2701/2
f 8410/123/2 4669/3903/2 7263/2705/2
f 7266/2710/2 7263/2705/2 5274/3313/2
f 4627/4118/2 8410/123/2 7266/2710/2
f 8411/120/2 4770/4114/2 7267/2714/2
f 7270/2719/2 7267/2714/2 5275/3307/2
f 4584/3815/2 8411/120/2 7270/2719/2
f 8412/117/2 4769/3795/2 7271/2723/2
f 7274/2728/2 7271/2723/2 5276/3301/2
f 4624/3747/2 8412/117/2 7274/2728/2
f 8413/114/2 4689/3728/2 7275/2732/2
f 7278/2737/2 7275/2732/2 5277/3295/2
f 4623/4109/2 8413/114/2 7278/2737/2
f 8414/111/2 4766/4105/2 7279/2741/2
f 7282/2746/2 7279/2741/2 5278/3289/2
f 4576/3639/2 8414/111/2 7282/2746/2
f 8415/108/2 4765/3835/2 7283/2750/2
f 7286/2755/2 7283/2750/2 5279/3283/2
f 4620/3799/2 8415/108/2 7286/2755/2
f 8416/105/2 4690/3544/2 7287/2759/2
f 7290/2764/2 7287/2759/2 5280/3277/2
f 4619/4100/2 8416/105/2 7290/2764/2
f 8417/102/2 4762/4096/2 7291/2768/2
f 7294/2773/2 7291/2768/2 5281/3271/2
f 4587/3504/2 8417/102/2 7294/2773/2
f 8418/99/2 4761/3877/2 7295/2777/2
f 7298/2782/2 7295/2777/2 5282/3265/2
f 4616/3839/2 8418/99/2 7298/2782/2
f 8419/96/2 4662/4214/2 7299/2786/2
f 7302/2791/2 7299/2786/2 5283/3259/2
f 4615/4090/2 8419/96/2 7302/2791/2
f 8420/93/2 4758/4086/2 7303/2795/2
f 7306/2800/2 7303/2795/2 5284/3253/2
f 4588/3932/2 8420/93/2 7306/2800/2
f 8421/90/2 4757/3917/2 7307/2804/2
f 7310/2809/2 7307/2804/2 5285/3247/2
f 4612/3881/2 8421/90/2 7310/2809/2
f 8422/87/2 4693/3862/2 7311/2813/2
f 7314/2818/2 7311/2813/2 5286/3241/2
f 4611/4081/2 8422/87/2 7314/2818/2
f 8423/84/2 4754/4077/2 7315/2822/2
f 7318/2827/2 7315/2822/2 5287/3235/2
f 4575/3993/2 8423/84/2 7318/2827/2
f 8424/81/2 4753/3947/2 7319/2831/2
f 7322/2836/2 7319/2831/2 5288/3229/2
f 4608/3921/2 8424/81/2 7322/2836/2
f 8425/78/2 4694/3511/2 7323/2840/2
f 7326/2845/2 7323/2840/2 5289/3223/2
f 4607/4072/2 8425/78/2 7326/2845/2
f 8426/75/2 4750/4068/2 7327/2849/2
f 7330/2854/2 7327/2849/2 5290/3217/2
f 4591/3471/2 8426/75/2 7330/2854/2
f 8427/72/2 4749/3978/2 7331/2858/2
f 7334/2863/2 7331/2858/2 5291/3211/2
f 4604/3951/2 8427/72/2 7334/2863/2
f 8428/69/2 4666/4215/2 7335/2867/2
f 7338/2872/2 7335/2867/2 5292/3205/2
f 4603/4062/2 8428/69/2 7338/2872/2
f 8429/66/2 4746/4058/2 7339/2876/2
f 7342/2881/2 7339/2876/2 5293/3199/2
f 4592/4024/2 8429/66/2 7342/2881/2
f 8430/63/2 4745/4008/2 7343/2885/2
f 7346/2890/2 7343/2885/2 5294/3193/2
f 4600/3982/2 8430/63/2 7346/2890/2
f 8431/60/2 4697/3968/2 7347/2894/2
f 7350/2899/2 7347/2894/2 5295/3187/2
f 4599/4053/2 8431/60/2 7350/2899/2
f 8432/57/2 4742/4048/2 7351/2903/2
f 7354/2908/2 7351/2903/2 5296/3181/2
f 4569/4216/2 8432/57/2 7354/2908/2
f 8433/54/2 4741/4039/2 7355/2912/2
f 7358/2917/2 7355/2912/2 5297/3175/2
f 4596/4012/2 8433/54/2 7358/2917/2
f 8434/51/2 4698/3478/2 7359/2921/2
f 7362/2926/2 7359/2921/2 5298/3169/2
f 4595/4043/2 8434/51/2 7362/2926/2
f 8435/48/2 4738/3466/2 7363/2930/2
f 7366/2935/2 7363/2930/2 5299/3163/2
f 4529/4217/2 8435/48/2 7366/2935/2
f 8436/45/2 4737/3958/2 7367/2939/2
f 7370/2944/2 7367/2939/2 5300/3157/2
f 4552/4034/2 8436/45/2 7370/2944/2
f 8437/42/2 4706/4218/2 7371/2948/2
f 7374/2953/2 7371/2948/2 5301/3151/2
f 4551/3482/2 8437/42/2 7374/2953/2
f 8438/39/2 4734/3499/2 7375/2957/2
f 7378/2962/2 7375/2957/2 5302/3145/2
f 4535/4003/2 8438/39/2 7378/2962/2
f 8439/36/2 4733/3846/2 7379/2966/2
f 7382/2971/2 7379/2966/2 5303/3139/2
f 4548/3942/2 8439/36/2 7382/2971/2
f 8440/33/2 4702/4219/2 7383/2975/2
f 7386/2980/2 7383/2975/2 5304/3133/2
f 4547/3515/2 8440/33/2 7386/2980/2
f 8441/30/2 4730/3532/2 7387/2984/2
f 7390/2989/2 7387/2984/2 5305/3127/2
f 4536/3655/2 8441/30/2 7390/2989/2
f 8442/27/2 4729/3712/2 7391/2993/2
f 7394/2998/2 7391/2993/2 5306/3121/2
f 4544/3830/2 8442/27/2 7394/2998/2
f 8443/24/2 4709/3888/2 7395/3002/2
f 7398/3007/2 7395/3002/2 5307/3115/2
f 4543/3548/2 8443/24/2 7398/3007/2
f 8444/21/2 4726/3565/2 7399/3011/2
f 7402/3016/2 7399/3011/2 5308/3109/2
f 4533/4220/2 8444/21/2 7402/3016/2
f 8445/18/2 4725/3598/2 7403/3020/2
f 7406/3025/2 7403/3020/2 5309/3103/2
f 4540/3696/2 8445/18/2 7406/3025/2
f 8446/15/2 4710/3989/2 7407/3029/2
f 7410/3034/2 7407/3029/2 5310/3097/2
f 4539/3581/2 8446/15/2 7410/3034/2
f 8447/12/2 4722/4019/2 7411/3038/2
f 7414/3043/2 7411/3038/2 5311/3091/2
f 4521/4221/2 8447/12/2 7414/3043/2
f 8448/9/2 4721/3928/2 7415/3047/2
f 7418/3052/2 7415/3047/2 5312/3085/2
f 4524/3612/2 8448/9/2 7418/3052/2
f 8449/6/2 4714/4222/2 7419/3056/2
f 7422/3061/2 7419/3056/2 5313/3079/2
f 4523/3972/2 8449/6/2 7422/3061/2
f 8450/3/2 4718/4223/2 7423/3065/2
f 7426/3070/2 7423/3065/2 5314/3073/2
f 4517/4224/2 8450/3/2 7426/3070/2
f 1251/3750/3 4676/3751/3 451/3751/3
f 1147/3779/3 4572/3780/3 347/3780/3
f 139/3772/3 5516/3770/3 1291/3770/3
f 1252/713/4 4677/4197/4 452/4197/4
f 1148/137/4 4573/4213/4 348/4213/4
f 140/3345/4 5517/362/4 1292/362/4
f 1253/2515/5 4678/4210/5 453/4210/5
f 1149/787/5 4574/4194/5 349/4194/5
f 141/3078/5 5518/3064/5 1293/3064/5
f 1778/3768/6 4251/3767/6 26/3767/6
f 1674/3793/6 4347/3787/6 122/3787/6
f 474/3785/6 6043/3788/6 1818/3788/6
f 1779/3671/3 4252/3672/3 27/3672/3
f 1675/3693/3 4348/3686/3 123/3686/3
f 475/3685/3 6044/3688/3 1819/3688/3
f 1/3776/6 5315/3774/6 1090/3774/6
f 1780/776/4 4253/4191/4 28/4191/4
f 1676/2504/4 4349/3453/4 124/3453/4
f 476/4208/4 6045/2477/4 1820/2477/4
f 2/3676/3 5316/3674/3 1091/3674/3
f 1781/94/5 4254/4091/5 29/4091/5
f 1677/670/5 4350/3138/5 125/3138/5
f 477/4219/5 6046/31/5 1821/31/5
f 4/4225/4 5317/2/4 1092/2/4
f 1782/3896/6 4255/3895/6 30/3895/6
f 1678/3915/6 4351/3909/6 126/3909/6
f 478/3907/6 6047/3910/6 1822/3910/6
f 3/3869/5 5318/1624/5 1093/1624/5
f 1783/3806/3 4256/3807/3 31/3807/3
f 1679/3827/3 4352/3820/3 127/3820/3
f 479/3819/3 6048/3822/3 1823/3822/3
f 5/3735/6 5319/3900/6 1094/3900/6
f 1784/857/4 4257/4161/4 32/4161/4
f 1680/2585/4 4353/3399/4 128/3399/4
f 480/4205/4 6049/2234/4 1824/2234/4
f 6/3647/3 5320/3809/3 1095/3809/3
f 1785/67/5 4258/4063/5 33/4063/5
f 1681/643/5 4354/3156/5 129/3156/5
f 481/4218/5 6050/40/5 1825/40/5
f 7/4020/4 5321/11/4 1096/11/4
f 8/3973/5 5322/1381/5 1097/1381/5
f 1790/3720/6 4263/3719/6 38/3719/6
f 1686/3741/6 4359/3734/6 134/3734/6
f 486/3732/6 6055/3736/6 1830/3736/6
f 1791/3629/3 4264/3630/3 39/3630/3
f 1687/3652/3 4360/3644/3 135/3644/3
f 487/3643/3 6056/3646/3 1831/3646/3
f 10/3725/6 5327/3724/6 1102/3724/6
f 1792/1181/4 4265/4049/4 40/4049/4
f 1688/2909/4 4361/3183/4 136/3183/4
f 488/4201/4 6057/1262/4 1832/1262/4
f 11/3634/3 5328/3632/3 1103/3632/3
f 1793/175/5 4266/4175/5 41/4175/5
f 1689/751/5 4362/3084/5 137/3084/5
f 489/4222/5 6058/4/5 1833/4/5
f 12/3467/4 5329/47/4 1104/47/4
f 1794/3854/6 4267/3853/6 42/3853/6
f 1690/3875/6 4363/3868/6 138/3868/6
f 490/3866/6 6059/3870/6 1834/3870/6
f 13/3516/5 5330/2353/5 1105/2353/5
f 1795/3754/3 4268/3755/3 43/3755/3
f 1274/3786/6 4699/3785/6 474/3785/6
f 1691/3782/3 4364/3772/3 139/3772/3
f 491/3771/3 6060/3775/3 1835/3775/3
f 14/3859/6 5331/3858/6 1106/3858/6
f 1796/938/4 4269/4133/4 44/4133/4
f 1275/3684/3 4700/3685/3 475/3685/3
f 1692/2666/4 4365/3345/4 140/3345/4
f 492/4204/4 6061/1991/4 1836/1991/4
f 15/3759/3 5332/3757/3 1107/3757/3
f 1797/184/5 4270/4185/5 45/4185/5
f 1276/200/4 4701/4208/4 476/4208/4
f 1693/760/5 4366/3078/5 141/3078/5
f 493/4223/5 6062/1/5 1837/1/5
f 16/3566/4 5333/20/4 1108/20/4
f 1277/2974/5 4702/4219/5 477/4219/5
f 17/3483/5 5334/2434/5 1109/2434/5
f 1278/3908/6 4703/3907/6 478/3907/6
f 1279/3818/3 4704/3819/3 479/3819/3
f 1280/281/4 4705/4205/4 480/4205/4
f 1281/2947/5 4706/4218/5 481/4218/5
f 290/3773/6 5859/3777/6 1634/3777/6
f 291/3675/3 5860/3678/3 1635/3678/3
f 292/4224/4 5861/3071/4 1636/3071/4
f 293/4203/5 5862/481/5 1637/481/5
f 294/3899/6 5863/3901/6 1638/3901/6
f 1286/3733/6 4711/3732/6 486/3732/6
f 295/3810/3 5864/3812/3 1639/3812/3
f 1287/3642/3 4712/3643/3 487/3643/3
f 296/4221/4 5865/3044/4 1640/3044/4
f 1288/605/4 4713/4201/4 488/4201/4
f 297/4202/5 5866/562/5 1641/562/5
f 1289/3055/5 4714/4222/5 489/4222/5
f 1290/3867/6 4715/3866/6 490/3866/6
f 1291/3770/3 4716/3771/3 491/3771/3
f 1292/362/4 4717/4204/4 492/4204/4
f 1293/3064/5 4718/4223/5 493/4223/5
f 302/3723/6 5871/3726/6 1646/3726/6
f 303/3633/3 5872/3636/3 1647/3636/3
f 304/4217/4 5873/2936/4 1648/2936/4
f 305/4206/5 5874/238/5 1649/238/5
f 1818/3788/6 4235/3725/6 10/3725/6
f 306/3857/6 5875/3860/6 1650/3860/6
f 1819/3688/3 4236/3634/3 11/3634/3
f 1090/3774/6 4515/3773/6 290/3773/6
f 82/3766/6 5459/3765/6 1234/3765/6
f 307/3758/3 5876/3761/3 1651/3761/3
f 26/3767/6 5355/3792/6 1130/3792/6
f 1820/2477/4 4237/3467/4 12/3467/4
f 1091/3674/3 4516/3675/3 291/3675/3
f 83/3669/3 5460/3667/3 1235/3667/3
f 308/4220/4 5877/3017/4 1652/3017/4
f 27/3672/3 5356/3690/3 1131/3690/3
f 1821/31/5 4238/3516/5 13/3516/5
f 1092/2/4 4517/4224/4 292/4224/4
f 84/3075/4 5461/767/4 1236/767/4
f 309/4207/5 5878/211/5 1653/211/5
f 28/4191/4 5357/191/4 1132/191/4
f 1822/3910/6 4239/3859/6 14/3859/6
f 1093/1624/5 4518/4203/5 293/4203/5
f 85/3264/5 5462/2785/5 1237/2785/5
f 29/4091/5 5358/1057/5 1133/1057/5
f 1823/3822/3 4240/3759/3 15/3759/3
f 1094/3900/6 4519/3899/6 294/3899/6
f 86/3894/6 5463/3893/6 1238/3893/6
f 30/3895/6 5359/3914/6 1134/3914/6
f 1824/2234/4 4241/3566/4 16/3566/4
f 1095/3809/3 4520/3810/3 295/3810/3
f 87/3804/3 5464/3802/3 1239/3802/3
f 31/3807/3 5360/3824/3 1135/3824/3
f 1825/40/5 4242/3483/5 17/3483/5
f 1096/11/4 4521/4221/4 296/4221/4
f 88/3093/4 5465/740/4 1240/740/4
f 32/4161/4 5361/164/4 1136/164/4
f 1097/1381/5 4522/4202/5 297/4202/5
f 89/3210/5 5466/2866/5 1241/2866/5
f 33/4063/5 5362/1138/5 1137/1138/5
f 1830/3736/6 4230/3735/6 5/3735/6
f 1831/3646/3 4231/3647/3 6/3647/3
f 1102/3724/6 4527/3723/6 302/3723/6
f 94/3718/6 5471/3717/6 1246/3717/6
f 38/3719/6 5367/3740/6 1142/3740/6
f 1832/1262/4 4232/4020/4 7/4020/4
f 1103/3632/3 4528/3633/3 303/3633/3
f 95/3627/3 5472/3625/3 1247/3625/3
f 39/3630/3 5368/3649/3 1143/3649/3
f 1833/4/5 4233/3973/5 8/3973/5
f 1104/47/4 4529/4217/4 304/4217/4
f 96/3165/4 5473/632/4 1248/632/4
f 40/4049/4 5369/56/4 1144/56/4
f 1834/3870/6 4228/3869/6 3/3869/6
f 1105/2353/5 4530/4206/5 305/4206/5
f 97/3426/5 5474/2542/5 1249/2542/5
f 41/4175/5 5370/814/5 1145/814/5
f 1835/3775/3 4226/3776/3 1/3776/3
f 98/3852/6 5475/3851/6 1250/3851/6
f 1106/3858/6 4531/3857/6 306/3857/6
f 42/3853/6 5371/3874/6 1146/3874/6
f 1836/1991/4 4227/3676/4 2/3676/4
f 99/3752/3 5476/3750/3 1251/3750/3
f 1107/3757/3 4532/3758/3 307/3758/3
f 43/3755/3 5372/3779/3 1147/3779/3
f 1837/1/5 4229/4225/5 4/4225/5
f 100/3111/4 5477/713/4 1252/713/4
f 1108/20/4 4533/4220/4 308/4220/4
f 44/4133/4 5373/137/4 1148/137/4
f 101/3444/5 5478/2515/5 1253/2515/5
f 1109/2434/5 4534/4207/5 309/4207/5
f 45/4185/5 5374/787/5 1149/787/5
f 434/3764/6 6003/3768/6 1778/3768/6
f 1634/3777/6 4307/3766/6 82/3766/6
f 330/3791/6 5899/3793/6 1674/3793/6
f 1635/3678/3 4308/3669/3 83/3669/3
f 435/3668/3 6004/3671/3 1779/3671/3
f 331/3691/3 5900/3693/3 1675/3693/3
f 1636/3071/4 4309/3075/4 84/3075/4
f 436/4193/4 6005/776/4 1780/776/4
f 332/4209/4 5901/2504/4 1676/2504/4
f 1637/481/5 4310/3264/5 85/3264/5
f 437/4214/5 6006/94/5 1781/94/5
f 333/4198/5 5902/670/5 1677/670/5
f 1638/3901/6 4311/3894/6 86/3894/6
f 438/3892/6 6007/3896/6 1782/3896/6
f 334/3913/6 5903/3915/6 1678/3915/6
f 1639/3812/3 4312/3804/3 87/3804/3
f 439/3803/3 6008/3806/3 1783/3806/3
f 335/3825/3 5904/3827/3 1679/3827/3
f 1640/3044/4 4313/3093/4 88/3093/4
f 440/4196/4 6009/857/4 1784/857/4
f 336/4212/4 5905/2585/4 1680/2585/4
f 1641/562/5 4314/3210/5 89/3210/5
f 441/4215/5 6010/67/5 1785/67/5
f 337/4199/5 5906/643/5 1681/643/5
f 1646/3726/6 4319/3718/6 94/3718/6
f 446/3716/6 6015/3720/6 1790/3720/6
f 342/3739/6 5911/3741/6 1686/3741/6
f 1647/3636/3 4320/3627/3 95/3627/3
f 447/3626/3 6016/3629/3 1791/3629/3
f 343/3650/3 5912/3652/3 1687/3652/3
f 1648/2936/4 4321/3165/4 96/3165/4
f 448/4200/4 6017/1181/4 1792/1181/4
f 344/4216/4 5913/2909/4 1688/2909/4
f 1649/238/5 4322/3426/5 97/3426/5
f 449/4211/5 6018/175/5 1793/175/5
f 345/4195/5 5914/751/5 1689/751/5
f 1650/3860/6 4323/3852/6 98/3852/6
f 450/3850/6 6019/3854/6 1794/3854/6
f 346/3873/6 5915/3875/6 1690/3875/6
f 1234/3765/6 4659/3764/6 434/3764/6
f 1651/3761/3 4324/3752/3 99/3752/3
f 122/3787/6 5499/3786/6 1274/3786/6
f 1130/3792/6 4555/3791/6 330/3791/6
f 451/3751/3 6020/3754/3 1795/3754/3
f 347/3780/3 5916/3782/3 1691/3782/3
f 1235/3667/3 4660/3668/3 435/3668/3
f 1652/3017/4 4325/3111/4 100/3111/4
f 123/3686/3 5500/3684/3 1275/3684/3
f 1131/3690/3 4556/3691/3 331/3691/3
f 452/4197/4 6021/938/4 1796/938/4
f 348/4213/4 5917/2666/4 1692/2666/4
f 1236/767/4 4661/4193/4 436/4193/4
f 1653/211/5 4326/3444/5 101/3444/5
f 1132/191/4 4557/4209/4 332/4209/4
f 453/4210/5 6022/184/5 1797/184/5
f 124/3453/4 5501/200/4 1276/200/4
f 349/4194/5 5918/760/5 1693/760/5
f 1237/2785/5 4662/4214/5 437/4214/5
f 1133/1057/5 4558/4198/5 333/4198/5
f 125/3138/5 5502/2974/5 1277/2974/5
f 1238/3893/6 4663/3892/6 438/3892/6
f 1134/3914/6 4559/3913/6 334/3913/6
f 126/3909/6 5503/3908/6 1278/3908/6
f 1239/3802/3 4664/3803/3 439/3803/3
f 1135/3824/3 4560/3825/3 335/3825/3
f 127/3820/3 5504/3818/3 1279/3818/3
f 1240/740/4 4665/4196/4 440/4196/4
f 1136/164/4 4561/4212/4 336/4212/4
f 128/3399/4 5505/281/4 1280/281/4
f 1241/2866/5 4666/4215/5 441/4215/5
f 1137/1138/5 4562/4199/5 337/4199/5
f 129/3156/5 5506/2947/5 1281/2947/5
f 1246/3717/6 4671/3716/6 446/3716/6
f 1142/3740/6 4567/3739/6 342/3739/6
f 134/3734/6 5511/3733/6 1286/3733/6
f 1247/3625/3 4672/3626/3 447/3626/3
f 1143/3649/3 4568/3650/3 343/3650/3
f 135/3644/3 5512/3642/3 1287/3642/3
f 1248/632/4 4673/4200/4 448/4200/4
f 1144/56/4 4569/4216/4 344/4216/4
f 136/3183/4 5513/605/4 1288/605/4
f 1249/2542/5 4674/4211/5 449/4211/5
f 1145/814/5 4570/4195/5 345/4195/5
f 137/3084/5 5514/3055/5 1289/3055/5
f 1250/3851/6 4675/3850/6 450/3850/6
f 1146/3874/6 4571/3873/6 346/3873/6
f 138/3868/6 5515/3867/6 1290/3867/6
f 1837/1/1 4/4225/1 1092/2/1
f 1833/4/1 8/3973/1 1098/5/1
f 1840/7/1 9/3613/1 1099/8/1
f 1841/10/1 7/4020/1 1096/11/1
f 1829/13/1 21/3582/1 1114/14/1
f 1844/16/1 22/3575/1 1115/17/1
f 1845/19/1 16/3566/1 1108/20/1
f 1828/22/1 20/3549/1 1118/23/1
f 1848/25/1 23/3542/1 1119/26/1
f 1849/28/1 19/3533/1 1111/29/1
f 1821/31/1 13/3516/1 1122/32/1
f 1852/34/1 24/3509/1 1123/35/1
f 1853/37/1 18/3500/1 1110/38/1
f 1825/40/1 17/3483/1 1126/41/1
f 1856/43/1 25/3476/1 1127/44/1
f 1857/46/1 12/3467/1 1104/47/1
f 1817/49/1 65/3464/1 1170/50/1
f 1860/52/1 66/4013/1 1171/53/1
f 1861/55/1 40/4049/1 1144/56/1
f 1816/58/1 64/3956/1 1174/59/1
f 1864/61/1 67/3983/1 1175/62/1
f 1865/64/1 63/4025/1 1167/65/1
f 1785/67/1 33/4063/1 1178/68/1
f 1868/70/1 68/3952/1 1179/71/1
f 1869/73/1 62/3472/1 1166/74/1
f 1813/76/1 61/3497/1 1182/77/1
f 1872/79/1 69/3922/1 1183/80/1
f 1873/82/1 46/3994/1 1150/83/1
f 1812/85/1 60/3844/1 1186/86/1
f 1876/88/1 70/3882/1 1187/89/1
f 1877/91/1 59/3933/1 1163/92/1
f 1781/94/1 29/4091/1 1190/95/1
f 1880/97/1 71/3840/1 1191/98/1
f 1881/100/1 58/3505/1 1162/101/1
f 1809/103/1 57/3530/1 1194/104/1
f 1884/106/1 72/3800/1 1195/107/1
f 1885/109/1 47/3640/1 1151/110/1
f 1808/112/1 56/3710/1 1198/113/1
f 1888/115/1 73/3748/1 1199/116/1
f 1889/118/1 55/3816/1 1159/119/1
f 1788/121/1 36/3886/1 1202/122/1
f 1892/124/1 74/3706/1 1203/125/1
f 1893/127/1 54/3538/1 1158/128/1
f 1805/130/1 53/3563/1 1206/131/1
f 1896/133/1 75/3665/1 1207/134/1
f 1897/136/1 44/4133/1 1148/137/1
f 1804/139/1 52/3596/1 1210/140/1
f 1900/142/1 76/3623/1 1211/143/1
f 1901/145/1 51/3682/1 1155/146/1
f 1789/148/1 37/3987/1 1214/149/1
f 1904/151/1 77/3592/1 1215/152/1
f 1905/154/1 50/3571/1 1154/155/1
f 1801/157/1 49/4017/1 1218/158/1
f 1908/160/1 78/3559/1 1219/161/1
f 1909/163/1 32/4161/1 1136/164/1
f 1800/166/1 48/3926/1 1222/167/1
f 1912/169/1 79/3526/1 1223/170/1
f 1913/172/1 35/3603/1 1139/173/1
f 1793/175/1 41/4175/1 1226/176/1
f 1916/178/1 80/3493/1 1227/179/1
f 1917/181/1 34/3963/1 1138/182/1
f 1797/184/1 45/4185/1 1230/185/1
f 1920/187/1 81/3460/1 1231/188/1
f 1921/190/1 28/4191/1 1132/191/1
f 1777/193/1 225/3456/1 1378/194/1
f 1924/196/1 226/3455/1 1379/197/1
f 1925/199/1 124/3453/1 1276/200/1
f 1776/202/1 224/3450/1 1382/203/1
f 1928/205/1 227/3449/1 1383/206/1
f 1929/208/1 223/3447/1 1375/209/1
f 1653/211/1 101/3444/1 1386/212/1
f 1932/214/1 228/3443/1 1387/215/1
f 1933/217/1 222/3441/1 1374/218/1
f 1773/220/1 221/3438/1 1390/221/1
f 1936/223/1 229/3437/1 1391/224/1
f 1937/226/1 130/3435/1 1282/227/1
f 1772/229/1 220/3432/1 1394/230/1
f 1940/232/1 230/3431/1 1395/233/1
f 1941/235/1 219/3429/1 1371/236/1
f 1649/238/1 97/3426/1 1398/239/1
f 1944/241/1 231/3425/1 1399/242/1
f 1945/244/1 218/3423/1 1370/245/1
f 1769/247/1 217/3420/1 1402/248/1
f 1948/250/1 232/3419/1 1403/251/1
f 1949/253/1 131/3417/1 1283/254/1
f 1768/256/1 216/3414/1 1406/257/1
f 1952/259/1 233/3413/1 1407/260/1
f 1953/262/1 215/3411/1 1367/263/1
f 1656/265/1 104/3408/1 1410/266/1
f 1956/268/1 234/3407/1 1411/269/1
f 1957/271/1 214/3405/1 1366/272/1
f 1765/274/1 213/3402/1 1414/275/1
f 1960/277/1 235/3401/1 1415/278/1
f 1961/280/1 128/3399/1 1280/281/1
f 1764/283/1 212/3396/1 1418/284/1
f 1964/286/1 236/3395/1 1419/287/1
f 1965/289/1 211/3393/1 1363/290/1
f 1657/292/1 105/3390/1 1422/293/1
f 1968/295/1 237/3389/1 1423/296/1
f 1969/298/1 210/3387/1 1362/299/1
f 1761/301/1 209/3384/1 1426/302/1
f 1972/304/1 238/3383/1 1427/305/1
f 1973/307/1 146/3381/1 1298/308/1
f 1760/310/1 208/3378/1 1430/311/1
f 1976/313/1 239/3377/1 1431/314/1
f 1977/316/1 207/3375/1 1359/317/1
f 1645/319/1 93/3372/1 1434/320/1
f 1980/322/1 240/3371/1 1435/323/1
f 1981/325/1 206/3369/1 1358/326/1
f 1757/328/1 205/3366/1 1438/329/1
f 1984/331/1 241/3365/1 1439/332/1
f 1985/334/1 147/3363/1 1299/335/1
f 1756/337/1 204/3360/1 1442/338/1
f 1988/340/1 242/3359/1 1443/341/1
f 1989/343/1 203/3357/1 1355/344/1
f 1660/346/1 108/3354/1 1446/347/1
f 1992/349/1 243/3353/1 1447/350/1
f 1993/352/1 202/3351/1 1354/353/1
f 1753/355/1 201/3348/1 1450/356/1
f 1996/358/1 244/3347/1 1451/359/1
f 1997/361/1 140/3345/1 1292/362/1
f 1752/364/1 200/3342/1 1454/365/1
f 2000/367/1 245/3341/1 1455/368/1
f 2001/370/1 199/3339/1 1351/371/1
f 1661/373/1 109/3336/1 1458/374/1
f 2004/376/1 246/3335/1 1459/377/1
f 2005/379/1 198/3333/1 1350/380/1
f 1749/382/1 197/3330/1 1462/383/1
f 2008/385/1 247/3329/1 1463/386/1
f 2009/388/1 150/3327/1 1302/389/1
f 1748/391/1 196/3324/1 1466/392/1
f 2012/394/1 248/3323/1 1467/395/1
f 2013/397/1 195/3321/1 1347/398/1
f 1644/400/1 92/3318/1 1470/401/1
f 2016/403/1 249/3317/1 1471/404/1
f 2017/406/1 194/3315/1 1346/407/1
f 1745/409/1 193/3312/1 1474/410/1
f 2020/412/1 250/3311/1 1475/413/1
f 2021/415/1 151/3309/1 1303/416/1
f 1744/418/1 192/3306/1 1478/419/1
f 2024/421/1 251/3305/1 1479/422/1
f 2025/424/1 191/3303/1 1343/425/1
f 1664/427/1 112/3300/1 1482/428/1
f 2028/430/1 252/3299/1 1483/431/1
f 2029/433/1 190/3297/1 1342/434/1
f 1741/436/1 189/3294/1 1486/437/1
f 2032/439/1 253/3293/1 1487/440/1
f 2033/442/1 143/3291/1 1295/443/1
f 1740/445/1 188/3288/1 1490/446/1
f 2036/448/1 254/3287/1 1491/449/1
f 2037/451/1 187/3285/1 1339/452/1
f 1665/454/1 113/3282/1 1494/455/1
f 2040/457/1 255/3281/1 1495/458/1
f 2041/460/1 186/3279/1 1338/461/1
f 1737/463/1 185/3276/1 1498/464/1
f 2044/466/1 256/3275/1 1499/467/1
f 2045/469/1 154/3273/1 1306/470/1
f 1736/472/1 184/3270/1 1502/473/1
f 2048/475/1 257/3269/1 1503/476/1
f 2049/478/1 183/3267/1 1335/479/1
f 1637/481/1 85/3264/1 1506/482/1
f 2052/484/1 258/3263/1 1507/485/1
f 2053/487/1 182/3261/1 1334/488/1
f 1733/490/1 181/3258/1 1510/491/1
f 2056/493/1 259/3257/1 1511/494/1
f 2057/496/1 155/3255/1 1307/497/1
f 1732/499/1 180/3252/1 1514/500/1
f 2060/502/1 260/3251/1 1515/503/1
f 2061/505/1 179/3249/1 1331/506/1
f 1668/508/1 116/3246/1 1518/509/1
f 2064/511/1 261/3245/1 1519/512/1
f 2065/514/1 178/3243/1 1330/515/1
f 1729/517/1 177/3240/1 1522/518/1
f 2068/520/1 262/3239/1 1523/521/1
f 2069/523/1 142/3237/1 1294/524/1
f 1728/526/1 176/3234/1 1526/527/1
f 2072/529/1 263/3233/1 1527/530/1
f 2073/532/1 175/3231/1 1327/533/1
f 1669/535/1 117/3228/1 1530/536/1
f 2076/538/1 264/3227/1 1531/539/1
f 2077/541/1 174/3225/1 1326/542/1
f 1725/544/1 173/3222/1 1534/545/1
f 2080/547/1 265/3221/1 1535/548/1
f 2081/550/1 158/3219/1 1310/551/1
f 1724/553/1 172/3216/1 1538/554/1
f 2084/556/1 266/3215/1 1539/557/1
f 2085/559/1 171/3213/1 1323/560/1
f 1641/562/1 89/3210/1 1542/563/1
f 2088/565/1 267/3209/1 1543/566/1
f 2089/568/1 170/3207/1 1322/569/1
f 1721/571/1 169/3204/1 1546/572/1
f 2092/574/1 268/3203/1 1547/575/1
f 2093/577/1 159/3201/1 1311/578/1
f 1720/580/1 168/3198/1 1550/581/1
f 2096/583/1 269/3197/1 1551/584/1
f 2097/586/1 167/3195/1 1319/587/1
f 1672/589/1 120/3192/1 1554/590/1
f 2100/592/1 270/3191/1 1555/593/1
f 2101/595/1 166/3189/1 1318/596/1
f 1717/598/1 165/3186/1 1558/599/1
f 2104/601/1 271/3185/1 1559/602/1
f 2105/604/1 136/3183/1 1288/605/1
f 1716/607/1 164/3180/1 1562/608/1
f 2108/610/1 272/3179/1 1563/611/1
f 2109/613/1 163/3177/1 1315/614/1
f 1673/616/1 121/3174/1 1566/617/1
f 2112/619/1 273/3173/1 1567/620/1
f 2113/622/1 162/3171/1 1314/623/1
f 1713/625/1 161/3168/1 1570/626/1
f 2116/628/1 274/3167/1 1571/629/1
f 2117/631/1 96/3165/1 1248/632/1
f 1712/634/1 160/3162/1 1574/635/1
f 2120/637/1 275/3161/1 1575/638/1
f 2121/640/1 119/3159/1 1271/641/1
f 1681/643/1 129/3156/1 1578/644/1
f 2124/646/1 276/3155/1 1579/647/1
f 2125/649/1 118/3153/1 1270/650/1
f 1709/652/1 157/3150/1 1582/653/1
f 2128/655/1 277/3149/1 1583/656/1
f 2129/658/1 102/3147/1 1254/659/1
f 1708/661/1 156/3144/1 1586/662/1
f 2132/664/1 278/3143/1 1587/665/1
f 2133/667/1 115/3141/1 1267/668/1
f 1677/670/1 125/3138/1 1590/671/1
f 2136/673/1 279/3137/1 1591/674/1
f 2137/676/1 114/3135/1 1266/677/1
f 1705/679/1 153/3132/1 1594/680/1
f 2140/682/1 280/3131/1 1595/683/1
f 2141/685/1 103/3129/1 1255/686/1
f 1704/688/1 152/3126/1 1598/689/1
f 2144/691/1 281/3125/1 1599/692/1
f 2145/694/1 111/3123/1 1263/695/1
f 1684/697/1 132/3120/1 1602/698/1
f 2148/700/1 282/3119/1 1603/701/1
f 2149/703/1 110/3117/1 1262/704/1
f 1701/706/1 149/3114/1 1606/707/1
f 2152/709/1 283/3113/1 1607/710/1
f 2153/712/1 100/3111/1 1252/713/1
f 1700/715/1 148/3108/1 1610/716/1
f 2156/718/1 284/3107/1 1611/719/1
f 2157/721/1 107/3105/1 1259/722/1
f 1685/724/1 133/3102/1 1614/725/1
f 2160/727/1 285/3101/1 1615/728/1
f 2161/730/1 106/3099/1 1258/731/1
f 1697/733/1 145/3096/1 1618/734/1
f 2164/736/1 286/3095/1 1619/737/1
f 2165/739/1 88/3093/1 1240/740/1
f 1696/742/1 144/3090/1 1622/743/1
f 2168/745/1 287/3089/1 1623/746/1
f 2169/748/1 91/3087/1 1243/749/1
f 1689/751/1 137/3084/1 1626/752/1
f 2172/754/1 288/3083/1 1627/755/1
f 2173/757/1 90/3081/1 1242/758/1
f 1693/760/1 141/3078/1 1630/761/1
f 2176/763/1 289/3077/1 1631/764/1
f 2177/766/1 84/3075/1 1236/767/1
f 1633/769/1 833/3074/1 2178/770/1
f 2180/772/1 834/4189/1 2179/773/1
f 2181/775/1 436/4193/1 1780/776/1
f 1632/778/1 832/4183/1 2182/779/1
f 2184/781/1 835/4186/1 2183/782/1
f 2185/784/1 831/4192/1 2175/785/1
f 1149/787/1 349/4194/1 2186/788/1
f 2188/790/1 836/4182/1 2187/791/1
f 2189/793/1 830/3076/1 2174/794/1
f 1629/796/1 829/3080/1 2190/797/1
f 2192/799/1 837/4179/1 2191/800/1
f 2193/802/1 442/3976/1 1786/803/1
f 1628/805/1 828/4173/1 2194/806/1
f 2196/808/1 838/4176/1 2195/809/1
f 2197/811/1 827/4181/1 2171/812/1
f 1145/814/1 345/4195/1 2198/815/1
f 2200/817/1 839/4172/1 2199/818/1
f 2201/820/1 826/3082/1 2170/821/1
f 1625/823/1 825/3086/1 2202/824/1
f 2204/826/1 840/4169/1 2203/827/1
f 2205/829/1 443/3616/1 1787/830/1
f 1624/832/1 824/4164/1 2206/833/1
f 2208/835/1 841/4166/1 2207/836/1
f 2209/838/1 823/4171/1 2167/839/1
f 1152/841/1 352/3924/1 2210/842/1
f 2212/844/1 842/4163/1 2211/845/1
f 2213/847/1 822/3088/1 2166/848/1
f 1621/850/1 821/3092/1 2214/851/1
f 2216/853/1 843/4159/1 2215/854/1
f 2217/856/1 440/4196/1 1784/857/1
f 1620/859/1 820/4154/1 2218/860/1
f 2220/862/1 844/4156/1 2219/863/1
f 2221/865/1 819/4162/1 2163/866/1
f 1153/868/1 353/4015/1 2222/869/1
f 2224/871/1 845/4153/1 2223/872/1
f 2225/874/1 818/3094/1 2162/875/1
f 1617/877/1 817/3098/1 2226/878/1
f 2228/880/1 846/4150/1 2227/881/1
f 2229/883/1 458/3585/1 1802/884/1
f 1616/886/1 816/4145/1 2230/887/1
f 2232/889/1 847/4147/1 2231/890/1
f 2233/892/1 815/4152/1 2159/893/1
f 1141/895/1 341/3985/1 2234/896/1
f 2236/898/1 848/4144/1 2235/899/1
f 2237/901/1 814/3100/1 2158/902/1
f 1613/904/1 813/3104/1 2238/905/1
f 2240/907/1 849/4141/1 2239/908/1
f 2241/910/1 459/3699/1 1803/911/1
f 1612/913/1 812/4136/1 2242/914/1
f 2244/916/1 850/4138/1 2243/917/1
f 2245/919/1 811/4143/1 2155/920/1
f 1156/922/1 356/3594/1 2246/923/1
f 2248/925/1 851/4135/1 2247/926/1
f 2249/928/1 810/3106/1 2154/929/1
f 1609/931/1 809/3110/1 2250/932/1
f 2252/934/1 852/4131/1 2251/935/1
f 2253/937/1 452/4197/1 1796/938/1
f 1608/940/1 808/4126/1 2254/941/1
f 2256/943/1 853/4128/1 2255/944/1
f 2257/946/1 807/4134/1 2151/947/1
f 1157/949/1 357/3561/1 2258/950/1
f 2260/952/1 854/4125/1 2259/953/1
f 2261/955/1 806/3112/1 2150/956/1
f 1605/958/1 805/3116/1 2262/959/1
f 2264/961/1 855/4122/1 2263/962/1
f 2265/964/1 462/3552/1 1806/965/1
f 1604/967/1 804/4117/1 2266/968/1
f 2268/970/1 856/4119/1 2267/971/1
f 2269/973/1 803/4124/1 2147/974/1
f 1140/976/1 340/3884/1 2270/977/1
f 2272/979/1 857/4116/1 2271/980/1
f 2273/982/1 802/3118/1 2146/983/1
f 1601/985/1 801/3122/1 2274/986/1
f 2276/988/1 858/4113/1 2275/989/1
f 2277/991/1 463/3833/1 1807/992/1
f 1600/994/1 800/4108/1 2278/995/1
f 2280/997/1 859/4110/1 2279/998/1
f 2281/1000/1 799/4115/1 2143/1001/1
f 1160/1003/1 360/3708/1 2282/1004/1
f 2284/1006/1 860/4107/1 2283/1007/1
f 2285/1009/1 798/3124/1 2142/1010/1
f 1597/1012/1 797/3128/1 2286/1013/1
f 2288/1015/1 861/4104/1 2287/1016/1
f 2289/1018/1 455/3658/1 1799/1019/1
f 1596/1021/1 796/4099/1 2290/1022/1
f 2292/1024/1 862/4101/1 2291/1025/1
f 2293/1027/1 795/4106/1 2139/1028/1
f 1161/1030/1 361/3528/1 2294/1031/1
f 2296/1033/1 863/4098/1 2295/1034/1
f 2297/1036/1 794/3130/1 2138/1037/1
f 1593/1039/1 793/3134/1 2298/1040/1
f 2300/1042/1 864/4095/1 2299/1043/1
f 2301/1045/1 466/3519/1 1810/1046/1
f 1592/1048/1 792/4089/1 2302/1049/1
f 2304/1051/1 865/4092/1 2303/1052/1
f 2305/1054/1 791/4097/1 2135/1055/1
f 1133/1057/1 333/4198/1 2306/1058/1
f 2308/1060/1 866/4088/1 2307/1061/1
f 2309/1063/1 790/3136/1 2134/1064/1
f 1589/1066/1 789/3140/1 2310/1067/1
f 2312/1069/1 867/4085/1 2311/1070/1
f 2313/1072/1 467/3945/1 1811/1073/1
f 1588/1075/1 788/4080/1 2314/1076/1
f 2316/1078/1 868/4082/1 2315/1079/1
f 2317/1081/1 787/4087/1 2131/1082/1
f 1164/1084/1 364/3842/1 2318/1085/1
f 2320/1087/1 869/4079/1 2319/1088/1
f 2321/1090/1 786/3142/1 2130/1091/1
f 1585/1093/1 785/3146/1 2322/1094/1
f 2324/1096/1 870/4076/1 2323/1097/1
f 2325/1099/1 454/4006/1 1798/1100/1
f 1584/1102/1 784/4071/1 2326/1103/1
f 2328/1105/1 871/4073/1 2327/1106/1
f 2329/1108/1 783/4078/1 2127/1109/1
f 1165/1111/1 365/3495/1 2330/1112/1
f 2332/1114/1 872/4070/1 2331/1115/1
f 2333/1117/1 782/3148/1 2126/1118/1
f 1581/1120/1 781/3152/1 2334/1121/1
f 2336/1123/1 873/4067/1 2335/1124/1
f 2337/1126/1 470/3486/1 1814/1127/1
f 1580/1129/1 780/4061/1 2338/1130/1
f 2340/1132/1 874/4064/1 2339/1133/1
f 2341/1135/1 779/4069/1 2123/1136/1
f 1137/1138/1 337/4199/1 2342/1139/1
f 2344/1141/1 875/4060/1 2343/1142/1
f 2345/1144/1 778/3154/1 2122/1145/1
f 1577/1147/1 777/3158/1 2346/1148/1
f 2348/1150/1 876/4057/1 2347/1151/1
f 2349/1153/1 471/4037/1 1815/1154/1
f 1576/1156/1 776/4052/1 2350/1157/1
f 2352/1159/1 877/4054/1 2351/1160/1
f 2353/1162/1 775/4059/1 2119/1163/1
f 1168/1165/1 368/3954/1 2354/1166/1
f 2356/1168/1 878/4051/1 2355/1169/1
f 2357/1171/1 774/3160/1 2118/1172/1
f 1573/1174/1 773/3164/1 2358/1175/1
f 2360/1177/1 879/4047/1 2359/1178/1
f 2361/1180/1 448/4200/1 1792/1181/1
f 1572/1183/1 772/4042/1 2362/1184/1
f 2364/1186/1 880/4044/1 2363/1187/1
f 2365/1189/1 771/4050/1 2115/1190/1
f 1169/1192/1 369/3462/1 2366/1193/1
f 2368/1195/1 881/4041/1 2367/1196/1
f 2369/1198/1 770/3166/1 2114/1199/1
f 1569/1201/1 769/3170/1 2370/1202/1
f 2372/1204/1 882/4038/1 2371/1205/1
f 2373/1207/1 514/4046/1 1858/1208/1
f 1568/1210/1 768/4033/1 2374/1211/1
f 2376/1213/1 883/4035/1 2375/1214/1
f 2377/1216/1 767/4040/1 2111/1217/1
f 1129/1219/1 329/3474/1 2378/1220/1
f 2380/1222/1 884/4032/1 2379/1223/1
f 2381/1225/1 766/3172/1 2110/1226/1
f 1565/1228/1 765/3176/1 2382/1229/1
f 2384/1231/1 885/4029/1 2383/1232/1
f 2385/1234/1 515/4016/1 1859/1235/1
f 1564/1237/1 764/4023/1 2386/1238/1
f 2388/1240/1 886/4026/1 2387/1241/1
f 2389/1243/1 763/4031/1 2107/1244/1
f 1172/1246/1 372/4036/1 2390/1247/1
f 2392/1249/1 887/4022/1 2391/1250/1
f 2393/1252/1 762/3178/1 2106/1253/1
f 1561/1255/1 761/3182/1 2394/1256/1
f 2396/1258/1 888/4018/1 2395/1259/1
f 2397/1261/1 488/4201/1 1832/1262/1
f 1560/1264/1 760/4011/1 2398/1265/1
f 2400/1267/1 889/4014/1 2399/1268/1
f 2401/1270/1 759/4021/1 2103/1271/1
f 1173/1273/1 373/4045/1 2402/1274/1
f 2404/1276/1 890/4010/1 2403/1277/1
f 2405/1279/1 758/3184/1 2102/1280/1
f 1557/1282/1 757/3188/1 2406/1283/1
f 2408/1285/1 891/4007/1 2407/1286/1
f 2409/1288/1 518/4056/1 1862/1289/1
f 1556/1291/1 756/4002/1 2410/1292/1
f 2412/1294/1 892/4004/1 2411/1295/1
f 2413/1297/1 755/4009/1 2099/1298/1
f 1128/1300/1 328/3965/1 2414/1301/1
f 2416/1303/1 893/4001/1 2415/1304/1
f 2417/1306/1 754/3190/1 2098/1307/1
f 1553/1309/1 753/3194/1 2418/1310/1
f 2420/1312/1 894/3998/1 2419/1313/1
f 2421/1315/1 519/3986/1 1863/1316/1
f 1552/1318/1 752/3992/1 2422/1319/1
f 2424/1321/1 895/3995/1 2423/1322/1
f 2425/1324/1 751/4000/1 2095/1325/1
f 1176/1327/1 376/4005/1 2426/1328/1
f 2428/1330/1 896/3991/1 2427/1331/1
f 2429/1333/1 750/3196/1 2094/1334/1
f 1549/1336/1 749/3200/1 2430/1337/1
f 2432/1339/1 897/3988/1 2431/1340/1
f 2433/1342/1 511/4028/1 1855/1343/1
f 1548/1345/1 748/3981/1 2434/1346/1
f 2436/1348/1 898/3984/1 2435/1349/1
f 2437/1351/1 747/3990/1 2091/1352/1
f 1177/1354/1 377/4055/1 2438/1355/1
f 2440/1357/1 899/3980/1 2439/1358/1
f 2441/1360/1 746/3202/1 2090/1361/1
f 1545/1363/1 745/3206/1 2442/1364/1
f 2444/1366/1 900/3977/1 2443/1367/1
f 2445/1369/1 522/4066/1 1866/1370/1
f 1544/1372/1 744/3971/1 2446/1373/1
f 2448/1375/1 901/3974/1 2447/1376/1
f 2449/1378/1 743/3979/1 2087/1379/1
f 1097/1381/1 297/4202/1 2450/1382/1
f 2452/1384/1 902/3970/1 2451/1385/1
f 2453/1387/1 742/3208/1 2086/1388/1
f 1541/1390/1 741/3212/1 2454/1391/1
f 2456/1393/1 903/3967/1 2455/1394/1
f 2457/1396/1 523/3955/1 1867/1397/1
f 1540/1399/1 740/3961/1 2458/1400/1
f 2460/1402/1 904/3964/1 2459/1403/1
f 2461/1405/1 739/3969/1 2083/1406/1
f 1180/1408/1 380/3975/1 2462/1409/1
f 2464/1411/1 905/3960/1 2463/1412/1
f 2465/1414/1 738/3214/1 2082/1415/1
f 1537/1417/1 737/3218/1 2466/1418/1
f 2468/1420/1 906/3957/1 2467/1421/1
f 2469/1423/1 510/3475/1 1854/1424/1
f 1536/1426/1 736/3950/1 2470/1427/1
f 2472/1429/1 907/3953/1 2471/1430/1
f 2473/1432/1 735/3959/1 2079/1433/1
f 1181/1435/1 381/4065/1 2474/1436/1
f 2476/1438/1 908/3949/1 2475/1439/1
f 2477/1441/1 734/3220/1 2078/1442/1
f 1533/1444/1 733/3224/1 2478/1445/1
f 2480/1447/1 909/3946/1 2479/1448/1
f 2481/1450/1 526/4075/1 1870/1451/1
f 1532/1453/1 732/3941/1 2482/1454/1
f 2484/1456/1 910/3943/1 2483/1457/1
f 2485/1459/1 731/3948/1 2075/1460/1
f 1125/1462/1 325/3507/1 2486/1463/1
f 2488/1465/1 911/3940/1 2487/1466/1
f 2489/1468/1 730/3226/1 2074/1469/1
f 1529/1471/1 729/3230/1 2490/1472/1
f 2492/1474/1 912/3937/1 2491/1475/1
f 2493/1477/1 527/3925/1 1871/1478/1
f 1528/1480/1 728/3931/1 2494/1481/1
f 2496/1483/1 913/3934/1 2495/1484/1
f 2497/1486/1 727/3939/1 2071/1487/1
f 1184/1489/1 384/3944/1 2498/1490/1
f 2500/1492/1 914/3930/1 2499/1493/1
f 2501/1495/1 726/3232/1 2070/1496/1
f 1525/1498/1 725/3236/1 2502/1499/1
f 2504/1501/1 915/3927/1 2503/1502/1
f 2505/1504/1 494/3997/1 1838/1505/1
f 1524/1507/1 724/3920/1 2506/1508/1
f 2508/1510/1 916/3923/1 2507/1511/1
f 2509/1513/1 723/3929/1 2067/1514/1
f 1185/1516/1 385/4074/1 2510/1517/1
f 2512/1519/1 917/3919/1 2511/1520/1
f 2513/1522/1 722/3238/1 2066/1523/1
f 1521/1525/1 721/3242/1 2514/1526/1
f 2516/1528/1 918/3916/1 2515/1529/1
f 2517/1531/1 530/4084/1 1874/1532/1
f 1520/1534/1 720/3906/1 2518/1535/1
f 2520/1537/1 919/3911/1 2519/1538/1
f 2521/1540/1 719/3918/1 2063/1541/1
f 1124/1543/1 324/3856/1 2522/1544/1
f 2524/1546/1 920/3905/1 2523/1547/1
f 2525/1549/1 718/3244/1 2062/1550/1
f 1517/1552/1 717/3248/1 2526/1553/1
f 2528/1555/1 921/3902/1 2527/1556/1
f 2529/1558/1 531/3885/1 1875/1559/1
f 1516/1561/1 716/3891/1 2530/1562/1
f 2532/1564/1 922/3897/1 2531/1565/1
f 2533/1567/1 715/3904/1 2059/1568/1
f 1188/1570/1 388/3912/1 2534/1571/1
f 2536/1573/1 923/3890/1 2535/1574/1
f 2537/1576/1 714/3250/1 2058/1577/1
f 1513/1579/1 713/3254/1 2538/1580/1
f 2540/1582/1 924/3887/1 2539/1583/1
f 2541/1585/1 507/3936/1 1851/1586/1
f 1512/1588/1 712/3880/1 2542/1589/1
f 2544/1591/1 925/3883/1 2543/1592/1
f 2545/1594/1 711/3889/1 2055/1595/1
f 1189/1597/1 389/4083/1 2546/1598/1
f 2548/1600/1 926/3879/1 2547/1601/1
f 2549/1603/1 710/3256/1 2054/1604/1
f 1509/1606/1 709/3260/1 2550/1607/1
f 2552/1609/1 927/3876/1 2551/1610/1
f 2553/1612/1 534/4094/1 1878/1613/1
f 1508/1615/1 708/3865/1 2554/1616/1
f 2556/1618/1 928/3871/1 2555/1619/1
f 2557/1621/1 707/3878/1 2051/1622/1
f 1093/1624/1 293/4203/1 2558/1625/1
f 2560/1627/1 929/3864/1 2559/1628/1
f 2561/1630/1 706/3262/1 2050/1631/1
f 1505/1633/1 705/3266/1 2562/1634/1
f 2564/1636/1 930/3861/1 2563/1637/1
f 2565/1639/1 535/3843/1 1879/1640/1
f 1504/1642/1 704/3849/1 2566/1643/1
f 2568/1645/1 931/3855/1 2567/1646/1
f 2569/1648/1 703/3863/1 2047/1649/1
f 1192/1651/1 392/3872/1 2570/1652/1
f 2572/1654/1 932/3848/1 2571/1655/1
f 2573/1657/1 702/3268/1 2046/1658/1
f 1501/1660/1 701/3272/1 2574/1661/1
f 2576/1663/1 933/3845/1 2575/1664/1
f 2577/1666/1 506/3508/1 1850/1667/1
f 1500/1669/1 700/3838/1 2578/1670/1
f 2580/1672/1 934/3841/1 2579/1673/1
f 2581/1675/1 699/3847/1 2043/1676/1
f 1193/1678/1 393/4093/1 2582/1679/1
f 2584/1681/1 935/3837/1 2583/1682/1
f 2585/1684/1 698/3274/1 2042/1685/1
f 1497/1687/1 697/3278/1 2586/1688/1
f 2588/1690/1 936/3834/1 2587/1691/1
f 2589/1693/1 538/4103/1 1882/1694/1
f 1496/1696/1 696/3829/1 2590/1697/1
f 2592/1699/1 937/3831/1 2591/1700/1
f 2593/1702/1 695/3836/1 2039/1703/1
f 1121/1705/1 321/3540/1 2594/1706/1
f 2596/1708/1 938/3828/1 2595/1709/1
f 2597/1711/1 694/3280/1 2038/1712/1
f 1493/1714/1 693/3284/1 2598/1715/1
f 2600/1717/1 939/3823/1 2599/1718/1
f 2601/1720/1 539/3805/1 1883/1721/1
f 1492/1723/1 692/3814/1 2602/1724/1
f 2604/1726/1 940/3817/1 2603/1727/1
f 2605/1729/1 691/3826/1 2035/1730/1
f 1196/1732/1 396/3832/1 2606/1733/1
f 2608/1735/1 941/3813/1 2607/1736/1
f 2609/1738/1 690/3286/1 2034/1739/1
f 1489/1741/1 689/3290/1 2610/1742/1
f 2612/1744/1 942/3808/1 2611/1745/1
f 2613/1747/1 495/3645/1 1839/1748/1
f 1488/1750/1 688/3798/1 2614/1751/1
f 2616/1753/1 943/3801/1 2615/1754/1
f 2617/1756/1 687/3811/1 2031/1757/1
f 1197/1759/1 397/4102/1 2618/1760/1
f 2620/1762/1 944/3797/1 2619/1763/1
f 2621/1765/1 686/3292/1 2030/1766/1
f 1485/1768/1 685/3296/1 2622/1769/1
f 2624/1771/1 945/3794/1 2623/1772/1
f 2625/1774/1 542/4112/1 1886/1775/1
f 1484/1777/1 684/3784/1 2626/1778/1
f 2628/1780/1 946/3789/1 2627/1781/1
f 2629/1783/1 683/3796/1 2027/1784/1
f 1120/1786/1 320/3722/1 2630/1787/1
f 2632/1789/1 947/3783/1 2631/1790/1
f 2633/1792/1 682/3298/1 2026/1793/1
f 1481/1795/1 681/3302/1 2634/1796/1
f 2636/1798/1 948/3778/1 2635/1799/1
f 2637/1801/1 543/3753/1 1887/1802/1
f 1480/1804/1 680/3763/1 2638/1805/1
f 2640/1807/1 949/3769/1 2639/1808/1
f 2641/1810/1 679/3781/1 2023/1811/1
f 1200/1813/1 400/3790/1 2642/1814/1
f 2644/1816/1 950/3762/1 2643/1817/1
f 2645/1819/1 678/3304/1 2022/1820/1
f 1477/1822/1 677/3308/1 2646/1823/1
f 2648/1825/1 951/3756/1 2647/1826/1
f 2649/1828/1 503/3821/1 1847/1829/1
f 1476/1831/1 676/3746/1 2650/1832/1
f 2652/1834/1 952/3749/1 2651/1835/1
f 2653/1837/1 675/3760/1 2019/1838/1
f 1201/1840/1 401/4111/1 2654/1841/1
f 2656/1843/1 953/3745/1 2655/1844/1
f 2657/1846/1 674/3310/1 2018/1847/1
f 1473/1849/1 673/3314/1 2658/1850/1
f 2660/1852/1 954/3742/1 2659/1853/1
f 2661/1855/1 546/4121/1 1890/1856/1
f 1472/1858/1 672/3731/1 2662/1859/1
f 2664/1861/1 955/3737/1 2663/1862/1
f 2665/1864/1 671/3744/1 2015/1865/1
f 1100/1867/1 300/3898/1 2666/1868/1
f 2668/1870/1 956/3730/1 2667/1871/1
f 2669/1873/1 670/3316/1 2014/1874/1
f 1469/1876/1 669/3320/1 2670/1877/1
f 2672/1879/1 957/3727/1 2671/1880/1
f 2673/1882/1 547/3709/1 1891/1883/1
f 1468/1885/1 668/3715/1 2674/1886/1
f 2676/1888/1 958/3721/1 2675/1889/1
f 2677/1891/1 667/3729/1 2011/1892/1
f 1204/1894/1 404/3738/1 2678/1895/1
f 2680/1897/1 959/3714/1 2679/1898/1
f 2681/1900/1 666/3322/1 2010/1901/1
f 1465/1903/1 665/3326/1 2682/1904/1
f 2684/1906/1 960/3711/1 2683/1907/1
f 2685/1909/1 502/3541/1 1846/1910/1
f 1464/1912/1 664/3704/1 2686/1913/1
f 2688/1915/1 961/3707/1 2687/1916/1
f 2689/1918/1 663/3713/1 2007/1919/1
f 1205/1921/1 405/4120/1 2690/1922/1
f 2692/1924/1 962/3703/1 2691/1925/1
f 2693/1927/1 662/3328/1 2006/1928/1
f 1461/1930/1 661/3332/1 2694/1931/1
f 2696/1933/1 963/3700/1 2695/1934/1
f 2697/1936/1 550/4130/1 1894/1937/1
f 1460/1939/1 660/3695/1 2698/1940/1
f 2700/1942/1 964/3697/1 2699/1943/1
f 2701/1945/1 659/3702/1 2003/1946/1
f 1117/1948/1 317/3573/1 2702/1949/1
f 2704/1951/1 965/3694/1 2703/1952/1
f 2705/1954/1 658/3334/1 2002/1955/1
f 1457/1957/1 657/3338/1 2706/1958/1
f 2708/1960/1 966/3689/1 2707/1961/1
f 2709/1963/1 551/3670/1 1895/1964/1
f 1456/1966/1 656/3680/1 2710/1967/1
f 2712/1969/1 967/3683/1 2711/1970/1
f 2713/1972/1 655/3692/1 1999/1973/1
f 1208/1975/1 408/3698/1 2714/1976/1
f 2716/1978/1 968/3679/1 2715/1979/1
f 2717/1981/1 654/3340/1 1998/1982/1
f 1453/1984/1 653/3344/1 2718/1985/1
f 2720/1987/1 969/3673/1 2719/1988/1
f 2721/1990/1 492/4204/1 1836/1991/1
f 1452/1993/1 652/3663/1 2722/1994/1
f 2724/1996/1 970/3666/1 2723/1997/1
f 2725/1999/1 651/3677/1 1995/2000/1
f 1209/2002/1 409/4129/1 2726/2003/1
f 2728/2005/1 971/3662/1 2727/2006/1
f 2729/2008/1 650/3346/1 1994/2009/1
f 1449/2011/1 649/3350/1 2730/2012/1
f 2732/2014/1 972/3659/1 2731/2015/1
f 2733/2017/1 554/4140/1 1898/2018/1
f 1448/2020/1 648/3654/1 2734/2021/1
f 2736/2023/1 973/3656/1 2735/2024/1
f 2737/2026/1 647/3661/1 1991/2027/1
f 1116/2029/1 316/3605/1 2738/2030/1
f 2740/2032/1 974/3653/1 2739/2033/1
f 2741/2035/1 646/3352/1 1990/2036/1
f 1445/2038/1 645/3356/1 2742/2039/1
f 2744/2041/1 975/3648/1 2743/2042/1
f 2745/2044/1 555/3628/1 1899/2045/1
f 1444/2047/1 644/3638/1 2746/2048/1
f 2748/2050/1 976/3641/1 2747/2051/1
f 2749/2053/1 643/3651/1 1987/2054/1
f 1212/2056/1 412/3657/1 2750/2057/1
f 2752/2059/1 977/3637/1 2751/2060/1
f 2753/2062/1 642/3358/1 1986/2063/1
f 1441/2065/1 641/3362/1 2754/2066/1
f 2756/2068/1 978/3631/1 2755/2069/1
f 2757/2071/1 499/3687/1 1843/2072/1
f 1440/2074/1 640/3621/1 2758/2075/1
f 2760/2077/1 979/3624/1 2759/2078/1
f 2761/2080/1 639/3635/1 1983/2081/1
f 1213/2083/1 413/4139/1 2762/2084/1
f 2764/2086/1 980/3620/1 2763/2087/1
f 2765/2089/1 638/3364/1 1982/2090/1
f 1437/2092/1 637/3368/1 2766/2093/1
f 2768/2095/1 981/3617/1 2767/2096/1
f 2769/2098/1 558/4149/1 1902/2099/1
f 1436/2101/1 636/3611/1 2770/2102/1
f 2772/2104/1 982/3614/1 2771/2105/1
f 2773/2107/1 635/3619/1 1979/2108/1
f 1101/2110/1 301/3996/1 2774/2111/1
f 2776/2113/1 983/3610/1 2775/2114/1
f 2777/2116/1 634/3370/1 1978/2117/1
f 1433/2119/1 633/3374/1 2778/2120/1
f 2780/2122/1 984/3607/1 2779/2123/1
f 2781/2125/1 559/3595/1 1903/2126/1
f 1432/2128/1 632/3601/1 2782/2129/1
f 2784/2131/1 985/3604/1 2783/2132/1
f 2785/2134/1 631/3609/1 1975/2135/1
f 1216/2137/1 416/3615/1 2786/2138/1
f 2788/2140/1 986/3600/1 2787/2141/1
f 2789/2143/1 630/3376/1 1974/2144/1
f 1429/2146/1 629/3380/1 2790/2147/1
f 2792/2149/1 987/3597/1 2791/2150/1
f 2793/2152/1 498/3574/1 1842/2153/1
f 1428/2155/1 628/3590/1 2794/2156/1
f 2796/2158/1 988/3593/1 2795/2159/1
f 2797/2161/1 627/3599/1 1971/2162/1
f 1217/2164/1 417/4148/1 2798/2165/1
f 2800/2167/1 989/3589/1 2799/2168/1
f 2801/2170/1 626/3382/1 1970/2171/1
f 1425/2173/1 625/3386/1 2802/2174/1
f 2804/2176/1 990/3586/1 2803/2177/1
f 2805/2179/1 562/4158/1 1906/2180/1
f 1424/2182/1 624/3580/1 2806/2183/1
f 2808/2185/1 991/3583/1 2807/2186/1
f 2809/2188/1 623/3588/1 1967/2189/1
f 1113/2191/1 313/4027/1 2810/2192/1
f 2812/2194/1 992/3579/1 2811/2195/1
f 2813/2197/1 622/3388/1 1966/2198/1
f 1421/2200/1 621/3392/1 2814/2201/1
f 2816/2203/1 993/3576/1 2815/2204/1
f 2817/2206/1 563/3562/1 1907/2207/1
f 1420/2209/1 620/3569/1 2818/2210/1
f 2820/2212/1 994/3572/1 2819/2213/1
f 2821/2215/1 619/3578/1 1963/2216/1
f 1220/2218/1 420/3584/1 2822/2219/1
f 2824/2221/1 995/3568/1 2823/2222/1
f 2825/2224/1 618/3394/1 1962/2225/1
f 1417/2227/1 617/3398/1 2826/2228/1
f 2828/2230/1 996/3564/1 2827/2231/1
f 2829/2233/1 480/4205/1 1824/2234/1
f 1416/2236/1 616/3557/1 2830/2237/1
f 2832/2239/1 997/3560/1 2831/2240/1
f 2833/2242/1 615/3567/1 1959/2243/1
f 1221/2245/1 421/4157/1 2834/2246/1
f 2836/2248/1 998/3556/1 2835/2249/1
f 2837/2251/1 614/3400/1 1958/2252/1
f 1413/2254/1 613/3404/1 2838/2255/1
f 2840/2257/1 999/3553/1 2839/2258/1
f 2841/2260/1 566/4168/1 1910/2261/1
f 1412/2263/1 612/3547/1 2842/2264/1
f 2844/2266/1 1000/3550/1 2843/2267/1
f 2845/2269/1 611/3555/1 1955/2270/1
f 1112/2272/1 312/3935/1 2846/2273/1
f 2848/2275/1 1001/3546/1 2847/2276/1
f 2849/2278/1 610/3406/1 1954/2279/1
f 1409/2281/1 609/3410/1 2850/2282/1
f 2852/2284/1 1002/3543/1 2851/2285/1
f 2853/2287/1 567/3529/1 1911/2288/1
f 1408/2290/1 608/3536/1 2854/2291/1
f 2856/2293/1 1003/3539/1 2855/2294/1
f 2857/2296/1 607/3545/1 1951/2297/1
f 1224/2299/1 424/3551/1 2858/2300/1
f 2860/2302/1 1004/3535/1 2859/2303/1
f 2861/2305/1 606/3412/1 1950/2306/1
f 1405/2308/1 605/3416/1 2862/2309/1
f 2864/2311/1 1005/3531/1 2863/2312/1
f 2865/2314/1 483/3606/1 1827/2315/1
f 1404/2317/1 604/3524/1 2866/2318/1
f 2868/2320/1 1006/3527/1 2867/2321/1
f 2869/2323/1 603/3534/1 1947/2324/1
f 1225/2326/1 425/4167/1 2870/2327/1
f 2872/2329/1 1007/3523/1 2871/2330/1
f 2873/2332/1 602/3418/1 1946/2333/1
f 1401/2335/1 601/3422/1 2874/2336/1
f 2876/2338/1 1008/3520/1 2875/2339/1
f 2877/2341/1 570/4178/1 1914/2342/1
f 1400/2344/1 600/3514/1 2878/2345/1
f 2880/2347/1 1009/3517/1 2879/2348/1
f 2881/2350/1 599/3522/1 1943/2351/1
f 1105/2353/1 305/4206/1 2882/2354/1
f 2884/2356/1 1010/3513/1 2883/2357/1
f 2885/2359/1 598/3424/1 1942/2360/1
f 1397/2362/1 597/3428/1 2886/2363/1
f 2888/2365/1 1011/3510/1 2887/2366/1
f 2889/2368/1 571/3496/1 1915/2369/1
f 1396/2371/1 596/3503/1 2890/2372/1
f 2892/2374/1 1012/3506/1 2891/2375/1
f 2893/2377/1 595/3512/1 1939/2378/1
f 1228/2380/1 428/3518/1 2894/2381/1
f 2896/2383/1 1013/3502/1 2895/2384/1
f 2897/2386/1 594/3430/1 1938/2387/1
f 1393/2389/1 593/3434/1 2898/2390/1
f 2900/2392/1 1014/3498/1 2899/2393/1
f 2901/2395/1 482/3966/1 1826/2396/1
f 1392/2398/1 592/3491/1 2902/2399/1
f 2904/2401/1 1015/3494/1 2903/2402/1
f 2905/2404/1 591/3501/1 1935/2405/1
f 1229/2407/1 429/4177/1 2906/2408/1
f 2908/2410/1 1016/3490/1 2907/2411/1
f 2909/2413/1 590/3436/1 1934/2414/1
f 1389/2416/1 589/3440/1 2910/2417/1
f 2912/2419/1 1017/3487/1 2911/2420/1
f 2913/2422/1 574/4188/1 1918/2423/1
f 1388/2425/1 588/3481/1 2914/2426/1
f 2916/2428/1 1018/3484/1 2915/2429/1
f 2917/2431/1 587/3489/1 1931/2432/1
f 1109/2434/1 309/4207/1 2918/2435/1
f 2920/2437/1 1019/3480/1 2919/2438/1
f 2921/2440/1 586/3442/1 1930/2441/1
f 1385/2443/1 585/3446/1 2922/2444/1
f 2924/2446/1 1020/3477/1 2923/2447/1
f 2925/2449/1 575/3463/1 1919/2450/1
f 1384/2452/1 584/3470/1 2926/2453/1
f 2928/2455/1 1021/3473/1 2927/2456/1
f 2929/2458/1 583/3479/1 1927/2459/1
f 1232/2461/1 432/3485/1 2930/2462/1
f 2932/2464/1 1022/3469/1 2931/2465/1
f 2933/2467/1 582/3448/1 1926/2468/1
f 1381/2470/1 581/3452/1 2934/2471/1
f 2936/2473/1 1023/3465/1 2935/2474/1
f 2937/2476/1 476/4208/1 1820/2477/1
f 1380/2479/1 580/3458/1 2938/2480/1
f 2940/2482/1 1024/3461/1 2939/2483/1
f 2941/2485/1 579/3468/1 1923/2486/1
f 1233/2488/1 433/4187/1 2942/2489/1
f 2944/2491/1 1025/3457/1 2943/2492/1
f 2945/2494/1 578/3454/1 1922/2495/1
f 1377/2497/1 577/4190/1 2946/2498/1
f 2948/2500/1 1026/3451/1 2947/2501/1
f 2949/2503/1 332/4209/1 1676/2504/1
f 1376/2506/1 576/3488/1 2950/2507/1
f 2952/2509/1 1027/3445/1 2951/2510/1
f 2953/2512/1 431/3459/1 1775/2513/1
f 1253/2515/1 453/4210/1 2954/2516/1
f 2956/2518/1 1028/3439/1 2955/2519/1
f 2957/2521/1 430/4184/1 1774/2522/1
f 1373/2524/1 573/4180/1 2958/2525/1
f 2960/2527/1 1029/3433/1 2959/2528/1
f 2961/2530/1 338/3962/1 1682/2531/1
f 1372/2533/1 572/3521/1 2962/2534/1
f 2964/2536/1 1030/3427/1 2963/2537/1
f 2965/2539/1 427/3492/1 1771/2540/1
f 1249/2542/1 449/4211/1 2966/2543/1
f 2968/2545/1 1031/3421/1 2967/2546/1
f 2969/2548/1 426/4174/1 1770/2549/1
f 1369/2551/1 569/4170/1 2970/2552/1
f 2972/2554/1 1032/3415/1 2971/2555/1
f 2973/2557/1 339/3602/1 1683/2558/1
f 1368/2560/1 568/3554/1 2974/2561/1
f 2976/2563/1 1033/3409/1 2975/2564/1
f 2977/2566/1 423/3525/1 1767/2567/1
f 1256/2569/1 456/3938/1 2978/2570/1
f 2980/2572/1 1034/3403/1 2979/2573/1
f 2981/2575/1 422/4165/1 1766/2576/1
f 1365/2578/1 565/4160/1 2982/2579/1
f 2984/2581/1 1035/3397/1 2983/2582/1
f 2985/2584/1 336/4212/1 1680/2585/1
f 1364/2587/1 564/3587/1 2986/2588/1
f 2988/2590/1 1036/3391/1 2987/2591/1
f 2989/2593/1 419/3558/1 1763/2594/1
f 1257/2596/1 457/4030/1 2990/2597/1
f 2992/2599/1 1037/3385/1 2991/2600/1
f 2993/2602/1 418/4155/1 1762/2603/1
f 1361/2605/1 561/4151/1 2994/2606/1
f 2996/2608/1 1038/3379/1 2995/2609/1
f 2997/2611/1 354/3570/1 1698/2612/1
f 1360/2614/1 560/3618/1 2998/2615/1
f 3000/2617/1 1039/3373/1 2999/2618/1
f 3001/2620/1 415/3591/1 1759/2621/1
f 1245/2623/1 445/3999/1 3002/2624/1
f 3004/2626/1 1040/3367/1 3003/2627/1
f 3005/2629/1 414/4146/1 1758/2630/1
f 1357/2632/1 557/4142/1 3006/2633/1
f 3008/2635/1 1041/3361/1 3007/2636/1
f 3009/2638/1 355/3681/1 1699/2639/1
f 1356/2641/1 556/3660/1 3010/2642/1
f 3012/2644/1 1042/3355/1 3011/2645/1
f 3013/2647/1 411/3622/1 1755/2648/1
f 1260/2650/1 460/3608/1 3014/2651/1
f 3016/2653/1 1043/3349/1 3015/2654/1
f 3017/2656/1 410/4137/1 1754/2657/1
f 1353/2659/1 553/4132/1 3018/2660/1
f 3020/2662/1 1044/3343/1 3019/2663/1
f 3021/2665/1 348/4213/1 1692/2666/1
f 1352/2668/1 552/3701/1 3022/2669/1
f 3024/2671/1 1045/3337/1 3023/2672/1
f 3025/2674/1 407/3664/1 1751/2675/1
f 1261/2677/1 461/3577/1 3026/2678/1
f 3028/2680/1 1046/3331/1 3027/2681/1
f 3029/2683/1 406/4127/1 1750/2684/1
f 1349/2686/1 549/4123/1 3030/2687/1
f 3032/2689/1 1047/3325/1 3031/2690/1
f 3033/2692/1 358/3537/1 1702/2693/1
f 1348/2695/1 548/3743/1 3034/2696/1
f 3036/2698/1 1048/3319/1 3035/2699/1
f 3037/2701/1 403/3705/1 1747/2702/1
f 1244/2704/1 444/3903/1 3038/2705/1
f 3040/2707/1 1049/3313/1 3039/2708/1
f 3041/2710/1 402/4118/1 1746/2711/1
f 1345/2713/1 545/4114/1 3042/2714/1
f 3044/2716/1 1050/3307/1 3043/2717/1
f 3045/2719/1 359/3815/1 1703/2720/1
f 1344/2722/1 544/3795/1 3046/2723/1
f 3048/2725/1 1051/3301/1 3047/2726/1
f 3049/2728/1 399/3747/1 1743/2729/1
f 1264/2731/1 464/3728/1 3050/2732/1
f 3052/2734/1 1052/3295/1 3051/2735/1
f 3053/2737/1 398/4109/1 1742/2738/1
f 1341/2740/1 541/4105/1 3054/2741/1
f 3056/2743/1 1053/3289/1 3055/2744/1
f 3057/2746/1 351/3639/1 1695/2747/1
f 1340/2749/1 540/3835/1 3058/2750/1
f 3060/2752/1 1054/3283/1 3059/2753/1
f 3061/2755/1 395/3799/1 1739/2756/1
f 1265/2758/1 465/3544/1 3062/2759/1
f 3064/2761/1 1055/3277/1 3063/2762/1
f 3065/2764/1 394/4100/1 1738/2765/1
f 1337/2767/1 537/4096/1 3066/2768/1
f 3068/2770/1 1056/3271/1 3067/2771/1
f 3069/2773/1 362/3504/1 1706/2774/1
f 1336/2776/1 536/3877/1 3070/2777/1
f 3072/2779/1 1057/3265/1 3071/2780/1
f 3073/2782/1 391/3839/1 1735/2783/1
f 1237/2785/1 437/4214/1 3074/2786/1
f 3076/2788/1 1058/3259/1 3075/2789/1
f 3077/2791/1 390/4090/1 1734/2792/1
f 1333/2794/1 533/4086/1 3078/2795/1
f 3080/2797/1 1059/3253/1 3079/2798/1
f 3081/2800/1 363/3932/1 1707/2801/1
f 1332/2803/1 532/3917/1 3082/2804/1
f 3084/2806/1 1060/3247/1 3083/2807/1
f 3085/2809/1 387/3881/1 1731/2810/1
f 1268/2812/1 468/3862/1 3086/2813/1
f 3088/2815/1 1061/3241/1 3087/2816/1
f 3089/2818/1 386/4081/1 1730/2819/1
f 1329/2821/1 529/4077/1 3090/2822/1
f 3092/2824/1 1062/3235/1 3091/2825/1
f 3093/2827/1 350/3993/1 1694/2828/1
f 1328/2830/1 528/3947/1 3094/2831/1
f 3096/2833/1 1063/3229/1 3095/2834/1
f 3097/2836/1 383/3921/1 1727/2837/1
f 1269/2839/1 469/3511/1 3098/2840/1
f 3100/2842/1 1064/3223/1 3099/2843/1
f 3101/2845/1 382/4072/1 1726/2846/1
f 1325/2848/1 525/4068/1 3102/2849/1
f 3104/2851/1 1065/3217/1 3103/2852/1
f 3105/2854/1 366/3471/1 1710/2855/1
f 1324/2857/1 524/3978/1 3106/2858/1
f 3108/2860/1 1066/3211/1 3107/2861/1
f 3109/2863/1 379/3951/1 1723/2864/1
f 1241/2866/1 441/4215/1 3110/2867/1
f 3112/2869/1 1067/3205/1 3111/2870/1
f 3113/2872/1 378/4062/1 1722/2873/1
f 1321/2875/1 521/4058/1 3114/2876/1
f 3116/2878/1 1068/3199/1 3115/2879/1
f 3117/2881/1 367/4024/1 1711/2882/1
f 1320/2884/1 520/4008/1 3118/2885/1
f 3120/2887/1 1069/3193/1 3119/2888/1
f 3121/2890/1 375/3982/1 1719/2891/1
f 1272/2893/1 472/3968/1 3122/2894/1
f 3124/2896/1 1070/3187/1 3123/2897/1
f 3125/2899/1 374/4053/1 1718/2900/1
f 1317/2902/1 517/4048/1 3126/2903/1
f 3128/2905/1 1071/3181/1 3127/2906/1
f 3129/2908/1 344/4216/1 1688/2909/1
f 1316/2911/1 516/4039/1 3130/2912/1
f 3132/2914/1 1072/3175/1 3131/2915/1
f 3133/2917/1 371/4012/1 1715/2918/1
f 1273/2920/1 473/3478/1 3134/2921/1
f 3136/2923/1 1073/3169/1 3135/2924/1
f 3137/2926/1 370/4043/1 1714/2927/1
f 1313/2929/1 513/3466/1 3138/2930/1
f 3140/2932/1 1074/3163/1 3139/2933/1
f 3141/2935/1 304/4217/1 1648/2936/1
f 1312/2938/1 512/3958/1 3142/2939/1
f 3144/2941/1 1075/3157/1 3143/2942/1
f 3145/2944/1 327/4034/1 1671/2945/1
f 1281/2947/1 481/4218/1 3146/2948/1
f 3148/2950/1 1076/3151/1 3147/2951/1
f 3149/2953/1 326/3482/1 1670/2954/1
f 1309/2956/1 509/3499/1 3150/2957/1
f 3152/2959/1 1077/3145/1 3151/2960/1
f 3153/2962/1 310/4003/1 1654/2963/1
f 1308/2965/1 508/3846/1 3154/2966/1
f 3156/2968/1 1078/3139/1 3155/2969/1
f 3157/2971/1 323/3942/1 1667/2972/1
f 1277/2974/1 477/4219/1 3158/2975/1
f 3160/2977/1 1079/3133/1 3159/2978/1
f 3161/2980/1 322/3515/1 1666/2981/1
f 1305/2983/1 505/3532/1 3162/2984/1
f 3164/2986/1 1080/3127/1 3163/2987/1
f 3165/2989/1 311/3655/1 1655/2990/1
f 1304/2992/1 504/3712/1 3166/2993/1
f 3168/2995/1 1081/3121/1 3167/2996/1
f 3169/2998/1 319/3830/1 1663/2999/1
f 1284/3001/1 484/3888/1 3170/3002/1
f 3172/3004/1 1082/3115/1 3171/3005/1
f 3173/3007/1 318/3548/1 1662/3008/1
f 1301/3010/1 501/3565/1 3174/3011/1
f 3176/3013/1 1083/3109/1 3175/3014/1
f 3177/3016/1 308/4220/1 1652/3017/1
f 1300/3019/1 500/3598/1 3178/3020/1
f 3180/3022/1 1084/3103/1 3179/3023/1
f 3181/3025/1 315/3696/1 1659/3026/1
f 1285/3028/1 485/3989/1 3182/3029/1
f 3184/3031/1 1085/3097/1 3183/3032/1
f 3185/3034/1 314/3581/1 1658/3035/1
f 1297/3037/1 497/4019/1 3186/3038/1
f 3188/3040/1 1086/3091/1 3187/3041/1
f 3189/3043/1 296/4221/1 1640/3044/1
f 1296/3046/1 496/3928/1 3190/3047/1
f 3192/3049/1 1087/3085/1 3191/3050/1
f 3193/3052/1 299/3612/1 1643/3053/1
f 1289/3055/1 489/4222/1 3194/3056/1
f 3196/3058/1 1088/3079/1 3195/3059/1
f 3197/3061/1 298/3972/1 1642/3062/1
f 1293/3064/1 493/4223/1 3198/3065/1
f 3200/3067/1 1089/3073/1 3199/3068/1
f 3201/3070/1 292/4224/1 1636/3071/1
f 1089/3073/1 3201/3070/1 3202/3072/1
f 3199/3068/1 3202/3072/1 2177/766/1
f 3202/3072/1 1636/3071/1 84/3075/1
f 830/3076/1 3200/3067/1 3203/3069/1
f 2174/794/1 3203/3069/1 1633/769/1
f 3203/3069/1 3199/3068/1 833/3074/1
f 141/3078/1 1293/3064/1 3204/3066/1
f 1630/761/1 3204/3066/1 3200/3067/1
f 3204/3066/1 3198/3065/1 1089/3073/1
f 1088/3079/1 3197/3061/1 3205/3063/1
f 3195/3059/1 3205/3063/1 2173/757/1
f 3205/3063/1 1642/3062/1 90/3081/1
f 826/3082/1 3196/3058/1 3206/3060/1
f 2170/821/1 3206/3060/1 1629/796/1
f 3206/3060/1 3195/3059/1 829/3080/1
f 137/3084/1 1289/3055/1 3207/3057/1
f 1626/752/1 3207/3057/1 3196/3058/1
f 3207/3057/1 3194/3056/1 1088/3079/1
f 1087/3085/1 3193/3052/1 3208/3054/1
f 3191/3050/1 3208/3054/1 2169/748/1
f 3208/3054/1 1643/3053/1 91/3087/1
f 822/3088/1 3192/3049/1 3209/3051/1
f 2166/848/1 3209/3051/1 1625/823/1
f 3209/3051/1 3191/3050/1 825/3086/1
f 144/3090/1 1296/3046/1 3210/3048/1
f 1622/743/1 3210/3048/1 3192/3049/1
f 3210/3048/1 3190/3047/1 1087/3085/1
f 1086/3091/1 3189/3043/1 3211/3045/1
f 3187/3041/1 3211/3045/1 2165/739/1
f 3211/3045/1 1640/3044/1 88/3093/1
f 818/3094/1 3188/3040/1 3212/3042/1
f 2162/875/1 3212/3042/1 1621/850/1
f 3212/3042/1 3187/3041/1 821/3092/1
f 145/3096/1 1297/3037/1 3213/3039/1
f 1618/734/1 3213/3039/1 3188/3040/1
f 3213/3039/1 3186/3038/1 1086/3091/1
f 1085/3097/1 3185/3034/1 3214/3036/1
f 3183/3032/1 3214/3036/1 2161/730/1
f 3214/3036/1 1658/3035/1 106/3099/1
f 814/3100/1 3184/3031/1 3215/3033/1
f 2158/902/1 3215/3033/1 1617/877/1
f 3215/3033/1 3183/3032/1 817/3098/1
f 133/3102/1 1285/3028/1 3216/3030/1
f 1614/725/1 3216/3030/1 3184/3031/1
f 3216/3030/1 3182/3029/1 1085/3097/1
f 1084/3103/1 3181/3025/1 3217/3027/1
f 3179/3023/1 3217/3027/1 2157/721/1
f 3217/3027/1 1659/3026/1 107/3105/1
f 810/3106/1 3180/3022/1 3218/3024/1
f 2154/929/1 3218/3024/1 1613/904/1
f 3218/3024/1 3179/3023/1 813/3104/1
f 148/3108/1 1300/3019/1 3219/3021/1
f 1610/716/1 3219/3021/1 3180/3022/1
f 3219/3021/1 3178/3020/1 1084/3103/1
f 1083/3109/1 3177/3016/1 3220/3018/1
f 3175/3014/1 3220/3018/1 2153/712/1
f 3220/3018/1 1652/3017/1 100/3111/1
f 806/3112/1 3176/3013/1 3221/3015/1
f 2150/956/1 3221/3015/1 1609/931/1
f 3221/3015/1 3175/3014/1 809/3110/1
f 149/3114/1 1301/3010/1 3222/3012/1
f 1606/707/1 3222/3012/1 3176/3013/1
f 3222/3012/1 3174/3011/1 1083/3109/1
f 1082/3115/1 3173/3007/1 3223/3009/1
f 3171/3005/1 3223/3009/1 2149/703/1
f 3223/3009/1 1662/3008/1 110/3117/1
f 802/3118/1 3172/3004/1 3224/3006/1
f 2146/983/1 3224/3006/1 1605/958/1
f 3224/3006/1 3171/3005/1 805/3116/1
f 132/3120/1 1284/3001/1 3225/3003/1
f 1602/698/1 3225/3003/1 3172/3004/1
f 3225/3003/1 3170/3002/1 1082/3115/1
f 1081/3121/1 3169/2998/1 3226/3000/1
f 3167/2996/1 3226/3000/1 2145/694/1
f 3226/3000/1 1663/2999/1 111/3123/1
f 798/3124/1 3168/2995/1 3227/2997/1
f 2142/1010/1 3227/2997/1 1601/985/1
f 3227/2997/1 3167/2996/1 801/3122/1
f 152/3126/1 1304/2992/1 3228/2994/1
f 1598/689/1 3228/2994/1 3168/2995/1
f 3228/2994/1 3166/2993/1 1081/3121/1
f 1080/3127/1 3165/2989/1 3229/2991/1
f 3163/2987/1 3229/2991/1 2141/685/1
f 3229/2991/1 1655/2990/1 103/3129/1
f 794/3130/1 3164/2986/1 3230/2988/1
f 2138/1037/1 3230/2988/1 1597/1012/1
f 3230/2988/1 3163/2987/1 797/3128/1
f 153/3132/1 1305/2983/1 3231/2985/1
f 1594/680/1 3231/2985/1 3164/2986/1
f 3231/2985/1 3162/2984/1 1080/3127/1
f 1079/3133/1 3161/2980/1 3232/2982/1
f 3159/2978/1 3232/2982/1 2137/676/1
f 3232/2982/1 1666/2981/1 114/3135/1
f 790/3136/1 3160/2977/1 3233/2979/1
f 2134/1064/1 3233/2979/1 1593/1039/1
f 3233/2979/1 3159/2978/1 793/3134/1
f 125/3138/1 1277/2974/1 3234/2976/1
f 1590/671/1 3234/2976/1 3160/2977/1
f 3234/2976/1 3158/2975/1 1079/3133/1
f 1078/3139/1 3157/2971/1 3235/2973/1
f 3155/2969/1 3235/2973/1 2133/667/1
f 3235/2973/1 1667/2972/1 115/3141/1
f 786/3142/1 3156/2968/1 3236/2970/1
f 2130/1091/1 3236/2970/1 1589/1066/1
f 3236/2970/1 3155/2969/1 789/3140/1
f 156/3144/1 1308/2965/1 3237/2967/1
f 1586/662/1 3237/2967/1 3156/2968/1
f 3237/2967/1 3154/2966/1 1078/3139/1
f 1077/3145/1 3153/2962/1 3238/2964/1
f 3151/2960/1 3238/2964/1 2129/658/1
f 3238/2964/1 1654/2963/1 102/3147/1
f 782/3148/1 3152/2959/1 3239/2961/1
f 2126/1118/1 3239/2961/1 1585/1093/1
f 3239/2961/1 3151/2960/1 785/3146/1
f 157/3150/1 1309/2956/1 3240/2958/1
f 1582/653/1 3240/2958/1 3152/2959/1
f 3240/2958/1 3150/2957/1 1077/3145/1
f 1076/3151/1 3149/2953/1 3241/2955/1
f 3147/2951/1 3241/2955/1 2125/649/1
f 3241/2955/1 1670/2954/1 118/3153/1
f 778/3154/1 3148/2950/1 3242/2952/1
f 2122/1145/1 3242/2952/1 1581/1120/1
f 3242/2952/1 3147/2951/1 781/3152/1
f 129/3156/1 1281/2947/1 3243/2949/1
f 1578/644/1 3243/2949/1 3148/2950/1
f 3243/2949/1 3146/2948/1 1076/3151/1
f 1075/3157/1 3145/2944/1 3244/2946/1
f 3143/2942/1 3244/2946/1 2121/640/1
f 3244/2946/1 1671/2945/1 119/3159/1
f 774/3160/1 3144/2941/1 3245/2943/1
f 2118/1172/1 3245/2943/1 1577/1147/1
f 3245/2943/1 3143/2942/1 777/3158/1
f 160/3162/1 1312/2938/1 3246/2940/1
f 1574/635/1 3246/2940/1 3144/2941/1
f 3246/2940/1 3142/2939/1 1075/3157/1
f 1074/3163/1 3141/2935/1 3247/2937/1
f 3139/2933/1 3247/2937/1 2117/631/1
f 3247/2937/1 1648/2936/1 96/3165/1
f 770/3166/1 3140/2932/1 3248/2934/1
f 2114/1199/1 3248/2934/1 1573/1174/1
f 3248/2934/1 3139/2933/1 773/3164/1
f 161/3168/1 1313/2929/1 3249/2931/1
f 1570/626/1 3249/2931/1 3140/2932/1
f 3249/2931/1 3138/2930/1 1074/3163/1
f 1073/3169/1 3137/2926/1 3250/2928/1
f 3135/2924/1 3250/2928/1 2113/622/1
f 3250/2928/1 1714/2927/1 162/3171/1
f 766/3172/1 3136/2923/1 3251/2925/1
f 2110/1226/1 3251/2925/1 1569/1201/1
f 3251/2925/1 3135/2924/1 769/3170/1
f 121/3174/1 1273/2920/1 3252/2922/1
f 1566/617/1 3252/2922/1 3136/2923/1
f 3252/2922/1 3134/2921/1 1073/3169/1
f 1072/3175/1 3133/2917/1 3253/2919/1
f 3131/2915/1 3253/2919/1 2109/613/1
f 3253/2919/1 1715/2918/1 163/3177/1
f 762/3178/1 3132/2914/1 3254/2916/1
f 2106/1253/1 3254/2916/1 1565/1228/1
f 3254/2916/1 3131/2915/1 765/3176/1
f 164/3180/1 1316/2911/1 3255/2913/1
f 1562/608/1 3255/2913/1 3132/2914/1
f 3255/2913/1 3130/2912/1 1072/3175/1
f 1071/3181/1 3129/2908/1 3256/2910/1
f 3127/2906/1 3256/2910/1 2105/604/1
f 3256/2910/1 1688/2909/1 136/3183/1
f 758/3184/1 3128/2905/1 3257/2907/1
f 2102/1280/1 3257/2907/1 1561/1255/1
f 3257/2907/1 3127/2906/1 761/3182/1
f 165/3186/1 1317/2902/1 3258/2904/1
f 1558/599/1 3258/2904/1 3128/2905/1
f 3258/2904/1 3126/2903/1 1071/3181/1
f 1070/3187/1 3125/2899/1 3259/2901/1
f 3123/2897/1 3259/2901/1 2101/595/1
f 3259/2901/1 1718/2900/1 166/3189/1
f 754/3190/1 3124/2896/1 3260/2898/1
f 2098/1307/1 3260/2898/1 1557/1282/1
f 3260/2898/1 3123/2897/1 757/3188/1
f 120/3192/1 1272/2893/1 3261/2895/1
f 1554/590/1 3261/2895/1 3124/2896/1
f 3261/2895/1 3122/2894/1 1070/3187/1
f 1069/3193/1 3121/2890/1 3262/2892/1
f 3119/2888/1 3262/2892/1 2097/586/1
f 3262/2892/1 1719/2891/1 167/3195/1
f 750/3196/1 3120/2887/1 3263/2889/1
f 2094/1334/1 3263/2889/1 1553/1309/1
f 3263/2889/1 3119/2888/1 753/3194/1
f 168/3198/1 1320/2884/1 3264/2886/1
f 1550/581/1 3264/2886/1 3120/2887/1
f 3264/2886/1 3118/2885/1 1069/3193/1
f 1068/3199/1 3117/2881/1 3265/2883/1
f 3115/2879/1 3265/2883/1 2093/577/1
f 3265/2883/1 1711/2882/1 159/3201/1
f 746/3202/1 3116/2878/1 3266/2880/1
f 2090/1361/1 3266/2880/1 1549/1336/1
f 3266/2880/1 3115/2879/1 749/3200/1
f 169/3204/1 1321/2875/1 3267/2877/1
f 1546/572/1 3267/2877/1 3116/2878/1
f 3267/2877/1 3114/2876/1 1068/3199/1
f 1067/3205/1 3113/2872/1 3268/2874/1
f 3111/2870/1 3268/2874/1 2089/568/1
f 3268/2874/1 1722/2873/1 170/3207/1
f 742/3208/1 3112/2869/1 3269/2871/1
f 2086/1388/1 3269/2871/1 1545/1363/1
f 3269/2871/1 3111/2870/1 745/3206/1
f 89/3210/1 1241/2866/1 3270/2868/1
f 1542/563/1 3270/2868/1 3112/2869/1
f 3270/2868/1 3110/2867/1 1067/3205/1
f 1066/3211/1 3109/2863/1 3271/2865/1
f 3107/2861/1 3271/2865/1 2085/559/1
f 3271/2865/1 1723/2864/1 171/3213/1
f 738/3214/1 3108/2860/1 3272/2862/1
f 2082/1415/1 3272/2862/1 1541/1390/1
f 3272/2862/1 3107/2861/1 741/3212/1
f 172/3216/1 1324/2857/1 3273/2859/1
f 1538/554/1 3273/2859/1 3108/2860/1
f 3273/2859/1 3106/2858/1 1066/3211/1
f 1065/3217/1 3105/2854/1 3274/2856/1
f 3103/2852/1 3274/2856/1 2081/550/1
f 3274/2856/1 1710/2855/1 158/3219/1
f 734/3220/1 3104/2851/1 3275/2853/1
f 2078/1442/1 3275/2853/1 1537/1417/1
f 3275/2853/1 3103/2852/1 737/3218/1
f 173/3222/1 1325/2848/1 3276/2850/1
f 1534/545/1 3276/2850/1 3104/2851/1
f 3276/2850/1 3102/2849/1 1065/3217/1
f 1064/3223/1 3101/2845/1 3277/2847/1
f 3099/2843/1 3277/2847/1 2077/541/1
f 3277/2847/1 1726/2846/1 174/3225/1
f 730/3226/1 3100/2842/1 3278/2844/1
f 2074/1469/1 3278/2844/1 1533/1444/1
f 3278/2844/1 3099/2843/1 733/3224/1
f 117/3228/1 1269/2839/1 3279/2841/1
f 1530/536/1 3279/2841/1 3100/2842/1
f 3279/2841/1 3098/2840/1 1064/3223/1
f 1063/3229/1 3097/2836/1 3280/2838/1
f 3095/2834/1 3280/2838/1 2073/532/1
f 3280/2838/1 1727/2837/1 175/3231/1
f 726/3232/1 3096/2833/1 3281/2835/1
f 2070/1496/1 3281/2835/1 1529/1471/1
f 3281/2835/1 3095/2834/1 729/3230/1
f 176/3234/1 1328/2830/1 3282/2832/1
f 1526/527/1 3282/2832/1 3096/2833/1
f 3282/2832/1 3094/2831/1 1063/3229/1
f 1062/3235/1 3093/2827/1 3283/2829/1
f 3091/2825/1 3283/2829/1 2069/523/1
f 3283/2829/1 1694/2828/1 142/3237/1
f 722/3238/1 3092/2824/1 3284/2826/1
f 2066/1523/1 3284/2826/1 1525/1498/1
f 3284/2826/1 3091/2825/1 725/3236/1
f 177/3240/1 1329/2821/1 3285/2823/1
f 1522/518/1 3285/2823/1 3092/2824/1
f 3285/2823/1 3090/2822/1 1062/3235/1
f 1061/3241/1 3089/2818/1 3286/2820/1
f 3087/2816/1 3286/2820/1 2065/514/1
f 3286/2820/1 1730/2819/1 178/3243/1
f 718/3244/1 3088/2815/1 3287/2817/1
f 2062/1550/1 3287/2817/1 1521/1525/1
f 3287/2817/1 3087/2816/1 721/3242/1
f 116/3246/1 1268/2812/1 3288/2814/1
f 1518/509/1 3288/2814/1 3088/2815/1
f 3288/2814/1 3086/2813/1 1061/3241/1
f 1060/3247/1 3085/2809/1 3289/2811/1
f 3083/2807/1 3289/2811/1 2061/505/1
f 3289/2811/1 1731/2810/1 179/3249/1
f 714/3250/1 3084/2806/1 3290/2808/1
f 2058/1577/1 3290/2808/1 1517/1552/1
f 3290/2808/1 3083/2807/1 717/3248/1
f 180/3252/1 1332/2803/1 3291/2805/1
f 1514/500/1 3291/2805/1 3084/2806/1
f 3291/2805/1 3082/2804/1 1060/3247/1
f 1059/3253/1 3081/2800/1 3292/2802/1
f 3079/2798/1 3292/2802/1 2057/496/1
f 3292/2802/1 1707/2801/1 155/3255/1
f 710/3256/1 3080/2797/1 3293/2799/1
f 2054/1604/1 3293/2799/1 1513/1579/1
f 3293/2799/1 3079/2798/1 713/3254/1
f 181/3258/1 1333/2794/1 3294/2796/1
f 1510/491/1 3294/2796/1 3080/2797/1
f 3294/2796/1 3078/2795/1 1059/3253/1
f 1058/3259/1 3077/2791/1 3295/2793/1
f 3075/2789/1 3295/2793/1 2053/487/1
f 3295/2793/1 1734/2792/1 182/3261/1
f 706/3262/1 3076/2788/1 3296/2790/1
f 2050/1631/1 3296/2790/1 1509/1606/1
f 3296/2790/1 3075/2789/1 709/3260/1
f 85/3264/1 1237/2785/1 3297/2787/1
f 1506/482/1 3297/2787/1 3076/2788/1
f 3297/2787/1 3074/2786/1 1058/3259/1
f 1057/3265/1 3073/2782/1 3298/2784/1
f 3071/2780/1 3298/2784/1 2049/478/1
f 3298/2784/1 1735/2783/1 183/3267/1
f 702/3268/1 3072/2779/1 3299/2781/1
f 2046/1658/1 3299/2781/1 1505/1633/1
f 3299/2781/1 3071/2780/1 705/3266/1
f 184/3270/1 1336/2776/1 3300/2778/1
f 1502/473/1 3300/2778/1 3072/2779/1
f 3300/2778/1 3070/2777/1 1057/3265/1
f 1056/3271/1 3069/2773/1 3301/2775/1
f 3067/2771/1 3301/2775/1 2045/469/1
f 3301/2775/1 1706/2774/1 154/3273/1
f 698/3274/1 3068/2770/1 3302/2772/1
f 2042/1685/1 3302/2772/1 1501/1660/1
f 3302/2772/1 3067/2771/1 701/3272/1
f 185/3276/1 1337/2767/1 3303/2769/1
f 1498/464/1 3303/2769/1 3068/2770/1
f 3303/2769/1 3066/2768/1 1056/3271/1
f 1055/3277/1 3065/2764/1 3304/2766/1
f 3063/2762/1 3304/2766/1 2041/460/1
f 3304/2766/1 1738/2765/1 186/3279/1
f 694/3280/1 3064/2761/1 3305/2763/1
f 2038/1712/1 3305/2763/1 1497/1687/1
f 3305/2763/1 3063/2762/1 697/3278/1
f 113/3282/1 1265/2758/1 3306/2760/1
f 1494/455/1 3306/2760/1 3064/2761/1
f 3306/2760/1 3062/2759/1 1055/3277/1
f 1054/3283/1 3061/2755/1 3307/2757/1
f 3059/2753/1 3307/2757/1 2037/451/1
f 3307/2757/1 1739/2756/1 187/3285/1
f 690/3286/1 3060/2752/1 3308/2754/1
f 2034/1739/1 3308/2754/1 1493/1714/1
f 3308/2754/1 3059/2753/1 693/3284/1
f 188/3288/1 1340/2749/1 3309/2751/1
f 1490/446/1 3309/2751/1 3060/2752/1
f 3309/2751/1 3058/2750/1 1054/3283/1
f 1053/3289/1 3057/2746/1 3310/2748/1
f 3055/2744/1 3310/2748/1 2033/442/1
f 3310/2748/1 1695/2747/1 143/3291/1
f 686/3292/1 3056/2743/1 3311/2745/1
f 2030/1766/1 3311/2745/1 1489/1741/1
f 3311/2745/1 3055/2744/1 689/3290/1
f 189/3294/1 1341/2740/1 3312/2742/1
f 1486/437/1 3312/2742/1 3056/2743/1
f 3312/2742/1 3054/2741/1 1053/3289/1
f 1052/3295/1 3053/2737/1 3313/2739/1
f 3051/2735/1 3313/2739/1 2029/433/1
f 3313/2739/1 1742/2738/1 190/3297/1
f 682/3298/1 3052/2734/1 3314/2736/1
f 2026/1793/1 3314/2736/1 1485/1768/1
f 3314/2736/1 3051/2735/1 685/3296/1
f 112/3300/1 1264/2731/1 3315/2733/1
f 1482/428/1 3315/2733/1 3052/2734/1
f 3315/2733/1 3050/2732/1 1052/3295/1
f 1051/3301/1 3049/2728/1 3316/2730/1
f 3047/2726/1 3316/2730/1 2025/424/1
f 3316/2730/1 1743/2729/1 191/3303/1
f 678/3304/1 3048/2725/1 3317/2727/1
f 2022/1820/1 3317/2727/1 1481/1795/1
f 3317/2727/1 3047/2726/1 681/3302/1
f 192/3306/1 1344/2722/1 3318/2724/1
f 1478/419/1 3318/2724/1 3048/2725/1
f 3318/2724/1 3046/2723/1 1051/3301/1
f 1050/3307/1 3045/2719/1 3319/2721/1
f 3043/2717/1 3319/2721/1 2021/415/1
f 3319/2721/1 1703/2720/1 151/3309/1
f 674/3310/1 3044/2716/1 3320/2718/1
f 2018/1847/1 3320/2718/1 1477/1822/1
f 3320/2718/1 3043/2717/1 677/3308/1
f 193/3312/1 1345/2713/1 3321/2715/1
f 1474/410/1 3321/2715/1 3044/2716/1
f 3321/2715/1 3042/2714/1 1050/3307/1
f 1049/3313/1 3041/2710/1 3322/2712/1
f 3039/2708/1 3322/2712/1 2017/406/1
f 3322/2712/1 1746/2711/1 194/3315/1
f 670/3316/1 3040/2707/1 3323/2709/1
f 2014/1874/1 3323/2709/1 1473/1849/1
f 3323/2709/1 3039/2708/1 673/3314/1
f 92/3318/1 1244/2704/1 3324/2706/1
f 1470/401/1 3324/2706/1 3040/2707/1
f 3324/2706/1 3038/2705/1 1049/3313/1
f 1048/3319/1 3037/2701/1 3325/2703/1
f 3035/2699/1 3325/2703/1 2013/397/1
f 3325/2703/1 1747/2702/1 195/3321/1
f 666/3322/1 3036/2698/1 3326/2700/1
f 2010/1901/1 3326/2700/1 1469/1876/1
f 3326/2700/1 3035/2699/1 669/3320/1
f 196/3324/1 1348/2695/1 3327/2697/1
f 1466/392/1 3327/2697/1 3036/2698/1
f 3327/2697/1 3034/2696/1 1048/3319/1
f 1047/3325/1 3033/2692/1 3328/2694/1
f 3031/2690/1 3328/2694/1 2009/388/1
f 3328/2694/1 1702/2693/1 150/3327/1
f 662/3328/1 3032/2689/1 3329/2691/1
f 2006/1928/1 3329/2691/1 1465/1903/1
f 3329/2691/1 3031/2690/1 665/3326/1
f 197/3330/1 1349/2686/1 3330/2688/1
f 1462/383/1 3330/2688/1 3032/2689/1
f 3330/2688/1 3030/2687/1 1047/3325/1
f 1046/3331/1 3029/2683/1 3331/2685/1
f 3027/2681/1 3331/2685/1 2005/379/1
f 3331/2685/1 1750/2684/1 198/3333/1
f 658/3334/1 3028/2680/1 3332/2682/1
f 2002/1955/1 3332/2682/1 1461/1930/1
f 3332/2682/1 3027/2681/1 661/3332/1
f 109/3336/1 1261/2677/1 3333/2679/1
f 1458/374/1 3333/2679/1 3028/2680/1
f 3333/2679/1 3026/2678/1 1046/3331/1
f 1045/3337/1 3025/2674/1 3334/2676/1
f 3023/2672/1 3334/2676/1 2001/370/1
f 3334/2676/1 1751/2675/1 199/3339/1
f 654/3340/1 3024/2671/1 3335/2673/1
f 1998/1982/1 3335/2673/1 1457/1957/1
f 3335/2673/1 3023/2672/1 657/3338/1
f 200/3342/1 1352/2668/1 3336/2670/1
f 1454/365/1 3336/2670/1 3024/2671/1
f 3336/2670/1 3022/2669/1 1045/3337/1
f 1044/3343/1 3021/2665/1 3337/2667/1
f 3019/2663/1 3337/2667/1 1997/361/1
f 3337/2667/1 1692/2666/1 140/3345/1
f 650/3346/1 3020/2662/1 3338/2664/1
f 1994/2009/1 3338/2664/1 1453/1984/1
f 3338/2664/1 3019/2663/1 653/3344/1
f 201/3348/1 1353/2659/1 3339/2661/1
f 1450/356/1 3339/2661/1 3020/2662/1
f 3339/2661/1 3018/2660/1 1044/3343/1
f 1043/3349/1 3017/2656/1 3340/2658/1
f 3015/2654/1 3340/2658/1 1993/352/1
f 3340/2658/1 1754/2657/1 202/3351/1
f 646/3352/1 3016/2653/1 3341/2655/1
f 1990/2036/1 3341/2655/1 1449/2011/1
f 3341/2655/1 3015/2654/1 649/3350/1
f 108/3354/1 1260/2650/1 3342/2652/1
f 1446/347/1 3342/2652/1 3016/2653/1
f 3342/2652/1 3014/2651/1 1043/3349/1
f 1042/3355/1 3013/2647/1 3343/2649/1
f 3011/2645/1 3343/2649/1 1989/343/1
f 3343/2649/1 1755/2648/1 203/3357/1
f 642/3358/1 3012/2644/1 3344/2646/1
f 1986/2063/1 3344/2646/1 1445/2038/1
f 3344/2646/1 3011/2645/1 645/3356/1
f 204/3360/1 1356/2641/1 3345/2643/1
f 1442/338/1 3345/2643/1 3012/2644/1
f 3345/2643/1 3010/2642/1 1042/3355/1
f 1041/3361/1 3009/2638/1 3346/2640/1
f 3007/2636/1 3346/2640/1 1985/334/1
f 3346/2640/1 1699/2639/1 147/3363/1
f 638/3364/1 3008/2635/1 3347/2637/1
f 1982/2090/1 3347/2637/1 1441/2065/1
f 3347/2637/1 3007/2636/1 641/3362/1
f 205/3366/1 1357/2632/1 3348/2634/1
f 1438/329/1 3348/2634/1 3008/2635/1
f 3348/2634/1 3006/2633/1 1041/3361/1
f 1040/3367/1 3005/2629/1 3349/2631/1
f 3003/2627/1 3349/2631/1 1981/325/1
f 3349/2631/1 1758/2630/1 206/3369/1
f 634/3370/1 3004/2626/1 3350/2628/1
f 1978/2117/1 3350/2628/1 1437/2092/1
f 3350/2628/1 3003/2627/1 637/3368/1
f 93/3372/1 1245/2623/1 3351/2625/1
f 1434/320/1 3351/2625/1 3004/2626/1
f 3351/2625/1 3002/2624/1 1040/3367/1
f 1039/3373/1 3001/2620/1 3352/2622/1
f 2999/2618/1 3352/2622/1 1977/316/1
f 3352/2622/1 1759/2621/1 207/3375/1
f 630/3376/1 3000/2617/1 3353/2619/1
f 1974/2144/1 3353/2619/1 1433/2119/1
f 3353/2619/1 2999/2618/1 633/3374/1
f 208/3378/1 1360/2614/1 3354/2616/1
f 1430/311/1 3354/2616/1 3000/2617/1
f 3354/2616/1 2998/2615/1 1039/3373/1
f 1038/3379/1 2997/2611/1 3355/2613/1
f 2995/2609/1 3355/2613/1 1973/307/1
f 3355/2613/1 1698/2612/1 146/3381/1
f 626/3382/1 2996/2608/1 3356/2610/1
f 1970/2171/1 3356/2610/1 1429/2146/1
f 3356/2610/1 2995/2609/1 629/3380/1
f 209/3384/1 1361/2605/1 3357/2607/1
f 1426/302/1 3357/2607/1 2996/2608/1
f 3357/2607/1 2994/2606/1 1038/3379/1
f 1037/3385/1 2993/2602/1 3358/2604/1
f 2991/2600/1 3358/2604/1 1969/298/1
f 3358/2604/1 1762/2603/1 210/3387/1
f 622/3388/1 2992/2599/1 3359/2601/1
f 1966/2198/1 3359/2601/1 1425/2173/1
f 3359/2601/1 2991/2600/1 625/3386/1
f 105/3390/1 1257/2596/1 3360/2598/1
f 1422/293/1 3360/2598/1 2992/2599/1
f 3360/2598/1 2990/2597/1 1037/3385/1
f 1036/3391/1 2989/2593/1 3361/2595/1
f 2987/2591/1 3361/2595/1 1965/289/1
f 3361/2595/1 1763/2594/1 211/3393/1
f 618/3394/1 2988/2590/1 3362/2592/1
f 1962/2225/1 3362/2592/1 1421/2200/1
f 3362/2592/1 2987/2591/1 621/3392/1
f 212/3396/1 1364/2587/1 3363/2589/1
f 1418/284/1 3363/2589/1 2988/2590/1
f 3363/2589/1 2986/2588/1 1036/3391/1
f 1035/3397/1 2985/2584/1 3364/2586/1
f 2983/2582/1 3364/2586/1 1961/280/1
f 3364/2586/1 1680/2585/1 128/3399/1
f 614/3400/1 2984/2581/1 3365/2583/1
f 1958/2252/1 3365/2583/1 1417/2227/1
f 3365/2583/1 2983/2582/1 617/3398/1
f 213/3402/1 1365/2578/1 3366/2580/1
f 1414/275/1 3366/2580/1 2984/2581/1
f 3366/2580/1 2982/2579/1 1035/3397/1
f 1034/3403/1 2981/2575/1 3367/2577/1
f 2979/2573/1 3367/2577/1 1957/271/1
f 3367/2577/1 1766/2576/1 214/3405/1
f 610/3406/1 2980/2572/1 3368/2574/1
f 1954/2279/1 3368/2574/1 1413/2254/1
f 3368/2574/1 2979/2573/1 613/3404/1
f 104/3408/1 1256/2569/1 3369/2571/1
f 1410/266/1 3369/2571/1 2980/2572/1
f 3369/2571/1 2978/2570/1 1034/3403/1
f 1033/3409/1 2977/2566/1 3370/2568/1
f 2975/2564/1 3370/2568/1 1953/262/1
f 3370/2568/1 1767/2567/1 215/3411/1
f 606/3412/1 2976/2563/1 3371/2565/1
f 1950/2306/1 3371/2565/1 1409/2281/1
f 3371/2565/1 2975/2564/1 609/3410/1
f 216/3414/1 1368/2560/1 3372/2562/1
f 1406/257/1 3372/2562/1 2976/2563/1
f 3372/2562/1 2974/2561/1 1033/3409/1
f 1032/3415/1 2973/2557/1 3373/2559/1
f 2971/2555/1 3373/2559/1 1949/253/1
f 3373/2559/1 1683/2558/1 131/3417/1
f 602/3418/1 2972/2554/1 3374/2556/1
f 1946/2333/1 3374/2556/1 1405/2308/1
f 3374/2556/1 2971/2555/1 605/3416/1
f 217/3420/1 1369/2551/1 3375/2553/1
f 1402/248/1 3375/2553/1 2972/2554/1
f 3375/2553/1 2970/2552/1 1032/3415/1
f 1031/3421/1 2969/2548/1 3376/2550/1
f 2967/2546/1 3376/2550/1 1945/244/1
f 3376/2550/1 1770/2549/1 218/3423/1
f 598/3424/1 2968/2545/1 3377/2547/1
f 1942/2360/1 3377/2547/1 1401/2335/1
f 3377/2547/1 2967/2546/1 601/3422/1
f 97/3426/1 1249/2542/1 3378/2544/1
f 1398/239/1 3378/2544/1 2968/2545/1
f 3378/2544/1 2966/2543/1 1031/3421/1
f 1030/3427/1 2965/2539/1 3379/2541/1
f 2963/2537/1 3379/2541/1 1941/235/1
f 3379/2541/1 1771/2540/1 219/3429/1
f 594/3430/1 2964/2536/1 3380/2538/1
f 1938/2387/1 3380/2538/1 1397/2362/1
f 3380/2538/1 2963/2537/1 597/3428/1
f 220/3432/1 1372/2533/1 3381/2535/1
f 1394/230/1 3381/2535/1 2964/2536/1
f 3381/2535/1 2962/2534/1 1030/3427/1
f 1029/3433/1 2961/2530/1 3382/2532/1
f 2959/2528/1 3382/2532/1 1937/226/1
f 3382/2532/1 1682/2531/1 130/3435/1
f 590/3436/1 2960/2527/1 3383/2529/1
f 1934/2414/1 3383/2529/1 1393/2389/1
f 3383/2529/1 2959/2528/1 593/3434/1
f 221/3438/1 1373/2524/1 3384/2526/1
f 1390/221/1 3384/2526/1 2960/2527/1
f 3384/2526/1 2958/2525/1 1029/3433/1
f 1028/3439/1 2957/2521/1 3385/2523/1
f 2955/2519/1 3385/2523/1 1933/217/1
f 3385/2523/1 1774/2522/1 222/3441/1
f 586/3442/1 2956/2518/1 3386/2520/1
f 1930/2441/1 3386/2520/1 1389/2416/1
f 3386/2520/1 2955/2519/1 589/3440/1
f 101/3444/1 1253/2515/1 3387/2517/1
f 1386/212/1 3387/2517/1 2956/2518/1
f 3387/2517/1 2954/2516/1 1028/3439/1
f 1027/3445/1 2953/2512/1 3388/2514/1
f 2951/2510/1 3388/2514/1 1929/208/1
f 3388/2514/1 1775/2513/1 223/3447/1
f 582/3448/1 2952/2509/1 3389/2511/1
f 1926/2468/1 3389/2511/1 1385/2443/1
f 3389/2511/1 2951/2510/1 585/3446/1
f 224/3450/1 1376/2506/1 3390/2508/1
f 1382/203/1 3390/2508/1 2952/2509/1
f 3390/2508/1 2950/2507/1 1027/3445/1
f 1026/3451/1 2949/2503/1 3391/2505/1
f 2947/2501/1 3391/2505/1 1925/199/1
f 3391/2505/1 1676/2504/1 124/3453/1
f 578/3454/1 2948/2500/1 3392/2502/1
f 1922/2495/1 3392/2502/1 1381/2470/1
f 3392/2502/1 2947/2501/1 581/3452/1
f 225/3456/1 1377/2497/1 3393/2499/1
f 1378/194/1 3393/2499/1 2948/2500/1
f 3393/2499/1 2946/2498/1 1026/3451/1
f 1025/3457/1 2945/2494/1 3394/2496/1
f 2943/2492/1 3394/2496/1 1924/196/1
f 3394/2496/1 1922/2495/1 226/3455/1
f 431/3459/1 2944/2491/1 3395/2493/1
f 1775/2513/1 3395/2493/1 1380/2479/1
f 3395/2493/1 2943/2492/1 580/3458/1
f 81/3460/1 1233/2488/1 3396/2490/1
f 1231/188/1 3396/2490/1 2944/2491/1
f 3396/2490/1 2942/2489/1 1025/3457/1
f 1024/3461/1 2941/2485/1 3397/2487/1
f 2939/2483/1 3397/2487/1 1713/625/1
f 3397/2487/1 1923/2486/1 161/3168/1
f 575/3463/1 2940/2482/1 3398/2484/1
f 1919/2450/1 3398/2484/1 1169/1192/1
f 3398/2484/1 2939/2483/1 369/3462/1
f 223/3447/1 1380/2479/1 3399/2481/1
f 1375/209/1 3399/2481/1 2940/2482/1
f 3399/2481/1 2938/2480/1 1024/3461/1
f 1023/3465/1 2937/2476/1 3400/2478/1
f 2935/2474/1 3400/2478/1 1857/46/1
f 3400/2478/1 1820/2477/1 12/3467/1
f 579/3468/1 2936/2473/1 3401/2475/1
f 1923/2486/1 3401/2475/1 1313/2929/1
f 3401/2475/1 2935/2474/1 513/3466/1
f 226/3455/1 1381/2470/1 3402/2472/1
f 1379/197/1 3402/2472/1 2936/2473/1
f 3402/2472/1 2934/2471/1 1023/3465/1
f 1022/3469/1 2933/2467/1 3403/2469/1
f 2931/2465/1 3403/2469/1 1928/205/1
f 3403/2469/1 1926/2468/1 227/3449/1
f 366/3471/1 2932/2464/1 3404/2466/1
f 1710/2855/1 3404/2466/1 1384/2452/1
f 3404/2466/1 2931/2465/1 584/3470/1
f 62/3472/1 1232/2461/1 3405/2463/1
f 1166/74/1 3405/2463/1 2932/2464/1
f 3405/2463/1 2930/2462/1 1022/3469/1
f 1021/3473/1 2929/2458/1 3406/2460/1
f 2927/2456/1 3406/2460/1 1673/616/1
f 3406/2460/1 1927/2459/1 121/3174/1
f 510/3475/1 2928/2455/1 3407/2457/1
f 1854/1424/1 3407/2457/1 1129/1219/1
f 3407/2457/1 2927/2456/1 329/3474/1
f 158/3219/1 1384/2452/1 3408/2454/1
f 1310/551/1 3408/2454/1 2928/2455/1
f 3408/2454/1 2926/2453/1 1021/3473/1
f 1020/3477/1 2925/2449/1 3409/2451/1
f 2923/2447/1 3409/2451/1 1817/49/1
f 3409/2451/1 1919/2450/1 65/3464/1
f 583/3479/1 2924/2446/1 3410/2448/1
f 1927/2459/1 3410/2448/1 1273/2920/1
f 3410/2448/1 2923/2447/1 473/3478/1
f 227/3449/1 1385/2443/1 3411/2445/1
f 1383/206/1 3411/2445/1 2924/2446/1
f 3411/2445/1 2922/2444/1 1020/3477/1
f 1019/3480/1 2921/2440/1 3412/2442/1
f 2919/2438/1 3412/2442/1 1932/214/1
f 3412/2442/1 1930/2441/1 228/3443/1
f 326/3482/1 2920/2437/1 3413/2439/1
f 1670/2954/1 3413/2439/1 1388/2425/1
f 3413/2439/1 2919/2438/1 588/3481/1
f 17/3483/1 1109/2434/1 3414/2436/1
f 1126/41/1 3414/2436/1 2920/2437/1
f 3414/2436/1 2918/2435/1 1019/3480/1
f 1018/3484/1 2917/2431/1 3415/2433/1
f 2915/2429/1 3415/2433/1 1776/202/1
f 3415/2433/1 1931/2432/1 224/3450/1
f 470/3486/1 2916/2428/1 3416/2430/1
f 1814/1127/1 3416/2430/1 1232/2461/1
f 3416/2430/1 2915/2429/1 432/3485/1
f 118/3153/1 1388/2425/1 3417/2427/1
f 1270/650/1 3417/2427/1 2916/2428/1
f 3417/2427/1 2914/2426/1 1018/3484/1
f 1017/3487/1 2913/2422/1 3418/2424/1
f 2911/2420/1 3418/2424/1 1920/187/1
f 3418/2424/1 1918/2423/1 81/3460/1
f 587/3489/1 2912/2419/1 3419/2421/1
f 1931/2432/1 3419/2421/1 1376/2506/1
f 3419/2421/1 2911/2420/1 576/3488/1
f 228/3443/1 1389/2416/1 3420/2418/1
f 1387/215/1 3420/2418/1 2912/2419/1
f 3420/2418/1 2910/2417/1 1017/3487/1
f 1016/3490/1 2909/2413/1 3421/2415/1
f 2907/2411/1 3421/2415/1 1936/223/1
f 3421/2415/1 1934/2414/1 229/3437/1
f 427/3492/1 2908/2410/1 3422/2412/1
f 1771/2540/1 3422/2412/1 1392/2398/1
f 3422/2412/1 2907/2411/1 592/3491/1
f 80/3493/1 1229/2407/1 3423/2409/1
f 1227/179/1 3423/2409/1 2908/2410/1
f 3423/2409/1 2906/2408/1 1016/3490/1
f 1015/3494/1 2905/2404/1 3424/2406/1
f 2903/2402/1 3424/2406/1 1709/652/1
f 3424/2406/1 1935/2405/1 157/3150/1
f 571/3496/1 2904/2401/1 3425/2403/1
f 1915/2369/1 3425/2403/1 1165/1111/1
f 3425/2403/1 2903/2402/1 365/3495/1
f 219/3429/1 1392/2398/1 3426/2400/1
f 1371/236/1 3426/2400/1 2904/2401/1
f 3426/2400/1 2902/2399/1 1015/3494/1
f 1014/3498/1 2901/2395/1 3427/2397/1
f 2899/2393/1 3427/2397/1 1853/37/1
f 3427/2397/1 1826/2396/1 18/3500/1
f 591/3501/1 2900/2392/1 3428/2394/1
f 1935/2405/1 3428/2394/1 1309/2956/1
f 3428/2394/1 2899/2393/1 509/3499/1
f 229/3437/1 1393/2389/1 3429/2391/1
f 1391/224/1 3429/2391/1 2900/2392/1
f 3429/2391/1 2898/2390/1 1014/3498/1
f 1013/3502/1 2897/2386/1 3430/2388/1
f 2895/2384/1 3430/2388/1 1940/232/1
f 3430/2388/1 1938/2387/1 230/3431/1
f 362/3504/1 2896/2383/1 3431/2385/1
f 1706/2774/1 3431/2385/1 1396/2371/1
f 3431/2385/1 2895/2384/1 596/3503/1
f 58/3505/1 1228/2380/1 3432/2382/1
f 1162/101/1 3432/2382/1 2896/2383/1
f 3432/2382/1 2894/2381/1 1013/3502/1
f 1012/3506/1 2893/2377/1 3433/2379/1
f 2891/2375/1 3433/2379/1 1669/535/1
f 3433/2379/1 1939/2378/1 117/3228/1
f 506/3508/1 2892/2374/1 3434/2376/1
f 1850/1667/1 3434/2376/1 1125/1462/1
f 3434/2376/1 2891/2375/1 325/3507/1
f 154/3273/1 1396/2371/1 3435/2373/1
f 1306/470/1 3435/2373/1 2892/2374/1
f 3435/2373/1 2890/2372/1 1012/3506/1
f 1011/3510/1 2889/2368/1 3436/2370/1
f 2887/2366/1 3436/2370/1 1813/76/1
f 3436/2370/1 1915/2369/1 61/3497/1
f 595/3512/1 2888/2365/1 3437/2367/1
f 1939/2378/1 3437/2367/1 1269/2839/1
f 3437/2367/1 2887/2366/1 469/3511/1
f 230/3431/1 1397/2362/1 3438/2364/1
f 1395/233/1 3438/2364/1 2888/2365/1
f 3438/2364/1 2886/2363/1 1011/3510/1
f 1010/3513/1 2885/2359/1 3439/2361/1
f 2883/2357/1 3439/2361/1 1944/241/1
f 3439/2361/1 1942/2360/1 231/3425/1
f 322/3515/1 2884/2356/1 3440/2358/1
f 1666/2981/1 3440/2358/1 1400/2344/1
f 3440/2358/1 2883/2357/1 600/3514/1
f 13/3516/1 1105/2353/1 3441/2355/1
f 1122/32/1 3441/2355/1 2884/2356/1
f 3441/2355/1 2882/2354/1 1010/3513/1
f 1009/3517/1 2881/2350/1 3442/2352/1
f 2879/2348/1 3442/2352/1 1772/229/1
f 3442/2352/1 1943/2351/1 220/3432/1
f 466/3519/1 2880/2347/1 3443/2349/1
f 1810/1046/1 3443/2349/1 1228/2380/1
f 3443/2349/1 2879/2348/1 428/3518/1
f 114/3135/1 1400/2344/1 3444/2346/1
f 1266/677/1 3444/2346/1 2880/2347/1
f 3444/2346/1 2878/2345/1 1009/3517/1
f 1008/3520/1 2877/2341/1 3445/2343/1
f 2875/2339/1 3445/2343/1 1916/178/1
f 3445/2343/1 1914/2342/1 80/3493/1
f 599/3522/1 2876/2338/1 3446/2340/1
f 1943/2351/1 3446/2340/1 1372/2533/1
f 3446/2340/1 2875/2339/1 572/3521/1
f 231/3425/1 1401/2335/1 3447/2337/1
f 1399/242/1 3447/2337/1 2876/2338/1
f 3447/2337/1 2874/2336/1 1008/3520/1
f 1007/3523/1 2873/2332/1 3448/2334/1
f 2871/2330/1 3448/2334/1 1948/250/1
f 3448/2334/1 1946/2333/1 232/3419/1
f 423/3525/1 2872/2329/1 3449/2331/1
f 1767/2567/1 3449/2331/1 1404/2317/1
f 3449/2331/1 2871/2330/1 604/3524/1
f 79/3526/1 1225/2326/1 3450/2328/1
f 1223/170/1 3450/2328/1 2872/2329/1
f 3450/2328/1 2870/2327/1 1007/3523/1
f 1006/3527/1 2869/2323/1 3451/2325/1
f 2867/2321/1 3451/2325/1 1705/679/1
f 3451/2325/1 1947/2324/1 153/3132/1
f 567/3529/1 2868/2320/1 3452/2322/1
f 1911/2288/1 3452/2322/1 1161/1030/1
f 3452/2322/1 2867/2321/1 361/3528/1
f 215/3411/1 1404/2317/1 3453/2319/1
f 1367/263/1 3453/2319/1 2868/2320/1
f 3453/2319/1 2866/2318/1 1006/3527/1
f 1005/3531/1 2865/2314/1 3454/2316/1
f 2863/2312/1 3454/2316/1 1849/28/1
f 3454/2316/1 1827/2315/1 19/3533/1
f 603/3534/1 2864/2311/1 3455/2313/1
f 1947/2324/1 3455/2313/1 1305/2983/1
f 3455/2313/1 2863/2312/1 505/3532/1
f 232/3419/1 1405/2308/1 3456/2310/1
f 1403/251/1 3456/2310/1 2864/2311/1
f 3456/2310/1 2862/2309/1 1005/3531/1
f 1004/3535/1 2861/2305/1 3457/2307/1
f 2859/2303/1 3457/2307/1 1952/259/1
f 3457/2307/1 1950/2306/1 233/3413/1
f 358/3537/1 2860/2302/1 3458/2304/1
f 1702/2693/1 3458/2304/1 1408/2290/1
f 3458/2304/1 2859/2303/1 608/3536/1
f 54/3538/1 1224/2299/1 3459/2301/1
f 1158/128/1 3459/2301/1 2860/2302/1
f 3459/2301/1 2858/2300/1 1004/3535/1
f 1003/3539/1 2857/2296/1 3460/2298/1
f 2855/2294/1 3460/2298/1 1665/454/1
f 3460/2298/1 1951/2297/1 113/3282/1
f 502/3541/1 2856/2293/1 3461/2295/1
f 1846/1910/1 3461/2295/1 1121/1705/1
f 3461/2295/1 2855/2294/1 321/3540/1
f 150/3327/1 1408/2290/1 3462/2292/1
f 1302/389/1 3462/2292/1 2856/2293/1
f 3462/2292/1 2854/2291/1 1003/3539/1
f 1002/3543/1 2853/2287/1 3463/2289/1
f 2851/2285/1 3463/2289/1 1809/103/1
f 3463/2289/1 1911/2288/1 57/3530/1
f 607/3545/1 2852/2284/1 3464/2286/1
f 1951/2297/1 3464/2286/1 1265/2758/1
f 3464/2286/1 2851/2285/1 465/3544/1
f 233/3413/1 1409/2281/1 3465/2283/1
f 1407/260/1 3465/2283/1 2852/2284/1
f 3465/2283/1 2850/2282/1 1002/3543/1
f 1001/3546/1 2849/2278/1 3466/2280/1
f 2847/2276/1 3466/2280/1 1956/268/1
f 3466/2280/1 1954/2279/1 234/3407/1
f 318/3548/1 2848/2275/1 3467/2277/1
f 1662/3008/1 3467/2277/1 1412/2263/1
f 3467/2277/1 2847/2276/1 612/3547/1
f 20/3549/1 1112/2272/1 3468/2274/1
f 1118/23/1 3468/2274/1 2848/2275/1
f 3468/2274/1 2846/2273/1 1001/3546/1
f 1000/3550/1 2845/2269/1 3469/2271/1
f 2843/2267/1 3469/2271/1 1768/256/1
f 3469/2271/1 1955/2270/1 216/3414/1
f 462/3552/1 2844/2266/1 3470/2268/1
f 1806/965/1 3470/2268/1 1224/2299/1
f 3470/2268/1 2843/2267/1 424/3551/1
f 110/3117/1 1412/2263/1 3471/2265/1
f 1262/704/1 3471/2265/1 2844/2266/1
f 3471/2265/1 2842/2264/1 1000/3550/1
f 999/3553/1 2841/2260/1 3472/2262/1
f 2839/2258/1 3472/2262/1 1912/169/1
f 3472/2262/1 1910/2261/1 79/3526/1
f 611/3555/1 2840/2257/1 3473/2259/1
f 1955/2270/1 3473/2259/1 1368/2560/1
f 3473/2259/1 2839/2258/1 568/3554/1
f 234/3407/1 1413/2254/1 3474/2256/1
f 1411/269/1 3474/2256/1 2840/2257/1
f 3474/2256/1 2838/2255/1 999/3553/1
f 998/3556/1 2837/2251/1 3475/2253/1
f 2835/2249/1 3475/2253/1 1960/277/1
f 3475/2253/1 1958/2252/1 235/3401/1
f 419/3558/1 2836/2248/1 3476/2250/1
f 1763/2594/1 3476/2250/1 1416/2236/1
f 3476/2250/1 2835/2249/1 616/3557/1
f 78/3559/1 1221/2245/1 3477/2247/1
f 1219/161/1 3477/2247/1 2836/2248/1
f 3477/2247/1 2834/2246/1 998/3556/1
f 997/3560/1 2833/2242/1 3478/2244/1
f 2831/2240/1 3478/2244/1 1701/706/1
f 3478/2244/1 1959/2243/1 149/3114/1
f 563/3562/1 2832/2239/1 3479/2241/1
f 1907/2207/1 3479/2241/1 1157/949/1
f 3479/2241/1 2831/2240/1 357/3561/1
f 211/3393/1 1416/2236/1 3480/2238/1
f 1363/290/1 3480/2238/1 2832/2239/1
f 3480/2238/1 2830/2237/1 997/3560/1
f 996/3564/1 2829/2233/1 3481/2235/1
f 2827/2231/1 3481/2235/1 1845/19/1
f 3481/2235/1 1824/2234/1 16/3566/1
f 615/3567/1 2828/2230/1 3482/2232/1
f 1959/2243/1 3482/2232/1 1301/3010/1
f 3482/2232/1 2827/2231/1 501/3565/1
f 235/3401/1 1417/2227/1 3483/2229/1
f 1415/278/1 3483/2229/1 2828/2230/1
f 3483/2229/1 2826/2228/1 996/3564/1
f 995/3568/1 2825/2224/1 3484/2226/1
f 2823/2222/1 3484/2226/1 1964/286/1
f 3484/2226/1 1962/2225/1 236/3395/1
f 354/3570/1 2824/2221/1 3485/2223/1
f 1698/2612/1 3485/2223/1 1420/2209/1
f 3485/2223/1 2823/2222/1 620/3569/1
f 50/3571/1 1220/2218/1 3486/2220/1
f 1154/155/1 3486/2220/1 2824/2221/1
f 3486/2220/1 2822/2219/1 995/3568/1
f 994/3572/1 2821/2215/1 3487/2217/1
f 2819/2213/1 3487/2217/1 1661/373/1
f 3487/2217/1 1963/2216/1 109/3336/1
f 498/3574/1 2820/2212/1 3488/2214/1
f 1842/2153/1 3488/2214/1 1117/1948/1
f 3488/2214/1 2819/2213/1 317/3573/1
f 146/3381/1 1420/2209/1 3489/2211/1
f 1298/308/1 3489/2211/1 2820/2212/1
f 3489/2211/1 2818/2210/1 994/3572/1
f 993/3576/1 2817/2206/1 3490/2208/1
f 2815/2204/1 3490/2208/1 1805/130/1
f 3490/2208/1 1907/2207/1 53/3563/1
f 619/3578/1 2816/2203/1 3491/2205/1
f 1963/2216/1 3491/2205/1 1261/2677/1
f 3491/2205/1 2815/2204/1 461/3577/1
f 236/3395/1 1421/2200/1 3492/2202/1
f 1419/287/1 3492/2202/1 2816/2203/1
f 3492/2202/1 2814/2201/1 993/3576/1
f 992/3579/1 2813/2197/1 3493/2199/1
f 2811/2195/1 3493/2199/1 1968/295/1
f 3493/2199/1 1966/2198/1 237/3389/1
f 314/3581/1 2812/2194/1 3494/2196/1
f 1658/3035/1 3494/2196/1 1424/2182/1
f 3494/2196/1 2811/2195/1 624/3580/1
f 21/3582/1 1113/2191/1 3495/2193/1
f 1114/14/1 3495/2193/1 2812/2194/1
f 3495/2193/1 2810/2192/1 992/3579/1
f 991/3583/1 2809/2188/1 3496/2190/1
f 2807/2186/1 3496/2190/1 1764/283/1
f 3496/2190/1 1967/2189/1 212/3396/1
f 458/3585/1 2808/2185/1 3497/2187/1
f 1802/884/1 3497/2187/1 1220/2218/1
f 3497/2187/1 2807/2186/1 420/3584/1
f 106/3099/1 1424/2182/1 3498/2184/1
f 1258/731/1 3498/2184/1 2808/2185/1
f 3498/2184/1 2806/2183/1 991/3583/1
f 990/3586/1 2805/2179/1 3499/2181/1
f 2803/2177/1 3499/2181/1 1908/160/1
f 3499/2181/1 1906/2180/1 78/3559/1
f 623/3588/1 2804/2176/1 3500/2178/1
f 1967/2189/1 3500/2178/1 1364/2587/1
f 3500/2178/1 2803/2177/1 564/3587/1
f 237/3389/1 1425/2173/1 3501/2175/1
f 1423/296/1 3501/2175/1 2804/2176/1
f 3501/2175/1 2802/2174/1 990/3586/1
f 989/3589/1 2801/2170/1 3502/2172/1
f 2799/2168/1 3502/2172/1 1972/304/1
f 3502/2172/1 1970/2171/1 238/3383/1
f 415/3591/1 2800/2167/1 3503/2169/1
f 1759/2621/1 3503/2169/1 1428/2155/1
f 3503/2169/1 2799/2168/1 628/3590/1
f 77/3592/1 1217/2164/1 3504/2166/1
f 1215/152/1 3504/2166/1 2800/2167/1
f 3504/2166/1 2798/2165/1 989/3589/1
f 988/3593/1 2797/2161/1 3505/2163/1
f 2795/2159/1 3505/2163/1 1700/715/1
f 3505/2163/1 1971/2162/1 148/3108/1
f 559/3595/1 2796/2158/1 3506/2160/1
f 1903/2126/1 3506/2160/1 1156/922/1
f 3506/2160/1 2795/2159/1 356/3594/1
f 207/3375/1 1428/2155/1 3507/2157/1
f 1359/317/1 3507/2157/1 2796/2158/1
f 3507/2157/1 2794/2156/1 988/3593/1
f 987/3597/1 2793/2152/1 3508/2154/1
f 2791/2150/1 3508/2154/1 1844/16/1
f 3508/2154/1 1842/2153/1 22/3575/1
f 627/3599/1 2792/2149/1 3509/2151/1
f 1971/2162/1 3509/2151/1 1300/3019/1
f 3509/2151/1 2791/2150/1 500/3598/1
f 238/3383/1 1429/2146/1 3510/2148/1
f 1427/305/1 3510/2148/1 2792/2149/1
f 3510/2148/1 2790/2147/1 987/3597/1
f 986/3600/1 2789/2143/1 3511/2145/1
f 2787/2141/1 3511/2145/1 1976/313/1
f 3511/2145/1 1974/2144/1 239/3377/1
f 339/3602/1 2788/2140/1 3512/2142/1
f 1683/2558/1 3512/2142/1 1432/2128/1
f 3512/2142/1 2787/2141/1 632/3601/1
f 35/3603/1 1216/2137/1 3513/2139/1
f 1139/173/1 3513/2139/1 2788/2140/1
f 3513/2139/1 2786/2138/1 986/3600/1
f 985/3604/1 2785/2134/1 3514/2136/1
f 2783/2132/1 3514/2136/1 1660/346/1
f 3514/2136/1 1975/2135/1 108/3354/1
f 483/3606/1 2784/2131/1 3515/2133/1
f 1827/2315/1 3515/2133/1 1116/2029/1
f 3515/2133/1 2783/2132/1 316/3605/1
f 131/3417/1 1432/2128/1 3516/2130/1
f 1283/254/1 3516/2130/1 2784/2131/1
f 3516/2130/1 2782/2129/1 985/3604/1
f 984/3607/1 2781/2125/1 3517/2127/1
f 2779/2123/1 3517/2127/1 1804/139/1
f 3517/2127/1 1903/2126/1 52/3596/1
f 631/3609/1 2780/2122/1 3518/2124/1
f 1975/2135/1 3518/2124/1 1260/2650/1
f 3518/2124/1 2779/2123/1 460/3608/1
f 239/3377/1 1433/2119/1 3519/2121/1
f 1431/314/1 3519/2121/1 2780/2122/1
f 3519/2121/1 2778/2120/1 984/3607/1
f 983/3610/1 2777/2116/1 3520/2118/1
f 2775/2114/1 3520/2118/1 1980/322/1
f 3520/2118/1 1978/2117/1 240/3371/1
f 299/3612/1 2776/2113/1 3521/2115/1
f 1643/3053/1 3521/2115/1 1436/2101/1
f 3521/2115/1 2775/2114/1 636/3611/1
f 9/3613/1 1101/2110/1 3522/2112/1
f 1099/8/1 3522/2112/1 2776/2113/1
f 3522/2112/1 2774/2111/1 983/3610/1
f 982/3614/1 2773/2107/1 3523/2109/1
f 2771/2105/1 3523/2109/1 1760/310/1
f 3523/2109/1 1979/2108/1 208/3378/1
f 443/3616/1 2772/2104/1 3524/2106/1
f 1787/830/1 3524/2106/1 1216/2137/1
f 3524/2106/1 2771/2105/1 416/3615/1
f 91/3087/1 1436/2101/1 3525/2103/1
f 1243/749/1 3525/2103/1 2772/2104/1
f 3525/2103/1 2770/2102/1 982/3614/1
f 981/3617/1 2769/2098/1 3526/2100/1
f 2767/2096/1 3526/2100/1 1904/151/1
f 3526/2100/1 1902/2099/1 77/3592/1
f 635/3619/1 2768/2095/1 3527/2097/1
f 1979/2108/1 3527/2097/1 1360/2614/1
f 3527/2097/1 2767/2096/1 560/3618/1
f 240/3371/1 1437/2092/1 3528/2094/1
f 1435/323/1 3528/2094/1 2768/2095/1
f 3528/2094/1 2766/2093/1 981/3617/1
f 980/3620/1 2765/2089/1 3529/2091/1
f 2763/2087/1 3529/2091/1 1984/331/1
f 3529/2091/1 1982/2090/1 241/3365/1
f 411/3622/1 2764/2086/1 3530/2088/1
f 1755/2648/1 3530/2088/1 1440/2074/1
f 3530/2088/1 2763/2087/1 640/3621/1
f 76/3623/1 1213/2083/1 3531/2085/1
f 1211/143/1 3531/2085/1 2764/2086/1
f 3531/2085/1 2762/2084/1 980/3620/1
f 979/3624/1 2761/2080/1 3532/2082/1
f 2759/2078/1 3532/2082/1 1247/3625/1
f 3532/2082/1 1983/2081/1 95/3627/1
f 555/3628/1 2760/2077/1 3533/2079/1
f 1899/2045/1 3533/2079/1 1791/3629/1
f 3533/2079/1 2759/2078/1 447/3626/1
f 203/3357/1 1440/2074/1 3534/2076/1
f 1355/344/1 3534/2076/1 2760/2077/1
f 3534/2076/1 2758/2075/1 979/3624/1
f 978/3631/1 2757/2071/1 3535/2073/1
f 2755/2069/1 3535/2073/1 1103/3632/1
f 3535/2073/1 1843/2072/1 11/3634/1
f 639/3635/1 2756/2068/1 3536/2070/1
f 1983/2081/1 3536/2070/1 1647/3636/1
f 3536/2070/1 2755/2069/1 303/3633/1
f 241/3365/1 1441/2065/1 3537/2067/1
f 1439/332/1 3537/2067/1 2756/2068/1
f 3537/2067/1 2754/2066/1 978/3631/1
f 977/3637/1 2753/2062/1 3538/2064/1
f 2751/2060/1 3538/2064/1 1988/340/1
f 3538/2064/1 1986/2063/1 242/3359/1
f 351/3639/1 2752/2059/1 3539/2061/1
f 1695/2747/1 3539/2061/1 1444/2047/1
f 3539/2061/1 2751/2060/1 644/3638/1
f 47/3640/1 1212/2056/1 3540/2058/1
f 1151/110/1 3540/2058/1 2752/2059/1
f 3540/2058/1 2750/2057/1 977/3637/1
f 976/3641/1 2749/2053/1 3541/2055/1
f 2747/2051/1 3541/2055/1 1287/3642/1
f 3541/2055/1 1987/2054/1 135/3644/1
f 495/3645/1 2748/2050/1 3542/2052/1
f 1839/1748/1 3542/2052/1 1831/3646/1
f 3542/2052/1 2747/2051/1 487/3643/1
f 143/3291/1 1444/2047/1 3543/2049/1
f 1295/443/1 3543/2049/1 2748/2050/1
f 3543/2049/1 2746/2048/1 976/3641/1
f 975/3648/1 2745/2044/1 3544/2046/1
f 2743/2042/1 3544/2046/1 1143/3649/1
f 3544/2046/1 1899/2045/1 39/3630/1
f 643/3651/1 2744/2041/1 3545/2043/1
f 1987/2054/1 3545/2043/1 1687/3652/1
f 3545/2043/1 2743/2042/1 343/3650/1
f 242/3359/1 1445/2038/1 3546/2040/1
f 1443/341/1 3546/2040/1 2744/2041/1
f 3546/2040/1 2742/2039/1 975/3648/1
f 974/3653/1 2741/2035/1 3547/2037/1
f 2739/2033/1 3547/2037/1 1992/349/1
f 3547/2037/1 1990/2036/1 243/3353/1
f 311/3655/1 2740/2032/1 3548/2034/1
f 1655/2990/1 3548/2034/1 1448/2020/1
f 3548/2034/1 2739/2033/1 648/3654/1
f 19/3533/1 1116/2029/1 3549/2031/1
f 1111/29/1 3549/2031/1 2740/2032/1
f 3549/2031/1 2738/2030/1 974/3653/1
f 973/3656/1 2737/2026/1 3550/2028/1
f 2735/2024/1 3550/2028/1 1756/337/1
f 3550/2028/1 1991/2027/1 204/3360/1
f 455/3658/1 2736/2023/1 3551/2025/1
f 1799/1019/1 3551/2025/1 1212/2056/1
f 3551/2025/1 2735/2024/1 412/3657/1
f 103/3129/1 1448/2020/1 3552/2022/1
f 1255/686/1 3552/2022/1 2736/2023/1
f 3552/2022/1 2734/2021/1 973/3656/1
f 972/3659/1 2733/2017/1 3553/2019/1
f 2731/2015/1 3553/2019/1 1900/142/1
f 3553/2019/1 1898/2018/1 76/3623/1
f 647/3661/1 2732/2014/1 3554/2016/1
f 1991/2027/1 3554/2016/1 1356/2641/1
f 3554/2016/1 2731/2015/1 556/3660/1
f 243/3353/1 1449/2011/1 3555/2013/1
f 1447/350/1 3555/2013/1 2732/2014/1
f 3555/2013/1 2730/2012/1 972/3659/1
f 971/3662/1 2729/2008/1 3556/2010/1
f 2727/2006/1 3556/2010/1 1996/358/1
f 3556/2010/1 1994/2009/1 244/3347/1
f 407/3664/1 2728/2005/1 3557/2007/1
f 1751/2675/1 3557/2007/1 1452/1993/1
f 3557/2007/1 2727/2006/1 652/3663/1
f 75/3665/1 1209/2002/1 3558/2004/1
f 1207/134/1 3558/2004/1 2728/2005/1
f 3558/2004/1 2726/2003/1 971/3662/1
f 970/3666/1 2725/1999/1 3559/2001/1
f 2723/1997/1 3559/2001/1 1235/3667/1
f 3559/2001/1 1995/2000/1 83/3669/1
f 551/3670/1 2724/1996/1 3560/1998/1
f 1895/1964/1 3560/1998/1 1779/3671/1
f 3560/1998/1 2723/1997/1 435/3668/1
f 199/3339/1 1452/1993/1 3561/1995/1
f 1351/371/1 3561/1995/1 2724/1996/1
f 3561/1995/1 2722/1994/1 970/3666/1
f 969/3673/1 2721/1990/1 3562/1992/1
f 2719/1988/1 3562/1992/1 1091/3674/1
f 3562/1992/1 1836/1991/1 2/3676/1
f 651/3677/1 2720/1987/1 3563/1989/1
f 1995/2000/1 3563/1989/1 1635/3678/1
f 3563/1989/1 2719/1988/1 291/3675/1
f 244/3347/1 1453/1984/1 3564/1986/1
f 1451/359/1 3564/1986/1 2720/1987/1
f 3564/1986/1 2718/1985/1 969/3673/1
f 968/3679/1 2717/1981/1 3565/1983/1
f 2715/1979/1 3565/1983/1 2000/367/1
f 3565/1983/1 1998/1982/1 245/3341/1
f 355/3681/1 2716/1978/1 3566/1980/1
f 1699/2639/1 3566/1980/1 1456/1966/1
f 3566/1980/1 2715/1979/1 656/3680/1
f 51/3682/1 1208/1975/1 3567/1977/1
f 1155/146/1 3567/1977/1 2716/1978/1
f 3567/1977/1 2714/1976/1 968/3679/1
f 967/3683/1 2713/1972/1 3568/1974/1
f 2711/1970/1 3568/1974/1 1275/3684/1
f 3568/1974/1 1999/1973/1 123/3686/1
f 499/3687/1 2712/1969/1 3569/1971/1
f 1843/2072/1 3569/1971/1 1819/3688/1
f 3569/1971/1 2711/1970/1 475/3685/1
f 147/3363/1 1456/1966/1 3570/1968/1
f 1299/335/1 3570/1968/1 2712/1969/1
f 3570/1968/1 2710/1967/1 967/3683/1
f 966/3689/1 2709/1963/1 3571/1965/1
f 2707/1961/1 3571/1965/1 1131/3690/1
f 3571/1965/1 1895/1964/1 27/3672/1
f 655/3692/1 2708/1960/1 3572/1962/1
f 1999/1973/1 3572/1962/1 1675/3693/1
f 3572/1962/1 2707/1961/1 331/3691/1
f 245/3341/1 1457/1957/1 3573/1959/1
f 1455/368/1 3573/1959/1 2708/1960/1
f 3573/1959/1 2706/1958/1 966/3689/1
f 965/3694/1 2705/1954/1 3574/1956/1
f 2703/1952/1 3574/1956/1 2004/376/1
f 3574/1956/1 2002/1955/1 246/3335/1
f 315/3696/1 2704/1951/1 3575/1953/1
f 1659/3026/1 3575/1953/1 1460/1939/1
f 3575/1953/1 2703/1952/1 660/3695/1
f 22/3575/1 1117/1948/1 3576/1950/1
f 1115/17/1 3576/1950/1 2704/1951/1
f 3576/1950/1 2702/1949/1 965/3694/1
f 964/3697/1 2701/1945/1 3577/1947/1
f 2699/1943/1 3577/1947/1 1752/364/1
f 3577/1947/1 2003/1946/1 200/3342/1
f 459/3699/1 2700/1942/1 3578/1944/1
f 1803/911/1 3578/1944/1 1208/1975/1
f 3578/1944/1 2699/1943/1 408/3698/1
f 107/3105/1 1460/1939/1 3579/1941/1
f 1259/722/1 3579/1941/1 2700/1942/1
f 3579/1941/1 2698/1940/1 964/3697/1
f 963/3700/1 2697/1936/1 3580/1938/1
f 2695/1934/1 3580/1938/1 1896/133/1
f 3580/1938/1 1894/1937/1 75/3665/1
f 659/3702/1 2696/1933/1 3581/1935/1
f 2003/1946/1 3581/1935/1 1352/2668/1
f 3581/1935/1 2695/1934/1 552/3701/1
f 246/3335/1 1461/1930/1 3582/1932/1
f 1459/377/1 3582/1932/1 2696/1933/1
f 3582/1932/1 2694/1931/1 963/3700/1
f 962/3703/1 2693/1927/1 3583/1929/1
f 2691/1925/1 3583/1929/1 2008/385/1
f 3583/1929/1 2006/1928/1 247/3329/1
f 403/3705/1 2692/1924/1 3584/1926/1
f 1747/2702/1 3584/1926/1 1464/1912/1
f 3584/1926/1 2691/1925/1 664/3704/1
f 74/3706/1 1205/1921/1 3585/1923/1
f 1203/125/1 3585/1923/1 2692/1924/1
f 3585/1923/1 2690/1922/1 962/3703/1
f 961/3707/1 2689/1918/1 3586/1920/1
f 2687/1916/1 3586/1920/1 1704/688/1
f 3586/1920/1 2007/1919/1 152/3126/1
f 547/3709/1 2688/1915/1 3587/1917/1
f 1891/1883/1 3587/1917/1 1160/1003/1
f 3587/1917/1 2687/1916/1 360/3708/1
f 195/3321/1 1464/1912/1 3588/1914/1
f 1347/398/1 3588/1914/1 2688/1915/1
f 3588/1914/1 2686/1913/1 961/3707/1
f 960/3711/1 2685/1909/1 3589/1911/1
f 2683/1907/1 3589/1911/1 1848/25/1
f 3589/1911/1 1846/1910/1 23/3542/1
f 663/3713/1 2684/1906/1 3590/1908/1
f 2007/1919/1 3590/1908/1 1304/2992/1
f 3590/1908/1 2683/1907/1 504/3712/1
f 247/3329/1 1465/1903/1 3591/1905/1
f 1463/386/1 3591/1905/1 2684/1906/1
f 3591/1905/1 2682/1904/1 960/3711/1
f 959/3714/1 2681/1900/1 3592/1902/1
f 2679/1898/1 3592/1902/1 2012/394/1
f 3592/1902/1 2010/1901/1 248/3323/1
f 446/3716/1 2680/1897/1 3593/1899/1
f 1246/3717/1 3593/1899/1 1468/1885/1
f 3593/1899/1 2679/1898/1 668/3715/1
f 38/3719/1 1204/1894/1 3594/1896/1
f 1790/3720/1 3594/1896/1 2680/1897/1
f 3594/1896/1 2678/1895/1 959/3714/1
f 958/3721/1 2677/1891/1 3595/1893/1
f 2675/1889/1 3595/1893/1 1664/427/1
f 3595/1893/1 2011/1892/1 112/3300/1
f 302/3723/1 2676/1888/1 3596/1890/1
f 1102/3724/1 3596/1890/1 1120/1786/1
f 3596/1890/1 2675/1889/1 320/3722/1
f 94/3718/1 1468/1885/1 3597/1887/1
f 1646/3726/1 3597/1887/1 2676/1888/1
f 3597/1887/1 2674/1886/1 958/3721/1
f 957/3727/1 2673/1882/1 3598/1884/1
f 2671/1880/1 3598/1884/1 1808/112/1
f 3598/1884/1 1891/1883/1 56/3710/1
f 667/3729/1 2672/1879/1 3599/1881/1
f 2011/1892/1 3599/1881/1 1264/2731/1
f 3599/1881/1 2671/1880/1 464/3728/1
f 248/3323/1 1469/1876/1 3600/1878/1
f 1467/395/1 3600/1878/1 2672/1879/1
f 3600/1878/1 2670/1877/1 957/3727/1
f 956/3730/1 2669/1873/1 3601/1875/1
f 2667/1871/1 3601/1875/1 2016/403/1
f 3601/1875/1 2014/1874/1 249/3317/1
f 486/3732/1 2668/1870/1 3602/1872/1
f 1286/3733/1 3602/1872/1 1472/1858/1
f 3602/1872/1 2667/1871/1 672/3731/1
f 5/3735/1 1100/1867/1 3603/1869/1
f 1830/3736/1 3603/1869/1 2668/1870/1
f 3603/1869/1 2666/1868/1 956/3730/1
f 955/3737/1 2665/1864/1 3604/1866/1
f 2663/1862/1 3604/1866/1 1748/391/1
f 3604/1866/1 2015/1865/1 196/3324/1
f 342/3739/1 2664/1861/1 3605/1863/1
f 1142/3740/1 3605/1863/1 1204/1894/1
f 3605/1863/1 2663/1862/1 404/3738/1
f 134/3734/1 1472/1858/1 3606/1860/1
f 1686/3741/1 3606/1860/1 2664/1861/1
f 3606/1860/1 2662/1859/1 955/3737/1
f 954/3742/1 2661/1855/1 3607/1857/1
f 2659/1853/1 3607/1857/1 1892/124/1
f 3607/1857/1 1890/1856/1 74/3706/1
f 671/3744/1 2660/1852/1 3608/1854/1
f 2015/1865/1 3608/1854/1 1348/2695/1
f 3608/1854/1 2659/1853/1 548/3743/1
f 249/3317/1 1473/1849/1 3609/1851/1
f 1471/404/1 3609/1851/1 2660/1852/1
f 3609/1851/1 2658/1850/1 954/3742/1
f 953/3745/1 2657/1846/1 3610/1848/1
f 2655/1844/1 3610/1848/1 2020/412/1
f 3610/1848/1 2018/1847/1 250/3311/1
f 399/3747/1 2656/1843/1 3611/1845/1
f 1743/2729/1 3611/1845/1 1476/1831/1
f 3611/1845/1 2655/1844/1 676/3746/1
f 73/3748/1 1201/1840/1 3612/1842/1
f 1199/116/1 3612/1842/1 2656/1843/1
f 3612/1842/1 2654/1841/1 953/3745/1
f 952/3749/1 2653/1837/1 3613/1839/1
f 2651/1835/1 3613/1839/1 1251/3750/1
f 3613/1839/1 2019/1838/1 99/3752/1
f 543/3753/1 2652/1834/1 3614/1836/1
f 1887/1802/1 3614/1836/1 1795/3754/1
f 3614/1836/1 2651/1835/1 451/3751/1
f 191/3303/1 1476/1831/1 3615/1833/1
f 1343/425/1 3615/1833/1 2652/1834/1
f 3615/1833/1 2650/1832/1 952/3749/1
f 951/3756/1 2649/1828/1 3616/1830/1
f 2647/1826/1 3616/1830/1 1107/3757/1
f 3616/1830/1 1847/1829/1 15/3759/1
f 675/3760/1 2648/1825/1 3617/1827/1
f 2019/1838/1 3617/1827/1 1651/3761/1
f 3617/1827/1 2647/1826/1 307/3758/1
f 250/3311/1 1477/1822/1 3618/1824/1
f 1475/413/1 3618/1824/1 2648/1825/1
f 3618/1824/1 2646/1823/1 951/3756/1
f 950/3762/1 2645/1819/1 3619/1821/1
f 2643/1817/1 3619/1821/1 2024/421/1
f 3619/1821/1 2022/1820/1 251/3305/1
f 434/3764/1 2644/1816/1 3620/1818/1
f 1234/3765/1 3620/1818/1 1480/1804/1
f 3620/1818/1 2643/1817/1 680/3763/1
f 26/3767/1 1200/1813/1 3621/1815/1
f 1778/3768/1 3621/1815/1 2644/1816/1
f 3621/1815/1 2642/1814/1 950/3762/1
f 949/3769/1 2641/1810/1 3622/1812/1
f 2639/1808/1 3622/1812/1 1291/3770/1
f 3622/1812/1 2023/1811/1 139/3772/1
f 290/3773/1 2640/1807/1 3623/1809/1
f 1090/3774/1 3623/1809/1 1835/3775/1
f 3623/1809/1 2639/1808/1 491/3771/1
f 82/3766/1 1480/1804/1 3624/1806/1
f 1634/3777/1 3624/1806/1 2640/1807/1
f 3624/1806/1 2638/1805/1 949/3769/1
f 948/3778/1 2637/1801/1 3625/1803/1
f 2635/1799/1 3625/1803/1 1147/3779/1
f 3625/1803/1 1887/1802/1 43/3755/1
f 679/3781/1 2636/1798/1 3626/1800/1
f 2023/1811/1 3626/1800/1 1691/3782/1
f 3626/1800/1 2635/1799/1 347/3780/1
f 251/3305/1 1481/1795/1 3627/1797/1
f 1479/422/1 3627/1797/1 2636/1798/1
f 3627/1797/1 2634/1796/1 948/3778/1
f 947/3783/1 2633/1792/1 3628/1794/1
f 2631/1790/1 3628/1794/1 2028/430/1
f 3628/1794/1 2026/1793/1 252/3299/1
f 474/3785/1 2632/1789/1 3629/1791/1
f 1274/3786/1 3629/1791/1 1484/1777/1
f 3629/1791/1 2631/1790/1 684/3784/1
f 10/3725/1 1120/1786/1 3630/1788/1
f 1818/3788/1 3630/1788/1 2632/1789/1
f 3630/1788/1 2630/1787/1 947/3783/1
f 946/3789/1 2629/1783/1 3631/1785/1
f 2627/1781/1 3631/1785/1 1744/418/1
f 3631/1785/1 2027/1784/1 192/3306/1
f 330/3791/1 2628/1780/1 3632/1782/1
f 1130/3792/1 3632/1782/1 1200/1813/1
f 3632/1782/1 2627/1781/1 400/3790/1
f 122/3787/1 1484/1777/1 3633/1779/1
f 1674/3793/1 3633/1779/1 2628/1780/1
f 3633/1779/1 2626/1778/1 946/3789/1
f 945/3794/1 2625/1774/1 3634/1776/1
f 2623/1772/1 3634/1776/1 1888/115/1
f 3634/1776/1 1886/1775/1 73/3748/1
f 683/3796/1 2624/1771/1 3635/1773/1
f 2027/1784/1 3635/1773/1 1344/2722/1
f 3635/1773/1 2623/1772/1 544/3795/1
f 252/3299/1 1485/1768/1 3636/1770/1
f 1483/431/1 3636/1770/1 2624/1771/1
f 3636/1770/1 2622/1769/1 945/3794/1
f 944/3797/1 2621/1765/1 3637/1767/1
f 2619/1763/1 3637/1767/1 2032/439/1
f 3637/1767/1 2030/1766/1 253/3293/1
f 395/3799/1 2620/1762/1 3638/1764/1
f 1739/2756/1 3638/1764/1 1488/1750/1
f 3638/1764/1 2619/1763/1 688/3798/1
f 72/3800/1 1197/1759/1 3639/1761/1
f 1195/107/1 3639/1761/1 2620/1762/1
f 3639/1761/1 2618/1760/1 944/3797/1
f 943/3801/1 2617/1756/1 3640/1758/1
f 2615/1754/1 3640/1758/1 1239/3802/1
f 3640/1758/1 2031/1757/1 87/3804/1
f 539/3805/1 2616/1753/1 3641/1755/1
f 1883/1721/1 3641/1755/1 1783/3806/1
f 3641/1755/1 2615/1754/1 439/3803/1
f 187/3285/1 1488/1750/1 3642/1752/1
f 1339/452/1 3642/1752/1 2616/1753/1
f 3642/1752/1 2614/1751/1 943/3801/1
f 942/3808/1 2613/1747/1 3643/1749/1
f 2611/1745/1 3643/1749/1 1095/3809/1
f 3643/1749/1 1839/1748/1 6/3647/1
f 687/3811/1 2612/1744/1 3644/1746/1
f 2031/1757/1 3644/1746/1 1639/3812/1
f 3644/1746/1 2611/1745/1 295/3810/1
f 253/3293/1 1489/1741/1 3645/1743/1
f 1487/440/1 3645/1743/1 2612/1744/1
f 3645/1743/1 2610/1742/1 942/3808/1
f 941/3813/1 2609/1738/1 3646/1740/1
f 2607/1736/1 3646/1740/1 2036/448/1
f 3646/1740/1 2034/1739/1 254/3287/1
f 359/3815/1 2608/1735/1 3647/1737/1
f 1703/2720/1 3647/1737/1 1492/1723/1
f 3647/1737/1 2607/1736/1 692/3814/1
f 55/3816/1 1196/1732/1 3648/1734/1
f 1159/119/1 3648/1734/1 2608/1735/1
f 3648/1734/1 2606/1733/1 941/3813/1
f 940/3817/1 2605/1729/1 3649/1731/1
f 2603/1727/1 3649/1731/1 1279/3818/1
f 3649/1731/1 2035/1730/1 127/3820/1
f 503/3821/1 2604/1726/1 3650/1728/1
f 1847/1829/1 3650/1728/1 1823/3822/1
f 3650/1728/1 2603/1727/1 479/3819/1
f 151/3309/1 1492/1723/1 3651/1725/1
f 1303/416/1 3651/1725/1 2604/1726/1
f 3651/1725/1 2602/1724/1 940/3817/1
f 939/3823/1 2601/1720/1 3652/1722/1
f 2599/1718/1 3652/1722/1 1135/3824/1
f 3652/1722/1 1883/1721/1 31/3807/1
f 691/3826/1 2600/1717/1 3653/1719/1
f 2035/1730/1 3653/1719/1 1679/3827/1
f 3653/1719/1 2599/1718/1 335/3825/1
f 254/3287/1 1493/1714/1 3654/1716/1
f 1491/449/1 3654/1716/1 2600/1717/1
f 3654/1716/1 2598/1715/1 939/3823/1
f 938/3828/1 2597/1711/1 3655/1713/1
f 2595/1709/1 3655/1713/1 2040/457/1
f 3655/1713/1 2038/1712/1 255/3281/1
f 319/3830/1 2596/1708/1 3656/1710/1
f 1663/2999/1 3656/1710/1 1496/1696/1
f 3656/1710/1 2595/1709/1 696/3829/1
f 23/3542/1 1121/1705/1 3657/1707/1
f 1119/26/1 3657/1707/1 2596/1708/1
f 3657/1707/1 2594/1706/1 938/3828/1
f 937/3831/1 2593/1702/1 3658/1704/1
f 2591/1700/1 3658/1704/1 1740/445/1
f 3658/1704/1 2039/1703/1 188/3288/1
f 463/3833/1 2592/1699/1 3659/1701/1
f 1807/992/1 3659/1701/1 1196/1732/1
f 3659/1701/1 2591/1700/1 396/3832/1
f 111/3123/1 1496/1696/1 3660/1698/1
f 1263/695/1 3660/1698/1 2592/1699/1
f 3660/1698/1 2590/1697/1 937/3831/1
f 936/3834/1 2589/1693/1 3661/1695/1
f 2587/1691/1 3661/1695/1 1884/106/1
f 3661/1695/1 1882/1694/1 72/3800/1
f 695/3836/1 2588/1690/1 3662/1692/1
f 2039/1703/1 3662/1692/1 1340/2749/1
f 3662/1692/1 2587/1691/1 540/3835/1
f 255/3281/1 1497/1687/1 3663/1689/1
f 1495/458/1 3663/1689/1 2588/1690/1
f 3663/1689/1 2586/1688/1 936/3834/1
f 935/3837/1 2585/1684/1 3664/1686/1
f 2583/1682/1 3664/1686/1 2044/466/1
f 3664/1686/1 2042/1685/1 256/3275/1
f 391/3839/1 2584/1681/1 3665/1683/1
f 1735/2783/1 3665/1683/1 1500/1669/1
f 3665/1683/1 2583/1682/1 700/3838/1
f 71/3840/1 1193/1678/1 3666/1680/1
f 1191/98/1 3666/1680/1 2584/1681/1
f 3666/1680/1 2582/1679/1 935/3837/1
f 934/3841/1 2581/1675/1 3667/1677/1
f 2579/1673/1 3667/1677/1 1708/661/1
f 3667/1677/1 2043/1676/1 156/3144/1
f 535/3843/1 2580/1672/1 3668/1674/1
f 1879/1640/1 3668/1674/1 1164/1084/1
f 3668/1674/1 2579/1673/1 364/3842/1
f 183/3267/1 1500/1669/1 3669/1671/1
f 1335/479/1 3669/1671/1 2580/1672/1
f 3669/1671/1 2578/1670/1 934/3841/1
f 933/3845/1 2577/1666/1 3670/1668/1
f 2575/1664/1 3670/1668/1 1852/34/1
f 3670/1668/1 1850/1667/1 24/3509/1
f 699/3847/1 2576/1663/1 3671/1665/1
f 2043/1676/1 3671/1665/1 1308/2965/1
f 3671/1665/1 2575/1664/1 508/3846/1
f 256/3275/1 1501/1660/1 3672/1662/1
f 1499/467/1 3672/1662/1 2576/1663/1
f 3672/1662/1 2574/1661/1 933/3845/1
f 932/3848/1 2573/1657/1 3673/1659/1
f 2571/1655/1 3673/1659/1 2048/475/1
f 3673/1659/1 2046/1658/1 257/3269/1
f 450/3850/1 2572/1654/1 3674/1656/1
f 1250/3851/1 3674/1656/1 1504/1642/1
f 3674/1656/1 2571/1655/1 704/3849/1
f 42/3853/1 1192/1651/1 3675/1653/1
f 1794/3854/1 3675/1653/1 2572/1654/1
f 3675/1653/1 2570/1652/1 932/3848/1
f 931/3855/1 2569/1648/1 3676/1650/1
f 2567/1646/1 3676/1650/1 1668/508/1
f 3676/1650/1 2047/1649/1 116/3246/1
f 306/3857/1 2568/1645/1 3677/1647/1
f 1106/3858/1 3677/1647/1 1124/1543/1
f 3677/1647/1 2567/1646/1 324/3856/1
f 98/3852/1 1504/1642/1 3678/1644/1
f 1650/3860/1 3678/1644/1 2568/1645/1
f 3678/1644/1 2566/1643/1 931/3855/1
f 930/3861/1 2565/1639/1 3679/1641/1
f 2563/1637/1 3679/1641/1 1812/85/1
f 3679/1641/1 1879/1640/1 60/3844/1
f 703/3863/1 2564/1636/1 3680/1638/1
f 2047/1649/1 3680/1638/1 1268/2812/1
f 3680/1638/1 2563/1637/1 468/3862/1
f 257/3269/1 1505/1633/1 3681/1635/1
f 1503/476/1 3681/1635/1 2564/1636/1
f 3681/1635/1 2562/1634/1 930/3861/1
f 929/3864/1 2561/1630/1 3682/1632/1
f 2559/1628/1 3682/1632/1 2052/484/1
f 3682/1632/1 2050/1631/1 258/3263/1
f 490/3866/1 2560/1627/1 3683/1629/1
f 1290/3867/1 3683/1629/1 1508/1615/1
f 3683/1629/1 2559/1628/1 708/3865/1
f 3/3869/1 1093/1624/1 3684/1626/1
f 1834/3870/1 3684/1626/1 2560/1627/1
f 3684/1626/1 2558/1625/1 929/3864/1
f 928/3871/1 2557/1621/1 3685/1623/1
f 2555/1619/1 3685/1623/1 1736/472/1
f 3685/1623/1 2051/1622/1 184/3270/1
f 346/3873/1 2556/1618/1 3686/1620/1
f 1146/3874/1 3686/1620/1 1192/1651/1
f 3686/1620/1 2555/1619/1 392/3872/1
f 138/3868/1 1508/1615/1 3687/1617/1
f 1690/3875/1 3687/1617/1 2556/1618/1
f 3687/1617/1 2554/1616/1 928/3871/1
f 927/3876/1 2553/1612/1 3688/1614/1
f 2551/1610/1 3688/1614/1 1880/97/1
f 3688/1614/1 1878/1613/1 71/3840/1
f 707/3878/1 2552/1609/1 3689/1611/1
f 2051/1622/1 3689/1611/1 1336/2776/1
f 3689/1611/1 2551/1610/1 536/3877/1
f 258/3263/1 1509/1606/1 3690/1608/1
f 1507/485/1 3690/1608/1 2552/1609/1
f 3690/1608/1 2550/1607/1 927/3876/1
f 926/3879/1 2549/1603/1 3691/1605/1
f 2547/1601/1 3691/1605/1 2056/493/1
f 3691/1605/1 2054/1604/1 259/3257/1
f 387/3881/1 2548/1600/1 3692/1602/1
f 1731/2810/1 3692/1602/1 1512/1588/1
f 3692/1602/1 2547/1601/1 712/3880/1
f 70/3882/1 1189/1597/1 3693/1599/1
f 1187/89/1 3693/1599/1 2548/1600/1
f 3693/1599/1 2546/1598/1 926/3879/1
f 925/3883/1 2545/1594/1 3694/1596/1
f 2543/1592/1 3694/1596/1 1684/697/1
f 3694/1596/1 2055/1595/1 132/3120/1
f 531/3885/1 2544/1591/1 3695/1593/1
f 1875/1559/1 3695/1593/1 1140/976/1
f 3695/1593/1 2543/1592/1 340/3884/1
f 179/3249/1 1512/1588/1 3696/1590/1
f 1331/506/1 3696/1590/1 2544/1591/1
f 3696/1590/1 2542/1589/1 925/3883/1
f 924/3887/1 2541/1585/1 3697/1587/1
f 2539/1583/1 3697/1587/1 1828/22/1
f 3697/1587/1 1851/1586/1 20/3549/1
f 711/3889/1 2540/1582/1 3698/1584/1
f 2055/1595/1 3698/1584/1 1284/3001/1
f 3698/1584/1 2539/1583/1 484/3888/1
f 259/3257/1 1513/1579/1 3699/1581/1
f 1511/494/1 3699/1581/1 2540/1582/1
f 3699/1581/1 2538/1580/1 924/3887/1
f 923/3890/1 2537/1576/1 3700/1578/1
f 2535/1574/1 3700/1578/1 2060/502/1
f 3700/1578/1 2058/1577/1 260/3251/1
f 438/3892/1 2536/1573/1 3701/1575/1
f 1238/3893/1 3701/1575/1 1516/1561/1
f 3701/1575/1 2535/1574/1 716/3891/1
f 30/3895/1 1188/1570/1 3702/1572/1
f 1782/3896/1 3702/1572/1 2536/1573/1
f 3702/1572/1 2534/1571/1 923/3890/1
f 922/3897/1 2533/1567/1 3703/1569/1
f 2531/1565/1 3703/1569/1 1644/400/1
f 3703/1569/1 2059/1568/1 92/3318/1
f 294/3899/1 2532/1564/1 3704/1566/1
f 1094/3900/1 3704/1566/1 1100/1867/1
f 3704/1566/1 2531/1565/1 300/3898/1
f 86/3894/1 1516/1561/1 3705/1563/1
f 1638/3901/1 3705/1563/1 2532/1564/1
f 3705/1563/1 2530/1562/1 922/3897/1
f 921/3902/1 2529/1558/1 3706/1560/1
f 2527/1556/1 3706/1560/1 1788/121/1
f 3706/1560/1 1875/1559/1 36/3886/1
f 715/3904/1 2528/1555/1 3707/1557/1
f 2059/1568/1 3707/1557/1 1244/2704/1
f 3707/1557/1 2527/1556/1 444/3903/1
f 260/3251/1 1517/1552/1 3708/1554/1
f 1515/503/1 3708/1554/1 2528/1555/1
f 3708/1554/1 2526/1553/1 921/3902/1
f 920/3905/1 2525/1549/1 3709/1551/1
f 2523/1547/1 3709/1551/1 2064/511/1
f 3709/1551/1 2062/1550/1 261/3245/1
f 478/3907/1 2524/1546/1 3710/1548/1
f 1278/3908/1 3710/1548/1 1520/1534/1
f 3710/1548/1 2523/1547/1 720/3906/1
f 14/3859/1 1124/1543/1 3711/1545/1
f 1822/3910/1 3711/1545/1 2524/1546/1
f 3711/1545/1 2522/1544/1 920/3905/1
f 919/3911/1 2521/1540/1 3712/1542/1
f 2519/1538/1 3712/1542/1 1732/499/1
f 3712/1542/1 2063/1541/1 180/3252/1
f 334/3913/1 2520/1537/1 3713/1539/1
f 1134/3914/1 3713/1539/1 1188/1570/1
f 3713/1539/1 2519/1538/1 388/3912/1
f 126/3909/1 1520/1534/1 3714/1536/1
f 1678/3915/1 3714/1536/1 2520/1537/1
f 3714/1536/1 2518/1535/1 919/3911/1
f 918/3916/1 2517/1531/1 3715/1533/1
f 2515/1529/1 3715/1533/1 1876/88/1
f 3715/1533/1 1874/1532/1 70/3882/1
f 719/3918/1 2516/1528/1 3716/1530/1
f 2063/1541/1 3716/1530/1 1332/2803/1
f 3716/1530/1 2515/1529/1 532/3917/1
f 261/3245/1 1521/1525/1 3717/1527/1
f 1519/512/1 3717/1527/1 2516/1528/1
f 3717/1527/1 2514/1526/1 918/3916/1
f 917/3919/1 2513/1522/1 3718/1524/1
f 2511/1520/1 3718/1524/1 2068/520/1
f 3718/1524/1 2066/1523/1 262/3239/1
f 383/3921/1 2512/1519/1 3719/1521/1
f 1727/2837/1 3719/1521/1 1524/1507/1
f 3719/1521/1 2511/1520/1 724/3920/1
f 69/3922/1 1185/1516/1 3720/1518/1
f 1183/80/1 3720/1518/1 2512/1519/1
f 3720/1518/1 2510/1517/1 917/3919/1
f 916/3923/1 2509/1513/1 3721/1515/1
f 2507/1511/1 3721/1515/1 1696/742/1
f 3721/1515/1 2067/1514/1 144/3090/1
f 527/3925/1 2508/1510/1 3722/1512/1
f 1871/1478/1 3722/1512/1 1152/841/1
f 3722/1512/1 2507/1511/1 352/3924/1
f 175/3231/1 1524/1507/1 3723/1509/1
f 1327/533/1 3723/1509/1 2508/1510/1
f 3723/1509/1 2506/1508/1 916/3923/1
f 915/3927/1 2505/1504/1 3724/1506/1
f 2503/1502/1 3724/1506/1 1840/7/1
f 3724/1506/1 1838/1505/1 9/3613/1
f 723/3929/1 2504/1501/1 3725/1503/1
f 2067/1514/1 3725/1503/1 1296/3046/1
f 3725/1503/1 2503/1502/1 496/3928/1
f 262/3239/1 1525/1498/1 3726/1500/1
f 1523/521/1 3726/1500/1 2504/1501/1
f 3726/1500/1 2502/1499/1 915/3927/1
f 914/3930/1 2501/1495/1 3727/1497/1
f 2499/1493/1 3727/1497/1 2072/529/1
f 3727/1497/1 2070/1496/1 263/3233/1
f 363/3932/1 2500/1492/1 3728/1494/1
f 1707/2801/1 3728/1494/1 1528/1480/1
f 3728/1494/1 2499/1493/1 728/3931/1
f 59/3933/1 1184/1489/1 3729/1491/1
f 1163/92/1 3729/1491/1 2500/1492/1
f 3729/1491/1 2498/1490/1 914/3930/1
f 913/3934/1 2497/1486/1 3730/1488/1
f 2495/1484/1 3730/1488/1 1656/265/1
f 3730/1488/1 2071/1487/1 104/3408/1
f 507/3936/1 2496/1483/1 3731/1485/1
f 1851/1586/1 3731/1485/1 1112/2272/1
f 3731/1485/1 2495/1484/1 312/3935/1
f 155/3255/1 1528/1480/1 3732/1482/1
f 1307/497/1 3732/1482/1 2496/1483/1
f 3732/1482/1 2494/1481/1 913/3934/1
f 912/3937/1 2493/1477/1 3733/1479/1
f 2491/1475/1 3733/1479/1 1800/166/1
f 3733/1479/1 1871/1478/1 48/3926/1
f 727/3939/1 2492/1474/1 3734/1476/1
f 2071/1487/1 3734/1476/1 1256/2569/1
f 3734/1476/1 2491/1475/1 456/3938/1
f 263/3233/1 1529/1471/1 3735/1473/1
f 1527/530/1 3735/1473/1 2492/1474/1
f 3735/1473/1 2490/1472/1 912/3937/1
f 911/3940/1 2489/1468/1 3736/1470/1
f 2487/1466/1 3736/1470/1 2076/538/1
f 3736/1470/1 2074/1469/1 264/3227/1
f 323/3942/1 2488/1465/1 3737/1467/1
f 1667/2972/1 3737/1467/1 1532/1453/1
f 3737/1467/1 2487/1466/1 732/3941/1
f 24/3509/1 1125/1462/1 3738/1464/1
f 1123/35/1 3738/1464/1 2488/1465/1
f 3738/1464/1 2486/1463/1 911/3940/1
f 910/3943/1 2485/1459/1 3739/1461/1
f 2483/1457/1 3739/1461/1 1728/526/1
f 3739/1461/1 2075/1460/1 176/3234/1
f 467/3945/1 2484/1456/1 3740/1458/1
f 1811/1073/1 3740/1458/1 1184/1489/1
f 3740/1458/1 2483/1457/1 384/3944/1
f 115/3141/1 1532/1453/1 3741/1455/1
f 1267/668/1 3741/1455/1 2484/1456/1
f 3741/1455/1 2482/1454/1 910/3943/1
f 909/3946/1 2481/1450/1 3742/1452/1
f 2479/1448/1 3742/1452/1 1872/79/1
f 3742/1452/1 1870/1451/1 69/3922/1
f 731/3948/1 2480/1447/1 3743/1449/1
f 2075/1460/1 3743/1449/1 1328/2830/1
f 3743/1449/1 2479/1448/1 528/3947/1
f 264/3227/1 1533/1444/1 3744/1446/1
f 1531/539/1 3744/1446/1 2480/1447/1
f 3744/1446/1 2478/1445/1 909/3946/1
f 908/3949/1 2477/1441/1 3745/1443/1
f 2475/1439/1 3745/1443/1 2080/547/1
f 3745/1443/1 2078/1442/1 265/3221/1
f 379/3951/1 2476/1438/1 3746/1440/1
f 1723/2864/1 3746/1440/1 1536/1426/1
f 3746/1440/1 2475/1439/1 736/3950/1
f 68/3952/1 1181/1435/1 3747/1437/1
f 1179/71/1 3747/1437/1 2476/1438/1
f 3747/1437/1 2474/1436/1 908/3949/1
f 907/3953/1 2473/1432/1 3748/1434/1
f 2471/1430/1 3748/1434/1 1712/634/1
f 3748/1434/1 2079/1433/1 160/3162/1
f 523/3955/1 2472/1429/1 3749/1431/1
f 1867/1397/1 3749/1431/1 1168/1165/1
f 3749/1431/1 2471/1430/1 368/3954/1
f 171/3213/1 1536/1426/1 3750/1428/1
f 1323/560/1 3750/1428/1 2472/1429/1
f 3750/1428/1 2470/1427/1 907/3953/1
f 906/3957/1 2469/1423/1 3751/1425/1
f 2467/1421/1 3751/1425/1 1856/43/1
f 3751/1425/1 1854/1424/1 25/3476/1
f 735/3959/1 2468/1420/1 3752/1422/1
f 2079/1433/1 3752/1422/1 1312/2938/1
f 3752/1422/1 2467/1421/1 512/3958/1
f 265/3221/1 1537/1417/1 3753/1419/1
f 1535/548/1 3753/1419/1 2468/1420/1
f 3753/1419/1 2466/1418/1 906/3957/1
f 905/3960/1 2465/1414/1 3754/1416/1
f 2463/1412/1 3754/1416/1 2084/556/1
f 3754/1416/1 2082/1415/1 266/3215/1
f 338/3962/1 2464/1411/1 3755/1413/1
f 1682/2531/1 3755/1413/1 1540/1399/1
f 3755/1413/1 2463/1412/1 740/3961/1
f 34/3963/1 1180/1408/1 3756/1410/1
f 1138/182/1 3756/1410/1 2464/1411/1
f 3756/1410/1 2462/1409/1 905/3960/1
f 904/3964/1 2461/1405/1 3757/1407/1
f 2459/1403/1 3757/1407/1 1672/589/1
f 3757/1407/1 2083/1406/1 120/3192/1
f 482/3966/1 2460/1402/1 3758/1404/1
f 1826/2396/1 3758/1404/1 1128/1300/1
f 3758/1404/1 2459/1403/1 328/3965/1
f 130/3435/1 1540/1399/1 3759/1401/1
f 1282/227/1 3759/1401/1 2460/1402/1
f 3759/1401/1 2458/1400/1 904/3964/1
f 903/3967/1 2457/1396/1 3760/1398/1
f 2455/1394/1 3760/1398/1 1816/58/1
f 3760/1398/1 1867/1397/1 64/3956/1
f 739/3969/1 2456/1393/1 3761/1395/1
f 2083/1406/1 3761/1395/1 1272/2893/1
f 3761/1395/1 2455/1394/1 472/3968/1
f 266/3215/1 1541/1390/1 3762/1392/1
f 1539/557/1 3762/1392/1 2456/1393/1
f 3762/1392/1 2454/1391/1 903/3967/1
f 902/3970/1 2453/1387/1 3763/1389/1
f 2451/1385/1 3763/1389/1 2088/565/1
f 3763/1389/1 2086/1388/1 267/3209/1
f 298/3972/1 2452/1384/1 3764/1386/1
f 1642/3062/1 3764/1386/1 1544/1372/1
f 3764/1386/1 2451/1385/1 744/3971/1
f 8/3973/1 1097/1381/1 3765/1383/1
f 1098/5/1 3765/1383/1 2452/1384/1
f 3765/1383/1 2450/1382/1 902/3970/1
f 901/3974/1 2449/1378/1 3766/1380/1
f 2447/1376/1 3766/1380/1 1724/553/1
f 3766/1380/1 2087/1379/1 172/3216/1
f 442/3976/1 2448/1375/1 3767/1377/1
f 1786/803/1 3767/1377/1 1180/1408/1
f 3767/1377/1 2447/1376/1 380/3975/1
f 90/3081/1 1544/1372/1 3768/1374/1
f 1242/758/1 3768/1374/1 2448/1375/1
f 3768/1374/1 2446/1373/1 901/3974/1
f 900/3977/1 2445/1369/1 3769/1371/1
f 2443/1367/1 3769/1371/1 1868/70/1
f 3769/1371/1 1866/1370/1 68/3952/1
f 743/3979/1 2444/1366/1 3770/1368/1
f 2087/1379/1 3770/1368/1 1324/2857/1
f 3770/1368/1 2443/1367/1 524/3978/1
f 267/3209/1 1545/1363/1 3771/1365/1
f 1543/566/1 3771/1365/1 2444/1366/1
f 3771/1365/1 2442/1364/1 900/3977/1
f 899/3980/1 2441/1360/1 3772/1362/1
f 2439/1358/1 3772/1362/1 2092/574/1
f 3772/1362/1 2090/1361/1 268/3203/1
f 375/3982/1 2440/1357/1 3773/1359/1
f 1719/2891/1 3773/1359/1 1548/1345/1
f 3773/1359/1 2439/1358/1 748/3981/1
f 67/3983/1 1177/1354/1 3774/1356/1
f 1175/62/1 3774/1356/1 2440/1357/1
f 3774/1356/1 2438/1355/1 899/3980/1
f 898/3984/1 2437/1351/1 3775/1353/1
f 2435/1349/1 3775/1353/1 1685/724/1
f 3775/1353/1 2091/1352/1 133/3102/1
f 519/3986/1 2436/1348/1 3776/1350/1
f 1863/1316/1 3776/1350/1 1141/895/1
f 3776/1350/1 2435/1349/1 341/3985/1
f 167/3195/1 1548/1345/1 3777/1347/1
f 1319/587/1 3777/1347/1 2436/1348/1
f 3777/1347/1 2434/1346/1 898/3984/1
f 897/3988/1 2433/1342/1 3778/1344/1
f 2431/1340/1 3778/1344/1 1829/13/1
f 3778/1344/1 1855/1343/1 21/3582/1
f 747/3990/1 2432/1339/1 3779/1341/1
f 2091/1352/1 3779/1341/1 1285/3028/1
f 3779/1341/1 2431/1340/1 485/3989/1
f 268/3203/1 1549/1336/1 3780/1338/1
f 1547/575/1 3780/1338/1 2432/1339/1
f 3780/1338/1 2430/1337/1 897/3988/1
f 896/3991/1 2429/1333/1 3781/1335/1
f 2427/1331/1 3781/1335/1 2096/583/1
f 3781/1335/1 2094/1334/1 269/3197/1
f 350/3993/1 2428/1330/1 3782/1332/1
f 1694/2828/1 3782/1332/1 1552/1318/1
f 3782/1332/1 2427/1331/1 752/3992/1
f 46/3994/1 1176/1327/1 3783/1329/1
f 1150/83/1 3783/1329/1 2428/1330/1
f 3783/1329/1 2426/1328/1 896/3991/1
f 895/3995/1 2425/1324/1 3784/1326/1
f 2423/1322/1 3784/1326/1 1645/319/1
f 3784/1326/1 2095/1325/1 93/3372/1
f 494/3997/1 2424/1321/1 3785/1323/1
f 1838/1505/1 3785/1323/1 1101/2110/1
f 3785/1323/1 2423/1322/1 301/3996/1
f 142/3237/1 1552/1318/1 3786/1320/1
f 1294/524/1 3786/1320/1 2424/1321/1
f 3786/1320/1 2422/1319/1 895/3995/1
f 894/3998/1 2421/1315/1 3787/1317/1
f 2419/1313/1 3787/1317/1 1789/148/1
f 3787/1317/1 1863/1316/1 37/3987/1
f 751/4000/1 2420/1312/1 3788/1314/1
f 2095/1325/1 3788/1314/1 1245/2623/1
f 3788/1314/1 2419/1313/1 445/3999/1
f 269/3197/1 1553/1309/1 3789/1311/1
f 1551/584/1 3789/1311/1 2420/1312/1
f 3789/1311/1 2418/1310/1 894/3998/1
f 893/4001/1 2417/1306/1 3790/1308/1
f 2415/1304/1 3790/1308/1 2100/592/1
f 3790/1308/1 2098/1307/1 270/3191/1
f 310/4003/1 2416/1303/1 3791/1305/1
f 1654/2963/1 3791/1305/1 1556/1291/1
f 3791/1305/1 2415/1304/1 756/4002/1
f 18/3500/1 1128/1300/1 3792/1302/1
f 1110/38/1 3792/1302/1 2416/1303/1
f 3792/1302/1 2414/1301/1 893/4001/1
f 892/4004/1 2413/1297/1 3793/1299/1
f 2411/1295/1 3793/1299/1 1720/580/1
f 3793/1299/1 2099/1298/1 168/3198/1
f 454/4006/1 2412/1294/1 3794/1296/1
f 1798/1100/1 3794/1296/1 1176/1327/1
f 3794/1296/1 2411/1295/1 376/4005/1
f 102/3147/1 1556/1291/1 3795/1293/1
f 1254/659/1 3795/1293/1 2412/1294/1
f 3795/1293/1 2410/1292/1 892/4004/1
f 891/4007/1 2409/1288/1 3796/1290/1
f 2407/1286/1 3796/1290/1 1864/61/1
f 3796/1290/1 1862/1289/1 67/3983/1
f 755/4009/1 2408/1285/1 3797/1287/1
f 2099/1298/1 3797/1287/1 1320/2884/1
f 3797/1287/1 2407/1286/1 520/4008/1
f 270/3191/1 1557/1282/1 3798/1284/1
f 1555/593/1 3798/1284/1 2408/1285/1
f 3798/1284/1 2406/1283/1 891/4007/1
f 890/4010/1 2405/1279/1 3799/1281/1
f 2403/1277/1 3799/1281/1 2104/601/1
f 3799/1281/1 2102/1280/1 271/3185/1
f 371/4012/1 2404/1276/1 3800/1278/1
f 1715/2918/1 3800/1278/1 1560/1264/1
f 3800/1278/1 2403/1277/1 760/4011/1
f 66/4013/1 1173/1273/1 3801/1275/1
f 1171/53/1 3801/1275/1 2404/1276/1
f 3801/1275/1 2402/1274/1 890/4010/1
f 889/4014/1 2401/1270/1 3802/1272/1
f 2399/1268/1 3802/1272/1 1697/733/1
f 3802/1272/1 2103/1271/1 145/3096/1
f 515/4016/1 2400/1267/1 3803/1269/1
f 1859/1235/1 3803/1269/1 1153/868/1
f 3803/1269/1 2399/1268/1 353/4015/1
f 163/3177/1 1560/1264/1 3804/1266/1
f 1315/614/1 3804/1266/1 2400/1267/1
f 3804/1266/1 2398/1265/1 889/4014/1
f 888/4018/1 2397/1261/1 3805/1263/1
f 2395/1259/1 3805/1263/1 1841/10/1
f 3805/1263/1 1832/1262/1 7/4020/1
f 759/4021/1 2396/1258/1 3806/1260/1
f 2103/1271/1 3806/1260/1 1297/3037/1
f 3806/1260/1 2395/1259/1 497/4019/1
f 271/3185/1 1561/1255/1 3807/1257/1
f 1559/602/1 3807/1257/1 2396/1258/1
f 3807/1257/1 2394/1256/1 888/4018/1
f 887/4022/1 2393/1252/1 3808/1254/1
f 2391/1250/1 3808/1254/1 2108/610/1
f 3808/1254/1 2106/1253/1 272/3179/1
f 367/4024/1 2392/1249/1 3809/1251/1
f 1711/2882/1 3809/1251/1 1564/1237/1
f 3809/1251/1 2391/1250/1 764/4023/1
f 63/4025/1 1172/1246/1 3810/1248/1
f 1167/65/1 3810/1248/1 2392/1249/1
f 3810/1248/1 2390/1247/1 887/4022/1
f 886/4026/1 2389/1243/1 3811/1245/1
f 2387/1241/1 3811/1245/1 1657/292/1
f 3811/1245/1 2107/1244/1 105/3390/1
f 511/4028/1 2388/1240/1 3812/1242/1
f 1855/1343/1 3812/1242/1 1113/2191/1
f 3812/1242/1 2387/1241/1 313/4027/1
f 159/3201/1 1564/1237/1 3813/1239/1
f 1311/578/1 3813/1239/1 2388/1240/1
f 3813/1239/1 2386/1238/1 886/4026/1
f 885/4029/1 2385/1234/1 3814/1236/1
f 2383/1232/1 3814/1236/1 1801/157/1
f 3814/1236/1 1859/1235/1 49/4017/1
f 763/4031/1 2384/1231/1 3815/1233/1
f 2107/1244/1 3815/1233/1 1257/2596/1
f 3815/1233/1 2383/1232/1 457/4030/1
f 272/3179/1 1565/1228/1 3816/1230/1
f 1563/611/1 3816/1230/1 2384/1231/1
f 3816/1230/1 2382/1229/1 885/4029/1
f 884/4032/1 2381/1225/1 3817/1227/1
f 2379/1223/1 3817/1227/1 2112/619/1
f 3817/1227/1 2110/1226/1 273/3173/1
f 327/4034/1 2380/1222/1 3818/1224/1
f 1671/2945/1 3818/1224/1 1568/1210/1
f 3818/1224/1 2379/1223/1 768/4033/1
f 25/3476/1 1129/1219/1 3819/1221/1
f 1127/44/1 3819/1221/1 2380/1222/1
f 3819/1221/1 2378/1220/1 884/4032/1
f 883/4035/1 2377/1216/1 3820/1218/1
f 2375/1214/1 3820/1218/1 1716/607/1
f 3820/1218/1 2111/1217/1 164/3180/1
f 471/4037/1 2376/1213/1 3821/1215/1
f 1815/1154/1 3821/1215/1 1172/1246/1
f 3821/1215/1 2375/1214/1 372/4036/1
f 119/3159/1 1568/1210/1 3822/1212/1
f 1271/641/1 3822/1212/1 2376/1213/1
f 3822/1212/1 2374/1211/1 883/4035/1
f 882/4038/1 2373/1207/1 3823/1209/1
f 2371/1205/1 3823/1209/1 1860/52/1
f 3823/1209/1 1858/1208/1 66/4013/1
f 767/4040/1 2372/1204/1 3824/1206/1
f 2111/1217/1 3824/1206/1 1316/2911/1
f 3824/1206/1 2371/1205/1 516/4039/1
f 273/3173/1 1569/1201/1 3825/1203/1
f 1567/620/1 3825/1203/1 2372/1204/1
f 3825/1203/1 2370/1202/1 882/4038/1
f 881/4041/1 2369/1198/1 3826/1200/1
f 2367/1196/1 3826/1200/1 2116/628/1
f 3826/1200/1 2114/1199/1 274/3167/1
f 370/4043/1 2368/1195/1 3827/1197/1
f 1714/2927/1 3827/1197/1 1572/1183/1
f 3827/1197/1 2367/1196/1 772/4042/1
f 65/3464/1 1169/1192/1 3828/1194/1
f 1170/50/1 3828/1194/1 2368/1195/1
f 3828/1194/1 2366/1193/1 881/4041/1
f 880/4044/1 2365/1189/1 3829/1191/1
f 2363/1187/1 3829/1191/1 1717/598/1
f 3829/1191/1 2115/1190/1 165/3186/1
f 514/4046/1 2364/1186/1 3830/1188/1
f 1858/1208/1 3830/1188/1 1173/1273/1
f 3830/1188/1 2363/1187/1 373/4045/1
f 162/3171/1 1572/1183/1 3831/1185/1
f 1314/623/1 3831/1185/1 2364/1186/1
f 3831/1185/1 2362/1184/1 880/4044/1
f 879/4047/1 2361/1180/1 3832/1182/1
f 2359/1178/1 3832/1182/1 1861/55/1
f 3832/1182/1 1792/1181/1 40/4049/1
f 771/4050/1 2360/1177/1 3833/1179/1
f 2115/1190/1 3833/1179/1 1317/2902/1
f 3833/1179/1 2359/1178/1 517/4048/1
f 274/3167/1 1573/1174/1 3834/1176/1
f 1571/629/1 3834/1176/1 2360/1177/1
f 3834/1176/1 2358/1175/1 879/4047/1
f 878/4051/1 2357/1171/1 3835/1173/1
f 2355/1169/1 3835/1173/1 2120/637/1
f 3835/1173/1 2118/1172/1 275/3161/1
f 374/4053/1 2356/1168/1 3836/1170/1
f 1718/2900/1 3836/1170/1 1576/1156/1
f 3836/1170/1 2355/1169/1 776/4052/1
f 64/3956/1 1168/1165/1 3837/1167/1
f 1174/59/1 3837/1167/1 2356/1168/1
f 3837/1167/1 2354/1166/1 878/4051/1
f 877/4054/1 2353/1162/1 3838/1164/1
f 2351/1160/1 3838/1164/1 1721/571/1
f 3838/1164/1 2119/1163/1 169/3204/1
f 518/4056/1 2352/1159/1 3839/1161/1
f 1862/1289/1 3839/1161/1 1177/1354/1
f 3839/1161/1 2351/1160/1 377/4055/1
f 166/3189/1 1576/1156/1 3840/1158/1
f 1318/596/1 3840/1158/1 2352/1159/1
f 3840/1158/1 2350/1157/1 877/4054/1
f 876/4057/1 2349/1153/1 3841/1155/1
f 2347/1151/1 3841/1155/1 1865/64/1
f 3841/1155/1 1815/1154/1 63/4025/1
f 775/4059/1 2348/1150/1 3842/1152/1
f 2119/1163/1 3842/1152/1 1321/2875/1
f 3842/1152/1 2347/1151/1 521/4058/1
f 275/3161/1 1577/1147/1 3843/1149/1
f 1575/638/1 3843/1149/1 2348/1150/1
f 3843/1149/1 2346/1148/1 876/4057/1
f 875/4060/1 2345/1144/1 3844/1146/1
f 2343/1142/1 3844/1146/1 2124/646/1
f 3844/1146/1 2122/1145/1 276/3155/1
f 378/4062/1 2344/1141/1 3845/1143/1
f 1722/2873/1 3845/1143/1 1580/1129/1
f 3845/1143/1 2343/1142/1 780/4061/1
f 33/4063/1 1137/1138/1 3846/1140/1
f 1178/68/1 3846/1140/1 2344/1141/1
f 3846/1140/1 2342/1139/1 875/4060/1
f 874/4064/1 2341/1135/1 3847/1137/1
f 2339/1133/1 3847/1137/1 1725/544/1
f 3847/1137/1 2123/1136/1 173/3222/1
f 522/4066/1 2340/1132/1 3848/1134/1
f 1866/1370/1 3848/1134/1 1181/1435/1
f 3848/1134/1 2339/1133/1 381/4065/1
f 170/3207/1 1580/1129/1 3849/1131/1
f 1322/569/1 3849/1131/1 2340/1132/1
f 3849/1131/1 2338/1130/1 874/4064/1
f 873/4067/1 2337/1126/1 3850/1128/1
f 2335/1124/1 3850/1128/1 1869/73/1
f 3850/1128/1 1814/1127/1 62/3472/1
f 779/4069/1 2336/1123/1 3851/1125/1
f 2123/1136/1 3851/1125/1 1325/2848/1
f 3851/1125/1 2335/1124/1 525/4068/1
f 276/3155/1 1581/1120/1 3852/1122/1
f 1579/647/1 3852/1122/1 2336/1123/1
f 3852/1122/1 2334/1121/1 873/4067/1
f 872/4070/1 2333/1117/1 3853/1119/1
f 2331/1115/1 3853/1119/1 2128/655/1
f 3853/1119/1 2126/1118/1 277/3149/1
f 382/4072/1 2332/1114/1 3854/1116/1
f 1726/2846/1 3854/1116/1 1584/1102/1
f 3854/1116/1 2331/1115/1 784/4071/1
f 61/3497/1 1165/1111/1 3855/1113/1
f 1182/77/1 3855/1113/1 2332/1114/1
f 3855/1113/1 2330/1112/1 872/4070/1
f 871/4073/1 2329/1108/1 3856/1110/1
f 2327/1106/1 3856/1110/1 1729/517/1
f 3856/1110/1 2127/1109/1 177/3240/1
f 526/4075/1 2328/1105/1 3857/1107/1
f 1870/1451/1 3857/1107/1 1185/1516/1
f 3857/1107/1 2327/1106/1 385/4074/1
f 174/3225/1 1584/1102/1 3858/1104/1
f 1326/542/1 3858/1104/1 2328/1105/1
f 3858/1104/1 2326/1103/1 871/4073/1
f 870/4076/1 2325/1099/1 3859/1101/1
f 2323/1097/1 3859/1101/1 1873/82/1
f 3859/1101/1 1798/1100/1 46/3994/1
f 783/4078/1 2324/1096/1 3860/1098/1
f 2127/1109/1 3860/1098/1 1329/2821/1
f 3860/1098/1 2323/1097/1 529/4077/1
f 277/3149/1 1585/1093/1 3861/1095/1
f 1583/656/1 3861/1095/1 2324/1096/1
f 3861/1095/1 2322/1094/1 870/4076/1
f 869/4079/1 2321/1090/1 3862/1092/1
f 2319/1088/1 3862/1092/1 2132/664/1
f 3862/1092/1 2130/1091/1 278/3143/1
f 386/4081/1 2320/1087/1 3863/1089/1
f 1730/2819/1 3863/1089/1 1588/1075/1
f 3863/1089/1 2319/1088/1 788/4080/1
f 60/3844/1 1164/1084/1 3864/1086/1
f 1186/86/1 3864/1086/1 2320/1087/1
f 3864/1086/1 2318/1085/1 869/4079/1
f 868/4082/1 2317/1081/1 3865/1083/1
f 2315/1079/1 3865/1083/1 1733/490/1
f 3865/1083/1 2131/1082/1 181/3258/1
f 530/4084/1 2316/1078/1 3866/1080/1
f 1874/1532/1 3866/1080/1 1189/1597/1
f 3866/1080/1 2315/1079/1 389/4083/1
f 178/3243/1 1588/1075/1 3867/1077/1
f 1330/515/1 3867/1077/1 2316/1078/1
f 3867/1077/1 2314/1076/1 868/4082/1
f 867/4085/1 2313/1072/1 3868/1074/1
f 2311/1070/1 3868/1074/1 1877/91/1
f 3868/1074/1 1811/1073/1 59/3933/1
f 787/4087/1 2312/1069/1 3869/1071/1
f 2131/1082/1 3869/1071/1 1333/2794/1
f 3869/1071/1 2311/1070/1 533/4086/1
f 278/3143/1 1589/1066/1 3870/1068/1
f 1587/665/1 3870/1068/1 2312/1069/1
f 3870/1068/1 2310/1067/1 867/4085/1
f 866/4088/1 2309/1063/1 3871/1065/1
f 2307/1061/1 3871/1065/1 2136/673/1
f 3871/1065/1 2134/1064/1 279/3137/1
f 390/4090/1 2308/1060/1 3872/1062/1
f 1734/2792/1 3872/1062/1 1592/1048/1
f 3872/1062/1 2307/1061/1 792/4089/1
f 29/4091/1 1133/1057/1 3873/1059/1
f 1190/95/1 3873/1059/1 2308/1060/1
f 3873/1059/1 2306/1058/1 866/4088/1
f 865/4092/1 2305/1054/1 3874/1056/1
f 2303/1052/1 3874/1056/1 1737/463/1
f 3874/1056/1 2135/1055/1 185/3276/1
f 534/4094/1 2304/1051/1 3875/1053/1
f 1878/1613/1 3875/1053/1 1193/1678/1
f 3875/1053/1 2303/1052/1 393/4093/1
f 182/3261/1 1592/1048/1 3876/1050/1
f 1334/488/1 3876/1050/1 2304/1051/1
f 3876/1050/1 2302/1049/1 865/4092/1
f 864/4095/1 2301/1045/1 3877/1047/1
f 2299/1043/1 3877/1047/1 1881/100/1
f 3877/1047/1 1810/1046/1 58/3505/1
f 791/4097/1 2300/1042/1 3878/1044/1
f 2135/1055/1 3878/1044/1 1337/2767/1
f 3878/1044/1 2299/1043/1 537/4096/1
f 279/3137/1 1593/1039/1 3879/1041/1
f 1591/674/1 3879/1041/1 2300/1042/1
f 3879/1041/1 2298/1040/1 864/4095/1
f 863/4098/1 2297/1036/1 3880/1038/1
f 2295/1034/1 3880/1038/1 2140/682/1
f 3880/1038/1 2138/1037/1 280/3131/1
f 394/4100/1 2296/1033/1 3881/1035/1
f 1738/2765/1 3881/1035/1 1596/1021/1
f 3881/1035/1 2295/1034/1 796/4099/1
f 57/3530/1 1161/1030/1 3882/1032/1
f 1194/104/1 3882/1032/1 2296/1033/1
f 3882/1032/1 2294/1031/1 863/4098/1
f 862/4101/1 2293/1027/1 3883/1029/1
f 2291/1025/1 3883/1029/1 1741/436/1
f 3883/1029/1 2139/1028/1 189/3294/1
f 538/4103/1 2292/1024/1 3884/1026/1
f 1882/1694/1 3884/1026/1 1197/1759/1
f 3884/1026/1 2291/1025/1 397/4102/1
f 186/3279/1 1596/1021/1 3885/1023/1
f 1338/461/1 3885/1023/1 2292/1024/1
f 3885/1023/1 2290/1022/1 862/4101/1
f 861/4104/1 2289/1018/1 3886/1020/1
f 2287/1016/1 3886/1020/1 1885/109/1
f 3886/1020/1 1799/1019/1 47/3640/1
f 795/4106/1 2288/1015/1 3887/1017/1
f 2139/1028/1 3887/1017/1 1341/2740/1
f 3887/1017/1 2287/1016/1 541/4105/1
f 280/3131/1 1597/1012/1 3888/1014/1
f 1595/683/1 3888/1014/1 2288/1015/1
f 3888/1014/1 2286/1013/1 861/4104/1
f 860/4107/1 2285/1009/1 3889/1011/1
f 2283/1007/1 3889/1011/1 2144/691/1
f 3889/1011/1 2142/1010/1 281/3125/1
f 398/4109/1 2284/1006/1 3890/1008/1
f 1742/2738/1 3890/1008/1 1600/994/1
f 3890/1008/1 2283/1007/1 800/4108/1
f 56/3710/1 1160/1003/1 3891/1005/1
f 1198/113/1 3891/1005/1 2284/1006/1
f 3891/1005/1 2282/1004/1 860/4107/1
f 859/4110/1 2281/1000/1 3892/1002/1
f 2279/998/1 3892/1002/1 1745/409/1
f 3892/1002/1 2143/1001/1 193/3312/1
f 542/4112/1 2280/997/1 3893/999/1
f 1886/1775/1 3893/999/1 1201/1840/1
f 3893/999/1 2279/998/1 401/4111/1
f 190/3297/1 1600/994/1 3894/996/1
f 1342/434/1 3894/996/1 2280/997/1
f 3894/996/1 2278/995/1 859/4110/1
f 858/4113/1 2277/991/1 3895/993/1
f 2275/989/1 3895/993/1 1889/118/1
f 3895/993/1 1807/992/1 55/3816/1
f 799/4115/1 2276/988/1 3896/990/1
f 2143/1001/1 3896/990/1 1345/2713/1
f 3896/990/1 2275/989/1 545/4114/1
f 281/3125/1 1601/985/1 3897/987/1
f 1599/692/1 3897/987/1 2276/988/1
f 3897/987/1 2274/986/1 858/4113/1
f 857/4116/1 2273/982/1 3898/984/1
f 2271/980/1 3898/984/1 2148/700/1
f 3898/984/1 2146/983/1 282/3119/1
f 402/4118/1 2272/979/1 3899/981/1
f 1746/2711/1 3899/981/1 1604/967/1
f 3899/981/1 2271/980/1 804/4117/1
f 36/3886/1 1140/976/1 3900/978/1
f 1202/122/1 3900/978/1 2272/979/1
f 3900/978/1 2270/977/1 857/4116/1
f 856/4119/1 2269/973/1 3901/975/1
f 2267/971/1 3901/975/1 1749/382/1
f 3901/975/1 2147/974/1 197/3330/1
f 546/4121/1 2268/970/1 3902/972/1
f 1890/1856/1 3902/972/1 1205/1921/1
f 3902/972/1 2267/971/1 405/4120/1
f 194/3315/1 1604/967/1 3903/969/1
f 1346/407/1 3903/969/1 2268/970/1
f 3903/969/1 2266/968/1 856/4119/1
f 855/4122/1 2265/964/1 3904/966/1
f 2263/962/1 3904/966/1 1893/127/1
f 3904/966/1 1806/965/1 54/3538/1
f 803/4124/1 2264/961/1 3905/963/1
f 2147/974/1 3905/963/1 1349/2686/1
f 3905/963/1 2263/962/1 549/4123/1
f 282/3119/1 1605/958/1 3906/960/1
f 1603/701/1 3906/960/1 2264/961/1
f 3906/960/1 2262/959/1 855/4122/1
f 854/4125/1 2261/955/1 3907/957/1
f 2259/953/1 3907/957/1 2152/709/1
f 3907/957/1 2150/956/1 283/3113/1
f 406/4127/1 2260/952/1 3908/954/1
f 1750/2684/1 3908/954/1 1608/940/1
f 3908/954/1 2259/953/1 808/4126/1
f 53/3563/1 1157/949/1 3909/951/1
f 1206/131/1 3909/951/1 2260/952/1
f 3909/951/1 2258/950/1 854/4125/1
f 853/4128/1 2257/946/1 3910/948/1
f 2255/944/1 3910/948/1 1753/355/1
f 3910/948/1 2151/947/1 201/3348/1
f 550/4130/1 2256/943/1 3911/945/1
f 1894/1937/1 3911/945/1 1209/2002/1
f 3911/945/1 2255/944/1 409/4129/1
f 198/3333/1 1608/940/1 3912/942/1
f 1350/380/1 3912/942/1 2256/943/1
f 3912/942/1 2254/941/1 853/4128/1
f 852/4131/1 2253/937/1 3913/939/1
f 2251/935/1 3913/939/1 1897/136/1
f 3913/939/1 1796/938/1 44/4133/1
f 807/4134/1 2252/934/1 3914/936/1
f 2151/947/1 3914/936/1 1353/2659/1
f 3914/936/1 2251/935/1 553/4132/1
f 283/3113/1 1609/931/1 3915/933/1
f 1607/710/1 3915/933/1 2252/934/1
f 3915/933/1 2250/932/1 852/4131/1
f 851/4135/1 2249/928/1 3916/930/1
f 2247/926/1 3916/930/1 2156/718/1
f 3916/930/1 2154/929/1 284/3107/1
f 410/4137/1 2248/925/1 3917/927/1
f 1754/2657/1 3917/927/1 1612/913/1
f 3917/927/1 2247/926/1 812/4136/1
f 52/3596/1 1156/922/1 3918/924/1
f 1210/140/1 3918/924/1 2248/925/1
f 3918/924/1 2246/923/1 851/4135/1
f 850/4138/1 2245/919/1 3919/921/1
f 2243/917/1 3919/921/1 1757/328/1
f 3919/921/1 2155/920/1 205/3366/1
f 554/4140/1 2244/916/1 3920/918/1
f 1898/2018/1 3920/918/1 1213/2083/1
f 3920/918/1 2243/917/1 413/4139/1
f 202/3351/1 1612/913/1 3921/915/1
f 1354/353/1 3921/915/1 2244/916/1
f 3921/915/1 2242/914/1 850/4138/1
f 849/4141/1 2241/910/1 3922/912/1
f 2239/908/1 3922/912/1 1901/145/1
f 3922/912/1 1803/911/1 51/3682/1
f 811/4143/1 2240/907/1 3923/909/1
f 2155/920/1 3923/909/1 1357/2632/1
f 3923/909/1 2239/908/1 557/4142/1
f 284/3107/1 1613/904/1 3924/906/1
f 1611/719/1 3924/906/1 2240/907/1
f 3924/906/1 2238/905/1 849/4141/1
f 848/4144/1 2237/901/1 3925/903/1
f 2235/899/1 3925/903/1 2160/727/1
f 3925/903/1 2158/902/1 285/3101/1
f 414/4146/1 2236/898/1 3926/900/1
f 1758/2630/1 3926/900/1 1616/886/1
f 3926/900/1 2235/899/1 816/4145/1
f 37/3987/1 1141/895/1 3927/897/1
f 1214/149/1 3927/897/1 2236/898/1
f 3927/897/1 2234/896/1 848/4144/1
f 847/4147/1 2233/892/1 3928/894/1
f 2231/890/1 3928/894/1 1761/301/1
f 3928/894/1 2159/893/1 209/3384/1
f 558/4149/1 2232/889/1 3929/891/1
f 1902/2099/1 3929/891/1 1217/2164/1
f 3929/891/1 2231/890/1 417/4148/1
f 206/3369/1 1616/886/1 3930/888/1
f 1358/326/1 3930/888/1 2232/889/1
f 3930/888/1 2230/887/1 847/4147/1
f 846/4150/1 2229/883/1 3931/885/1
f 2227/881/1 3931/885/1 1905/154/1
f 3931/885/1 1802/884/1 50/3571/1
f 815/4152/1 2228/880/1 3932/882/1
f 2159/893/1 3932/882/1 1361/2605/1
f 3932/882/1 2227/881/1 561/4151/1
f 285/3101/1 1617/877/1 3933/879/1
f 1615/728/1 3933/879/1 2228/880/1
f 3933/879/1 2226/878/1 846/4150/1
f 845/4153/1 2225/874/1 3934/876/1
f 2223/872/1 3934/876/1 2164/736/1
f 3934/876/1 2162/875/1 286/3095/1
f 418/4155/1 2224/871/1 3935/873/1
f 1762/2603/1 3935/873/1 1620/859/1
f 3935/873/1 2223/872/1 820/4154/1
f 49/4017/1 1153/868/1 3936/870/1
f 1218/158/1 3936/870/1 2224/871/1
f 3936/870/1 2222/869/1 845/4153/1
f 844/4156/1 2221/865/1 3937/867/1
f 2219/863/1 3937/867/1 1765/274/1
f 3937/867/1 2163/866/1 213/3402/1
f 562/4158/1 2220/862/1 3938/864/1
f 1906/2180/1 3938/864/1 1221/2245/1
f 3938/864/1 2219/863/1 421/4157/1
f 210/3387/1 1620/859/1 3939/861/1
f 1362/299/1 3939/861/1 2220/862/1
f 3939/861/1 2218/860/1 844/4156/1
f 843/4159/1 2217/856/1 3940/858/1
f 2215/854/1 3940/858/1 1909/163/1
f 3940/858/1 1784/857/1 32/4161/1
f 819/4162/1 2216/853/1 3941/855/1
f 2163/866/1 3941/855/1 1365/2578/1
f 3941/855/1 2215/854/1 565/4160/1
f 286/3095/1 1621/850/1 3942/852/1
f 1619/737/1 3942/852/1 2216/853/1
f 3942/852/1 2214/851/1 843/4159/1
f 842/4163/1 2213/847/1 3943/849/1
f 2211/845/1 3943/849/1 2168/745/1
f 3943/849/1 2166/848/1 287/3089/1
f 422/4165/1 2212/844/1 3944/846/1
f 1766/2576/1 3944/846/1 1624/832/1
f 3944/846/1 2211/845/1 824/4164/1
f 48/3926/1 1152/841/1 3945/843/1
f 1222/167/1 3945/843/1 2212/844/1
f 3945/843/1 2210/842/1 842/4163/1
f 841/4166/1 2209/838/1 3946/840/1
f 2207/836/1 3946/840/1 1769/247/1
f 3946/840/1 2167/839/1 217/3420/1
f 566/4168/1 2208/835/1 3947/837/1
f 1910/2261/1 3947/837/1 1225/2326/1
f 3947/837/1 2207/836/1 425/4167/1
f 214/3405/1 1624/832/1 3948/834/1
f 1366/272/1 3948/834/1 2208/835/1
f 3948/834/1 2206/833/1 841/4166/1
f 840/4169/1 2205/829/1 3949/831/1
f 2203/827/1 3949/831/1 1913/172/1
f 3949/831/1 1787/830/1 35/3603/1
f 823/4171/1 2204/826/1 3950/828/1
f 2167/839/1 3950/828/1 1369/2551/1
f 3950/828/1 2203/827/1 569/4170/1
f 287/3089/1 1625/823/1 3951/825/1
f 1623/746/1 3951/825/1 2204/826/1
f 3951/825/1 2202/824/1 840/4169/1
f 839/4172/1 2201/820/1 3952/822/1
f 2199/818/1 3952/822/1 2172/754/1
f 3952/822/1 2170/821/1 288/3083/1
f 426/4174/1 2200/817/1 3953/819/1
f 1770/2549/1 3953/819/1 1628/805/1
f 3953/819/1 2199/818/1 828/4173/1
f 41/4175/1 1145/814/1 3954/816/1
f 1226/176/1 3954/816/1 2200/817/1
f 3954/816/1 2198/815/1 839/4172/1
f 838/4176/1 2197/811/1 3955/813/1
f 2195/809/1 3955/813/1 1773/220/1
f 3955/813/1 2171/812/1 221/3438/1
f 570/4178/1 2196/808/1 3956/810/1
f 1914/2342/1 3956/810/1 1229/2407/1
f 3956/810/1 2195/809/1 429/4177/1
f 218/3423/1 1628/805/1 3957/807/1
f 1370/245/1 3957/807/1 2196/808/1
f 3957/807/1 2194/806/1 838/4176/1
f 837/4179/1 2193/802/1 3958/804/1
f 2191/800/1 3958/804/1 1917/181/1
f 3958/804/1 1786/803/1 34/3963/1
f 827/4181/1 2192/799/1 3959/801/1
f 2171/812/1 3959/801/1 1373/2524/1
f 3959/801/1 2191/800/1 573/4180/1
f 288/3083/1 1629/796/1 3960/798/1
f 1627/755/1 3960/798/1 2192/799/1
f 3960/798/1 2190/797/1 837/4179/1
f 836/4182/1 2189/793/1 3961/795/1
f 2187/791/1 3961/795/1 2176/763/1
f 3961/795/1 2174/794/1 289/3077/1
f 430/4184/1 2188/790/1 3962/792/1
f 1774/2522/1 3962/792/1 1632/778/1
f 3962/792/1 2187/791/1 832/4183/1
f 45/4185/1 1149/787/1 3963/789/1
f 1230/185/1 3963/789/1 2188/790/1
f 3963/789/1 2186/788/1 836/4182/1
f 835/4186/1 2185/784/1 3964/786/1
f 2183/782/1 3964/786/1 1777/193/1
f 3964/786/1 2175/785/1 225/3456/1
f 574/4188/1 2184/781/1 3965/783/1
f 1918/2423/1 3965/783/1 1233/2488/1
f 3965/783/1 2183/782/1 433/4187/1
f 222/3441/1 1632/778/1 3966/780/1
f 1374/218/1 3966/780/1 2184/781/1
f 3966/780/1 2182/779/1 835/4186/1
f 834/4189/1 2181/775/1 3967/777/1
f 2179/773/1 3967/777/1 1921/190/1
f 3967/777/1 1780/776/1 28/4191/1
f 831/4192/1 2180/772/1 3968/774/1
f 2175/785/1 3968/774/1 1377/2497/1
f 3968/774/1 2179/773/1 577/4190/1
f 289/3077/1 1633/769/1 3969/771/1
f 1631/764/1 3969/771/1 2180/772/1
f 3969/771/1 2178/770/1 834/4189/1
f 833/3074/1 2177/766/1 3970/768/1
f 2178/770/1 3970/768/1 2181/775/1
f 3970/768/1 1236/767/1 436/4193/1
f 832/4183/1 2176/763/1 3971/765/1
f 2182/779/1 3971/765/1 2185/784/1
f 3971/765/1 1631/764/1 831/4192/1
f 349/4194/1 1693/760/1 3972/762/1
f 2186/788/1 3972/762/1 2189/793/1
f 3972/762/1 1630/761/1 830/3076/1
f 829/3080/1 2173/757/1 3973/759/1
f 2190/797/1 3973/759/1 2193/802/1
f 3973/759/1 1242/758/1 442/3976/1
f 828/4173/1 2172/754/1 3974/756/1
f 2194/806/1 3974/756/1 2197/811/1
f 3974/756/1 1627/755/1 827/4181/1
f 345/4195/1 1689/751/1 3975/753/1
f 2198/815/1 3975/753/1 2201/820/1
f 3975/753/1 1626/752/1 826/3082/1
f 825/3086/1 2169/748/1 3976/750/1
f 2202/824/1 3976/750/1 2205/829/1
f 3976/750/1 1243/749/1 443/3616/1
f 824/4164/1 2168/745/1 3977/747/1
f 2206/833/1 3977/747/1 2209/838/1
f 3977/747/1 1623/746/1 823/4171/1
f 352/3924/1 1696/742/1 3978/744/1
f 2210/842/1 3978/744/1 2213/847/1
f 3978/744/1 1622/743/1 822/3088/1
f 821/3092/1 2165/739/1 3979/741/1
f 2214/851/1 3979/741/1 2217/856/1
f 3979/741/1 1240/740/1 440/4196/1
f 820/4154/1 2164/736/1 3980/738/1
f 2218/860/1 3980/738/1 2221/865/1
f 3980/738/1 1619/737/1 819/4162/1
f 353/4015/1 1697/733/1 3981/735/1
f 2222/869/1 3981/735/1 2225/874/1
f 3981/735/1 1618/734/1 818/3094/1
f 817/3098/1 2161/730/1 3982/732/1
f 2226/878/1 3982/732/1 2229/883/1
f 3982/732/1 1258/731/1 458/3585/1
f 816/4145/1 2160/727/1 3983/729/1
f 2230/887/1 3983/729/1 2233/892/1
f 3983/729/1 1615/728/1 815/4152/1
f 341/3985/1 1685/724/1 3984/726/1
f 2234/896/1 3984/726/1 2237/901/1
f 3984/726/1 1614/725/1 814/3100/1
f 813/3104/1 2157/721/1 3985/723/1
f 2238/905/1 3985/723/1 2241/910/1
f 3985/723/1 1259/722/1 459/3699/1
f 812/4136/1 2156/718/1 3986/720/1
f 2242/914/1 3986/720/1 2245/919/1
f 3986/720/1 1611/719/1 811/4143/1
f 356/3594/1 1700/715/1 3987/717/1
f 2246/923/1 3987/717/1 2249/928/1
f 3987/717/1 1610/716/1 810/3106/1
f 809/3110/1 2153/712/1 3988/714/1
f 2250/932/1 3988/714/1 2253/937/1
f 3988/714/1 1252/713/1 452/4197/1
f 808/4126/1 2152/709/1 3989/711/1
f 2254/941/1 3989/711/1 2257/946/1
f 3989/711/1 1607/710/1 807/4134/1
f 357/3561/1 1701/706/1 3990/708/1
f 2258/950/1 3990/708/1 2261/955/1
f 3990/708/1 1606/707/1 806/3112/1
f 805/3116/1 2149/703/1 3991/705/1
f 2262/959/1 3991/705/1 2265/964/1
f 3991/705/1 1262/704/1 462/3552/1
f 804/4117/1 2148/700/1 3992/702/1
f 2266/968/1 3992/702/1 2269/973/1
f 3992/702/1 1603/701/1 803/4124/1
f 340/3884/1 1684/697/1 3993/699/1
f 2270/977/1 3993/699/1 2273/982/1
f 3993/699/1 1602/698/1 802/3118/1
f 801/3122/1 2145/694/1 3994/696/1
f 2274/986/1 3994/696/1 2277/991/1
f 3994/696/1 1263/695/1 463/3833/1
f 800/4108/1 2144/691/1 3995/693/1
f 2278/995/1 3995/693/1 2281/1000/1
f 3995/693/1 1599/692/1 799/4115/1
f 360/3708/1 1704/688/1 3996/690/1
f 2282/1004/1 3996/690/1 2285/1009/1
f 3996/690/1 1598/689/1 798/3124/1
f 797/3128/1 2141/685/1 3997/687/1
f 2286/1013/1 3997/687/1 2289/1018/1
f 3997/687/1 1255/686/1 455/3658/1
f 796/4099/1 2140/682/1 3998/684/1
f 2290/1022/1 3998/684/1 2293/1027/1
f 3998/684/1 1595/683/1 795/4106/1
f 361/3528/1 1705/679/1 3999/681/1
f 2294/1031/1 3999/681/1 2297/1036/1
f 3999/681/1 1594/680/1 794/3130/1
f 793/3134/1 2137/676/1 4000/678/1
f 2298/1040/1 4000/678/1 2301/1045/1
f 4000/678/1 1266/677/1 466/3519/1
f 792/4089/1 2136/673/1 4001/675/1
f 2302/1049/1 4001/675/1 2305/1054/1
f 4001/675/1 1591/674/1 791/4097/1
f 333/4198/1 1677/670/1 4002/672/1
f 2306/1058/1 4002/672/1 2309/1063/1
f 4002/672/1 1590/671/1 790/3136/1
f 789/3140/1 2133/667/1 4003/669/1
f 2310/1067/1 4003/669/1 2313/1072/1
f 4003/669/1 1267/668/1 467/3945/1
f 788/4080/1 2132/664/1 4004/666/1
f 2314/1076/1 4004/666/1 2317/1081/1
f 4004/666/1 1587/665/1 787/4087/1
f 364/3842/1 1708/661/1 4005/663/1
f 2318/1085/1 4005/663/1 2321/1090/1
f 4005/663/1 1586/662/1 786/3142/1
f 785/3146/1 2129/658/1 4006/660/1
f 2322/1094/1 4006/660/1 2325/1099/1
f 4006/660/1 1254/659/1 454/4006/1
f 784/4071/1 2128/655/1 4007/657/1
f 2326/1103/1 4007/657/1 2329/1108/1
f 4007/657/1 1583/656/1 783/4078/1
f 365/3495/1 1709/652/1 4008/654/1
f 2330/1112/1 4008/654/1 2333/1117/1
f 4008/654/1 1582/653/1 782/3148/1
f 781/3152/1 2125/649/1 4009/651/1
f 2334/1121/1 4009/651/1 2337/1126/1
f 4009/651/1 1270/650/1 470/3486/1
f 780/4061/1 2124/646/1 4010/648/1
f 2338/1130/1 4010/648/1 2341/1135/1
f 4010/648/1 1579/647/1 779/4069/1
f 337/4199/1 1681/643/1 4011/645/1
f 2342/1139/1 4011/645/1 2345/1144/1
f 4011/645/1 1578/644/1 778/3154/1
f 777/3158/1 2121/640/1 4012/642/1
f 2346/1148/1 4012/642/1 2349/1153/1
f 4012/642/1 1271/641/1 471/4037/1
f 776/4052/1 2120/637/1 4013/639/1
f 2350/1157/1 4013/639/1 2353/1162/1
f 4013/639/1 1575/638/1 775/4059/1
f 368/3954/1 1712/634/1 4014/636/1
f 2354/1166/1 4014/636/1 2357/1171/1
f 4014/636/1 1574/635/1 774/3160/1
f 773/3164/1 2117/631/1 4015/633/1
f 2358/1175/1 4015/633/1 2361/1180/1
f 4015/633/1 1248/632/1 448/4200/1
f 772/4042/1 2116/628/1 4016/630/1
f 2362/1184/1 4016/630/1 2365/1189/1
f 4016/630/1 1571/629/1 771/4050/1
f 369/3462/1 1713/625/1 4017/627/1
f 2366/1193/1 4017/627/1 2369/1198/1
f 4017/627/1 1570/626/1 770/3166/1
f 769/3170/1 2113/622/1 4018/624/1
f 2370/1202/1 4018/624/1 2373/1207/1
f 4018/624/1 1314/623/1 514/4046/1
f 768/4033/1 2112/619/1 4019/621/1
f 2374/1211/1 4019/621/1 2377/1216/1
f 4019/621/1 1567/620/1 767/4040/1
f 329/3474/1 1673/616/1 4020/618/1
f 2378/1220/1 4020/618/1 2381/1225/1
f 4020/618/1 1566/617/1 766/3172/1
f 765/3176/1 2109/613/1 4021/615/1
f 2382/1229/1 4021/615/1 2385/1234/1
f 4021/615/1 1315/614/1 515/4016/1
f 764/4023/1 2108/610/1 4022/612/1
f 2386/1238/1 4022/612/1 2389/1243/1
f 4022/612/1 1563/611/1 763/4031/1
f 372/4036/1 1716/607/1 4023/609/1
f 2390/1247/1 4023/609/1 2393/1252/1
f 4023/609/1 1562/608/1 762/3178/1
f 761/3182/1 2105/604/1 4024/606/1
f 2394/1256/1 4024/606/1 2397/1261/1
f 4024/606/1 1288/605/1 488/4201/1
f 760/4011/1 2104/601/1 4025/603/1
f 2398/1265/1 4025/603/1 2401/1270/1
f 4025/603/1 1559/602/1 759/4021/1
f 373/4045/1 1717/598/1 4026/600/1
f 2402/1274/1 4026/600/1 2405/1279/1
f 4026/600/1 1558/599/1 758/3184/1
f 757/3188/1 2101/595/1 4027/597/1
f 2406/1283/1 4027/597/1 2409/1288/1
f 4027/597/1 1318/596/1 518/4056/1
f 756/4002/1 2100/592/1 4028/594/1
f 2410/1292/1 4028/594/1 2413/1297/1
f 4028/594/1 1555/593/1 755/4009/1
f 328/3965/1 1672/589/1 4029/591/1
f 2414/1301/1 4029/591/1 2417/1306/1
f 4029/591/1 1554/590/1 754/3190/1
f 753/3194/1 2097/586/1 4030/588/1
f 2418/1310/1 4030/588/1 2421/1315/1
f 4030/588/1 1319/587/1 519/3986/1
f 752/3992/1 2096/583/1 4031/585/1
f 2422/1319/1 4031/585/1 2425/1324/1
f 4031/585/1 1551/584/1 751/4000/1
f 376/4005/1 1720/580/1 4032/582/1
f 2426/1328/1 4032/582/1 2429/1333/1
f 4032/582/1 1550/581/1 750/3196/1
f 749/3200/1 2093/577/1 4033/579/1
f 2430/1337/1 4033/579/1 2433/1342/1
f 4033/579/1 1311/578/1 511/4028/1
f 748/3981/1 2092/574/1 4034/576/1
f 2434/1346/1 4034/576/1 2437/1351/1
f 4034/576/1 1547/575/1 747/3990/1
f 377/4055/1 1721/571/1 4035/573/1
f 2438/1355/1 4035/573/1 2441/1360/1
f 4035/573/1 1546/572/1 746/3202/1
f 745/3206/1 2089/568/1 4036/570/1
f 2442/1364/1 4036/570/1 2445/1369/1
f 4036/570/1 1322/569/1 522/4066/1
f 744/3971/1 2088/565/1 4037/567/1
f 2446/1373/1 4037/567/1 2449/1378/1
f 4037/567/1 1543/566/1 743/3979/1
f 297/4202/1 1641/562/1 4038/564/1
f 2450/1382/1 4038/564/1 2453/1387/1
f 4038/564/1 1542/563/1 742/3208/1
f 741/3212/1 2085/559/1 4039/561/1
f 2454/1391/1 4039/561/1 2457/1396/1
f 4039/561/1 1323/560/1 523/3955/1
f 740/3961/1 2084/556/1 4040/558/1
f 2458/1400/1 4040/558/1 2461/1405/1
f 4040/558/1 1539/557/1 739/3969/1
f 380/3975/1 1724/553/1 4041/555/1
f 2462/1409/1 4041/555/1 2465/1414/1
f 4041/555/1 1538/554/1 738/3214/1
f 737/3218/1 2081/550/1 4042/552/1
f 2466/1418/1 4042/552/1 2469/1423/1
f 4042/552/1 1310/551/1 510/3475/1
f 736/3950/1 2080/547/1 4043/549/1
f 2470/1427/1 4043/549/1 2473/1432/1
f 4043/549/1 1535/548/1 735/3959/1
f 381/4065/1 1725/544/1 4044/546/1
f 2474/1436/1 4044/546/1 2477/1441/1
f 4044/546/1 1534/545/1 734/3220/1
f 733/3224/1 2077/541/1 4045/543/1
f 2478/1445/1 4045/543/1 2481/1450/1
f 4045/543/1 1326/542/1 526/4075/1
f 732/3941/1 2076/538/1 4046/540/1
f 2482/1454/1 4046/540/1 2485/1459/1
f 4046/540/1 1531/539/1 731/3948/1
f 325/3507/1 1669/535/1 4047/537/1
f 2486/1463/1 4047/537/1 2489/1468/1
f 4047/537/1 1530/536/1 730/3226/1
f 729/3230/1 2073/532/1 4048/534/1
f 2490/1472/1 4048/534/1 2493/1477/1
f 4048/534/1 1327/533/1 527/3925/1
f 728/3931/1 2072/529/1 4049/531/1
f 2494/1481/1 4049/531/1 2497/1486/1
f 4049/531/1 1527/530/1 727/3939/1
f 384/3944/1 1728/526/1 4050/528/1
f 2498/1490/1 4050/528/1 2501/1495/1
f 4050/528/1 1526/527/1 726/3232/1
f 725/3236/1 2069/523/1 4051/525/1
f 2502/1499/1 4051/525/1 2505/1504/1
f 4051/525/1 1294/524/1 494/3997/1
f 724/3920/1 2068/520/1 4052/522/1
f 2506/1508/1 4052/522/1 2509/1513/1
f 4052/522/1 1523/521/1 723/3929/1
f 385/4074/1 1729/517/1 4053/519/1
f 2510/1517/1 4053/519/1 2513/1522/1
f 4053/519/1 1522/518/1 722/3238/1
f 721/3242/1 2065/514/1 4054/516/1
f 2514/1526/1 4054/516/1 2517/1531/1
f 4054/516/1 1330/515/1 530/4084/1
f 720/3906/1 2064/511/1 4055/513/1
f 2518/1535/1 4055/513/1 2521/1540/1
f 4055/513/1 1519/512/1 719/3918/1
f 324/3856/1 1668/508/1 4056/510/1
f 2522/1544/1 4056/510/1 2525/1549/1
f 4056/510/1 1518/509/1 718/3244/1
f 717/3248/1 2061/505/1 4057/507/1
f 2526/1553/1 4057/507/1 2529/1558/1
f 4057/507/1 1331/506/1 531/3885/1
f 716/3891/1 2060/502/1 4058/504/1
f 2530/1562/1 4058/504/1 2533/1567/1
f 4058/504/1 1515/503/1 715/3904/1
f 388/3912/1 1732/499/1 4059/501/1
f 2534/1571/1 4059/501/1 2537/1576/1
f 4059/501/1 1514/500/1 714/3250/1
f 713/3254/1 2057/496/1 4060/498/1
f 2538/1580/1 4060/498/1 2541/1585/1
f 4060/498/1 1307/497/1 507/3936/1
f 712/3880/1 2056/493/1 4061/495/1
f 2542/1589/1 4061/495/1 2545/1594/1
f 4061/495/1 1511/494/1 711/3889/1
f 389/4083/1 1733/490/1 4062/492/1
f 2546/1598/1 4062/492/1 2549/1603/1
f 4062/492/1 1510/491/1 710/3256/1
f 709/3260/1 2053/487/1 4063/489/1
f 2550/1607/1 4063/489/1 2553/1612/1
f 4063/489/1 1334/488/1 534/4094/1
f 708/3865/1 2052/484/1 4064/486/1
f 2554/1616/1 4064/486/1 2557/1621/1
f 4064/486/1 1507/485/1 707/3878/1
f 293/4203/1 1637/481/1 4065/483/1
f 2558/1625/1 4065/483/1 2561/1630/1
f 4065/483/1 1506/482/1 706/3262/1
f 705/3266/1 2049/478/1 4066/480/1
f 2562/1634/1 4066/480/1 2565/1639/1
f 4066/480/1 1335/479/1 535/3843/1
f 704/3849/1 2048/475/1 4067/477/1
f 2566/1643/1 4067/477/1 2569/1648/1
f 4067/477/1 1503/476/1 703/3863/1
f 392/3872/1 1736/472/1 4068/474/1
f 2570/1652/1 4068/474/1 2573/1657/1
f 4068/474/1 1502/473/1 702/3268/1
f 701/3272/1 2045/469/1 4069/471/1
f 2574/1661/1 4069/471/1 2577/1666/1
f 4069/471/1 1306/470/1 506/3508/1
f 700/3838/1 2044/466/1 4070/468/1
f 2578/1670/1 4070/468/1 2581/1675/1
f 4070/468/1 1499/467/1 699/3847/1
f 393/4093/1 1737/463/1 4071/465/1
f 2582/1679/1 4071/465/1 2585/1684/1
f 4071/465/1 1498/464/1 698/3274/1
f 697/3278/1 2041/460/1 4072/462/1
f 2586/1688/1 4072/462/1 2589/1693/1
f 4072/462/1 1338/461/1 538/4103/1
f 696/3829/1 2040/457/1 4073/459/1
f 2590/1697/1 4073/459/1 2593/1702/1
f 4073/459/1 1495/458/1 695/3836/1
f 321/3540/1 1665/454/1 4074/456/1
f 2594/1706/1 4074/456/1 2597/1711/1
f 4074/456/1 1494/455/1 694/3280/1
f 693/3284/1 2037/451/1 4075/453/1
f 2598/1715/1 4075/453/1 2601/1720/1
f 4075/453/1 1339/452/1 539/3805/1
f 692/3814/1 2036/448/1 4076/450/1
f 2602/1724/1 4076/450/1 2605/1729/1
f 4076/450/1 1491/449/1 691/3826/1
f 396/3832/1 1740/445/1 4077/447/1
f 2606/1733/1 4077/447/1 2609/1738/1
f 4077/447/1 1490/446/1 690/3286/1
f 689/3290/1 2033/442/1 4078/444/1
f 2610/1742/1 4078/444/1 2613/1747/1
f 4078/444/1 1295/443/1 495/3645/1
f 688/3798/1 2032/439/1 4079/441/1
f 2614/1751/1 4079/441/1 2617/1756/1
f 4079/441/1 1487/440/1 687/3811/1
f 397/4102/1 1741/436/1 4080/438/1
f 2618/1760/1 4080/438/1 2621/1765/1
f 4080/438/1 1486/437/1 686/3292/1
f 685/3296/1 2029/433/1 4081/435/1
f 2622/1769/1 4081/435/1 2625/1774/1
f 4081/435/1 1342/434/1 542/4112/1
f 684/3784/1 2028/430/1 4082/432/1
f 2626/1778/1 4082/432/1 2629/1783/1
f 4082/432/1 1483/431/1 683/3796/1
f 320/3722/1 1664/427/1 4083/429/1
f 2630/1787/1 4083/429/1 2633/1792/1
f 4083/429/1 1482/428/1 682/3298/1
f 681/3302/1 2025/424/1 4084/426/1
f 2634/1796/1 4084/426/1 2637/1801/1
f 4084/426/1 1343/425/1 543/3753/1
f 680/3763/1 2024/421/1 4085/423/1
f 2638/1805/1 4085/423/1 2641/1810/1
f 4085/423/1 1479/422/1 679/3781/1
f 400/3790/1 1744/418/1 4086/420/1
f 2642/1814/1 4086/420/1 2645/1819/1
f 4086/420/1 1478/419/1 678/3304/1
f 677/3308/1 2021/415/1 4087/417/1
f 2646/1823/1 4087/417/1 2649/1828/1
f 4087/417/1 1303/416/1 503/3821/1
f 676/3746/1 2020/412/1 4088/414/1
f 2650/1832/1 4088/414/1 2653/1837/1
f 4088/414/1 1475/413/1 675/3760/1
f 401/4111/1 1745/409/1 4089/411/1
f 2654/1841/1 4089/411/1 2657/1846/1
f 4089/411/1 1474/410/1 674/3310/1
f 673/3314/1 2017/406/1 4090/408/1
f 2658/1850/1 4090/408/1 2661/1855/1
f 4090/408/1 1346/407/1 546/4121/1
f 672/3731/1 2016/403/1 4091/405/1
f 2662/1859/1 4091/405/1 2665/1864/1
f 4091/405/1 1471/404/1 671/3744/1
f 300/3898/1 1644/400/1 4092/402/1
f 2666/1868/1 4092/402/1 2669/1873/1
f 4092/402/1 1470/401/1 670/3316/1
f 669/3320/1 2013/397/1 4093/399/1
f 2670/1877/1 4093/399/1 2673/1882/1
f 4093/399/1 1347/398/1 547/3709/1
f 668/3715/1 2012/394/1 4094/396/1
f 2674/1886/1 4094/396/1 2677/1891/1
f 4094/396/1 1467/395/1 667/3729/1
f 404/3738/1 1748/391/1 4095/393/1
f 2678/1895/1 4095/393/1 2681/1900/1
f 4095/393/1 1466/392/1 666/3322/1
f 665/3326/1 2009/388/1 4096/390/1
f 2682/1904/1 4096/390/1 2685/1909/1
f 4096/390/1 1302/389/1 502/3541/1
f 664/3704/1 2008/385/1 4097/387/1
f 2686/1913/1 4097/387/1 2689/1918/1
f 4097/387/1 1463/386/1 663/3713/1
f 405/4120/1 1749/382/1 4098/384/1
f 2690/1922/1 4098/384/1 2693/1927/1
f 4098/384/1 1462/383/1 662/3328/1
f 661/3332/1 2005/379/1 4099/381/1
f 2694/1931/1 4099/381/1 2697/1936/1
f 4099/381/1 1350/380/1 550/4130/1
f 660/3695/1 2004/376/1 4100/378/1
f 2698/1940/1 4100/378/1 2701/1945/1
f 4100/378/1 1459/377/1 659/3702/1
f 317/3573/1 1661/373/1 4101/375/1
f 2702/1949/1 4101/375/1 2705/1954/1
f 4101/375/1 1458/374/1 658/3334/1
f 657/3338/1 2001/370/1 4102/372/1
f 2706/1958/1 4102/372/1 2709/1963/1
f 4102/372/1 1351/371/1 551/3670/1
f 656/3680/1 2000/367/1 4103/369/1
f 2710/1967/1 4103/369/1 2713/1972/1
f 4103/369/1 1455/368/1 655/3692/1
f 408/3698/1 1752/364/1 4104/366/1
f 2714/1976/1 4104/366/1 2717/1981/1
f 4104/366/1 1454/365/1 654/3340/1
f 653/3344/1 1997/361/1 4105/363/1
f 2718/1985/1 4105/363/1 2721/1990/1
f 4105/363/1 1292/362/1 492/4204/1
f 652/3663/1 1996/358/1 4106/360/1
f 2722/1994/1 4106/360/1 2725/1999/1
f 4106/360/1 1451/359/1 651/3677/1
f 409/4129/1 1753/355/1 4107/357/1
f 2726/2003/1 4107/357/1 2729/2008/1
f 4107/357/1 1450/356/1 650/3346/1
f 649/3350/1 1993/352/1 4108/354/1
f 2730/2012/1 4108/354/1 2733/2017/1
f 4108/354/1 1354/353/1 554/4140/1
f 648/3654/1 1992/349/1 4109/351/1
f 2734/2021/1 4109/351/1 2737/2026/1
f 4109/351/1 1447/350/1 647/3661/1
f 316/3605/1 1660/346/1 4110/348/1
f 2738/2030/1 4110/348/1 2741/2035/1
f 4110/348/1 1446/347/1 646/3352/1
f 645/3356/1 1989/343/1 4111/345/1
f 2742/2039/1 4111/345/1 2745/2044/1
f 4111/345/1 1355/344/1 555/3628/1
f 644/3638/1 1988/340/1 4112/342/1
f 2746/2048/1 4112/342/1 2749/2053/1
f 4112/342/1 1443/341/1 643/3651/1
f 412/3657/1 1756/337/1 4113/339/1
f 2750/2057/1 4113/339/1 2753/2062/1
f 4113/339/1 1442/338/1 642/3358/1
f 641/3362/1 1985/334/1 4114/336/1
f 2754/2066/1 4114/336/1 2757/2071/1
f 4114/336/1 1299/335/1 499/3687/1
f 640/3621/1 1984/331/1 4115/333/1
f 2758/2075/1 4115/333/1 2761/2080/1
f 4115/333/1 1439/332/1 639/3635/1
f 413/4139/1 1757/328/1 4116/330/1
f 2762/2084/1 4116/330/1 2765/2089/1
f 4116/330/1 1438/329/1 638/3364/1
f 637/3368/1 1981/325/1 4117/327/1
f 2766/2093/1 4117/327/1 2769/2098/1
f 4117/327/1 1358/326/1 558/4149/1
f 636/3611/1 1980/322/1 4118/324/1
f 2770/2102/1 4118/324/1 2773/2107/1
f 4118/324/1 1435/323/1 635/3619/1
f 301/3996/1 1645/319/1 4119/321/1
f 2774/2111/1 4119/321/1 2777/2116/1
f 4119/321/1 1434/320/1 634/3370/1
f 633/3374/1 1977/316/1 4120/318/1
f 2778/2120/1 4120/318/1 2781/2125/1
f 4120/318/1 1359/317/1 559/3595/1
f 632/3601/1 1976/313/1 4121/315/1
f 2782/2129/1 4121/315/1 2785/2134/1
f 4121/315/1 1431/314/1 631/3609/1
f 416/3615/1 1760/310/1 4122/312/1
f 2786/2138/1 4122/312/1 2789/2143/1
f 4122/312/1 1430/311/1 630/3376/1
f 629/3380/1 1973/307/1 4123/309/1
f 2790/2147/1 4123/309/1 2793/2152/1
f 4123/309/1 1298/308/1 498/3574/1
f 628/3590/1 1972/304/1 4124/306/1
f 2794/2156/1 4124/306/1 2797/2161/1
f 4124/306/1 1427/305/1 627/3599/1
f 417/4148/1 1761/301/1 4125/303/1
f 2798/2165/1 4125/303/1 2801/2170/1
f 4125/303/1 1426/302/1 626/3382/1
f 625/3386/1 1969/298/1 4126/300/1
f 2802/2174/1 4126/300/1 2805/2179/1
f 4126/300/1 1362/299/1 562/4158/1
f 624/3580/1 1968/295/1 4127/297/1
f 2806/2183/1 4127/297/1 2809/2188/1
f 4127/297/1 1423/296/1 623/3588/1
f 313/4027/1 1657/292/1 4128/294/1
f 2810/2192/1 4128/294/1 2813/2197/1
f 4128/294/1 1422/293/1 622/3388/1
f 621/3392/1 1965/289/1 4129/291/1
f 2814/2201/1 4129/291/1 2817/2206/1
f 4129/291/1 1363/290/1 563/3562/1
f 620/3569/1 1964/286/1 4130/288/1
f 2818/2210/1 4130/288/1 2821/2215/1
f 4130/288/1 1419/287/1 619/3578/1
f 420/3584/1 1764/283/1 4131/285/1
f 2822/2219/1 4131/285/1 2825/2224/1
f 4131/285/1 1418/284/1 618/3394/1
f 617/3398/1 1961/280/1 4132/282/1
f 2826/2228/1 4132/282/1 2829/2233/1
f 4132/282/1 1280/281/1 480/4205/1
f 616/3557/1 1960/277/1 4133/279/1
f 2830/2237/1 4133/279/1 2833/2242/1
f 4133/279/1 1415/278/1 615/3567/1
f 421/4157/1 1765/274/1 4134/276/1
f 2834/2246/1 4134/276/1 2837/2251/1
f 4134/276/1 1414/275/1 614/3400/1
f 613/3404/1 1957/271/1 4135/273/1
f 2838/2255/1 4135/273/1 2841/2260/1
f 4135/273/1 1366/272/1 566/4168/1
f 612/3547/1 1956/268/1 4136/270/1
f 2842/2264/1 4136/270/1 2845/2269/1
f 4136/270/1 1411/269/1 611/3555/1
f 312/3935/1 1656/265/1 4137/267/1
f 2846/2273/1 4137/267/1 2849/2278/1
f 4137/267/1 1410/266/1 610/3406/1
f 609/3410/1 1953/262/1 4138/264/1
f 2850/2282/1 4138/264/1 2853/2287/1
f 4138/264/1 1367/263/1 567/3529/1
f 608/3536/1 1952/259/1 4139/261/1
f 2854/2291/1 4139/261/1 2857/2296/1
f 4139/261/1 1407/260/1 607/3545/1
f 424/3551/1 1768/256/1 4140/258/1
f 2858/2300/1 4140/258/1 2861/2305/1
f 4140/258/1 1406/257/1 606/3412/1
f 605/3416/1 1949/253/1 4141/255/1
f 2862/2309/1 4141/255/1 2865/2314/1
f 4141/255/1 1283/254/1 483/3606/1
f 604/3524/1 1948/250/1 4142/252/1
f 2866/2318/1 4142/252/1 2869/2323/1
f 4142/252/1 1403/251/1 603/3534/1
f 425/4167/1 1769/247/1 4143/249/1
f 2870/2327/1 4143/249/1 2873/2332/1
f 4143/249/1 1402/248/1 602/3418/1
f 601/3422/1 1945/244/1 4144/246/1
f 2874/2336/1 4144/246/1 2877/2341/1
f 4144/246/1 1370/245/1 570/4178/1
f 600/3514/1 1944/241/1 4145/243/1
f 2878/2345/1 4145/243/1 2881/2350/1
f 4145/243/1 1399/242/1 599/3522/1
f 305/4206/1 1649/238/1 4146/240/1
f 2882/2354/1 4146/240/1 2885/2359/1
f 4146/240/1 1398/239/1 598/3424/1
f 597/3428/1 1941/235/1 4147/237/1
f 2886/2363/1 4147/237/1 2889/2368/1
f 4147/237/1 1371/236/1 571/3496/1
f 596/3503/1 1940/232/1 4148/234/1
f 2890/2372/1 4148/234/1 2893/2377/1
f 4148/234/1 1395/233/1 595/3512/1
f 428/3518/1 1772/229/1 4149/231/1
f 2894/2381/1 4149/231/1 2897/2386/1
f 4149/231/1 1394/230/1 594/3430/1
f 593/3434/1 1937/226/1 4150/228/1
f 2898/2390/1 4150/228/1 2901/2395/1
f 4150/228/1 1282/227/1 482/3966/1
f 592/3491/1 1936/223/1 4151/225/1
f 2902/2399/1 4151/225/1 2905/2404/1
f 4151/225/1 1391/224/1 591/3501/1
f 429/4177/1 1773/220/1 4152/222/1
f 2906/2408/1 4152/222/1 2909/2413/1
f 4152/222/1 1390/221/1 590/3436/1
f 589/3440/1 1933/217/1 4153/219/1
f 2910/2417/1 4153/219/1 2913/2422/1
f 4153/219/1 1374/218/1 574/4188/1
f 588/3481/1 1932/214/1 4154/216/1
f 2914/2426/1 4154/216/1 2917/2431/1
f 4154/216/1 1387/215/1 587/3489/1
f 309/4207/1 1653/211/1 4155/213/1
f 2918/2435/1 4155/213/1 2921/2440/1
f 4155/213/1 1386/212/1 586/3442/1
f 585/3446/1 1929/208/1 4156/210/1
f 2922/2444/1 4156/210/1 2925/2449/1
f 4156/210/1 1375/209/1 575/3463/1
f 584/3470/1 1928/205/1 4157/207/1
f 2926/2453/1 4157/207/1 2929/2458/1
f 4157/207/1 1383/206/1 583/3479/1
f 432/3485/1 1776/202/1 4158/204/1
f 2930/2462/1 4158/204/1 2933/2467/1
f 4158/204/1 1382/203/1 582/3448/1
f 581/3452/1 1925/199/1 4159/201/1
f 2934/2471/1 4159/201/1 2937/2476/1
f 4159/201/1 1276/200/1 476/4208/1
f 580/3458/1 1924/196/1 4160/198/1
f 2938/2480/1 4160/198/1 2941/2485/1
f 4160/198/1 1379/197/1 579/3468/1
f 433/4187/1 1777/193/1 4161/195/1
f 2942/2489/1 4161/195/1 2945/2494/1
f 4161/195/1 1378/194/1 578/3454/1
f 577/4190/1 1921/190/1 4162/192/1
f 2946/2498/1 4162/192/1 2949/2503/1
f 4162/192/1 1132/191/1 332/4209/1
f 576/3488/1 1920/187/1 4163/189/1
f 2950/2507/1 4163/189/1 2953/2512/1
f 4163/189/1 1231/188/1 431/3459/1
f 453/4210/1 1797/184/1 4164/186/1
f 2954/2516/1 4164/186/1 2957/2521/1
f 4164/186/1 1230/185/1 430/4184/1
f 573/4180/1 1917/181/1 4165/183/1
f 2958/2525/1 4165/183/1 2961/2530/1
f 4165/183/1 1138/182/1 338/3962/1
f 572/3521/1 1916/178/1 4166/180/1
f 2962/2534/1 4166/180/1 2965/2539/1
f 4166/180/1 1227/179/1 427/3492/1
f 449/4211/1 1793/175/1 4167/177/1
f 2966/2543/1 4167/177/1 2969/2548/1
f 4167/177/1 1226/176/1 426/4174/1
f 569/4170/1 1913/172/1 4168/174/1
f 2970/2552/1 4168/174/1 2973/2557/1
f 4168/174/1 1139/173/1 339/3602/1
f 568/3554/1 1912/169/1 4169/171/1
f 2974/2561/1 4169/171/1 2977/2566/1
f 4169/171/1 1223/170/1 423/3525/1
f 456/3938/1 1800/166/1 4170/168/1
f 2978/2570/1 4170/168/1 2981/2575/1
f 4170/168/1 1222/167/1 422/4165/1
f 565/4160/1 1909/163/1 4171/165/1
f 2982/2579/1 4171/165/1 2985/2584/1
f 4171/165/1 1136/164/1 336/4212/1
f 564/3587/1 1908/160/1 4172/162/1
f 2986/2588/1 4172/162/1 2989/2593/1
f 4172/162/1 1219/161/1 419/3558/1
f 457/4030/1 1801/157/1 4173/159/1
f 2990/2597/1 4173/159/1 2993/2602/1
f 4173/159/1 1218/158/1 418/4155/1
f 561/4151/1 1905/154/1 4174/156/1
f 2994/2606/1 4174/156/1 2997/2611/1
f 4174/156/1 1154/155/1 354/3570/1
f 560/3618/1 1904/151/1 4175/153/1
f 2998/2615/1 4175/153/1 3001/2620/1
f 4175/153/1 1215/152/1 415/3591/1
f 445/3999/1 1789/148/1 4176/150/1
f 3002/2624/1 4176/150/1 3005/2629/1
f 4176/150/1 1214/149/1 414/4146/1
f 557/4142/1 1901/145/1 4177/147/1
f 3006/2633/1 4177/147/1 3009/2638/1
f 4177/147/1 1155/146/1 355/3681/1
f 556/3660/1 1900/142/1 4178/144/1
f 3010/2642/1 4178/144/1 3013/2647/1
f 4178/144/1 1211/143/1 411/3622/1
f 460/3608/1 1804/139/1 4179/141/1
f 3014/2651/1 4179/141/1 3017/2656/1
f 4179/141/1 1210/140/1 410/4137/1
f 553/4132/1 1897/136/1 4180/138/1
f 3018/2660/1 4180/138/1 3021/2665/1
f 4180/138/1 1148/137/1 348/4213/1
f 552/3701/1 1896/133/1 4181/135/1
f 3022/2669/1 4181/135/1 3025/2674/1
f 4181/135/1 1207/134/1 407/3664/1
f 461/3577/1 1805/130/1 4182/132/1
f 3026/2678/1 4182/132/1 3029/2683/1
f 4182/132/1 1206/131/1 406/4127/1
f 549/4123/1 1893/127/1 4183/129/1
f 3030/2687/1 4183/129/1 3033/2692/1
f 4183/129/1 1158/128/1 358/3537/1
f 548/3743/1 1892/124/1 4184/126/1
f 3034/2696/1 4184/126/1 3037/2701/1
f 4184/126/1 1203/125/1 403/3705/1
f 444/3903/1 1788/121/1 4185/123/1
f 3038/2705/1 4185/123/1 3041/2710/1
f 4185/123/1 1202/122/1 402/4118/1
f 545/4114/1 1889/118/1 4186/120/1
f 3042/2714/1 4186/120/1 3045/2719/1
f 4186/120/1 1159/119/1 359/3815/1
f 544/3795/1 1888/115/1 4187/117/1
f 3046/2723/1 4187/117/1 3049/2728/1
f 4187/117/1 1199/116/1 399/3747/1
f 464/3728/1 1808/112/1 4188/114/1
f 3050/2732/1 4188/114/1 3053/2737/1
f 4188/114/1 1198/113/1 398/4109/1
f 541/4105/1 1885/109/1 4189/111/1
f 3054/2741/1 4189/111/1 3057/2746/1
f 4189/111/1 1151/110/1 351/3639/1
f 540/3835/1 1884/106/1 4190/108/1
f 3058/2750/1 4190/108/1 3061/2755/1
f 4190/108/1 1195/107/1 395/3799/1
f 465/3544/1 1809/103/1 4191/105/1
f 3062/2759/1 4191/105/1 3065/2764/1
f 4191/105/1 1194/104/1 394/4100/1
f 537/4096/1 1881/100/1 4192/102/1
f 3066/2768/1 4192/102/1 3069/2773/1
f 4192/102/1 1162/101/1 362/3504/1
f 536/3877/1 1880/97/1 4193/99/1
f 3070/2777/1 4193/99/1 3073/2782/1
f 4193/99/1 1191/98/1 391/3839/1
f 437/4214/1 1781/94/1 4194/96/1
f 3074/2786/1 4194/96/1 3077/2791/1
f 4194/96/1 1190/95/1 390/4090/1
f 533/4086/1 1877/91/1 4195/93/1
f 3078/2795/1 4195/93/1 3081/2800/1
f 4195/93/1 1163/92/1 363/3932/1
f 532/3917/1 1876/88/1 4196/90/1
f 3082/2804/1 4196/90/1 3085/2809/1
f 4196/90/1 1187/89/1 387/3881/1
f 468/3862/1 1812/85/1 4197/87/1
f 3086/2813/1 4197/87/1 3089/2818/1
f 4197/87/1 1186/86/1 386/4081/1
f 529/4077/1 1873/82/1 4198/84/1
f 3090/2822/1 4198/84/1 3093/2827/1
f 4198/84/1 1150/83/1 350/3993/1
f 528/3947/1 1872/79/1 4199/81/1
f 3094/2831/1 4199/81/1 3097/2836/1
f 4199/81/1 1183/80/1 383/3921/1
f 469/3511/1 1813/76/1 4200/78/1
f 3098/2840/1 4200/78/1 3101/2845/1
f 4200/78/1 1182/77/1 382/4072/1
f 525/4068/1 1869/73/1 4201/75/1
f 3102/2849/1 4201/75/1 3105/2854/1
f 4201/75/1 1166/74/1 366/3471/1
f 524/3978/1 1868/70/1 4202/72/1
f 3106/2858/1 4202/72/1 3109/2863/1
f 4202/72/1 1179/71/1 379/3951/1
f 441/4215/1 1785/67/1 4203/69/1
f 3110/2867/1 4203/69/1 3113/2872/1
f 4203/69/1 1178/68/1 378/4062/1
f 521/4058/1 1865/64/1 4204/66/1
f 3114/2876/1 4204/66/1 3117/2881/1
f 4204/66/1 1167/65/1 367/4024/1
f 520/4008/1 1864/61/1 4205/63/1
f 3118/2885/1 4205/63/1 3121/2890/1
f 4205/63/1 1175/62/1 375/3982/1
f 472/3968/1 1816/58/1 4206/60/1
f 3122/2894/1 4206/60/1 3125/2899/1
f 4206/60/1 1174/59/1 374/4053/1
f 517/4048/1 1861/55/1 4207/57/1
f 3126/2903/1 4207/57/1 3129/2908/1
f 4207/57/1 1144/56/1 344/4216/1
f 516/4039/1 1860/52/1 4208/54/1
f 3130/2912/1 4208/54/1 3133/2917/1
f 4208/54/1 1171/53/1 371/4012/1
f 473/3478/1 1817/49/1 4209/51/1
f 3134/2921/1 4209/51/1 3137/2926/1
f 4209/51/1 1170/50/1 370/4043/1
f 513/3466/1 1857/46/1 4210/48/1
f 3138/2930/1 4210/48/1 3141/2935/1
f 4210/48/1 1104/47/1 304/4217/1
f 512/3958/1 1856/43/1 4211/45/1
f 3142/2939/1 4211/45/1 3145/2944/1
f 4211/45/1 1127/44/1 327/4034/1
f 481/4218/1 1825/40/1 4212/42/1
f 3146/2948/1 4212/42/1 3149/2953/1
f 4212/42/1 1126/41/1 326/3482/1
f 509/3499/1 1853/37/1 4213/39/1
f 3150/2957/1 4213/39/1 3153/2962/1
f 4213/39/1 1110/38/1 310/4003/1
f 508/3846/1 1852/34/1 4214/36/1
f 3154/2966/1 4214/36/1 3157/2971/1
f 4214/36/1 1123/35/1 323/3942/1
f 477/4219/1 1821/31/1 4215/33/1
f 3158/2975/1 4215/33/1 3161/2980/1
f 4215/33/1 1122/32/1 322/3515/1
f 505/3532/1 1849/28/1 4216/30/1
f 3162/2984/1 4216/30/1 3165/2989/1
f 4216/30/1 1111/29/1 311/3655/1
f 504/3712/1 1848/25/1 4217/27/1
f 3166/2993/1 4217/27/1 3169/2998/1
f 4217/27/1 1119/26/1 319/3830/1
f 484/3888/1 1828/22/1 4218/24/1
f 3170/3002/1 4218/24/1 3173/3007/1
f 4218/24/1 1118/23/1 318/3548/1
f 501/3565/1 1845/19/1 4219/21/1
f 3174/3011/1 4219/21/1 3177/3016/1
f 4219/21/1 1108/20/1 308/4220/1
f 500/3598/1 1844/16/1 4220/18/1
f 3178/3020/1 4220/18/1 3181/3025/1
f 4220/18/1 1115/17/1 315/3696/1
f 485/3989/1 1829/13/1 4221/15/1
f 3182/3029/1 4221/15/1 3185/3034/1
f 4221/15/1 1114/14/1 314/3581/1
f 497/4019/1 1841/10/1 4222/12/1
f 3186/3038/1 4222/12/1 3189/3043/1
f 4222/12/1 1096/11/1 296/4221/1
f 496/3928/1 1840/7/1 4223/9/1
f 3190/3047/1 4223/9/1 3193/3052/1
f 4223/9/1 1099/8/1 299/3612/1
f 489/4222/1 1833/4/1 4224/6/1
f 3194/3056/1 4224/6/1 3197/3061/1
f 4224/6/1 1098/5/1 298/3972/1
f 493/4223/1 1837/1/1 4225/3/1
f 3198/3065/1 4225/3/1 3201/3070/1
f 4225/3/1 1092/2/1 292/4224/1
f 5317/2/2 4229/4225/2 6062/1/2
f 5323/5/2 4233/3973/2 6058/4/2
f 5324/8/2 4234/3613/2 6065/7/2
f 5321/11/2 4232/4020/2 6066/10/2
f 5339/14/2 4246/3582/2 6054/13/2
f 5340/17/2 4247/3575/2 6069/16/2
f 5333/20/2 4241/3566/2 6070/19/2
f 5343/23/2 4245/3549/2 6053/22/2
f 5344/26/2 4248/3542/2 6073/25/2
f 5336/29/2 4244/3533/2 6074/28/2
f 5347/32/2 4238/3516/2 6046/31/2
f 5348/35/2 4249/3509/2 6077/34/2
f 5335/38/2 4243/3500/2 6078/37/2
f 5351/41/2 4242/3483/2 6050/40/2
f 5352/44/2 4250/3476/2 6081/43/2
f 5329/47/2 4237/3467/2 6082/46/2
f 5395/50/2 4290/3464/2 6042/49/2
f 5396/53/2 4291/4013/2 6085/52/2
f 5369/56/2 4265/4049/2 6086/55/2
f 5399/59/2 4289/3956/2 6041/58/2
f 5400/62/2 4292/3983/2 6089/61/2
f 5392/65/2 4288/4025/2 6090/64/2
f 5403/68/2 4258/4063/2 6010/67/2
f 5404/71/2 4293/3952/2 6093/70/2
f 5391/74/2 4287/3472/2 6094/73/2
f 5407/77/2 4286/3497/2 6038/76/2
f 5408/80/2 4294/3922/2 6097/79/2
f 5375/83/2 4271/3994/2 6098/82/2
f 5411/86/2 4285/3844/2 6037/85/2
f 5412/89/2 4295/3882/2 6101/88/2
f 5388/92/2 4284/3933/2 6102/91/2
f 5415/95/2 4254/4091/2 6006/94/2
f 5416/98/2 4296/3840/2 6105/97/2
f 5387/101/2 4283/3505/2 6106/100/2
f 5419/104/2 4282/3530/2 6034/103/2
f 5420/107/2 4297/3800/2 6109/106/2
f 5376/110/2 4272/3640/2 6110/109/2
f 5423/113/2 4281/3710/2 6033/112/2
f 5424/116/2 4298/3748/2 6113/115/2
f 5384/119/2 4280/3816/2 6114/118/2
f 5427/122/2 4261/3886/2 6013/121/2
f 5428/125/2 4299/3706/2 6117/124/2
f 5383/128/2 4279/3538/2 6118/127/2
f 5431/131/2 4278/3563/2 6030/130/2
f 5432/134/2 4300/3665/2 6121/133/2
f 5373/137/2 4269/4133/2 6122/136/2
f 5435/140/2 4277/3596/2 6029/139/2
f 5436/143/2 4301/3623/2 6125/142/2
f 5380/146/2 4276/3682/2 6126/145/2
f 5439/149/2 4262/3987/2 6014/148/2
f 5440/152/2 4302/3592/2 6129/151/2
f 5379/155/2 4275/3571/2 6130/154/2
f 5443/158/2 4274/4017/2 6026/157/2
f 5444/161/2 4303/3559/2 6133/160/2
f 5361/164/2 4257/4161/2 6134/163/2
f 5447/167/2 4273/3926/2 6025/166/2
f 5448/170/2 4304/3526/2 6137/169/2
f 5364/173/2 4260/3603/2 6138/172/2
f 5451/176/2 4266/4175/2 6018/175/2
f 5452/179/2 4305/3493/2 6141/178/2
f 5363/182/2 4259/3963/2 6142/181/2
f 5455/185/2 4270/4185/2 6022/184/2
f 5456/188/2 4306/3460/2 6145/187/2
f 5357/191/2 4253/4191/2 6146/190/2
f 5603/194/2 4450/3456/2 6002/193/2
f 5604/197/2 4451/3455/2 6149/196/2
f 5501/200/2 4349/3453/2 6150/199/2
f 5607/203/2 4449/3450/2 6001/202/2
f 5608/206/2 4452/3449/2 6153/205/2
f 5600/209/2 4448/3447/2 6154/208/2
f 5611/212/2 4326/3444/2 5878/211/2
f 5612/215/2 4453/3443/2 6157/214/2
f 5599/218/2 4447/3441/2 6158/217/2
f 5615/221/2 4446/3438/2 5998/220/2
f 5616/224/2 4454/3437/2 6161/223/2
f 5507/227/2 4355/3435/2 6162/226/2
f 5619/230/2 4445/3432/2 5997/229/2
f 5620/233/2 4455/3431/2 6165/232/2
f 5596/236/2 4444/3429/2 6166/235/2
f 5623/239/2 4322/3426/2 5874/238/2
f 5624/242/2 4456/3425/2 6169/241/2
f 5595/245/2 4443/3423/2 6170/244/2
f 5627/248/2 4442/3420/2 5994/247/2
f 5628/251/2 4457/3419/2 6173/250/2
f 5508/254/2 4356/3417/2 6174/253/2
f 5631/257/2 4441/3414/2 5993/256/2
f 5632/260/2 4458/3413/2 6177/259/2
f 5592/263/2 4440/3411/2 6178/262/2
f 5635/266/2 4329/3408/2 5881/265/2
f 5636/269/2 4459/3407/2 6181/268/2
f 5591/272/2 4439/3405/2 6182/271/2
f 5639/275/2 4438/3402/2 5990/274/2
f 5640/278/2 4460/3401/2 6185/277/2
f 5505/281/2 4353/3399/2 6186/280/2
f 5643/284/2 4437/3396/2 5989/283/2
f 5644/287/2 4461/3395/2 6189/286/2
f 5588/290/2 4436/3393/2 6190/289/2
f 5647/293/2 4330/3390/2 5882/292/2
f 5648/296/2 4462/3389/2 6193/295/2
f 5587/299/2 4435/3387/2 6194/298/2
f 5651/302/2 4434/3384/2 5986/301/2
f 5652/305/2 4463/3383/2 6197/304/2
f 5523/308/2 4371/3381/2 6198/307/2
f 5655/311/2 4433/3378/2 5985/310/2
f 5656/314/2 4464/3377/2 6201/313/2
f 5584/317/2 4432/3375/2 6202/316/2
f 5659/320/2 4318/3372/2 5870/319/2
f 5660/323/2 4465/3371/2 6205/322/2
f 5583/326/2 4431/3369/2 6206/325/2
f 5663/329/2 4430/3366/2 5982/328/2
f 5664/332/2 4466/3365/2 6209/331/2
f 5524/335/2 4372/3363/2 6210/334/2
f 5667/338/2 4429/3360/2 5981/337/2
f 5668/341/2 4467/3359/2 6213/340/2
f 5580/344/2 4428/3357/2 6214/343/2
f 5671/347/2 4333/3354/2 5885/346/2
f 5672/350/2 4468/3353/2 6217/349/2
f 5579/353/2 4427/3351/2 6218/352/2
f 5675/356/2 4426/3348/2 5978/355/2
f 5676/359/2 4469/3347/2 6221/358/2
f 5517/362/2 4365/3345/2 6222/361/2
f 5679/365/2 4425/3342/2 5977/364/2
f 5680/368/2 4470/3341/2 6225/367/2
f 5576/371/2 4424/3339/2 6226/370/2
f 5683/374/2 4334/3336/2 5886/373/2
f 5684/377/2 4471/3335/2 6229/376/2
f 5575/380/2 4423/3333/2 6230/379/2
f 5687/383/2 4422/3330/2 5974/382/2
f 5688/386/2 4472/3329/2 6233/385/2
f 5527/389/2 4375/3327/2 6234/388/2
f 5691/392/2 4421/3324/2 5973/391/2
f 5692/395/2 4473/3323/2 6237/394/2
f 5572/398/2 4420/3321/2 6238/397/2
f 5695/401/2 4317/3318/2 5869/400/2
f 5696/404/2 4474/3317/2 6241/403/2
f 5571/407/2 4419/3315/2 6242/406/2
f 5699/410/2 4418/3312/2 5970/409/2
f 5700/413/2 4475/3311/2 6245/412/2
f 5528/416/2 4376/3309/2 6246/415/2
f 5703/419/2 4417/3306/2 5969/418/2
f 5704/422/2 4476/3305/2 6249/421/2
f 5568/425/2 4416/3303/2 6250/424/2
f 5707/428/2 4337/3300/2 5889/427/2
f 5708/431/2 4477/3299/2 6253/430/2
f 5567/434/2 4415/3297/2 6254/433/2
f 5711/437/2 4414/3294/2 5966/436/2
f 5712/440/2 4478/3293/2 6257/439/2
f 5520/443/2 4368/3291/2 6258/442/2
f 5715/446/2 4413/3288/2 5965/445/2
f 5716/449/2 4479/3287/2 6261/448/2
f 5564/452/2 4412/3285/2 6262/451/2
f 5719/455/2 4338/3282/2 5890/454/2
f 5720/458/2 4480/3281/2 6265/457/2
f 5563/461/2 4411/3279/2 6266/460/2
f 5723/464/2 4410/3276/2 5962/463/2
f 5724/467/2 4481/3275/2 6269/466/2
f 5531/470/2 4379/3273/2 6270/469/2
f 5727/473/2 4409/3270/2 5961/472/2
f 5728/476/2 4482/3269/2 6273/475/2
f 5560/479/2 4408/3267/2 6274/478/2
f 5731/482/2 4310/3264/2 5862/481/2
f 5732/485/2 4483/3263/2 6277/484/2
f 5559/488/2 4407/3261/2 6278/487/2
f 5735/491/2 4406/3258/2 5958/490/2
f 5736/494/2 4484/3257/2 6281/493/2
f 5532/497/2 4380/3255/2 6282/496/2
f 5739/500/2 4405/3252/2 5957/499/2
f 5740/503/2 4485/3251/2 6285/502/2
f 5556/506/2 4404/3249/2 6286/505/2
f 5743/509/2 4341/3246/2 5893/508/2
f 5744/512/2 4486/3245/2 6289/511/2
f 5555/515/2 4403/3243/2 6290/514/2
f 5747/518/2 4402/3240/2 5954/517/2
f 5748/521/2 4487/3239/2 6293/520/2
f 5519/524/2 4367/3237/2 6294/523/2
f 5751/527/2 4401/3234/2 5953/526/2
f 5752/530/2 4488/3233/2 6297/529/2
f 5552/533/2 4400/3231/2 6298/532/2
f 5755/536/2 4342/3228/2 5894/535/2
f 5756/539/2 4489/3227/2 6301/538/2
f 5551/542/2 4399/3225/2 6302/541/2
f 5759/545/2 4398/3222/2 5950/544/2
f 5760/548/2 4490/3221/2 6305/547/2
f 5535/551/2 4383/3219/2 6306/550/2
f 5763/554/2 4397/3216/2 5949/553/2
f 5764/557/2 4491/3215/2 6309/556/2
f 5548/560/2 4396/3213/2 6310/559/2
f 5767/563/2 4314/3210/2 5866/562/2
f 5768/566/2 4492/3209/2 6313/565/2
f 5547/569/2 4395/3207/2 6314/568/2
f 5771/572/2 4394/3204/2 5946/571/2
f 5772/575/2 4493/3203/2 6317/574/2
f 5536/578/2 4384/3201/2 6318/577/2
f 5775/581/2 4393/3198/2 5945/580/2
f 5776/584/2 4494/3197/2 6321/583/2
f 5544/587/2 4392/3195/2 6322/586/2
f 5779/590/2 4345/3192/2 5897/589/2
f 5780/593/2 4495/3191/2 6325/592/2
f 5543/596/2 4391/3189/2 6326/595/2
f 5783/599/2 4390/3186/2 5942/598/2
f 5784/602/2 4496/3185/2 6329/601/2
f 5513/605/2 4361/3183/2 6330/604/2
f 5787/608/2 4389/3180/2 5941/607/2
f 5788/611/2 4497/3179/2 6333/610/2
f 5540/614/2 4388/3177/2 6334/613/2
f 5791/617/2 4346/3174/2 5898/616/2
f 5792/620/2 4498/3173/2 6337/619/2
f 5539/623/2 4387/3171/2 6338/622/2
f 5795/626/2 4386/3168/2 5938/625/2
f 5796/629/2 4499/3167/2 6341/628/2
f 5473/632/2 4321/3165/2 6342/631/2
f 5799/635/2 4385/3162/2 5937/634/2
f 5800/638/2 4500/3161/2 6345/637/2
f 5496/641/2 4344/3159/2 6346/640/2
f 5803/644/2 4354/3156/2 5906/643/2
f 5804/647/2 4501/3155/2 6349/646/2
f 5495/650/2 4343/3153/2 6350/649/2
f 5807/653/2 4382/3150/2 5934/652/2
f 5808/656/2 4502/3149/2 6353/655/2
f 5479/659/2 4327/3147/2 6354/658/2
f 5811/662/2 4381/3144/2 5933/661/2
f 5812/665/2 4503/3143/2 6357/664/2
f 5492/668/2 4340/3141/2 6358/667/2
f 5815/671/2 4350/3138/2 5902/670/2
f 5816/674/2 4504/3137/2 6361/673/2
f 5491/677/2 4339/3135/2 6362/676/2
f 5819/680/2 4378/3132/2 5930/679/2
f 5820/683/2 4505/3131/2 6365/682/2
f 5480/686/2 4328/3129/2 6366/685/2
f 5823/689/2 4377/3126/2 5929/688/2
f 5824/692/2 4506/3125/2 6369/691/2
f 5488/695/2 4336/3123/2 6370/694/2
f 5827/698/2 4357/3120/2 5909/697/2
f 5828/701/2 4507/3119/2 6373/700/2
f 5487/704/2 4335/3117/2 6374/703/2
f 5831/707/2 4374/3114/2 5926/706/2
f 5832/710/2 4508/3113/2 6377/709/2
f 5477/713/2 4325/3111/2 6378/712/2
f 5835/716/2 4373/3108/2 5925/715/2
f 5836/719/2 4509/3107/2 6381/718/2
f 5484/722/2 4332/3105/2 6382/721/2
f 5839/725/2 4358/3102/2 5910/724/2
f 5840/728/2 4510/3101/2 6385/727/2
f 5483/731/2 4331/3099/2 6386/730/2
f 5843/734/2 4370/3096/2 5922/733/2
f 5844/737/2 4511/3095/2 6389/736/2
f 5465/740/2 4313/3093/2 6390/739/2
f 5847/743/2 4369/3090/2 5921/742/2
f 5848/746/2 4512/3089/2 6393/745/2
f 5468/749/2 4316/3087/2 6394/748/2
f 5851/752/2 4362/3084/2 5914/751/2
f 5852/755/2 4513/3083/2 6397/754/2
f 5467/758/2 4315/3081/2 6398/757/2
f 5855/761/2 4366/3078/2 5918/760/2
f 5856/764/2 4514/3077/2 6401/763/2
f 5461/767/2 4309/3075/2 6402/766/2
f 6403/770/2 5058/3074/2 5858/769/2
f 6404/773/2 5059/4189/2 6405/772/2
f 6005/776/2 4661/4193/2 6406/775/2
f 6407/779/2 5057/4183/2 5857/778/2
f 6408/782/2 5060/4186/2 6409/781/2
f 6400/785/2 5056/4192/2 6410/784/2
f 6411/788/2 4574/4194/2 5374/787/2
f 6412/791/2 5061/4182/2 6413/790/2
f 6399/794/2 5055/3076/2 6414/793/2
f 6415/797/2 5054/3080/2 5854/796/2
f 6416/800/2 5062/4179/2 6417/799/2
f 6011/803/2 4667/3976/2 6418/802/2
f 6419/806/2 5053/4173/2 5853/805/2
f 6420/809/2 5063/4176/2 6421/808/2
f 6396/812/2 5052/4181/2 6422/811/2
f 6423/815/2 4570/4195/2 5370/814/2
f 6424/818/2 5064/4172/2 6425/817/2
f 6395/821/2 5051/3082/2 6426/820/2
f 6427/824/2 5050/3086/2 5850/823/2
f 6428/827/2 5065/4169/2 6429/826/2
f 6012/830/2 4668/3616/2 6430/829/2
f 6431/833/2 5049/4164/2 5849/832/2
f 6432/836/2 5066/4166/2 6433/835/2
f 6392/839/2 5048/4171/2 6434/838/2
f 6435/842/2 4577/3924/2 5377/841/2
f 6436/845/2 5067/4163/2 6437/844/2
f 6391/848/2 5047/3088/2 6438/847/2
f 6439/851/2 5046/3092/2 5846/850/2
f 6440/854/2 5068/4159/2 6441/853/2
f 6009/857/2 4665/4196/2 6442/856/2
f 6443/860/2 5045/4154/2 5845/859/2
f 6444/863/2 5069/4156/2 6445/862/2
f 6388/866/2 5044/4162/2 6446/865/2
f 6447/869/2 4578/4015/2 5378/868/2
f 6448/872/2 5070/4153/2 6449/871/2
f 6387/875/2 5043/3094/2 6450/874/2
f 6451/878/2 5042/3098/2 5842/877/2
f 6452/881/2 5071/4150/2 6453/880/2
f 6027/884/2 4683/3585/2 6454/883/2
f 6455/887/2 5041/4145/2 5841/886/2
f 6456/890/2 5072/4147/2 6457/889/2
f 6384/893/2 5040/4152/2 6458/892/2
f 6459/896/2 4566/3985/2 5366/895/2
f 6460/899/2 5073/4144/2 6461/898/2
f 6383/902/2 5039/3100/2 6462/901/2
f 6463/905/2 5038/3104/2 5838/904/2
f 6464/908/2 5074/4141/2 6465/907/2
f 6028/911/2 4684/3699/2 6466/910/2
f 6467/914/2 5037/4136/2 5837/913/2
f 6468/917/2 5075/4138/2 6469/916/2
f 6380/920/2 5036/4143/2 6470/919/2
f 6471/923/2 4581/3594/2 5381/922/2
f 6472/926/2 5076/4135/2 6473/925/2
f 6379/929/2 5035/3106/2 6474/928/2
f 6475/932/2 5034/3110/2 5834/931/2
f 6476/935/2 5077/4131/2 6477/934/2
f 6021/938/2 4677/4197/2 6478/937/2
f 6479/941/2 5033/4126/2 5833/940/2
f 6480/944/2 5078/4128/2 6481/943/2
f 6376/947/2 5032/4134/2 6482/946/2
f 6483/950/2 4582/3561/2 5382/949/2
f 6484/953/2 5079/4125/2 6485/952/2
f 6375/956/2 5031/3112/2 6486/955/2
f 6487/959/2 5030/3116/2 5830/958/2
f 6488/962/2 5080/4122/2 6489/961/2
f 6031/965/2 4687/3552/2 6490/964/2
f 6491/968/2 5029/4117/2 5829/967/2
f 6492/971/2 5081/4119/2 6493/970/2
f 6372/974/2 5028/4124/2 6494/973/2
f 6495/977/2 4565/3884/2 5365/976/2
f 6496/980/2 5082/4116/2 6497/979/2
f 6371/983/2 5027/3118/2 6498/982/2
f 6499/986/2 5026/3122/2 5826/985/2
f 6500/989/2 5083/4113/2 6501/988/2
f 6032/992/2 4688/3833/2 6502/991/2
f 6503/995/2 5025/4108/2 5825/994/2
f 6504/998/2 5084/4110/2 6505/997/2
f 6368/1001/2 5024/4115/2 6506/1000/2
f 6507/1004/2 4585/3708/2 5385/1003/2
f 6508/1007/2 5085/4107/2 6509/1006/2
f 6367/1010/2 5023/3124/2 6510/1009/2
f 6511/1013/2 5022/3128/2 5822/1012/2
f 6512/1016/2 5086/4104/2 6513/1015/2
f 6024/1019/2 4680/3658/2 6514/1018/2
f 6515/1022/2 5021/4099/2 5821/1021/2
f 6516/1025/2 5087/4101/2 6517/1024/2
f 6364/1028/2 5020/4106/2 6518/1027/2
f 6519/1031/2 4586/3528/2 5386/1030/2
f 6520/1034/2 5088/4098/2 6521/1033/2
f 6363/1037/2 5019/3130/2 6522/1036/2
f 6523/1040/2 5018/3134/2 5818/1039/2
f 6524/1043/2 5089/4095/2 6525/1042/2
f 6035/1046/2 4691/3519/2 6526/1045/2
f 6527/1049/2 5017/4089/2 5817/1048/2
f 6528/1052/2 5090/4092/2 6529/1051/2
f 6360/1055/2 5016/4097/2 6530/1054/2
f 6531/1058/2 4558/4198/2 5358/1057/2
f 6532/1061/2 5091/4088/2 6533/1060/2
f 6359/1064/2 5015/3136/2 6534/1063/2
f 6535/1067/2 5014/3140/2 5814/1066/2
f 6536/1070/2 5092/4085/2 6537/1069/2
f 6036/1073/2 4692/3945/2 6538/1072/2
f 6539/1076/2 5013/4080/2 5813/1075/2
f 6540/1079/2 5093/4082/2 6541/1078/2
f 6356/1082/2 5012/4087/2 6542/1081/2
f 6543/1085/2 4589/3842/2 5389/1084/2
f 6544/1088/2 5094/4079/2 6545/1087/2
f 6355/1091/2 5011/3142/2 6546/1090/2
f 6547/1094/2 5010/3146/2 5810/1093/2
f 6548/1097/2 5095/4076/2 6549/1096/2
f 6023/1100/2 4679/4006/2 6550/1099/2
f 6551/1103/2 5009/4071/2 5809/1102/2
f 6552/1106/2 5096/4073/2 6553/1105/2
f 6352/1109/2 5008/4078/2 6554/1108/2
f 6555/1112/2 4590/3495/2 5390/1111/2
f 6556/1115/2 5097/4070/2 6557/1114/2
f 6351/1118/2 5007/3148/2 6558/1117/2
f 6559/1121/2 5006/3152/2 5806/1120/2
f 6560/1124/2 5098/4067/2 6561/1123/2
f 6039/1127/2 4695/3486/2 6562/1126/2
f 6563/1130/2 5005/4061/2 5805/1129/2
f 6564/1133/2 5099/4064/2 6565/1132/2
f 6348/1136/2 5004/4069/2 6566/1135/2
f 6567/1139/2 4562/4199/2 5362/1138/2
f 6568/1142/2 5100/4060/2 6569/1141/2
f 6347/1145/2 5003/3154/2 6570/1144/2
f 6571/1148/2 5002/3158/2 5802/1147/2
f 6572/1151/2 5101/4057/2 6573/1150/2
f 6040/1154/2 4696/4037/2 6574/1153/2
f 6575/1157/2 5001/4052/2 5801/1156/2
f 6576/1160/2 5102/4054/2 6577/1159/2
f 6344/1163/2 5000/4059/2 6578/1162/2
f 6579/1166/2 4593/3954/2 5393/1165/2
f 6580/1169/2 5103/4051/2 6581/1168/2
f 6343/1172/2 4999/3160/2 6582/1171/2
f 6583/1175/2 4998/3164/2 5798/1174/2
f 6584/1178/2 5104/4047/2 6585/1177/2
f 6017/1181/2 4673/4200/2 6586/1180/2
f 6587/1184/2 4997/4042/2 5797/1183/2
f 6588/1187/2 5105/4044/2 6589/1186/2
f 6340/1190/2 4996/4050/2 6590/1189/2
f 6591/1193/2 4594/3462/2 5394/1192/2
f 6592/1196/2 5106/4041/2 6593/1195/2
f 6339/1199/2 4995/3166/2 6594/1198/2
f 6595/1202/2 4994/3170/2 5794/1201/2
f 6596/1205/2 5107/4038/2 6597/1204/2
f 6083/1208/2 4739/4046/2 6598/1207/2
f 6599/1211/2 4993/4033/2 5793/1210/2
f 6600/1214/2 5108/4035/2 6601/1213/2
f 6336/1217/2 4992/4040/2 6602/1216/2
f 6603/1220/2 4554/3474/2 5354/1219/2
f 6604/1223/2 5109/4032/2 6605/1222/2
f 6335/1226/2 4991/3172/2 6606/1225/2
f 6607/1229/2 4990/3176/2 5790/1228/2
f 6608/1232/2 5110/4029/2 6609/1231/2
f 6084/1235/2 4740/4016/2 6610/1234/2
f 6611/1238/2 4989/4023/2 5789/1237/2
f 6612/1241/2 5111/4026/2 6613/1240/2
f 6332/1244/2 4988/4031/2 6614/1243/2
f 6615/1247/2 4597/4036/2 5397/1246/2
f 6616/1250/2 5112/4022/2 6617/1249/2
f 6331/1253/2 4987/3178/2 6618/1252/2
f 6619/1256/2 4986/3182/2 5786/1255/2
f 6620/1259/2 5113/4018/2 6621/1258/2
f 6057/1262/2 4713/4201/2 6622/1261/2
f 6623/1265/2 4985/4011/2 5785/1264/2
f 6624/1268/2 5114/4014/2 6625/1267/2
f 6328/1271/2 4984/4021/2 6626/1270/2
f 6627/1274/2 4598/4045/2 5398/1273/2
f 6628/1277/2 5115/4010/2 6629/1276/2
f 6327/1280/2 4983/3184/2 6630/1279/2
f 6631/1283/2 4982/3188/2 5782/1282/2
f 6632/1286/2 5116/4007/2 6633/1285/2
f 6087/1289/2 4743/4056/2 6634/1288/2
f 6635/1292/2 4981/4002/2 5781/1291/2
f 6636/1295/2 5117/4004/2 6637/1294/2
f 6324/1298/2 4980/4009/2 6638/1297/2
f 6639/1301/2 4553/3965/2 5353/1300/2
f 6640/1304/2 5118/4001/2 6641/1303/2
f 6323/1307/2 4979/3190/2 6642/1306/2
f 6643/1310/2 4978/3194/2 5778/1309/2
f 6644/1313/2 5119/3998/2 6645/1312/2
f 6088/1316/2 4744/3986/2 6646/1315/2
f 6647/1319/2 4977/3992/2 5777/1318/2
f 6648/1322/2 5120/3995/2 6649/1321/2
f 6320/1325/2 4976/4000/2 6650/1324/2
f 6651/1328/2 4601/4005/2 5401/1327/2
f 6652/1331/2 5121/3991/2 6653/1330/2
f 6319/1334/2 4975/3196/2 6654/1333/2
f 6655/1337/2 4974/3200/2 5774/1336/2
f 6656/1340/2 5122/3988/2 6657/1339/2
f 6080/1343/2 4736/4028/2 6658/1342/2
f 6659/1346/2 4973/3981/2 5773/1345/2
f 6660/1349/2 5123/3984/2 6661/1348/2
f 6316/1352/2 4972/3990/2 6662/1351/2
f 6663/1355/2 4602/4055/2 5402/1354/2
f 6664/1358/2 5124/3980/2 6665/1357/2
f 6315/1361/2 4971/3202/2 6666/1360/2
f 6667/1364/2 4970/3206/2 5770/1363/2
f 6668/1367/2 5125/3977/2 6669/1366/2
f 6091/1370/2 4747/4066/2 6670/1369/2
f 6671/1373/2 4969/3971/2 5769/1372/2
f 6672/1376/2 5126/3974/2 6673/1375/2
f 6312/1379/2 4968/3979/2 6674/1378/2
f 6675/1382/2 4522/4202/2 5322/1381/2
f 6676/1385/2 5127/3970/2 6677/1384/2
f 6311/1388/2 4967/3208/2 6678/1387/2
f 6679/1391/2 4966/3212/2 5766/1390/2
f 6680/1394/2 5128/3967/2 6681/1393/2
f 6092/1397/2 4748/3955/2 6682/1396/2
f 6683/1400/2 4965/3961/2 5765/1399/2
f 6684/1403/2 5129/3964/2 6685/1402/2
f 6308/1406/2 4964/3969/2 6686/1405/2
f 6687/1409/2 4605/3975/2 5405/1408/2
f 6688/1412/2 5130/3960/2 6689/1411/2
f 6307/1415/2 4963/3214/2 6690/1414/2
f 6691/1418/2 4962/3218/2 5762/1417/2
f 6692/1421/2 5131/3957/2 6693/1420/2
f 6079/1424/2 4735/3475/2 6694/1423/2
f 6695/1427/2 4961/3950/2 5761/1426/2
f 6696/1430/2 5132/3953/2 6697/1429/2
f 6304/1433/2 4960/3959/2 6698/1432/2
f 6699/1436/2 4606/4065/2 5406/1435/2
f 6700/1439/2 5133/3949/2 6701/1438/2
f 6303/1442/2 4959/3220/2 6702/1441/2
f 6703/1445/2 4958/3224/2 5758/1444/2
f 6704/1448/2 5134/3946/2 6705/1447/2
f 6095/1451/2 4751/4075/2 6706/1450/2
f 6707/1454/2 4957/3941/2 5757/1453/2
f 6708/1457/2 5135/3943/2 6709/1456/2
f 6300/1460/2 4956/3948/2 6710/1459/2
f 6711/1463/2 4550/3507/2 5350/1462/2
f 6712/1466/2 5136/3940/2 6713/1465/2
f 6299/1469/2 4955/3226/2 6714/1468/2
f 6715/1472/2 4954/3230/2 5754/1471/2
f 6716/1475/2 5137/3937/2 6717/1474/2
f 6096/1478/2 4752/3925/2 6718/1477/2
f 6719/1481/2 4953/3931/2 5753/1480/2
f 6720/1484/2 5138/3934/2 6721/1483/2
f 6296/1487/2 4952/3939/2 6722/1486/2
f 6723/1490/2 4609/3944/2 5409/1489/2
f 6724/1493/2 5139/3930/2 6725/1492/2
f 6295/1496/2 4951/3232/2 6726/1495/2
f 6727/1499/2 4950/3236/2 5750/1498/2
f 6728/1502/2 5140/3927/2 6729/1501/2
f 6063/1505/2 4719/3997/2 6730/1504/2
f 6731/1508/2 4949/3920/2 5749/1507/2
f 6732/1511/2 5141/3923/2 6733/1510/2
f 6292/1514/2 4948/3929/2 6734/1513/2
f 6735/1517/2 4610/4074/2 5410/1516/2
f 6736/1520/2 5142/3919/2 6737/1519/2
f 6291/1523/2 4947/3238/2 6738/1522/2
f 6739/1526/2 4946/3242/2 5746/1525/2
f 6740/1529/2 5143/3916/2 6741/1528/2
f 6099/1532/2 4755/4084/2 6742/1531/2
f 6743/1535/2 4945/3906/2 5745/1534/2
f 6744/1538/2 5144/3911/2 6745/1537/2
f 6288/1541/2 4944/3918/2 6746/1540/2
f 6747/1544/2 4549/3856/2 5349/1543/2
f 6748/1547/2 5145/3905/2 6749/1546/2
f 6287/1550/2 4943/3244/2 6750/1549/2
f 6751/1553/2 4942/3248/2 5742/1552/2
f 6752/1556/2 5146/3902/2 6753/1555/2
f 6100/1559/2 4756/3885/2 6754/1558/2
f 6755/1562/2 4941/3891/2 5741/1561/2
f 6756/1565/2 5147/3897/2 6757/1564/2
f 6284/1568/2 4940/3904/2 6758/1567/2
f 6759/1571/2 4613/3912/2 5413/1570/2
f 6760/1574/2 5148/3890/2 6761/1573/2
f 6283/1577/2 4939/3250/2 6762/1576/2
f 6763/1580/2 4938/3254/2 5738/1579/2
f 6764/1583/2 5149/3887/2 6765/1582/2
f 6076/1586/2 4732/3936/2 6766/1585/2
f 6767/1589/2 4937/3880/2 5737/1588/2
f 6768/1592/2 5150/3883/2 6769/1591/2
f 6280/1595/2 4936/3889/2 6770/1594/2
f 6771/1598/2 4614/4083/2 5414/1597/2
f 6772/1601/2 5151/3879/2 6773/1600/2
f 6279/1604/2 4935/3256/2 6774/1603/2
f 6775/1607/2 4934/3260/2 5734/1606/2
f 6776/1610/2 5152/3876/2 6777/1609/2
f 6103/1613/2 4759/4094/2 6778/1612/2
f 6779/1616/2 4933/3865/2 5733/1615/2
f 6780/1619/2 5153/3871/2 6781/1618/2
f 6276/1622/2 4932/3878/2 6782/1621/2
f 6783/1625/2 4518/4203/2 5318/1624/2
f 6784/1628/2 5154/3864/2 6785/1627/2
f 6275/1631/2 4931/3262/2 6786/1630/2
f 6787/1634/2 4930/3266/2 5730/1633/2
f 6788/1637/2 5155/3861/2 6789/1636/2
f 6104/1640/2 4760/3843/2 6790/1639/2
f 6791/1643/2 4929/3849/2 5729/1642/2
f 6792/1646/2 5156/3855/2 6793/1645/2
f 6272/1649/2 4928/3863/2 6794/1648/2
f 6795/1652/2 4617/3872/2 5417/1651/2
f 6796/1655/2 5157/3848/2 6797/1654/2
f 6271/1658/2 4927/3268/2 6798/1657/2
f 6799/1661/2 4926/3272/2 5726/1660/2
f 6800/1664/2 5158/3845/2 6801/1663/2
f 6075/1667/2 4731/3508/2 6802/1666/2
f 6803/1670/2 4925/3838/2 5725/1669/2
f 6804/1673/2 5159/3841/2 6805/1672/2
f 6268/1676/2 4924/3847/2 6806/1675/2
f 6807/1679/2 4618/4093/2 5418/1678/2
f 6808/1682/2 5160/3837/2 6809/1681/2
f 6267/1685/2 4923/3274/2 6810/1684/2
f 6811/1688/2 4922/3278/2 5722/1687/2
f 6812/1691/2 5161/3834/2 6813/1690/2
f 6107/1694/2 4763/4103/2 6814/1693/2
f 6815/1697/2 4921/3829/2 5721/1696/2
f 6816/1700/2 5162/3831/2 6817/1699/2
f 6264/1703/2 4920/3836/2 6818/1702/2
f 6819/1706/2 4546/3540/2 5346/1705/2
f 6820/1709/2 5163/3828/2 6821/1708/2
f 6263/1712/2 4919/3280/2 6822/1711/2
f 6823/1715/2 4918/3284/2 5718/1714/2
f 6824/1718/2 5164/3823/2 6825/1717/2
f 6108/1721/2 4764/3805/2 6826/1720/2
f 6827/1724/2 4917/3814/2 5717/1723/2
f 6828/1727/2 5165/3817/2 6829/1726/2
f 6260/1730/2 4916/3826/2 6830/1729/2
f 6831/1733/2 4621/3832/2 5421/1732/2
f 6832/1736/2 5166/3813/2 6833/1735/2
f 6259/1739/2 4915/3286/2 6834/1738/2
f 6835/1742/2 4914/3290/2 5714/1741/2
f 6836/1745/2 5167/3808/2 6837/1744/2
f 6064/1748/2 4720/3645/2 6838/1747/2
f 6839/1751/2 4913/3798/2 5713/1750/2
f 6840/1754/2 5168/3801/2 6841/1753/2
f 6256/1757/2 4912/3811/2 6842/1756/2
f 6843/1760/2 4622/4102/2 5422/1759/2
f 6844/1763/2 5169/3797/2 6845/1762/2
f 6255/1766/2 4911/3292/2 6846/1765/2
f 6847/1769/2 4910/3296/2 5710/1768/2
f 6848/1772/2 5170/3794/2 6849/1771/2
f 6111/1775/2 4767/4112/2 6850/1774/2
f 6851/1778/2 4909/3784/2 5709/1777/2
f 6852/1781/2 5171/3789/2 6853/1780/2
f 6252/1784/2 4908/3796/2 6854/1783/2
f 6855/1787/2 4545/3722/2 5345/1786/2
f 6856/1790/2 5172/3783/2 6857/1789/2
f 6251/1793/2 4907/3298/2 6858/1792/2
f 6859/1796/2 4906/3302/2 5706/1795/2
f 6860/1799/2 5173/3778/2 6861/1798/2
f 6112/1802/2 4768/3753/2 6862/1801/2
f 6863/1805/2 4905/3763/2 5705/1804/2
f 6864/1808/2 5174/3769/2 6865/1807/2
f 6248/1811/2 4904/3781/2 6866/1810/2
f 6867/1814/2 4625/3790/2 5425/1813/2
f 6868/1817/2 5175/3762/2 6869/1816/2
f 6247/1820/2 4903/3304/2 6870/1819/2
f 6871/1823/2 4902/3308/2 5702/1822/2
f 6872/1826/2 5176/3756/2 6873/1825/2
f 6072/1829/2 4728/3821/2 6874/1828/2
f 6875/1832/2 4901/3746/2 5701/1831/2
f 6876/1835/2 5177/3749/2 6877/1834/2
f 6244/1838/2 4900/3760/2 6878/1837/2
f 6879/1841/2 4626/4111/2 5426/1840/2
f 6880/1844/2 5178/3745/2 6881/1843/2
f 6243/1847/2 4899/3310/2 6882/1846/2
f 6883/1850/2 4898/3314/2 5698/1849/2
f 6884/1853/2 5179/3742/2 6885/1852/2
f 6115/1856/2 4771/4121/2 6886/1855/2
f 6887/1859/2 4897/3731/2 5697/1858/2
f 6888/1862/2 5180/3737/2 6889/1861/2
f 6240/1865/2 4896/3744/2 6890/1864/2
f 6891/1868/2 4525/3898/2 5325/1867/2
f 6892/1871/2 5181/3730/2 6893/1870/2
f 6239/1874/2 4895/3316/2 6894/1873/2
f 6895/1877/2 4894/3320/2 5694/1876/2
f 6896/1880/2 5182/3727/2 6897/1879/2
f 6116/1883/2 4772/3709/2 6898/1882/2
f 6899/1886/2 4893/3715/2 5693/1885/2
f 6900/1889/2 5183/3721/2 6901/1888/2
f 6236/1892/2 4892/3729/2 6902/1891/2
f 6903/1895/2 4629/3738/2 5429/1894/2
f 6904/1898/2 5184/3714/2 6905/1897/2
f 6235/1901/2 4891/3322/2 6906/1900/2
f 6907/1904/2 4890/3326/2 5690/1903/2
f 6908/1907/2 5185/3711/2 6909/1906/2
f 6071/1910/2 4727/3541/2 6910/1909/2
f 6911/1913/2 4889/3704/2 5689/1912/2
f 6912/1916/2 5186/3707/2 6913/1915/2
f 6232/1919/2 4888/3713/2 6914/1918/2
f 6915/1922/2 4630/4120/2 5430/1921/2
f 6916/1925/2 5187/3703/2 6917/1924/2
f 6231/1928/2 4887/3328/2 6918/1927/2
f 6919/1931/2 4886/3332/2 5686/1930/2
f 6920/1934/2 5188/3700/2 6921/1933/2
f 6119/1937/2 4775/4130/2 6922/1936/2
f 6923/1940/2 4885/3695/2 5685/1939/2
f 6924/1943/2 5189/3697/2 6925/1942/2
f 6228/1946/2 4884/3702/2 6926/1945/2
f 6927/1949/2 4542/3573/2 5342/1948/2
f 6928/1952/2 5190/3694/2 6929/1951/2
f 6227/1955/2 4883/3334/2 6930/1954/2
f 6931/1958/2 4882/3338/2 5682/1957/2
f 6932/1961/2 5191/3689/2 6933/1960/2
f 6120/1964/2 4776/3670/2 6934/1963/2
f 6935/1967/2 4881/3680/2 5681/1966/2
f 6936/1970/2 5192/3683/2 6937/1969/2
f 6224/1973/2 4880/3692/2 6938/1972/2
f 6939/1976/2 4633/3698/2 5433/1975/2
f 6940/1979/2 5193/3679/2 6941/1978/2
f 6223/1982/2 4879/3340/2 6942/1981/2
f 6943/1985/2 4878/3344/2 5678/1984/2
f 6944/1988/2 5194/3673/2 6945/1987/2
f 6061/1991/2 4717/4204/2 6946/1990/2
f 6947/1994/2 4877/3663/2 5677/1993/2
f 6948/1997/2 5195/3666/2 6949/1996/2
f 6220/2000/2 4876/3677/2 6950/1999/2
f 6951/2003/2 4634/4129/2 5434/2002/2
f 6952/2006/2 5196/3662/2 6953/2005/2
f 6219/2009/2 4875/3346/2 6954/2008/2
f 6955/2012/2 4874/3350/2 5674/2011/2
f 6956/2015/2 5197/3659/2 6957/2014/2
f 6123/2018/2 4779/4140/2 6958/2017/2
f 6959/2021/2 4873/3654/2 5673/2020/2
f 6960/2024/2 5198/3656/2 6961/2023/2
f 6216/2027/2 4872/3661/2 6962/2026/2
f 6963/2030/2 4541/3605/2 5341/2029/2
f 6964/2033/2 5199/3653/2 6965/2032/2
f 6215/2036/2 4871/3352/2 6966/2035/2
f 6967/2039/2 4870/3356/2 5670/2038/2
f 6968/2042/2 5200/3648/2 6969/2041/2
f 6124/2045/2 4780/3628/2 6970/2044/2
f 6971/2048/2 4869/3638/2 5669/2047/2
f 6972/2051/2 5201/3641/2 6973/2050/2
f 6212/2054/2 4868/3651/2 6974/2053/2
f 6975/2057/2 4637/3657/2 5437/2056/2
f 6976/2060/2 5202/3637/2 6977/2059/2
f 6211/2063/2 4867/3358/2 6978/2062/2
f 6979/2066/2 4866/3362/2 5666/2065/2
f 6980/2069/2 5203/3631/2 6981/2068/2
f 6068/2072/2 4724/3687/2 6982/2071/2
f 6983/2075/2 4865/3621/2 5665/2074/2
f 6984/2078/2 5204/3624/2 6985/2077/2
f 6208/2081/2 4864/3635/2 6986/2080/2
f 6987/2084/2 4638/4139/2 5438/2083/2
f 6988/2087/2 5205/3620/2 6989/2086/2
f 6207/2090/2 4863/3364/2 6990/2089/2
f 6991/2093/2 4862/3368/2 5662/2092/2
f 6992/2096/2 5206/3617/2 6993/2095/2
f 6127/2099/2 4783/4149/2 6994/2098/2
f 6995/2102/2 4861/3611/2 5661/2101/2
f 6996/2105/2 5207/3614/2 6997/2104/2
f 6204/2108/2 4860/3619/2 6998/2107/2
f 6999/2111/2 4526/3996/2 5326/2110/2
f 7000/2114/2 5208/3610/2 7001/2113/2
f 6203/2117/2 4859/3370/2 7002/2116/2
f 7003/2120/2 4858/3374/2 5658/2119/2
f 7004/2123/2 5209/3607/2 7005/2122/2
f 6128/2126/2 4784/3595/2 7006/2125/2
f 7007/2129/2 4857/3601/2 5657/2128/2
f 7008/2132/2 5210/3604/2 7009/2131/2
f 6200/2135/2 4856/3609/2 7010/2134/2
f 7011/2138/2 4641/3615/2 5441/2137/2
f 7012/2141/2 5211/3600/2 7013/2140/2
f 6199/2144/2 4855/3376/2 7014/2143/2
f 7015/2147/2 4854/3380/2 5654/2146/2
f 7016/2150/2 5212/3597/2 7017/2149/2
f 6067/2153/2 4723/3574/2 7018/2152/2
f 7019/2156/2 4853/3590/2 5653/2155/2
f 7020/2159/2 5213/3593/2 7021/2158/2
f 6196/2162/2 4852/3599/2 7022/2161/2
f 7023/2165/2 4642/4148/2 5442/2164/2
f 7024/2168/2 5214/3589/2 7025/2167/2
f 6195/2171/2 4851/3382/2 7026/2170/2
f 7027/2174/2 4850/3386/2 5650/2173/2
f 7028/2177/2 5215/3586/2 7029/2176/2
f 6131/2180/2 4787/4158/2 7030/2179/2
f 7031/2183/2 4849/3580/2 5649/2182/2
f 7032/2186/2 5216/3583/2 7033/2185/2
f 6192/2189/2 4848/3588/2 7034/2188/2
f 7035/2192/2 4538/4027/2 5338/2191/2
f 7036/2195/2 5217/3579/2 7037/2194/2
f 6191/2198/2 4847/3388/2 7038/2197/2
f 7039/2201/2 4846/3392/2 5646/2200/2
f 7040/2204/2 5218/3576/2 7041/2203/2
f 6132/2207/2 4788/3562/2 7042/2206/2
f 7043/2210/2 4845/3569/2 5645/2209/2
f 7044/2213/2 5219/3572/2 7045/2212/2
f 6188/2216/2 4844/3578/2 7046/2215/2
f 7047/2219/2 4645/3584/2 5445/2218/2
f 7048/2222/2 5220/3568/2 7049/2221/2
f 6187/2225/2 4843/3394/2 7050/2224/2
f 7051/2228/2 4842/3398/2 5642/2227/2
f 7052/2231/2 5221/3564/2 7053/2230/2
f 6049/2234/2 4705/4205/2 7054/2233/2
f 7055/2237/2 4841/3557/2 5641/2236/2
f 7056/2240/2 5222/3560/2 7057/2239/2
f 6184/2243/2 4840/3567/2 7058/2242/2
f 7059/2246/2 4646/4157/2 5446/2245/2
f 7060/2249/2 5223/3556/2 7061/2248/2
f 6183/2252/2 4839/3400/2 7062/2251/2
f 7063/2255/2 4838/3404/2 5638/2254/2
f 7064/2258/2 5224/3553/2 7065/2257/2
f 6135/2261/2 4791/4168/2 7066/2260/2
f 7067/2264/2 4837/3547/2 5637/2263/2
f 7068/2267/2 5225/3550/2 7069/2266/2
f 6180/2270/2 4836/3555/2 7070/2269/2
f 7071/2273/2 4537/3935/2 5337/2272/2
f 7072/2276/2 5226/3546/2 7073/2275/2
f 6179/2279/2 4835/3406/2 7074/2278/2
f 7075/2282/2 4834/3410/2 5634/2281/2
f 7076/2285/2 5227/3543/2 7077/2284/2
f 6136/2288/2 4792/3529/2 7078/2287/2
f 7079/2291/2 4833/3536/2 5633/2290/2
f 7080/2294/2 5228/3539/2 7081/2293/2
f 6176/2297/2 4832/3545/2 7082/2296/2
f 7083/2300/2 4649/3551/2 5449/2299/2
f 7084/2303/2 5229/3535/2 7085/2302/2
f 6175/2306/2 4831/3412/2 7086/2305/2
f 7087/2309/2 4830/3416/2 5630/2308/2
f 7088/2312/2 5230/3531/2 7089/2311/2
f 6052/2315/2 4708/3606/2 7090/2314/2
f 7091/2318/2 4829/3524/2 5629/2317/2
f 7092/2321/2 5231/3527/2 7093/2320/2
f 6172/2324/2 4828/3534/2 7094/2323/2
f 7095/2327/2 4650/4167/2 5450/2326/2
f 7096/2330/2 5232/3523/2 7097/2329/2
f 6171/2333/2 4827/3418/2 7098/2332/2
f 7099/2336/2 4826/3422/2 5626/2335/2
f 7100/2339/2 5233/3520/2 7101/2338/2
f 6139/2342/2 4795/4178/2 7102/2341/2
f 7103/2345/2 4825/3514/2 5625/2344/2
f 7104/2348/2 5234/3517/2 7105/2347/2
f 6168/2351/2 4824/3522/2 7106/2350/2
f 7107/2354/2 4530/4206/2 5330/2353/2
f 7108/2357/2 5235/3513/2 7109/2356/2
f 6167/2360/2 4823/3424/2 7110/2359/2
f 7111/2363/2 4822/3428/2 5622/2362/2
f 7112/2366/2 5236/3510/2 7113/2365/2
f 6140/2369/2 4796/3496/2 7114/2368/2
f 7115/2372/2 4821/3503/2 5621/2371/2
f 7116/2375/2 5237/3506/2 7117/2374/2
f 6164/2378/2 4820/3512/2 7118/2377/2
f 7119/2381/2 4653/3518/2 5453/2380/2
f 7120/2384/2 5238/3502/2 7121/2383/2
f 6163/2387/2 4819/3430/2 7122/2386/2
f 7123/2390/2 4818/3434/2 5618/2389/2
f 7124/2393/2 5239/3498/2 7125/2392/2
f 6051/2396/2 4707/3966/2 7126/2395/2
f 7127/2399/2 4817/3491/2 5617/2398/2
f 7128/2402/2 5240/3494/2 7129/2401/2
f 6160/2405/2 4816/3501/2 7130/2404/2
f 7131/2408/2 4654/4177/2 5454/2407/2
f 7132/2411/2 5241/3490/2 7133/2410/2
f 6159/2414/2 4815/3436/2 7134/2413/2
f 7135/2417/2 4814/3440/2 5614/2416/2
f 7136/2420/2 5242/3487/2 7137/2419/2
f 6143/2423/2 4799/4188/2 7138/2422/2
f 7139/2426/2 4813/3481/2 5613/2425/2
f 7140/2429/2 5243/3484/2 7141/2428/2
f 6156/2432/2 4812/3489/2 7142/2431/2
f 7143/2435/2 4534/4207/2 5334/2434/2
f 7144/2438/2 5244/3480/2 7145/2437/2
f 6155/2441/2 4811/3442/2 7146/2440/2
f 7147/2444/2 4810/3446/2 5610/2443/2
f 7148/2447/2 5245/3477/2 7149/2446/2
f 6144/2450/2 4800/3463/2 7150/2449/2
f 7151/2453/2 4809/3470/2 5609/2452/2
f 7152/2456/2 5246/3473/2 7153/2455/2
f 6152/2459/2 4808/3479/2 7154/2458/2
f 7155/2462/2 4657/3485/2 5457/2461/2
f 7156/2465/2 5247/3469/2 7157/2464/2
f 6151/2468/2 4807/3448/2 7158/2467/2
f 7159/2471/2 4806/3452/2 5606/2470/2
f 7160/2474/2 5248/3465/2 7161/2473/2
f 6045/2477/2 4701/4208/2 7162/2476/2
f 7163/2480/2 4805/3458/2 5605/2479/2
f 7164/2483/2 5249/3461/2 7165/2482/2
f 6148/2486/2 4804/3468/2 7166/2485/2
f 7167/2489/2 4658/4187/2 5458/2488/2
f 7168/2492/2 5250/3457/2 7169/2491/2
f 6147/2495/2 4803/3454/2 7170/2494/2
f 7171/2498/2 4802/4190/2 5602/2497/2
f 7172/2501/2 5251/3451/2 7173/2500/2
f 5901/2504/2 4557/4209/2 7174/2503/2
f 7175/2507/2 4801/3488/2 5601/2506/2
f 7176/2510/2 5252/3445/2 7177/2509/2
f 6000/2513/2 4656/3459/2 7178/2512/2
f 7179/2516/2 4678/4210/2 5478/2515/2
f 7180/2519/2 5253/3439/2 7181/2518/2
f 5999/2522/2 4655/4184/2 7182/2521/2
f 7183/2525/2 4798/4180/2 5598/2524/2
f 7184/2528/2 5254/3433/2 7185/2527/2
f 5907/2531/2 4563/3962/2 7186/2530/2
f 7187/2534/2 4797/3521/2 5597/2533/2
f 7188/2537/2 5255/3427/2 7189/2536/2
f 5996/2540/2 4652/3492/2 7190/2539/2
f 7191/2543/2 4674/4211/2 5474/2542/2
f 7192/2546/2 5256/3421/2 7193/2545/2
f 5995/2549/2 4651/4174/2 7194/2548/2
f 7195/2552/2 4794/4170/2 5594/2551/2
f 7196/2555/2 5257/3415/2 7197/2554/2
f 5908/2558/2 4564/3602/2 7198/2557/2
f 7199/2561/2 4793/3554/2 5593/2560/2
f 7200/2564/2 5258/3409/2 7201/2563/2
f 5992/2567/2 4648/3525/2 7202/2566/2
f 7203/2570/2 4681/3938/2 5481/2569/2
f 7204/2573/2 5259/3403/2 7205/2572/2
f 5991/2576/2 4647/4165/2 7206/2575/2
f 7207/2579/2 4790/4160/2 5590/2578/2
f 7208/2582/2 5260/3397/2 7209/2581/2
f 5905/2585/2 4561/4212/2 7210/2584/2
f 7211/2588/2 4789/3587/2 5589/2587/2
f 7212/2591/2 5261/3391/2 7213/2590/2
f 5988/2594/2 4644/3558/2 7214/2593/2
f 7215/2597/2 4682/4030/2 5482/2596/2
f 7216/2600/2 5262/3385/2 7217/2599/2
f 5987/2603/2 4643/4155/2 7218/2602/2
f 7219/2606/2 4786/4151/2 5586/2605/2
f 7220/2609/2 5263/3379/2 7221/2608/2
f 5923/2612/2 4579/3570/2 7222/2611/2
f 7223/2615/2 4785/3618/2 5585/2614/2
f 7224/2618/2 5264/3373/2 7225/2617/2
f 5984/2621/2 4640/3591/2 7226/2620/2
f 7227/2624/2 4670/3999/2 5470/2623/2
f 7228/2627/2 5265/3367/2 7229/2626/2
f 5983/2630/2 4639/4146/2 7230/2629/2
f 7231/2633/2 4782/4142/2 5582/2632/2
f 7232/2636/2 5266/3361/2 7233/2635/2
f 5924/2639/2 4580/3681/2 7234/2638/2
f 7235/2642/2 4781/3660/2 5581/2641/2
f 7236/2645/2 5267/3355/2 7237/2644/2
f 5980/2648/2 4636/3622/2 7238/2647/2
f 7239/2651/2 4685/3608/2 5485/2650/2
f 7240/2654/2 5268/3349/2 7241/2653/2
f 5979/2657/2 4635/4137/2 7242/2656/2
f 7243/2660/2 4778/4132/2 5578/2659/2
f 7244/2663/2 5269/3343/2 7245/2662/2
f 5917/2666/2 4573/4213/2 7246/2665/2
f 7247/2669/2 4777/3701/2 5577/2668/2
f 7248/2672/2 5270/3337/2 7249/2671/2
f 5976/2675/2 4632/3664/2 7250/2674/2
f 7251/2678/2 4686/3577/2 5486/2677/2
f 7252/2681/2 5271/3331/2 7253/2680/2
f 5975/2684/2 4631/4127/2 7254/2683/2
f 7255/2687/2 4774/4123/2 5574/2686/2
f 7256/2690/2 5272/3325/2 7257/2689/2
f 5927/2693/2 4583/3537/2 7258/2692/2
f 7259/2696/2 4773/3743/2 5573/2695/2
f 7260/2699/2 5273/3319/2 7261/2698/2
f 5972/2702/2 4628/3705/2 7262/2701/2
f 7263/2705/2 4669/3903/2 5469/2704/2
f 7264/2708/2 5274/3313/2 7265/2707/2
f 5971/2711/2 4627/4118/2 7266/2710/2
f 7267/2714/2 4770/4114/2 5570/2713/2
f 7268/2717/2 5275/3307/2 7269/2716/2
f 5928/2720/2 4584/3815/2 7270/2719/2
f 7271/2723/2 4769/3795/2 5569/2722/2
f 7272/2726/2 5276/3301/2 7273/2725/2
f 5968/2729/2 4624/3747/2 7274/2728/2
f 7275/2732/2 4689/3728/2 5489/2731/2
f 7276/2735/2 5277/3295/2 7277/2734/2
f 5967/2738/2 4623/4109/2 7278/2737/2
f 7279/2741/2 4766/4105/2 5566/2740/2
f 7280/2744/2 5278/3289/2 7281/2743/2
f 5920/2747/2 4576/3639/2 7282/2746/2
f 7283/2750/2 4765/3835/2 5565/2749/2
f 7284/2753/2 5279/3283/2 7285/2752/2
f 5964/2756/2 4620/3799/2 7286/2755/2
f 7287/2759/2 4690/3544/2 5490/2758/2
f 7288/2762/2 5280/3277/2 7289/2761/2
f 5963/2765/2 4619/4100/2 7290/2764/2
f 7291/2768/2 4762/4096/2 5562/2767/2
f 7292/2771/2 5281/3271/2 7293/2770/2
f 5931/2774/2 4587/3504/2 7294/2773/2
f 7295/2777/2 4761/3877/2 5561/2776/2
f 7296/2780/2 5282/3265/2 7297/2779/2
f 5960/2783/2 4616/3839/2 7298/2782/2
f 7299/2786/2 4662/4214/2 5462/2785/2
f 7300/2789/2 5283/3259/2 7301/2788/2
f 5959/2792/2 4615/4090/2 7302/2791/2
f 7303/2795/2 4758/4086/2 5558/2794/2
f 7304/2798/2 5284/3253/2 7305/2797/2
f 5932/2801/2 4588/3932/2 7306/2800/2
f 7307/2804/2 4757/3917/2 5557/2803/2
f 7308/2807/2 5285/3247/2 7309/2806/2
f 5956/2810/2 4612/3881/2 7310/2809/2
f 7311/2813/2 4693/3862/2 5493/2812/2
f 7312/2816/2 5286/3241/2 7313/2815/2
f 5955/2819/2 4611/4081/2 7314/2818/2
f 7315/2822/2 4754/4077/2 5554/2821/2
f 7316/2825/2 5287/3235/2 7317/2824/2
f 5919/2828/2 4575/3993/2 7318/2827/2
f 7319/2831/2 4753/3947/2 5553/2830/2
f 7320/2834/2 5288/3229/2 7321/2833/2
f 5952/2837/2 4608/3921/2 7322/2836/2
f 7323/2840/2 4694/3511/2 5494/2839/2
f 7324/2843/2 5289/3223/2 7325/2842/2
f 5951/2846/2 4607/4072/2 7326/2845/2
f 7327/2849/2 4750/4068/2 5550/2848/2
f 7328/2852/2 5290/3217/2 7329/2851/2
f 5935/2855/2 4591/3471/2 7330/2854/2
f 7331/2858/2 4749/3978/2 5549/2857/2
f 7332/2861/2 5291/3211/2 7333/2860/2
f 5948/2864/2 4604/3951/2 7334/2863/2
f 7335/2867/2 4666/4215/2 5466/2866/2
f 7336/2870/2 5292/3205/2 7337/2869/2
f 5947/2873/2 4603/4062/2 7338/2872/2
f 7339/2876/2 4746/4058/2 5546/2875/2
f 7340/2879/2 5293/3199/2 7341/2878/2
f 5936/2882/2 4592/4024/2 7342/2881/2
f 7343/2885/2 4745/4008/2 5545/2884/2
f 7344/2888/2 5294/3193/2 7345/2887/2
f 5944/2891/2 4600/3982/2 7346/2890/2
f 7347/2894/2 4697/3968/2 5497/2893/2
f 7348/2897/2 5295/3187/2 7349/2896/2
f 5943/2900/2 4599/4053/2 7350/2899/2
f 7351/2903/2 4742/4048/2 5542/2902/2
f 7352/2906/2 5296/3181/2 7353/2905/2
f 5913/2909/2 4569/4216/2 7354/2908/2
f 7355/2912/2 4741/4039/2 5541/2911/2
f 7356/2915/2 5297/3175/2 7357/2914/2
f 5940/2918/2 4596/4012/2 7358/2917/2
f 7359/2921/2 4698/3478/2 5498/2920/2
f 7360/2924/2 5298/3169/2 7361/2923/2
f 5939/2927/2 4595/4043/2 7362/2926/2
f 7363/2930/2 4738/3466/2 5538/2929/2
f 7364/2933/2 5299/3163/2 7365/2932/2
f 5873/2936/2 4529/4217/2 7366/2935/2
f 7367/2939/2 4737/3958/2 5537/2938/2
f 7368/2942/2 5300/3157/2 7369/2941/2
f 5896/2945/2 4552/4034/2 7370/2944/2
f 7371/2948/2 4706/4218/2 5506/2947/2
f 7372/2951/2 5301/3151/2 7373/2950/2
f 5895/2954/2 4551/3482/2 7374/2953/2
f 7375/2957/2 4734/3499/2 5534/2956/2
f 7376/2960/2 5302/3145/2 7377/2959/2
f 5879/2963/2 4535/4003/2 7378/2962/2
f 7379/2966/2 4733/3846/2 5533/2965/2
f 7380/2969/2 5303/3139/2 7381/2968/2
f 5892/2972/2 4548/3942/2 7382/2971/2
f 7383/2975/2 4702/4219/2 5502/2974/2
f 7384/2978/2 5304/3133/2 7385/2977/2
f 5891/2981/2 4547/3515/2 7386/2980/2
f 7387/2984/2 4730/3532/2 5530/2983/2
f 7388/2987/2 5305/3127/2 7389/2986/2
f 5880/2990/2 4536/3655/2 7390/2989/2
f 7391/2993/2 4729/3712/2 5529/2992/2
f 7392/2996/2 5306/3121/2 7393/2995/2
f 5888/2999/2 4544/3830/2 7394/2998/2
f 7395/3002/2 4709/3888/2 5509/3001/2
f 7396/3005/2 5307/3115/2 7397/3004/2
f 5887/3008/2 4543/3548/2 7398/3007/2
f 7399/3011/2 4726/3565/2 5526/3010/2
f 7400/3014/2 5308/3109/2 7401/3013/2
f 5877/3017/2 4533/4220/2 7402/3016/2
f 7403/3020/2 4725/3598/2 5525/3019/2
f 7404/3023/2 5309/3103/2 7405/3022/2
f 5884/3026/2 4540/3696/2 7406/3025/2
f 7407/3029/2 4710/3989/2 5510/3028/2
f 7408/3032/2 5310/3097/2 7409/3031/2
f 5883/3035/2 4539/3581/2 7410/3034/2
f 7411/3038/2 4722/4019/2 5522/3037/2
f 7412/3041/2 5311/3091/2 7413/3040/2
f 5865/3044/2 4521/4221/2 7414/3043/2
f 7415/3047/2 4721/3928/2 5521/3046/2
f 7416/3050/2 5312/3085/2 7417/3049/2
f 5868/3053/2 4524/3612/2 7418/3052/2
f 7419/3056/2 4714/4222/2 5514/3055/2
f 7420/3059/2 5313/3079/2 7421/3058/2
f 5867/3062/2 4523/3972/2 7422/3061/2
f 7423/3065/2 4718/4223/2 5518/3064/2
f 7424/3068/2 5314/3073/2 7425/3067/2
f 5861/3071/2 4517/4224/2 7426/3070/2
f 7427/3072/2 7426/3070/2 5314/3073/2
f 6402/766/2 7427/3072/2 7424/3068/2
f 4309/3075/2 5861/3071/2 7427/3072/2
f 7428/3069/2 7425/3067/2 5055/3076/2
f 5858/769/2 7428/3069/2 6399/794/2
f 5058/3074/2 7424/3068/2 7428/3069/2
f 7429/3066/2 5518/3064/2 4366/3078/2
f 7425/3067/2 7429/3066/2 5855/761/2
f 5314/3073/2 7423/3065/2 7429/3066/2
f 7430/3063/2 7422/3061/2 5313/3079/2
f 6398/757/2 7430/3063/2 7420/3059/2
f 4315/3081/2 5867/3062/2 7430/3063/2
f 7431/3060/2 7421/3058/2 5051/3082/2
f 5854/796/2 7431/3060/2 6395/821/2
f 5054/3080/2 7420/3059/2 7431/3060/2
f 7432/3057/2 5514/3055/2 4362/3084/2
f 7421/3058/2 7432/3057/2 5851/752/2
f 5313/3079/2 7419/3056/2 7432/3057/2
f 7433/3054/2 7418/3052/2 5312/3085/2
f 6394/748/2 7433/3054/2 7416/3050/2
f 4316/3087/2 5868/3053/2 7433/3054/2
f 7434/3051/2 7417/3049/2 5047/3088/2
f 5850/823/2 7434/3051/2 6391/848/2
f 5050/3086/2 7416/3050/2 7434/3051/2
f 7435/3048/2 5521/3046/2 4369/3090/2
f 7417/3049/2 7435/3048/2 5847/743/2
f 5312/3085/2 7415/3047/2 7435/3048/2
f 7436/3045/2 7414/3043/2 5311/3091/2
f 6390/739/2 7436/3045/2 7412/3041/2
f 4313/3093/2 5865/3044/2 7436/3045/2
f 7437/3042/2 7413/3040/2 5043/3094/2
f 5846/850/2 7437/3042/2 6387/875/2
f 5046/3092/2 7412/3041/2 7437/3042/2
f 7438/3039/2 5522/3037/2 4370/3096/2
f 7413/3040/2 7438/3039/2 5843/734/2
f 5311/3091/2 7411/3038/2 7438/3039/2
f 7439/3036/2 7410/3034/2 5310/3097/2
f 6386/730/2 7439/3036/2 7408/3032/2
f 4331/3099/2 5883/3035/2 7439/3036/2
f 7440/3033/2 7409/3031/2 5039/3100/2
f 5842/877/2 7440/3033/2 6383/902/2
f 5042/3098/2 7408/3032/2 7440/3033/2
f 7441/3030/2 5510/3028/2 4358/3102/2
f 7409/3031/2 7441/3030/2 5839/725/2
f 5310/3097/2 7407/3029/2 7441/3030/2
f 7442/3027/2 7406/3025/2 5309/3103/2
f 6382/721/2 7442/3027/2 7404/3023/2
f 4332/3105/2 5884/3026/2 7442/3027/2
f 7443/3024/2 7405/3022/2 5035/3106/2
f 5838/904/2 7443/3024/2 6379/929/2
f 5038/3104/2 7404/3023/2 7443/3024/2
f 7444/3021/2 5525/3019/2 4373/3108/2
f 7405/3022/2 7444/3021/2 5835/716/2
f 5309/3103/2 7403/3020/2 7444/3021/2
f 7445/3018/2 7402/3016/2 5308/3109/2
f 6378/712/2 7445/3018/2 7400/3014/2
f 4325/3111/2 5877/3017/2 7445/3018/2
f 7446/3015/2 7401/3013/2 5031/3112/2
f 5834/931/2 7446/3015/2 6375/956/2
f 5034/3110/2 7400/3014/2 7446/3015/2
f 7447/3012/2 5526/3010/2 4374/3114/2
f 7401/3013/2 7447/3012/2 5831/707/2
f 5308/3109/2 7399/3011/2 7447/3012/2
f 7448/3009/2 7398/3007/2 5307/3115/2
f 6374/703/2 7448/3009/2 7396/3005/2
f 4335/3117/2 5887/3008/2 7448/3009/2
f 7449/3006/2 7397/3004/2 5027/3118/2
f 5830/958/2 7449/3006/2 6371/983/2
f 5030/3116/2 7396/3005/2 7449/3006/2
f 7450/3003/2 5509/3001/2 4357/3120/2
f 7397/3004/2 7450/3003/2 5827/698/2
f 5307/3115/2 7395/3002/2 7450/3003/2
f 7451/3000/2 7394/2998/2 5306/3121/2
f 6370/694/2 7451/3000/2 7392/2996/2
f 4336/3123/2 5888/2999/2 7451/3000/2
f 7452/2997/2 7393/2995/2 5023/3124/2
f 5826/985/2 7452/2997/2 6367/1010/2
f 5026/3122/2 7392/2996/2 7452/2997/2
f 7453/2994/2 5529/2992/2 4377/3126/2
f 7393/2995/2 7453/2994/2 5823/689/2
f 5306/3121/2 7391/2993/2 7453/2994/2
f 7454/2991/2 7390/2989/2 5305/3127/2
f 6366/685/2 7454/2991/2 7388/2987/2
f 4328/3129/2 5880/2990/2 7454/2991/2
f 7455/2988/2 7389/2986/2 5019/3130/2
f 5822/1012/2 7455/2988/2 6363/1037/2
f 5022/3128/2 7388/2987/2 7455/2988/2
f 7456/2985/2 5530/2983/2 4378/3132/2
f 7389/2986/2 7456/2985/2 5819/680/2
f 5305/3127/2 7387/2984/2 7456/2985/2
f 7457/2982/2 7386/2980/2 5304/3133/2
f 6362/676/2 7457/2982/2 7384/2978/2
f 4339/3135/2 5891/2981/2 7457/2982/2
f 7458/2979/2 7385/2977/2 5015/3136/2
f 5818/1039/2 7458/2979/2 6359/1064/2
f 5018/3134/2 7384/2978/2 7458/2979/2
f 7459/2976/2 5502/2974/2 4350/3138/2
f 7385/2977/2 7459/2976/2 5815/671/2
f 5304/3133/2 7383/2975/2 7459/2976/2
f 7460/2973/2 7382/2971/2 5303/3139/2
f 6358/667/2 7460/2973/2 7380/2969/2
f 4340/3141/2 5892/2972/2 7460/2973/2
f 7461/2970/2 7381/2968/2 5011/3142/2
f 5814/1066/2 7461/2970/2 6355/1091/2
f 5014/3140/2 7380/2969/2 7461/2970/2
f 7462/2967/2 5533/2965/2 4381/3144/2
f 7381/2968/2 7462/2967/2 5811/662/2
f 5303/3139/2 7379/2966/2 7462/2967/2
f 7463/2964/2 7378/2962/2 5302/3145/2
f 6354/658/2 7463/2964/2 7376/2960/2
f 4327/3147/2 5879/2963/2 7463/2964/2
f 7464/2961/2 7377/2959/2 5007/3148/2
f 5810/1093/2 7464/2961/2 6351/1118/2
f 5010/3146/2 7376/2960/2 7464/2961/2
f 7465/2958/2 5534/2956/2 4382/3150/2
f 7377/2959/2 7465/2958/2 5807/653/2
f 5302/3145/2 7375/2957/2 7465/2958/2
f 7466/2955/2 7374/2953/2 5301/3151/2
f 6350/649/2 7466/2955/2 7372/2951/2
f 4343/3153/2 5895/2954/2 7466/2955/2
f 7467/2952/2 7373/2950/2 5003/3154/2
f 5806/1120/2 7467/2952/2 6347/1145/2
f 5006/3152/2 7372/2951/2 7467/2952/2
f 7468/2949/2 5506/2947/2 4354/3156/2
f 7373/2950/2 7468/2949/2 5803/644/2
f 5301/3151/2 7371/2948/2 7468/2949/2
f 7469/2946/2 7370/2944/2 5300/3157/2
f 6346/640/2 7469/2946/2 7368/2942/2
f 4344/3159/2 5896/2945/2 7469/2946/2
f 7470/2943/2 7369/2941/2 4999/3160/2
f 5802/1147/2 7470/2943/2 6343/1172/2
f 5002/3158/2 7368/2942/2 7470/2943/2
f 7471/2940/2 5537/2938/2 4385/3162/2
f 7369/2941/2 7471/2940/2 5799/635/2
f 5300/3157/2 7367/2939/2 7471/2940/2
f 7472/2937/2 7366/2935/2 5299/3163/2
f 6342/631/2 7472/2937/2 7364/2933/2
f 4321/3165/2 5873/2936/2 7472/2937/2
f 7473/2934/2 7365/2932/2 4995/3166/2
f 5798/1174/2 7473/2934/2 6339/1199/2
f 4998/3164/2 7364/2933/2 7473/2934/2
f 7474/2931/2 5538/2929/2 4386/3168/2
f 7365/2932/2 7474/2931/2 5795/626/2
f 5299/3163/2 7363/2930/2 7474/2931/2
f 7475/2928/2 7362/2926/2 5298/3169/2
f 6338/622/2 7475/2928/2 7360/2924/2
f 4387/3171/2 5939/2927/2 7475/2928/2
f 7476/2925/2 7361/2923/2 4991/3172/2
f 5794/1201/2 7476/2925/2 6335/1226/2
f 4994/3170/2 7360/2924/2 7476/2925/2
f 7477/2922/2 5498/2920/2 4346/3174/2
f 7361/2923/2 7477/2922/2 5791/617/2
f 5298/3169/2 7359/2921/2 7477/2922/2
f 7478/2919/2 7358/2917/2 5297/3175/2
f 6334/613/2 7478/2919/2 7356/2915/2
f 4388/3177/2 5940/2918/2 7478/2919/2
f 7479/2916/2 7357/2914/2 4987/3178/2
f 5790/1228/2 7479/2916/2 6331/1253/2
f 4990/3176/2 7356/2915/2 7479/2916/2
f 7480/2913/2 5541/2911/2 4389/3180/2
f 7357/2914/2 7480/2913/2 5787/608/2
f 5297/3175/2 7355/2912/2 7480/2913/2
f 7481/2910/2 7354/2908/2 5296/3181/2
f 6330/604/2 7481/2910/2 7352/2906/2
f 4361/3183/2 5913/2909/2 7481/2910/2
f 7482/2907/2 7353/2905/2 4983/3184/2
f 5786/1255/2 7482/2907/2 6327/1280/2
f 4986/3182/2 7352/2906/2 7482/2907/2
f 7483/2904/2 5542/2902/2 4390/3186/2
f 7353/2905/2 7483/2904/2 5783/599/2
f 5296/3181/2 7351/2903/2 7483/2904/2
f 7484/2901/2 7350/2899/2 5295/3187/2
f 6326/595/2 7484/2901/2 7348/2897/2
f 4391/3189/2 5943/2900/2 7484/2901/2
f 7485/2898/2 7349/2896/2 4979/3190/2
f 5782/1282/2 7485/2898/2 6323/1307/2
f 4982/3188/2 7348/2897/2 7485/2898/2
f 7486/2895/2 5497/2893/2 4345/3192/2
f 7349/2896/2 7486/2895/2 5779/590/2
f 5295/3187/2 7347/2894/2 7486/2895/2
f 7487/2892/2 7346/2890/2 5294/3193/2
f 6322/586/2 7487/2892/2 7344/2888/2
f 4392/3195/2 5944/2891/2 7487/2892/2
f 7488/2889/2 7345/2887/2 4975/3196/2
f 5778/1309/2 7488/2889/2 6319/1334/2
f 4978/3194/2 7344/2888/2 7488/2889/2
f 7489/2886/2 5545/2884/2 4393/3198/2
f 7345/2887/2 7489/2886/2 5775/581/2
f 5294/3193/2 7343/2885/2 7489/2886/2
f 7490/2883/2 7342/2881/2 5293/3199/2
f 6318/577/2 7490/2883/2 7340/2879/2
f 4384/3201/2 5936/2882/2 7490/2883/2
f 7491/2880/2 7341/2878/2 4971/3202/2
f 5774/1336/2 7491/2880/2 6315/1361/2
f 4974/3200/2 7340/2879/2 7491/2880/2
f 7492/2877/2 5546/2875/2 4394/3204/2
f 7341/2878/2 7492/2877/2 5771/572/2
f 5293/3199/2 7339/2876/2 7492/2877/2
f 7493/2874/2 7338/2872/2 5292/3205/2
f 6314/568/2 7493/2874/2 7336/2870/2
f 4395/3207/2 5947/2873/2 7493/2874/2
f 7494/2871/2 7337/2869/2 4967/3208/2
f 5770/1363/2 7494/2871/2 6311/1388/2
f 4970/3206/2 7336/2870/2 7494/2871/2
f 7495/2868/2 5466/2866/2 4314/3210/2
f 7337/2869/2 7495/2868/2 5767/563/2
f 5292/3205/2 7335/2867/2 7495/2868/2
f 7496/2865/2 7334/2863/2 5291/3211/2
f 6310/559/2 7496/2865/2 7332/2861/2
f 4396/3213/2 5948/2864/2 7496/2865/2
f 7497/2862/2 7333/2860/2 4963/3214/2
f 5766/1390/2 7497/2862/2 6307/1415/2
f 4966/3212/2 7332/2861/2 7497/2862/2
f 7498/2859/2 5549/2857/2 4397/3216/2
f 7333/2860/2 7498/2859/2 5763/554/2
f 5291/3211/2 7331/2858/2 7498/2859/2
f 7499/2856/2 7330/2854/2 5290/3217/2
f 6306/550/2 7499/2856/2 7328/2852/2
f 4383/3219/2 5935/2855/2 7499/2856/2
f 7500/2853/2 7329/2851/2 4959/3220/2
f 5762/1417/2 7500/2853/2 6303/1442/2
f 4962/3218/2 7328/2852/2 7500/2853/2
f 7501/2850/2 5550/2848/2 4398/3222/2
f 7329/2851/2 7501/2850/2 5759/545/2
f 5290/3217/2 7327/2849/2 7501/2850/2
f 7502/2847/2 7326/2845/2 5289/3223/2
f 6302/541/2 7502/2847/2 7324/2843/2
f 4399/3225/2 5951/2846/2 7502/2847/2
f 7503/2844/2 7325/2842/2 4955/3226/2
f 5758/1444/2 7503/2844/2 6299/1469/2
f 4958/3224/2 7324/2843/2 7503/2844/2
f 7504/2841/2 5494/2839/2 4342/3228/2
f 7325/2842/2 7504/2841/2 5755/536/2
f 5289/3223/2 7323/2840/2 7504/2841/2
f 7505/2838/2 7322/2836/2 5288/3229/2
f 6298/532/2 7505/2838/2 7320/2834/2
f 4400/3231/2 5952/2837/2 7505/2838/2
f 7506/2835/2 7321/2833/2 4951/3232/2
f 5754/1471/2 7506/2835/2 6295/1496/2
f 4954/3230/2 7320/2834/2 7506/2835/2
f 7507/2832/2 5553/2830/2 4401/3234/2
f 7321/2833/2 7507/2832/2 5751/527/2
f 5288/3229/2 7319/2831/2 7507/2832/2
f 7508/2829/2 7318/2827/2 5287/3235/2
f 6294/523/2 7508/2829/2 7316/2825/2
f 4367/3237/2 5919/2828/2 7508/2829/2
f 7509/2826/2 7317/2824/2 4947/3238/2
f 5750/1498/2 7509/2826/2 6291/1523/2
f 4950/3236/2 7316/2825/2 7509/2826/2
f 7510/2823/2 5554/2821/2 4402/3240/2
f 7317/2824/2 7510/2823/2 5747/518/2
f 5287/3235/2 7315/2822/2 7510/2823/2
f 7511/2820/2 7314/2818/2 5286/3241/2
f 6290/514/2 7511/2820/2 7312/2816/2
f 4403/3243/2 5955/2819/2 7511/2820/2
f 7512/2817/2 7313/2815/2 4943/3244/2
f 5746/1525/2 7512/2817/2 6287/1550/2
f 4946/3242/2 7312/2816/2 7512/2817/2
f 7513/2814/2 5493/2812/2 4341/3246/2
f 7313/2815/2 7513/2814/2 5743/509/2
f 5286/3241/2 7311/2813/2 7513/2814/2
f 7514/2811/2 7310/2809/2 5285/3247/2
f 6286/505/2 7514/2811/2 7308/2807/2
f 4404/3249/2 5956/2810/2 7514/2811/2
f 7515/2808/2 7309/2806/2 4939/3250/2
f 5742/1552/2 7515/2808/2 6283/1577/2
f 4942/3248/2 7308/2807/2 7515/2808/2
f 7516/2805/2 5557/2803/2 4405/3252/2
f 7309/2806/2 7516/2805/2 5739/500/2
f 5285/3247/2 7307/2804/2 7516/2805/2
f 7517/2802/2 7306/2800/2 5284/3253/2
f 6282/496/2 7517/2802/2 7304/2798/2
f 4380/3255/2 5932/2801/2 7517/2802/2
f 7518/2799/2 7305/2797/2 4935/3256/2
f 5738/1579/2 7518/2799/2 6279/1604/2
f 4938/3254/2 7304/2798/2 7518/2799/2
f 7519/2796/2 5558/2794/2 4406/3258/2
f 7305/2797/2 7519/2796/2 5735/491/2
f 5284/3253/2 7303/2795/2 7519/2796/2
f 7520/2793/2 7302/2791/2 5283/3259/2
f 6278/487/2 7520/2793/2 7300/2789/2
f 4407/3261/2 5959/2792/2 7520/2793/2
f 7521/2790/2 7301/2788/2 4931/3262/2
f 5734/1606/2 7521/2790/2 6275/1631/2
f 4934/3260/2 7300/2789/2 7521/2790/2
f 7522/2787/2 5462/2785/2 4310/3264/2
f 7301/2788/2 7522/2787/2 5731/482/2
f 5283/3259/2 7299/2786/2 7522/2787/2
f 7523/2784/2 7298/2782/2 5282/3265/2
f 6274/478/2 7523/2784/2 7296/2780/2
f 4408/3267/2 5960/2783/2 7523/2784/2
f 7524/2781/2 7297/2779/2 4927/3268/2
f 5730/1633/2 7524/2781/2 6271/1658/2
f 4930/3266/2 7296/2780/2 7524/2781/2
f 7525/2778/2 5561/2776/2 4409/3270/2
f 7297/2779/2 7525/2778/2 5727/473/2
f 5282/3265/2 7295/2777/2 7525/2778/2
f 7526/2775/2 7294/2773/2 5281/3271/2
f 6270/469/2 7526/2775/2 7292/2771/2
f 4379/3273/2 5931/2774/2 7526/2775/2
f 7527/2772/2 7293/2770/2 4923/3274/2
f 5726/1660/2 7527/2772/2 6267/1685/2
f 4926/3272/2 7292/2771/2 7527/2772/2
f 7528/2769/2 5562/2767/2 4410/3276/2
f 7293/2770/2 7528/2769/2 5723/464/2
f 5281/3271/2 7291/2768/2 7528/2769/2
f 7529/2766/2 7290/2764/2 5280/3277/2
f 6266/460/2 7529/2766/2 7288/2762/2
f 4411/3279/2 5963/2765/2 7529/2766/2
f 7530/2763/2 7289/2761/2 4919/3280/2
f 5722/1687/2 7530/2763/2 6263/1712/2
f 4922/3278/2 7288/2762/2 7530/2763/2
f 7531/2760/2 5490/2758/2 4338/3282/2
f 7289/2761/2 7531/2760/2 5719/455/2
f 5280/3277/2 7287/2759/2 7531/2760/2
f 7532/2757/2 7286/2755/2 5279/3283/2
f 6262/451/2 7532/2757/2 7284/2753/2
f 4412/3285/2 5964/2756/2 7532/2757/2
f 7533/2754/2 7285/2752/2 4915/3286/2
f 5718/1714/2 7533/2754/2 6259/1739/2
f 4918/3284/2 7284/2753/2 7533/2754/2
f 7534/2751/2 5565/2749/2 4413/3288/2
f 7285/2752/2 7534/2751/2 5715/446/2
f 5279/3283/2 7283/2750/2 7534/2751/2
f 7535/2748/2 7282/2746/2 5278/3289/2
f 6258/442/2 7535/2748/2 7280/2744/2
f 4368/3291/2 5920/2747/2 7535/2748/2
f 7536/2745/2 7281/2743/2 4911/3292/2
f 5714/1741/2 7536/2745/2 6255/1766/2
f 4914/3290/2 7280/2744/2 7536/2745/2
f 7537/2742/2 5566/2740/2 4414/3294/2
f 7281/2743/2 7537/2742/2 5711/437/2
f 5278/3289/2 7279/2741/2 7537/2742/2
f 7538/2739/2 7278/2737/2 5277/3295/2
f 6254/433/2 7538/2739/2 7276/2735/2
f 4415/3297/2 5967/2738/2 7538/2739/2
f 7539/2736/2 7277/2734/2 4907/3298/2
f 5710/1768/2 7539/2736/2 6251/1793/2
f 4910/3296/2 7276/2735/2 7539/2736/2
f 7540/2733/2 5489/2731/2 4337/3300/2
f 7277/2734/2 7540/2733/2 5707/428/2
f 5277/3295/2 7275/2732/2 7540/2733/2
f 7541/2730/2 7274/2728/2 5276/3301/2
f 6250/424/2 7541/2730/2 7272/2726/2
f 4416/3303/2 5968/2729/2 7541/2730/2
f 7542/2727/2 7273/2725/2 4903/3304/2
f 5706/1795/2 7542/2727/2 6247/1820/2
f 4906/3302/2 7272/2726/2 7542/2727/2
f 7543/2724/2 5569/2722/2 4417/3306/2
f 7273/2725/2 7543/2724/2 5703/419/2
f 5276/3301/2 7271/2723/2 7543/2724/2
f 7544/2721/2 7270/2719/2 5275/3307/2
f 6246/415/2 7544/2721/2 7268/2717/2
f 4376/3309/2 5928/2720/2 7544/2721/2
f 7545/2718/2 7269/2716/2 4899/3310/2
f 5702/1822/2 7545/2718/2 6243/1847/2
f 4902/3308/2 7268/2717/2 7545/2718/2
f 7546/2715/2 5570/2713/2 4418/3312/2
f 7269/2716/2 7546/2715/2 5699/410/2
f 5275/3307/2 7267/2714/2 7546/2715/2
f 7547/2712/2 7266/2710/2 5274/3313/2
f 6242/406/2 7547/2712/2 7264/2708/2
f 4419/3315/2 5971/2711/2 7547/2712/2
f 7548/2709/2 7265/2707/2 4895/3316/2
f 5698/1849/2 7548/2709/2 6239/1874/2
f 4898/3314/2 7264/2708/2 7548/2709/2
f 7549/2706/2 5469/2704/2 4317/3318/2
f 7265/2707/2 7549/2706/2 5695/401/2
f 5274/3313/2 7263/2705/2 7549/2706/2
f 7550/2703/2 7262/2701/2 5273/3319/2
f 6238/397/2 7550/2703/2 7260/2699/2
f 4420/3321/2 5972/2702/2 7550/2703/2
f 7551/2700/2 7261/2698/2 4891/3322/2
f 5694/1876/2 7551/2700/2 6235/1901/2
f 4894/3320/2 7260/2699/2 7551/2700/2
f 7552/2697/2 5573/2695/2 4421/3324/2
f 7261/2698/2 7552/2697/2 5691/392/2
f 5273/3319/2 7259/2696/2 7552/2697/2
f 7553/2694/2 7258/2692/2 5272/3325/2
f 6234/388/2 7553/2694/2 7256/2690/2
f 4375/3327/2 5927/2693/2 7553/2694/2
f 7554/2691/2 7257/2689/2 4887/3328/2
f 5690/1903/2 7554/2691/2 6231/1928/2
f 4890/3326/2 7256/2690/2 7554/2691/2
f 7555/2688/2 5574/2686/2 4422/3330/2
f 7257/2689/2 7555/2688/2 5687/383/2
f 5272/3325/2 7255/2687/2 7555/2688/2
f 7556/2685/2 7254/2683/2 5271/3331/2
f 6230/379/2 7556/2685/2 7252/2681/2
f 4423/3333/2 5975/2684/2 7556/2685/2
f 7557/2682/2 7253/2680/2 4883/3334/2
f 5686/1930/2 7557/2682/2 6227/1955/2
f 4886/3332/2 7252/2681/2 7557/2682/2
f 7558/2679/2 5486/2677/2 4334/3336/2
f 7253/2680/2 7558/2679/2 5683/374/2
f 5271/3331/2 7251/2678/2 7558/2679/2
f 7559/2676/2 7250/2674/2 5270/3337/2
f 6226/370/2 7559/2676/2 7248/2672/2
f 4424/3339/2 5976/2675/2 7559/2676/2
f 7560/2673/2 7249/2671/2 4879/3340/2
f 5682/1957/2 7560/2673/2 6223/1982/2
f 4882/3338/2 7248/2672/2 7560/2673/2
f 7561/2670/2 5577/2668/2 4425/3342/2
f 7249/2671/2 7561/2670/2 5679/365/2
f 5270/3337/2 7247/2669/2 7561/2670/2
f 7562/2667/2 7246/2665/2 5269/3343/2
f 6222/361/2 7562/2667/2 7244/2663/2
f 4365/3345/2 5917/2666/2 7562/2667/2
f 7563/2664/2 7245/2662/2 4875/3346/2
f 5678/1984/2 7563/2664/2 6219/2009/2
f 4878/3344/2 7244/2663/2 7563/2664/2
f 7564/2661/2 5578/2659/2 4426/3348/2
f 7245/2662/2 7564/2661/2 5675/356/2
f 5269/3343/2 7243/2660/2 7564/2661/2
f 7565/2658/2 7242/2656/2 5268/3349/2
f 6218/352/2 7565/2658/2 7240/2654/2
f 4427/3351/2 5979/2657/2 7565/2658/2
f 7566/2655/2 7241/2653/2 4871/3352/2
f 5674/2011/2 7566/2655/2 6215/2036/2
f 4874/3350/2 7240/2654/2 7566/2655/2
f 7567/2652/2 5485/2650/2 4333/3354/2
f 7241/2653/2 7567/2652/2 5671/347/2
f 5268/3349/2 7239/2651/2 7567/2652/2
f 7568/2649/2 7238/2647/2 5267/3355/2
f 6214/343/2 7568/2649/2 7236/2645/2
f 4428/3357/2 5980/2648/2 7568/2649/2
f 7569/2646/2 7237/2644/2 4867/3358/2
f 5670/2038/2 7569/2646/2 6211/2063/2
f 4870/3356/2 7236/2645/2 7569/2646/2
f 7570/2643/2 5581/2641/2 4429/3360/2
f 7237/2644/2 7570/2643/2 5667/338/2
f 5267/3355/2 7235/2642/2 7570/2643/2
f 7571/2640/2 7234/2638/2 5266/3361/2
f 6210/334/2 7571/2640/2 7232/2636/2
f 4372/3363/2 5924/2639/2 7571/2640/2
f 7572/2637/2 7233/2635/2 4863/3364/2
f 5666/2065/2 7572/2637/2 6207/2090/2
f 4866/3362/2 7232/2636/2 7572/2637/2
f 7573/2634/2 5582/2632/2 4430/3366/2
f 7233/2635/2 7573/2634/2 5663/329/2
f 5266/3361/2 7231/2633/2 7573/2634/2
f 7574/2631/2 7230/2629/2 5265/3367/2
f 6206/325/2 7574/2631/2 7228/2627/2
f 4431/3369/2 5983/2630/2 7574/2631/2
f 7575/2628/2 7229/2626/2 4859/3370/2
f 5662/2092/2 7575/2628/2 6203/2117/2
f 4862/3368/2 7228/2627/2 7575/2628/2
f 7576/2625/2 5470/2623/2 4318/3372/2
f 7229/2626/2 7576/2625/2 5659/320/2
f 5265/3367/2 7227/2624/2 7576/2625/2
f 7577/2622/2 7226/2620/2 5264/3373/2
f 6202/316/2 7577/2622/2 7224/2618/2
f 4432/3375/2 5984/2621/2 7577/2622/2
f 7578/2619/2 7225/2617/2 4855/3376/2
f 5658/2119/2 7578/2619/2 6199/2144/2
f 4858/3374/2 7224/2618/2 7578/2619/2
f 7579/2616/2 5585/2614/2 4433/3378/2
f 7225/2617/2 7579/2616/2 5655/311/2
f 5264/3373/2 7223/2615/2 7579/2616/2
f 7580/2613/2 7222/2611/2 5263/3379/2
f 6198/307/2 7580/2613/2 7220/2609/2
f 4371/3381/2 5923/2612/2 7580/2613/2
f 7581/2610/2 7221/2608/2 4851/3382/2
f 5654/2146/2 7581/2610/2 6195/2171/2
f 4854/3380/2 7220/2609/2 7581/2610/2
f 7582/2607/2 5586/2605/2 4434/3384/2
f 7221/2608/2 7582/2607/2 5651/302/2
f 5263/3379/2 7219/2606/2 7582/2607/2
f 7583/2604/2 7218/2602/2 5262/3385/2
f 6194/298/2 7583/2604/2 7216/2600/2
f 4435/3387/2 5987/2603/2 7583/2604/2
f 7584/2601/2 7217/2599/2 4847/3388/2
f 5650/2173/2 7584/2601/2 6191/2198/2
f 4850/3386/2 7216/2600/2 7584/2601/2
f 7585/2598/2 5482/2596/2 4330/3390/2
f 7217/2599/2 7585/2598/2 5647/293/2
f 5262/3385/2 7215/2597/2 7585/2598/2
f 7586/2595/2 7214/2593/2 5261/3391/2
f 6190/289/2 7586/2595/2 7212/2591/2
f 4436/3393/2 5988/2594/2 7586/2595/2
f 7587/2592/2 7213/2590/2 4843/3394/2
f 5646/2200/2 7587/2592/2 6187/2225/2
f 4846/3392/2 7212/2591/2 7587/2592/2
f 7588/2589/2 5589/2587/2 4437/3396/2
f 7213/2590/2 7588/2589/2 5643/284/2
f 5261/3391/2 7211/2588/2 7588/2589/2
f 7589/2586/2 7210/2584/2 5260/3397/2
f 6186/280/2 7589/2586/2 7208/2582/2
f 4353/3399/2 5905/2585/2 7589/2586/2
f 7590/2583/2 7209/2581/2 4839/3400/2
f 5642/2227/2 7590/2583/2 6183/2252/2
f 4842/3398/2 7208/2582/2 7590/2583/2
f 7591/2580/2 5590/2578/2 4438/3402/2
f 7209/2581/2 7591/2580/2 5639/275/2
f 5260/3397/2 7207/2579/2 7591/2580/2
f 7592/2577/2 7206/2575/2 5259/3403/2
f 6182/271/2 7592/2577/2 7204/2573/2
f 4439/3405/2 5991/2576/2 7592/2577/2
f 7593/2574/2 7205/2572/2 4835/3406/2
f 5638/2254/2 7593/2574/2 6179/2279/2
f 4838/3404/2 7204/2573/2 7593/2574/2
f 7594/2571/2 5481/2569/2 4329/3408/2
f 7205/2572/2 7594/2571/2 5635/266/2
f 5259/3403/2 7203/2570/2 7594/2571/2
f 7595/2568/2 7202/2566/2 5258/3409/2
f 6178/262/2 7595/2568/2 7200/2564/2
f 4440/3411/2 5992/2567/2 7595/2568/2
f 7596/2565/2 7201/2563/2 4831/3412/2
f 5634/2281/2 7596/2565/2 6175/2306/2
f 4834/3410/2 7200/2564/2 7596/2565/2
f 7597/2562/2 5593/2560/2 4441/3414/2
f 7201/2563/2 7597/2562/2 5631/257/2
f 5258/3409/2 7199/2561/2 7597/2562/2
f 7598/2559/2 7198/2557/2 5257/3415/2
f 6174/253/2 7598/2559/2 7196/2555/2
f 4356/3417/2 5908/2558/2 7598/2559/2
f 7599/2556/2 7197/2554/2 4827/3418/2
f 5630/2308/2 7599/2556/2 6171/2333/2
f 4830/3416/2 7196/2555/2 7599/2556/2
f 7600/2553/2 5594/2551/2 4442/3420/2
f 7197/2554/2 7600/2553/2 5627/248/2
f 5257/3415/2 7195/2552/2 7600/2553/2
f 7601/2550/2 7194/2548/2 5256/3421/2
f 6170/244/2 7601/2550/2 7192/2546/2
f 4443/3423/2 5995/2549/2 7601/2550/2
f 7602/2547/2 7193/2545/2 4823/3424/2
f 5626/2335/2 7602/2547/2 6167/2360/2
f 4826/3422/2 7192/2546/2 7602/2547/2
f 7603/2544/2 5474/2542/2 4322/3426/2
f 7193/2545/2 7603/2544/2 5623/239/2
f 5256/3421/2 7191/2543/2 7603/2544/2
f 7604/2541/2 7190/2539/2 5255/3427/2
f 6166/235/2 7604/2541/2 7188/2537/2
f 4444/3429/2 5996/2540/2 7604/2541/2
f 7605/2538/2 7189/2536/2 4819/3430/2
f 5622/2362/2 7605/2538/2 6163/2387/2
f 4822/3428/2 7188/2537/2 7605/2538/2
f 7606/2535/2 5597/2533/2 4445/3432/2
f 7189/2536/2 7606/2535/2 5619/230/2
f 5255/3427/2 7187/2534/2 7606/2535/2
f 7607/2532/2 7186/2530/2 5254/3433/2
f 6162/226/2 7607/2532/2 7184/2528/2
f 4355/3435/2 5907/2531/2 7607/2532/2
f 7608/2529/2 7185/2527/2 4815/3436/2
f 5618/2389/2 7608/2529/2 6159/2414/2
f 4818/3434/2 7184/2528/2 7608/2529/2
f 7609/2526/2 5598/2524/2 4446/3438/2
f 7185/2527/2 7609/2526/2 5615/221/2
f 5254/3433/2 7183/2525/2 7609/2526/2
f 7610/2523/2 7182/2521/2 5253/3439/2
f 6158/217/2 7610/2523/2 7180/2519/2
f 4447/3441/2 5999/2522/2 7610/2523/2
f 7611/2520/2 7181/2518/2 4811/3442/2
f 5614/2416/2 7611/2520/2 6155/2441/2
f 4814/3440/2 7180/2519/2 7611/2520/2
f 7612/2517/2 5478/2515/2 4326/3444/2
f 7181/2518/2 7612/2517/2 5611/212/2
f 5253/3439/2 7179/2516/2 7612/2517/2
f 7613/2514/2 7178/2512/2 5252/3445/2
f 6154/208/2 7613/2514/2 7176/2510/2
f 4448/3447/2 6000/2513/2 7613/2514/2
f 7614/2511/2 7177/2509/2 4807/3448/2
f 5610/2443/2 7614/2511/2 6151/2468/2
f 4810/3446/2 7176/2510/2 7614/2511/2
f 7615/2508/2 5601/2506/2 4449/3450/2
f 7177/2509/2 7615/2508/2 5607/203/2
f 5252/3445/2 7175/2507/2 7615/2508/2
f 7616/2505/2 7174/2503/2 5251/3451/2
f 6150/199/2 7616/2505/2 7172/2501/2
f 4349/3453/2 5901/2504/2 7616/2505/2
f 7617/2502/2 7173/2500/2 4803/3454/2
f 5606/2470/2 7617/2502/2 6147/2495/2
f 4806/3452/2 7172/2501/2 7617/2502/2
f 7618/2499/2 5602/2497/2 4450/3456/2
f 7173/2500/2 7618/2499/2 5603/194/2
f 5251/3451/2 7171/2498/2 7618/2499/2
f 7619/2496/2 7170/2494/2 5250/3457/2
f 6149/196/2 7619/2496/2 7168/2492/2
f 4451/3455/2 6147/2495/2 7619/2496/2
f 7620/2493/2 7169/2491/2 4656/3459/2
f 5605/2479/2 7620/2493/2 6000/2513/2
f 4805/3458/2 7168/2492/2 7620/2493/2
f 7621/2490/2 5458/2488/2 4306/3460/2
f 7169/2491/2 7621/2490/2 5456/188/2
f 5250/3457/2 7167/2489/2 7621/2490/2
f 7622/2487/2 7166/2485/2 5249/3461/2
f 5938/625/2 7622/2487/2 7164/2483/2
f 4386/3168/2 6148/2486/2 7622/2487/2
f 7623/2484/2 7165/2482/2 4800/3463/2
f 5394/1192/2 7623/2484/2 6144/2450/2
f 4594/3462/2 7164/2483/2 7623/2484/2
f 7624/2481/2 5605/2479/2 4448/3447/2
f 7165/2482/2 7624/2481/2 5600/209/2
f 5249/3461/2 7163/2480/2 7624/2481/2
f 7625/2478/2 7162/2476/2 5248/3465/2
f 6082/46/2 7625/2478/2 7160/2474/2
f 4237/3467/2 6045/2477/2 7625/2478/2
f 7626/2475/2 7161/2473/2 4804/3468/2
f 5538/2929/2 7626/2475/2 6148/2486/2
f 4738/3466/2 7160/2474/2 7626/2475/2
f 7627/2472/2 5606/2470/2 4451/3455/2
f 7161/2473/2 7627/2472/2 5604/197/2
f 5248/3465/2 7159/2471/2 7627/2472/2
f 7628/2469/2 7158/2467/2 5247/3469/2
f 6153/205/2 7628/2469/2 7156/2465/2
f 4452/3449/2 6151/2468/2 7628/2469/2
f 7629/2466/2 7157/2464/2 4591/3471/2
f 5609/2452/2 7629/2466/2 5935/2855/2
f 4809/3470/2 7156/2465/2 7629/2466/2
f 7630/2463/2 5457/2461/2 4287/3472/2
f 7157/2464/2 7630/2463/2 5391/74/2
f 5247/3469/2 7155/2462/2 7630/2463/2
f 7631/2460/2 7154/2458/2 5246/3473/2
f 5898/616/2 7631/2460/2 7152/2456/2
f 4346/3174/2 6152/2459/2 7631/2460/2
f 7632/2457/2 7153/2455/2 4735/3475/2
f 5354/1219/2 7632/2457/2 6079/1424/2
f 4554/3474/2 7152/2456/2 7632/2457/2
f 7633/2454/2 5609/2452/2 4383/3219/2
f 7153/2455/2 7633/2454/2 5535/551/2
f 5246/3473/2 7151/2453/2 7633/2454/2
f 7634/2451/2 7150/2449/2 5245/3477/2
f 6042/49/2 7634/2451/2 7148/2447/2
f 4290/3464/2 6144/2450/2 7634/2451/2
f 7635/2448/2 7149/2446/2 4808/3479/2
f 5498/2920/2 7635/2448/2 6152/2459/2
f 4698/3478/2 7148/2447/2 7635/2448/2
f 7636/2445/2 5610/2443/2 4452/3449/2
f 7149/2446/2 7636/2445/2 5608/206/2
f 5245/3477/2 7147/2444/2 7636/2445/2
f 7637/2442/2 7146/2440/2 5244/3480/2
f 6157/214/2 7637/2442/2 7144/2438/2
f 4453/3443/2 6155/2441/2 7637/2442/2
f 7638/2439/2 7145/2437/2 4551/3482/2
f 5613/2425/2 7638/2439/2 5895/2954/2
f 4813/3481/2 7144/2438/2 7638/2439/2
f 7639/2436/2 5334/2434/2 4242/3483/2
f 7145/2437/2 7639/2436/2 5351/41/2
f 5244/3480/2 7143/2435/2 7639/2436/2
f 7640/2433/2 7142/2431/2 5243/3484/2
f 6001/202/2 7640/2433/2 7140/2429/2
f 4449/3450/2 6156/2432/2 7640/2433/2
f 7641/2430/2 7141/2428/2 4695/3486/2
f 5457/2461/2 7641/2430/2 6039/1127/2
f 4657/3485/2 7140/2429/2 7641/2430/2
f 7642/2427/2 5613/2425/2 4343/3153/2
f 7141/2428/2 7642/2427/2 5495/650/2
f 5243/3484/2 7139/2426/2 7642/2427/2
f 7643/2424/2 7138/2422/2 5242/3487/2
f 6145/187/2 7643/2424/2 7136/2420/2
f 4306/3460/2 6143/2423/2 7643/2424/2
f 7644/2421/2 7137/2419/2 4812/3489/2
f 5601/2506/2 7644/2421/2 6156/2432/2
f 4801/3488/2 7136/2420/2 7644/2421/2
f 7645/2418/2 5614/2416/2 4453/3443/2
f 7137/2419/2 7645/2418/2 5612/215/2
f 5242/3487/2 7135/2417/2 7645/2418/2
f 7646/2415/2 7134/2413/2 5241/3490/2
f 6161/223/2 7646/2415/2 7132/2411/2
f 4454/3437/2 6159/2414/2 7646/2415/2
f 7647/2412/2 7133/2410/2 4652/3492/2
f 5617/2398/2 7647/2412/2 5996/2540/2
f 4817/3491/2 7132/2411/2 7647/2412/2
f 7648/2409/2 5454/2407/2 4305/3493/2
f 7133/2410/2 7648/2409/2 5452/179/2
f 5241/3490/2 7131/2408/2 7648/2409/2
f 7649/2406/2 7130/2404/2 5240/3494/2
f 5934/652/2 7649/2406/2 7128/2402/2
f 4382/3150/2 6160/2405/2 7649/2406/2
f 7650/2403/2 7129/2401/2 4796/3496/2
f 5390/1111/2 7650/2403/2 6140/2369/2
f 4590/3495/2 7128/2402/2 7650/2403/2
f 7651/2400/2 5617/2398/2 4444/3429/2
f 7129/2401/2 7651/2400/2 5596/236/2
f 5240/3494/2 7127/2399/2 7651/2400/2
f 7652/2397/2 7126/2395/2 5239/3498/2
f 6078/37/2 7652/2397/2 7124/2393/2
f 4243/3500/2 6051/2396/2 7652/2397/2
f 7653/2394/2 7125/2392/2 4816/3501/2
f 5534/2956/2 7653/2394/2 6160/2405/2
f 4734/3499/2 7124/2393/2 7653/2394/2
f 7654/2391/2 5618/2389/2 4454/3437/2
f 7125/2392/2 7654/2391/2 5616/224/2
f 5239/3498/2 7123/2390/2 7654/2391/2
f 7655/2388/2 7122/2386/2 5238/3502/2
f 6165/232/2 7655/2388/2 7120/2384/2
f 4455/3431/2 6163/2387/2 7655/2388/2
f 7656/2385/2 7121/2383/2 4587/3504/2
f 5621/2371/2 7656/2385/2 5931/2774/2
f 4821/3503/2 7120/2384/2 7656/2385/2
f 7657/2382/2 5453/2380/2 4283/3505/2
f 7121/2383/2 7657/2382/2 5387/101/2
f 5238/3502/2 7119/2381/2 7657/2382/2
f 7658/2379/2 7118/2377/2 5237/3506/2
f 5894/535/2 7658/2379/2 7116/2375/2
f 4342/3228/2 6164/2378/2 7658/2379/2
f 7659/2376/2 7117/2374/2 4731/3508/2
f 5350/1462/2 7659/2376/2 6075/1667/2
f 4550/3507/2 7116/2375/2 7659/2376/2
f 7660/2373/2 5621/2371/2 4379/3273/2
f 7117/2374/2 7660/2373/2 5531/470/2
f 5237/3506/2 7115/2372/2 7660/2373/2
f 7661/2370/2 7114/2368/2 5236/3510/2
f 6038/76/2 7661/2370/2 7112/2366/2
f 4286/3497/2 6140/2369/2 7661/2370/2
f 7662/2367/2 7113/2365/2 4820/3512/2
f 5494/2839/2 7662/2367/2 6164/2378/2
f 4694/3511/2 7112/2366/2 7662/2367/2
f 7663/2364/2 5622/2362/2 4455/3431/2
f 7113/2365/2 7663/2364/2 5620/233/2
f 5236/3510/2 7111/2363/2 7663/2364/2
f 7664/2361/2 7110/2359/2 5235/3513/2
f 6169/241/2 7664/2361/2 7108/2357/2
f 4456/3425/2 6167/2360/2 7664/2361/2
f 7665/2358/2 7109/2356/2 4547/3515/2
f 5625/2344/2 7665/2358/2 5891/2981/2
f 4825/3514/2 7108/2357/2 7665/2358/2
f 7666/2355/2 5330/2353/2 4238/3516/2
f 7109/2356/2 7666/2355/2 5347/32/2
f 5235/3513/2 7107/2354/2 7666/2355/2
f 7667/2352/2 7106/2350/2 5234/3517/2
f 5997/229/2 7667/2352/2 7104/2348/2
f 4445/3432/2 6168/2351/2 7667/2352/2
f 7668/2349/2 7105/2347/2 4691/3519/2
f 5453/2380/2 7668/2349/2 6035/1046/2
f 4653/3518/2 7104/2348/2 7668/2349/2
f 7669/2346/2 5625/2344/2 4339/3135/2
f 7105/2347/2 7669/2346/2 5491/677/2
f 5234/3517/2 7103/2345/2 7669/2346/2
f 7670/2343/2 7102/2341/2 5233/3520/2
f 6141/178/2 7670/2343/2 7100/2339/2
f 4305/3493/2 6139/2342/2 7670/2343/2
f 7671/2340/2 7101/2338/2 4824/3522/2
f 5597/2533/2 7671/2340/2 6168/2351/2
f 4797/3521/2 7100/2339/2 7671/2340/2
f 7672/2337/2 5626/2335/2 4456/3425/2
f 7101/2338/2 7672/2337/2 5624/242/2
f 5233/3520/2 7099/2336/2 7672/2337/2
f 7673/2334/2 7098/2332/2 5232/3523/2
f 6173/250/2 7673/2334/2 7096/2330/2
f 4457/3419/2 6171/2333/2 7673/2334/2
f 7674/2331/2 7097/2329/2 4648/3525/2
f 5629/2317/2 7674/2331/2 5992/2567/2
f 4829/3524/2 7096/2330/2 7674/2331/2
f 7675/2328/2 5450/2326/2 4304/3526/2
f 7097/2329/2 7675/2328/2 5448/170/2
f 5232/3523/2 7095/2327/2 7675/2328/2
f 7676/2325/2 7094/2323/2 5231/3527/2
f 5930/679/2 7676/2325/2 7092/2321/2
f 4378/3132/2 6172/2324/2 7676/2325/2
f 7677/2322/2 7093/2320/2 4792/3529/2
f 5386/1030/2 7677/2322/2 6136/2288/2
f 4586/3528/2 7092/2321/2 7677/2322/2
f 7678/2319/2 5629/2317/2 4440/3411/2
f 7093/2320/2 7678/2319/2 5592/263/2
f 5231/3527/2 7091/2318/2 7678/2319/2
f 7679/2316/2 7090/2314/2 5230/3531/2
f 6074/28/2 7679/2316/2 7088/2312/2
f 4244/3533/2 6052/2315/2 7679/2316/2
f 7680/2313/2 7089/2311/2 4828/3534/2
f 5530/2983/2 7680/2313/2 6172/2324/2
f 4730/3532/2 7088/2312/2 7680/2313/2
f 7681/2310/2 5630/2308/2 4457/3419/2
f 7089/2311/2 7681/2310/2 5628/251/2
f 5230/3531/2 7087/2309/2 7681/2310/2
f 7682/2307/2 7086/2305/2 5229/3535/2
f 6177/259/2 7682/2307/2 7084/2303/2
f 4458/3413/2 6175/2306/2 7682/2307/2
f 7683/2304/2 7085/2302/2 4583/3537/2
f 5633/2290/2 7683/2304/2 5927/2693/2
f 4833/3536/2 7084/2303/2 7683/2304/2
f 7684/2301/2 5449/2299/2 4279/3538/2
f 7085/2302/2 7684/2301/2 5383/128/2
f 5229/3535/2 7083/2300/2 7684/2301/2
f 7685/2298/2 7082/2296/2 5228/3539/2
f 5890/454/2 7685/2298/2 7080/2294/2
f 4338/3282/2 6176/2297/2 7685/2298/2
f 7686/2295/2 7081/2293/2 4727/3541/2
f 5346/1705/2 7686/2295/2 6071/1910/2
f 4546/3540/2 7080/2294/2 7686/2295/2
f 7687/2292/2 5633/2290/2 4375/3327/2
f 7081/2293/2 7687/2292/2 5527/389/2
f 5228/3539/2 7079/2291/2 7687/2292/2
f 7688/2289/2 7078/2287/2 5227/3543/2
f 6034/103/2 7688/2289/2 7076/2285/2
f 4282/3530/2 6136/2288/2 7688/2289/2
f 7689/2286/2 7077/2284/2 4832/3545/2
f 5490/2758/2 7689/2286/2 6176/2297/2
f 4690/3544/2 7076/2285/2 7689/2286/2
f 7690/2283/2 5634/2281/2 4458/3413/2
f 7077/2284/2 7690/2283/2 5632/260/2
f 5227/3543/2 7075/2282/2 7690/2283/2
f 7691/2280/2 7074/2278/2 5226/3546/2
f 6181/268/2 7691/2280/2 7072/2276/2
f 4459/3407/2 6179/2279/2 7691/2280/2
f 7692/2277/2 7073/2275/2 4543/3548/2
f 5637/2263/2 7692/2277/2 5887/3008/2
f 4837/3547/2 7072/2276/2 7692/2277/2
f 7693/2274/2 5337/2272/2 4245/3549/2
f 7073/2275/2 7693/2274/2 5343/23/2
f 5226/3546/2 7071/2273/2 7693/2274/2
f 7694/2271/2 7070/2269/2 5225/3550/2
f 5993/256/2 7694/2271/2 7068/2267/2
f 4441/3414/2 6180/2270/2 7694/2271/2
f 7695/2268/2 7069/2266/2 4687/3552/2
f 5449/2299/2 7695/2268/2 6031/965/2
f 4649/3551/2 7068/2267/2 7695/2268/2
f 7696/2265/2 5637/2263/2 4335/3117/2
f 7069/2266/2 7696/2265/2 5487/704/2
f 5225/3550/2 7067/2264/2 7696/2265/2
f 7697/2262/2 7066/2260/2 5224/3553/2
f 6137/169/2 7697/2262/2 7064/2258/2
f 4304/3526/2 6135/2261/2 7697/2262/2
f 7698/2259/2 7065/2257/2 4836/3555/2
f 5593/2560/2 7698/2259/2 6180/2270/2
f 4793/3554/2 7064/2258/2 7698/2259/2
f 7699/2256/2 5638/2254/2 4459/3407/2
f 7065/2257/2 7699/2256/2 5636/269/2
f 5224/3553/2 7063/2255/2 7699/2256/2
f 7700/2253/2 7062/2251/2 5223/3556/2
f 6185/277/2 7700/2253/2 7060/2249/2
f 4460/3401/2 6183/2252/2 7700/2253/2
f 7701/2250/2 7061/2248/2 4644/3558/2
f 5641/2236/2 7701/2250/2 5988/2594/2
f 4841/3557/2 7060/2249/2 7701/2250/2
f 7702/2247/2 5446/2245/2 4303/3559/2
f 7061/2248/2 7702/2247/2 5444/161/2
f 5223/3556/2 7059/2246/2 7702/2247/2
f 7703/2244/2 7058/2242/2 5222/3560/2
f 5926/706/2 7703/2244/2 7056/2240/2
f 4374/3114/2 6184/2243/2 7703/2244/2
f 7704/2241/2 7057/2239/2 4788/3562/2
f 5382/949/2 7704/2241/2 6132/2207/2
f 4582/3561/2 7056/2240/2 7704/2241/2
f 7705/2238/2 5641/2236/2 4436/3393/2
f 7057/2239/2 7705/2238/2 5588/290/2
f 5222/3560/2 7055/2237/2 7705/2238/2
f 7706/2235/2 7054/2233/2 5221/3564/2
f 6070/19/2 7706/2235/2 7052/2231/2
f 4241/3566/2 6049/2234/2 7706/2235/2
f 7707/2232/2 7053/2230/2 4840/3567/2
f 5526/3010/2 7707/2232/2 6184/2243/2
f 4726/3565/2 7052/2231/2 7707/2232/2
f 7708/2229/2 5642/2227/2 4460/3401/2
f 7053/2230/2 7708/2229/2 5640/278/2
f 5221/3564/2 7051/2228/2 7708/2229/2
f 7709/2226/2 7050/2224/2 5220/3568/2
f 6189/286/2 7709/2226/2 7048/2222/2
f 4461/3395/2 6187/2225/2 7709/2226/2
f 7710/2223/2 7049/2221/2 4579/3570/2
f 5645/2209/2 7710/2223/2 5923/2612/2
f 4845/3569/2 7048/2222/2 7710/2223/2
f 7711/2220/2 5445/2218/2 4275/3571/2
f 7049/2221/2 7711/2220/2 5379/155/2
f 5220/3568/2 7047/2219/2 7711/2220/2
f 7712/2217/2 7046/2215/2 5219/3572/2
f 5886/373/2 7712/2217/2 7044/2213/2
f 4334/3336/2 6188/2216/2 7712/2217/2
f 7713/2214/2 7045/2212/2 4723/3574/2
f 5342/1948/2 7713/2214/2 6067/2153/2
f 4542/3573/2 7044/2213/2 7713/2214/2
f 7714/2211/2 5645/2209/2 4371/3381/2
f 7045/2212/2 7714/2211/2 5523/308/2
f 5219/3572/2 7043/2210/2 7714/2211/2
f 7715/2208/2 7042/2206/2 5218/3576/2
f 6030/130/2 7715/2208/2 7040/2204/2
f 4278/3563/2 6132/2207/2 7715/2208/2
f 7716/2205/2 7041/2203/2 4844/3578/2
f 5486/2677/2 7716/2205/2 6188/2216/2
f 4686/3577/2 7040/2204/2 7716/2205/2
f 7717/2202/2 5646/2200/2 4461/3395/2
f 7041/2203/2 7717/2202/2 5644/287/2
f 5218/3576/2 7039/2201/2 7717/2202/2
f 7718/2199/2 7038/2197/2 5217/3579/2
f 6193/295/2 7718/2199/2 7036/2195/2
f 4462/3389/2 6191/2198/2 7718/2199/2
f 7719/2196/2 7037/2194/2 4539/3581/2
f 5649/2182/2 7719/2196/2 5883/3035/2
f 4849/3580/2 7036/2195/2 7719/2196/2
f 7720/2193/2 5338/2191/2 4246/3582/2
f 7037/2194/2 7720/2193/2 5339/14/2
f 5217/3579/2 7035/2192/2 7720/2193/2
f 7721/2190/2 7034/2188/2 5216/3583/2
f 5989/283/2 7721/2190/2 7032/2186/2
f 4437/3396/2 6192/2189/2 7721/2190/2
f 7722/2187/2 7033/2185/2 4683/3585/2
f 5445/2218/2 7722/2187/2 6027/884/2
f 4645/3584/2 7032/2186/2 7722/2187/2
f 7723/2184/2 5649/2182/2 4331/3099/2
f 7033/2185/2 7723/2184/2 5483/731/2
f 5216/3583/2 7031/2183/2 7723/2184/2
f 7724/2181/2 7030/2179/2 5215/3586/2
f 6133/160/2 7724/2181/2 7028/2177/2
f 4303/3559/2 6131/2180/2 7724/2181/2
f 7725/2178/2 7029/2176/2 4848/3588/2
f 5589/2587/2 7725/2178/2 6192/2189/2
f 4789/3587/2 7028/2177/2 7725/2178/2
f 7726/2175/2 5650/2173/2 4462/3389/2
f 7029/2176/2 7726/2175/2 5648/296/2
f 5215/3586/2 7027/2174/2 7726/2175/2
f 7727/2172/2 7026/2170/2 5214/3589/2
f 6197/304/2 7727/2172/2 7024/2168/2
f 4463/3383/2 6195/2171/2 7727/2172/2
f 7728/2169/2 7025/2167/2 4640/3591/2
f 5653/2155/2 7728/2169/2 5984/2621/2
f 4853/3590/2 7024/2168/2 7728/2169/2
f 7729/2166/2 5442/2164/2 4302/3592/2
f 7025/2167/2 7729/2166/2 5440/152/2
f 5214/3589/2 7023/2165/2 7729/2166/2
f 7730/2163/2 7022/2161/2 5213/3593/2
f 5925/715/2 7730/2163/2 7020/2159/2
f 4373/3108/2 6196/2162/2 7730/2163/2
f 7731/2160/2 7021/2158/2 4784/3595/2
f 5381/922/2 7731/2160/2 6128/2126/2
f 4581/3594/2 7020/2159/2 7731/2160/2
f 7732/2157/2 5653/2155/2 4432/3375/2
f 7021/2158/2 7732/2157/2 5584/317/2
f 5213/3593/2 7019/2156/2 7732/2157/2
f 7733/2154/2 7018/2152/2 5212/3597/2
f 6069/16/2 7733/2154/2 7016/2150/2
f 4247/3575/2 6067/2153/2 7733/2154/2
f 7734/2151/2 7017/2149/2 4852/3599/2
f 5525/3019/2 7734/2151/2 6196/2162/2
f 4725/3598/2 7016/2150/2 7734/2151/2
f 7735/2148/2 5654/2146/2 4463/3383/2
f 7017/2149/2 7735/2148/2 5652/305/2
f 5212/3597/2 7015/2147/2 7735/2148/2
f 7736/2145/2 7014/2143/2 5211/3600/2
f 6201/313/2 7736/2145/2 7012/2141/2
f 4464/3377/2 6199/2144/2 7736/2145/2
f 7737/2142/2 7013/2140/2 4564/3602/2
f 5657/2128/2 7737/2142/2 5908/2558/2
f 4857/3601/2 7012/2141/2 7737/2142/2
f 7738/2139/2 5441/2137/2 4260/3603/2
f 7013/2140/2 7738/2139/2 5364/173/2
f 5211/3600/2 7011/2138/2 7738/2139/2
f 7739/2136/2 7010/2134/2 5210/3604/2
f 5885/346/2 7739/2136/2 7008/2132/2
f 4333/3354/2 6200/2135/2 7739/2136/2
f 7740/2133/2 7009/2131/2 4708/3606/2
f 5341/2029/2 7740/2133/2 6052/2315/2
f 4541/3605/2 7008/2132/2 7740/2133/2
f 7741/2130/2 5657/2128/2 4356/3417/2
f 7009/2131/2 7741/2130/2 5508/254/2
f 5210/3604/2 7007/2129/2 7741/2130/2
f 7742/2127/2 7006/2125/2 5209/3607/2
f 6029/139/2 7742/2127/2 7004/2123/2
f 4277/3596/2 6128/2126/2 7742/2127/2
f 7743/2124/2 7005/2122/2 4856/3609/2
f 5485/2650/2 7743/2124/2 6200/2135/2
f 4685/3608/2 7004/2123/2 7743/2124/2
f 7744/2121/2 5658/2119/2 4464/3377/2
f 7005/2122/2 7744/2121/2 5656/314/2
f 5209/3607/2 7003/2120/2 7744/2121/2
f 7745/2118/2 7002/2116/2 5208/3610/2
f 6205/322/2 7745/2118/2 7000/2114/2
f 4465/3371/2 6203/2117/2 7745/2118/2
f 7746/2115/2 7001/2113/2 4524/3612/2
f 5661/2101/2 7746/2115/2 5868/3053/2
f 4861/3611/2 7000/2114/2 7746/2115/2
f 7747/2112/2 5326/2110/2 4234/3613/2
f 7001/2113/2 7747/2112/2 5324/8/2
f 5208/3610/2 6999/2111/2 7747/2112/2
f 7748/2109/2 6998/2107/2 5207/3614/2
f 5985/310/2 7748/2109/2 6996/2105/2
f 4433/3378/2 6204/2108/2 7748/2109/2
f 7749/2106/2 6997/2104/2 4668/3616/2
f 5441/2137/2 7749/2106/2 6012/830/2
f 4641/3615/2 6996/2105/2 7749/2106/2
f 7750/2103/2 5661/2101/2 4316/3087/2
f 6997/2104/2 7750/2103/2 5468/749/2
f 5207/3614/2 6995/2102/2 7750/2103/2
f 7751/2100/2 6994/2098/2 5206/3617/2
f 6129/151/2 7751/2100/2 6992/2096/2
f 4302/3592/2 6127/2099/2 7751/2100/2
f 7752/2097/2 6993/2095/2 4860/3619/2
f 5585/2614/2 7752/2097/2 6204/2108/2
f 4785/3618/2 6992/2096/2 7752/2097/2
f 7753/2094/2 5662/2092/2 4465/3371/2
f 6993/2095/2 7753/2094/2 5660/323/2
f 5206/3617/2 6991/2093/2 7753/2094/2
f 7754/2091/2 6990/2089/2 5205/3620/2
f 6209/331/2 7754/2091/2 6988/2087/2
f 4466/3365/2 6207/2090/2 7754/2091/2
f 7755/2088/2 6989/2086/2 4636/3622/2
f 5665/2074/2 7755/2088/2 5980/2648/2
f 4865/3621/2 6988/2087/2 7755/2088/2
f 7756/2085/2 5438/2083/2 4301/3623/2
f 6989/2086/2 7756/2085/2 5436/143/2
f 5205/3620/2 6987/2084/2 7756/2085/2
f 7757/2082/2 6986/2080/2 5204/3624/2
f 5472/3625/2 7757/2082/2 6984/2078/2
f 4320/3627/2 6208/2081/2 7757/2082/2
f 7758/2079/2 6985/2077/2 4780/3628/2
f 6016/3629/2 7758/2079/2 6124/2045/2
f 4672/3626/2 6984/2078/2 7758/2079/2
f 7759/2076/2 5665/2074/2 4428/3357/2
f 6985/2077/2 7759/2076/2 5580/344/2
f 5204/3624/2 6983/2075/2 7759/2076/2
f 7760/2073/2 6982/2071/2 5203/3631/2
f 5328/3632/2 7760/2073/2 6980/2069/2
f 4236/3634/2 6068/2072/2 7760/2073/2
f 7761/2070/2 6981/2068/2 4864/3635/2
f 5872/3636/2 7761/2070/2 6208/2081/2
f 4528/3633/2 6980/2069/2 7761/2070/2
f 7762/2067/2 5666/2065/2 4466/3365/2
f 6981/2068/2 7762/2067/2 5664/332/2
f 5203/3631/2 6979/2066/2 7762/2067/2
f 7763/2064/2 6978/2062/2 5202/3637/2
f 6213/340/2 7763/2064/2 6976/2060/2
f 4467/3359/2 6211/2063/2 7763/2064/2
f 7764/2061/2 6977/2059/2 4576/3639/2
f 5669/2047/2 7764/2061/2 5920/2747/2
f 4869/3638/2 6976/2060/2 7764/2061/2
f 7765/2058/2 5437/2056/2 4272/3640/2
f 6977/2059/2 7765/2058/2 5376/110/2
f 5202/3637/2 6975/2057/2 7765/2058/2
f 7766/2055/2 6974/2053/2 5201/3641/2
f 5512/3642/2 7766/2055/2 6972/2051/2
f 4360/3644/2 6212/2054/2 7766/2055/2
f 7767/2052/2 6973/2050/2 4720/3645/2
f 6056/3646/2 7767/2052/2 6064/1748/2
f 4712/3643/2 6972/2051/2 7767/2052/2
f 7768/2049/2 5669/2047/2 4368/3291/2
f 6973/2050/2 7768/2049/2 5520/443/2
f 5201/3641/2 6971/2048/2 7768/2049/2
f 7769/2046/2 6970/2044/2 5200/3648/2
f 5368/3649/2 7769/2046/2 6968/2042/2
f 4264/3630/2 6124/2045/2 7769/2046/2
f 7770/2043/2 6969/2041/2 4868/3651/2
f 5912/3652/2 7770/2043/2 6212/2054/2
f 4568/3650/2 6968/2042/2 7770/2043/2
f 7771/2040/2 5670/2038/2 4467/3359/2
f 6969/2041/2 7771/2040/2 5668/341/2
f 5200/3648/2 6967/2039/2 7771/2040/2
f 7772/2037/2 6966/2035/2 5199/3653/2
f 6217/349/2 7772/2037/2 6964/2033/2
f 4468/3353/2 6215/2036/2 7772/2037/2
f 7773/2034/2 6965/2032/2 4536/3655/2
f 5673/2020/2 7773/2034/2 5880/2990/2
f 4873/3654/2 6964/2033/2 7773/2034/2
f 7774/2031/2 5341/2029/2 4244/3533/2
f 6965/2032/2 7774/2031/2 5336/29/2
f 5199/3653/2 6963/2030/2 7774/2031/2
f 7775/2028/2 6962/2026/2 5198/3656/2
f 5981/337/2 7775/2028/2 6960/2024/2
f 4429/3360/2 6216/2027/2 7775/2028/2
f 7776/2025/2 6961/2023/2 4680/3658/2
f 5437/2056/2 7776/2025/2 6024/1019/2
f 4637/3657/2 6960/2024/2 7776/2025/2
f 7777/2022/2 5673/2020/2 4328/3129/2
f 6961/2023/2 7777/2022/2 5480/686/2
f 5198/3656/2 6959/2021/2 7777/2022/2
f 7778/2019/2 6958/2017/2 5197/3659/2
f 6125/142/2 7778/2019/2 6956/2015/2
f 4301/3623/2 6123/2018/2 7778/2019/2
f 7779/2016/2 6957/2014/2 4872/3661/2
f 5581/2641/2 7779/2016/2 6216/2027/2
f 4781/3660/2 6956/2015/2 7779/2016/2
f 7780/2013/2 5674/2011/2 4468/3353/2
f 6957/2014/2 7780/2013/2 5672/350/2
f 5197/3659/2 6955/2012/2 7780/2013/2
f 7781/2010/2 6954/2008/2 5196/3662/2
f 6221/358/2 7781/2010/2 6952/2006/2
f 4469/3347/2 6219/2009/2 7781/2010/2
f 7782/2007/2 6953/2005/2 4632/3664/2
f 5677/1993/2 7782/2007/2 5976/2675/2
f 4877/3663/2 6952/2006/2 7782/2007/2
f 7783/2004/2 5434/2002/2 4300/3665/2
f 6953/2005/2 7783/2004/2 5432/134/2
f 5196/3662/2 6951/2003/2 7783/2004/2
f 7784/2001/2 6950/1999/2 5195/3666/2
f 5460/3667/2 7784/2001/2 6948/1997/2
f 4308/3669/2 6220/2000/2 7784/2001/2
f 7785/1998/2 6949/1996/2 4776/3670/2
f 6004/3671/2 7785/1998/2 6120/1964/2
f 4660/3668/2 6948/1997/2 7785/1998/2
f 7786/1995/2 5677/1993/2 4424/3339/2
f 6949/1996/2 7786/1995/2 5576/371/2
f 5195/3666/2 6947/1994/2 7786/1995/2
f 7787/1992/2 6946/1990/2 5194/3673/2
f 5316/3674/2 7787/1992/2 6944/1988/2
f 4227/3676/2 6061/1991/2 7787/1992/2
f 7788/1989/2 6945/1987/2 4876/3677/2
f 5860/3678/2 7788/1989/2 6220/2000/2
f 4516/3675/2 6944/1988/2 7788/1989/2
f 7789/1986/2 5678/1984/2 4469/3347/2
f 6945/1987/2 7789/1986/2 5676/359/2
f 5194/3673/2 6943/1985/2 7789/1986/2
f 7790/1983/2 6942/1981/2 5193/3679/2
f 6225/367/2 7790/1983/2 6940/1979/2
f 4470/3341/2 6223/1982/2 7790/1983/2
f 7791/1980/2 6941/1978/2 4580/3681/2
f 5681/1966/2 7791/1980/2 5924/2639/2
f 4881/3680/2 6940/1979/2 7791/1980/2
f 7792/1977/2 5433/1975/2 4276/3682/2
f 6941/1978/2 7792/1977/2 5380/146/2
f 5193/3679/2 6939/1976/2 7792/1977/2
f 7793/1974/2 6938/1972/2 5192/3683/2
f 5500/3684/2 7793/1974/2 6936/1970/2
f 4348/3686/2 6224/1973/2 7793/1974/2
f 7794/1971/2 6937/1969/2 4724/3687/2
f 6044/3688/2 7794/1971/2 6068/2072/2
f 4700/3685/2 6936/1970/2 7794/1971/2
f 7795/1968/2 5681/1966/2 4372/3363/2
f 6937/1969/2 7795/1968/2 5524/335/2
f 5192/3683/2 6935/1967/2 7795/1968/2
f 7796/1965/2 6934/1963/2 5191/3689/2
f 5356/3690/2 7796/1965/2 6932/1961/2
f 4252/3672/2 6120/1964/2 7796/1965/2
f 7797/1962/2 6933/1960/2 4880/3692/2
f 5900/3693/2 7797/1962/2 6224/1973/2
f 4556/3691/2 6932/1961/2 7797/1962/2
f 7798/1959/2 5682/1957/2 4470/3341/2
f 6933/1960/2 7798/1959/2 5680/368/2
f 5191/3689/2 6931/1958/2 7798/1959/2
f 7799/1956/2 6930/1954/2 5190/3694/2
f 6229/376/2 7799/1956/2 6928/1952/2
f 4471/3335/2 6227/1955/2 7799/1956/2
f 7800/1953/2 6929/1951/2 4540/3696/2
f 5685/1939/2 7800/1953/2 5884/3026/2
f 4885/3695/2 6928/1952/2 7800/1953/2
f 7801/1950/2 5342/1948/2 4247/3575/2
f 6929/1951/2 7801/1950/2 5340/17/2
f 5190/3694/2 6927/1949/2 7801/1950/2
f 7802/1947/2 6926/1945/2 5189/3697/2
f 5977/364/2 7802/1947/2 6924/1943/2
f 4425/3342/2 6228/1946/2 7802/1947/2
f 7803/1944/2 6925/1942/2 4684/3699/2
f 5433/1975/2 7803/1944/2 6028/911/2
f 4633/3698/2 6924/1943/2 7803/1944/2
f 7804/1941/2 5685/1939/2 4332/3105/2
f 6925/1942/2 7804/1941/2 5484/722/2
f 5189/3697/2 6923/1940/2 7804/1941/2
f 7805/1938/2 6922/1936/2 5188/3700/2
f 6121/133/2 7805/1938/2 6920/1934/2
f 4300/3665/2 6119/1937/2 7805/1938/2
f 7806/1935/2 6921/1933/2 4884/3702/2
f 5577/2668/2 7806/1935/2 6228/1946/2
f 4777/3701/2 6920/1934/2 7806/1935/2
f 7807/1932/2 5686/1930/2 4471/3335/2
f 6921/1933/2 7807/1932/2 5684/377/2
f 5188/3700/2 6919/1931/2 7807/1932/2
f 7808/1929/2 6918/1927/2 5187/3703/2
f 6233/385/2 7808/1929/2 6916/1925/2
f 4472/3329/2 6231/1928/2 7808/1929/2
f 7809/1926/2 6917/1924/2 4628/3705/2
f 5689/1912/2 7809/1926/2 5972/2702/2
f 4889/3704/2 6916/1925/2 7809/1926/2
f 7810/1923/2 5430/1921/2 4299/3706/2
f 6917/1924/2 7810/1923/2 5428/125/2
f 5187/3703/2 6915/1922/2 7810/1923/2
f 7811/1920/2 6914/1918/2 5186/3707/2
f 5929/688/2 7811/1920/2 6912/1916/2
f 4377/3126/2 6232/1919/2 7811/1920/2
f 7812/1917/2 6913/1915/2 4772/3709/2
f 5385/1003/2 7812/1917/2 6116/1883/2
f 4585/3708/2 6912/1916/2 7812/1917/2
f 7813/1914/2 5689/1912/2 4420/3321/2
f 6913/1915/2 7813/1914/2 5572/398/2
f 5186/3707/2 6911/1913/2 7813/1914/2
f 7814/1911/2 6910/1909/2 5185/3711/2
f 6073/25/2 7814/1911/2 6908/1907/2
f 4248/3542/2 6071/1910/2 7814/1911/2
f 7815/1908/2 6909/1906/2 4888/3713/2
f 5529/2992/2 7815/1908/2 6232/1919/2
f 4729/3712/2 6908/1907/2 7815/1908/2
f 7816/1905/2 5690/1903/2 4472/3329/2
f 6909/1906/2 7816/1905/2 5688/386/2
f 5185/3711/2 6907/1904/2 7816/1905/2
f 7817/1902/2 6906/1900/2 5184/3714/2
f 6237/394/2 7817/1902/2 6904/1898/2
f 4473/3323/2 6235/1901/2 7817/1902/2
f 7818/1899/2 6905/1897/2 4671/3716/2
f 5693/1885/2 7818/1899/2 5471/3717/2
f 4893/3715/2 6904/1898/2 7818/1899/2
f 7819/1896/2 5429/1894/2 4263/3719/2
f 6905/1897/2 7819/1896/2 6015/3720/2
f 5184/3714/2 6903/1895/2 7819/1896/2
f 7820/1893/2 6902/1891/2 5183/3721/2
f 5889/427/2 7820/1893/2 6900/1889/2
f 4337/3300/2 6236/1892/2 7820/1893/2
f 7821/1890/2 6901/1888/2 4527/3723/2
f 5345/1786/2 7821/1890/2 5327/3724/2
f 4545/3722/2 6900/1889/2 7821/1890/2
f 7822/1887/2 5693/1885/2 4319/3718/2
f 6901/1888/2 7822/1887/2 5871/3726/2
f 5183/3721/2 6899/1886/2 7822/1887/2
f 7823/1884/2 6898/1882/2 5182/3727/2
f 6033/112/2 7823/1884/2 6896/1880/2
f 4281/3710/2 6116/1883/2 7823/1884/2
f 7824/1881/2 6897/1879/2 4892/3729/2
f 5489/2731/2 7824/1881/2 6236/1892/2
f 4689/3728/2 6896/1880/2 7824/1881/2
f 7825/1878/2 5694/1876/2 4473/3323/2
f 6897/1879/2 7825/1878/2 5692/395/2
f 5182/3727/2 6895/1877/2 7825/1878/2
f 7826/1875/2 6894/1873/2 5181/3730/2
f 6241/403/2 7826/1875/2 6892/1871/2
f 4474/3317/2 6239/1874/2 7826/1875/2
f 7827/1872/2 6893/1870/2 4711/3732/2
f 5697/1858/2 7827/1872/2 5511/3733/2
f 4897/3731/2 6892/1871/2 7827/1872/2
f 7828/1869/2 5325/1867/2 4230/3735/2
f 6893/1870/2 7828/1869/2 6055/3736/2
f 5181/3730/2 6891/1868/2 7828/1869/2
f 7829/1866/2 6890/1864/2 5180/3737/2
f 5973/391/2 7829/1866/2 6888/1862/2
f 4421/3324/2 6240/1865/2 7829/1866/2
f 7830/1863/2 6889/1861/2 4567/3739/2
f 5429/1894/2 7830/1863/2 5367/3740/2
f 4629/3738/2 6888/1862/2 7830/1863/2
f 7831/1860/2 5697/1858/2 4359/3734/2
f 6889/1861/2 7831/1860/2 5911/3741/2
f 5180/3737/2 6887/1859/2 7831/1860/2
f 7832/1857/2 6886/1855/2 5179/3742/2
f 6117/124/2 7832/1857/2 6884/1853/2
f 4299/3706/2 6115/1856/2 7832/1857/2
f 7833/1854/2 6885/1852/2 4896/3744/2
f 5573/2695/2 7833/1854/2 6240/1865/2
f 4773/3743/2 6884/1853/2 7833/1854/2
f 7834/1851/2 5698/1849/2 4474/3317/2
f 6885/1852/2 7834/1851/2 5696/404/2
f 5179/3742/2 6883/1850/2 7834/1851/2
f 7835/1848/2 6882/1846/2 5178/3745/2
f 6245/412/2 7835/1848/2 6880/1844/2
f 4475/3311/2 6243/1847/2 7835/1848/2
f 7836/1845/2 6881/1843/2 4624/3747/2
f 5701/1831/2 7836/1845/2 5968/2729/2
f 4901/3746/2 6880/1844/2 7836/1845/2
f 7837/1842/2 5426/1840/2 4298/3748/2
f 6881/1843/2 7837/1842/2 5424/116/2
f 5178/3745/2 6879/1841/2 7837/1842/2
f 7838/1839/2 6878/1837/2 5177/3749/2
f 5476/3750/2 7838/1839/2 6876/1835/2
f 4324/3752/2 6244/1838/2 7838/1839/2
f 7839/1836/2 6877/1834/2 4768/3753/2
f 6020/3754/2 7839/1836/2 6112/1802/2
f 4676/3751/2 6876/1835/2 7839/1836/2
f 7840/1833/2 5701/1831/2 4416/3303/2
f 6877/1834/2 7840/1833/2 5568/425/2
f 5177/3749/2 6875/1832/2 7840/1833/2
f 7841/1830/2 6874/1828/2 5176/3756/2
f 5332/3757/2 7841/1830/2 6872/1826/2
f 4240/3759/2 6072/1829/2 7841/1830/2
f 7842/1827/2 6873/1825/2 4900/3760/2
f 5876/3761/2 7842/1827/2 6244/1838/2
f 4532/3758/2 6872/1826/2 7842/1827/2
f 7843/1824/2 5702/1822/2 4475/3311/2
f 6873/1825/2 7843/1824/2 5700/413/2
f 5176/3756/2 6871/1823/2 7843/1824/2
f 7844/1821/2 6870/1819/2 5175/3762/2
f 6249/421/2 7844/1821/2 6868/1817/2
f 4476/3305/2 6247/1820/2 7844/1821/2
f 7845/1818/2 6869/1816/2 4659/3764/2
f 5705/1804/2 7845/1818/2 5459/3765/2
f 4905/3763/2 6868/1817/2 7845/1818/2
f 7846/1815/2 5425/1813/2 4251/3767/2
f 6869/1816/2 7846/1815/2 6003/3768/2
f 5175/3762/2 6867/1814/2 7846/1815/2
f 7847/1812/2 6866/1810/2 5174/3769/2
f 5516/3770/2 7847/1812/2 6864/1808/2
f 4364/3772/2 6248/1811/2 7847/1812/2
f 7848/1809/2 6865/1807/2 4515/3773/2
f 6060/3775/2 7848/1809/2 5315/3774/2
f 4716/3771/2 6864/1808/2 7848/1809/2
f 7849/1806/2 5705/1804/2 4307/3766/2
f 6865/1807/2 7849/1806/2 5859/3777/2
f 5174/3769/2 6863/1805/2 7849/1806/2
f 7850/1803/2 6862/1801/2 5173/3778/2
f 5372/3779/2 7850/1803/2 6860/1799/2
f 4268/3755/2 6112/1802/2 7850/1803/2
f 7851/1800/2 6861/1798/2 4904/3781/2
f 5916/3782/2 7851/1800/2 6248/1811/2
f 4572/3780/2 6860/1799/2 7851/1800/2
f 7852/1797/2 5706/1795/2 4476/3305/2
f 6861/1798/2 7852/1797/2 5704/422/2
f 5173/3778/2 6859/1796/2 7852/1797/2
f 7853/1794/2 6858/1792/2 5172/3783/2
f 6253/430/2 7853/1794/2 6856/1790/2
f 4477/3299/2 6251/1793/2 7853/1794/2
f 7854/1791/2 6857/1789/2 4699/3785/2
f 5709/1777/2 7854/1791/2 5499/3786/2
f 4909/3784/2 6856/1790/2 7854/1791/2
f 7855/1788/2 5345/1786/2 4235/3725/2
f 6857/1789/2 7855/1788/2 6043/3788/2
f 5172/3783/2 6855/1787/2 7855/1788/2
f 7856/1785/2 6854/1783/2 5171/3789/2
f 5969/418/2 7856/1785/2 6852/1781/2
f 4417/3306/2 6252/1784/2 7856/1785/2
f 7857/1782/2 6853/1780/2 4555/3791/2
f 5425/1813/2 7857/1782/2 5355/3792/2
f 4625/3790/2 6852/1781/2 7857/1782/2
f 7858/1779/2 5709/1777/2 4347/3787/2
f 6853/1780/2 7858/1779/2 5899/3793/2
f 5171/3789/2 6851/1778/2 7858/1779/2
f 7859/1776/2 6850/1774/2 5170/3794/2
f 6113/115/2 7859/1776/2 6848/1772/2
f 4298/3748/2 6111/1775/2 7859/1776/2
f 7860/1773/2 6849/1771/2 4908/3796/2
f 5569/2722/2 7860/1773/2 6252/1784/2
f 4769/3795/2 6848/1772/2 7860/1773/2
f 7861/1770/2 5710/1768/2 4477/3299/2
f 6849/1771/2 7861/1770/2 5708/431/2
f 5170/3794/2 6847/1769/2 7861/1770/2
f 7862/1767/2 6846/1765/2 5169/3797/2
f 6257/439/2 7862/1767/2 6844/1763/2
f 4478/3293/2 6255/1766/2 7862/1767/2
f 7863/1764/2 6845/1762/2 4620/3799/2
f 5713/1750/2 7863/1764/2 5964/2756/2
f 4913/3798/2 6844/1763/2 7863/1764/2
f 7864/1761/2 5422/1759/2 4297/3800/2
f 6845/1762/2 7864/1761/2 5420/107/2
f 5169/3797/2 6843/1760/2 7864/1761/2
f 7865/1758/2 6842/1756/2 5168/3801/2
f 5464/3802/2 7865/1758/2 6840/1754/2
f 4312/3804/2 6256/1757/2 7865/1758/2
f 7866/1755/2 6841/1753/2 4764/3805/2
f 6008/3806/2 7866/1755/2 6108/1721/2
f 4664/3803/2 6840/1754/2 7866/1755/2
f 7867/1752/2 5713/1750/2 4412/3285/2
f 6841/1753/2 7867/1752/2 5564/452/2
f 5168/3801/2 6839/1751/2 7867/1752/2
f 7868/1749/2 6838/1747/2 5167/3808/2
f 5320/3809/2 7868/1749/2 6836/1745/2
f 4231/3647/2 6064/1748/2 7868/1749/2
f 7869/1746/2 6837/1744/2 4912/3811/2
f 5864/3812/2 7869/1746/2 6256/1757/2
f 4520/3810/2 6836/1745/2 7869/1746/2
f 7870/1743/2 5714/1741/2 4478/3293/2
f 6837/1744/2 7870/1743/2 5712/440/2
f 5167/3808/2 6835/1742/2 7870/1743/2
f 7871/1740/2 6834/1738/2 5166/3813/2
f 6261/448/2 7871/1740/2 6832/1736/2
f 4479/3287/2 6259/1739/2 7871/1740/2
f 7872/1737/2 6833/1735/2 4584/3815/2
f 5717/1723/2 7872/1737/2 5928/2720/2
f 4917/3814/2 6832/1736/2 7872/1737/2
f 7873/1734/2 5421/1732/2 4280/3816/2
f 6833/1735/2 7873/1734/2 5384/119/2
f 5166/3813/2 6831/1733/2 7873/1734/2
f 7874/1731/2 6830/1729/2 5165/3817/2
f 5504/3818/2 7874/1731/2 6828/1727/2
f 4352/3820/2 6260/1730/2 7874/1731/2
f 7875/1728/2 6829/1726/2 4728/3821/2
f 6048/3822/2 7875/1728/2 6072/1829/2
f 4704/3819/2 6828/1727/2 7875/1728/2
f 7876/1725/2 5717/1723/2 4376/3309/2
f 6829/1726/2 7876/1725/2 5528/416/2
f 5165/3817/2 6827/1724/2 7876/1725/2
f 7877/1722/2 6826/1720/2 5164/3823/2
f 5360/3824/2 7877/1722/2 6824/1718/2
f 4256/3807/2 6108/1721/2 7877/1722/2
f 7878/1719/2 6825/1717/2 4916/3826/2
f 5904/3827/2 7878/1719/2 6260/1730/2
f 4560/3825/2 6824/1718/2 7878/1719/2
f 7879/1716/2 5718/1714/2 4479/3287/2
f 6825/1717/2 7879/1716/2 5716/449/2
f 5164/3823/2 6823/1715/2 7879/1716/2
f 7880/1713/2 6822/1711/2 5163/3828/2
f 6265/457/2 7880/1713/2 6820/1709/2
f 4480/3281/2 6263/1712/2 7880/1713/2
f 7881/1710/2 6821/1708/2 4544/3830/2
f 5721/1696/2 7881/1710/2 5888/2999/2
f 4921/3829/2 6820/1709/2 7881/1710/2
f 7882/1707/2 5346/1705/2 4248/3542/2
f 6821/1708/2 7882/1707/2 5344/26/2
f 5163/3828/2 6819/1706/2 7882/1707/2
f 7883/1704/2 6818/1702/2 5162/3831/2
f 5965/445/2 7883/1704/2 6816/1700/2
f 4413/3288/2 6264/1703/2 7883/1704/2
f 7884/1701/2 6817/1699/2 4688/3833/2
f 5421/1732/2 7884/1701/2 6032/992/2
f 4621/3832/2 6816/1700/2 7884/1701/2
f 7885/1698/2 5721/1696/2 4336/3123/2
f 6817/1699/2 7885/1698/2 5488/695/2
f 5162/3831/2 6815/1697/2 7885/1698/2
f 7886/1695/2 6814/1693/2 5161/3834/2
f 6109/106/2 7886/1695/2 6812/1691/2
f 4297/3800/2 6107/1694/2 7886/1695/2
f 7887/1692/2 6813/1690/2 4920/3836/2
f 5565/2749/2 7887/1692/2 6264/1703/2
f 4765/3835/2 6812/1691/2 7887/1692/2
f 7888/1689/2 5722/1687/2 4480/3281/2
f 6813/1690/2 7888/1689/2 5720/458/2
f 5161/3834/2 6811/1688/2 7888/1689/2
f 7889/1686/2 6810/1684/2 5160/3837/2
f 6269/466/2 7889/1686/2 6808/1682/2
f 4481/3275/2 6267/1685/2 7889/1686/2
f 7890/1683/2 6809/1681/2 4616/3839/2
f 5725/1669/2 7890/1683/2 5960/2783/2
f 4925/3838/2 6808/1682/2 7890/1683/2
f 7891/1680/2 5418/1678/2 4296/3840/2
f 6809/1681/2 7891/1680/2 5416/98/2
f 5160/3837/2 6807/1679/2 7891/1680/2
f 7892/1677/2 6806/1675/2 5159/3841/2
f 5933/661/2 7892/1677/2 6804/1673/2
f 4381/3144/2 6268/1676/2 7892/1677/2
f 7893/1674/2 6805/1672/2 4760/3843/2
f 5389/1084/2 7893/1674/2 6104/1640/2
f 4589/3842/2 6804/1673/2 7893/1674/2
f 7894/1671/2 5725/1669/2 4408/3267/2
f 6805/1672/2 7894/1671/2 5560/479/2
f 5159/3841/2 6803/1670/2 7894/1671/2
f 7895/1668/2 6802/1666/2 5158/3845/2
f 6077/34/2 7895/1668/2 6800/1664/2
f 4249/3509/2 6075/1667/2 7895/1668/2
f 7896/1665/2 6801/1663/2 4924/3847/2
f 5533/2965/2 7896/1665/2 6268/1676/2
f 4733/3846/2 6800/1664/2 7896/1665/2
f 7897/1662/2 5726/1660/2 4481/3275/2
f 6801/1663/2 7897/1662/2 5724/467/2
f 5158/3845/2 6799/1661/2 7897/1662/2
f 7898/1659/2 6798/1657/2 5157/3848/2
f 6273/475/2 7898/1659/2 6796/1655/2
f 4482/3269/2 6271/1658/2 7898/1659/2
f 7899/1656/2 6797/1654/2 4675/3850/2
f 5729/1642/2 7899/1656/2 5475/3851/2
f 4929/3849/2 6796/1655/2 7899/1656/2
f 7900/1653/2 5417/1651/2 4267/3853/2
f 6797/1654/2 7900/1653/2 6019/3854/2
f 5157/3848/2 6795/1652/2 7900/1653/2
f 7901/1650/2 6794/1648/2 5156/3855/2
f 5893/508/2 7901/1650/2 6792/1646/2
f 4341/3246/2 6272/1649/2 7901/1650/2
f 7902/1647/2 6793/1645/2 4531/3857/2
f 5349/1543/2 7902/1647/2 5331/3858/2
f 4549/3856/2 6792/1646/2 7902/1647/2
f 7903/1644/2 5729/1642/2 4323/3852/2
f 6793/1645/2 7903/1644/2 5875/3860/2
f 5156/3855/2 6791/1643/2 7903/1644/2
f 7904/1641/2 6790/1639/2 5155/3861/2
f 6037/85/2 7904/1641/2 6788/1637/2
f 4285/3844/2 6104/1640/2 7904/1641/2
f 7905/1638/2 6789/1636/2 4928/3863/2
f 5493/2812/2 7905/1638/2 6272/1649/2
f 4693/3862/2 6788/1637/2 7905/1638/2
f 7906/1635/2 5730/1633/2 4482/3269/2
f 6789/1636/2 7906/1635/2 5728/476/2
f 5155/3861/2 6787/1634/2 7906/1635/2
f 7907/1632/2 6786/1630/2 5154/3864/2
f 6277/484/2 7907/1632/2 6784/1628/2
f 4483/3263/2 6275/1631/2 7907/1632/2
f 7908/1629/2 6785/1627/2 4715/3866/2
f 5733/1615/2 7908/1629/2 5515/3867/2
f 4933/3865/2 6784/1628/2 7908/1629/2
f 7909/1626/2 5318/1624/2 4228/3869/2
f 6785/1627/2 7909/1626/2 6059/3870/2
f 5154/3864/2 6783/1625/2 7909/1626/2
f 7910/1623/2 6782/1621/2 5153/3871/2
f 5961/472/2 7910/1623/2 6780/1619/2
f 4409/3270/2 6276/1622/2 7910/1623/2
f 7911/1620/2 6781/1618/2 4571/3873/2
f 5417/1651/2 7911/1620/2 5371/3874/2
f 4617/3872/2 6780/1619/2 7911/1620/2
f 7912/1617/2 5733/1615/2 4363/3868/2
f 6781/1618/2 7912/1617/2 5915/3875/2
f 5153/3871/2 6779/1616/2 7912/1617/2
f 7913/1614/2 6778/1612/2 5152/3876/2
f 6105/97/2 7913/1614/2 6776/1610/2
f 4296/3840/2 6103/1613/2 7913/1614/2
f 7914/1611/2 6777/1609/2 4932/3878/2
f 5561/2776/2 7914/1611/2 6276/1622/2
f 4761/3877/2 6776/1610/2 7914/1611/2
f 7915/1608/2 5734/1606/2 4483/3263/2
f 6777/1609/2 7915/1608/2 5732/485/2
f 5152/3876/2 6775/1607/2 7915/1608/2
f 7916/1605/2 6774/1603/2 5151/3879/2
f 6281/493/2 7916/1605/2 6772/1601/2
f 4484/3257/2 6279/1604/2 7916/1605/2
f 7917/1602/2 6773/1600/2 4612/3881/2
f 5737/1588/2 7917/1602/2 5956/2810/2
f 4937/3880/2 6772/1601/2 7917/1602/2
f 7918/1599/2 5414/1597/2 4295/3882/2
f 6773/1600/2 7918/1599/2 5412/89/2
f 5151/3879/2 6771/1598/2 7918/1599/2
f 7919/1596/2 6770/1594/2 5150/3883/2
f 5909/697/2 7919/1596/2 6768/1592/2
f 4357/3120/2 6280/1595/2 7919/1596/2
f 7920/1593/2 6769/1591/2 4756/3885/2
f 5365/976/2 7920/1593/2 6100/1559/2
f 4565/3884/2 6768/1592/2 7920/1593/2
f 7921/1590/2 5737/1588/2 4404/3249/2
f 6769/1591/2 7921/1590/2 5556/506/2
f 5150/3883/2 6767/1589/2 7921/1590/2
f 7922/1587/2 6766/1585/2 5149/3887/2
f 6053/22/2 7922/1587/2 6764/1583/2
f 4245/3549/2 6076/1586/2 7922/1587/2
f 7923/1584/2 6765/1582/2 4936/3889/2
f 5509/3001/2 7923/1584/2 6280/1595/2
f 4709/3888/2 6764/1583/2 7923/1584/2
f 7924/1581/2 5738/1579/2 4484/3257/2
f 6765/1582/2 7924/1581/2 5736/494/2
f 5149/3887/2 6763/1580/2 7924/1581/2
f 7925/1578/2 6762/1576/2 5148/3890/2
f 6285/502/2 7925/1578/2 6760/1574/2
f 4485/3251/2 6283/1577/2 7925/1578/2
f 7926/1575/2 6761/1573/2 4663/3892/2
f 5741/1561/2 7926/1575/2 5463/3893/2
f 4941/3891/2 6760/1574/2 7926/1575/2
f 7927/1572/2 5413/1570/2 4255/3895/2
f 6761/1573/2 7927/1572/2 6007/3896/2
f 5148/3890/2 6759/1571/2 7927/1572/2
f 7928/1569/2 6758/1567/2 5147/3897/2
f 5869/400/2 7928/1569/2 6756/1565/2
f 4317/3318/2 6284/1568/2 7928/1569/2
f 7929/1566/2 6757/1564/2 4519/3899/2
f 5325/1867/2 7929/1566/2 5319/3900/2
f 4525/3898/2 6756/1565/2 7929/1566/2
f 7930/1563/2 5741/1561/2 4311/3894/2
f 6757/1564/2 7930/1563/2 5863/3901/2
f 5147/3897/2 6755/1562/2 7930/1563/2
f 7931/1560/2 6754/1558/2 5146/3902/2
f 6013/121/2 7931/1560/2 6752/1556/2
f 4261/3886/2 6100/1559/2 7931/1560/2
f 7932/1557/2 6753/1555/2 4940/3904/2
f 5469/2704/2 7932/1557/2 6284/1568/2
f 4669/3903/2 6752/1556/2 7932/1557/2
f 7933/1554/2 5742/1552/2 4485/3251/2
f 6753/1555/2 7933/1554/2 5740/503/2
f 5146/3902/2 6751/1553/2 7933/1554/2
f 7934/1551/2 6750/1549/2 5145/3905/2
f 6289/511/2 7934/1551/2 6748/1547/2
f 4486/3245/2 6287/1550/2 7934/1551/2
f 7935/1548/2 6749/1546/2 4703/3907/2
f 5745/1534/2 7935/1548/2 5503/3908/2
f 4945/3906/2 6748/1547/2 7935/1548/2
f 7936/1545/2 5349/1543/2 4239/3859/2
f 6749/1546/2 7936/1545/2 6047/3910/2
f 5145/3905/2 6747/1544/2 7936/1545/2
f 7937/1542/2 6746/1540/2 5144/3911/2
f 5957/499/2 7937/1542/2 6744/1538/2
f 4405/3252/2 6288/1541/2 7937/1542/2
f 7938/1539/2 6745/1537/2 4559/3913/2
f 5413/1570/2 7938/1539/2 5359/3914/2
f 4613/3912/2 6744/1538/2 7938/1539/2
f 7939/1536/2 5745/1534/2 4351/3909/2
f 6745/1537/2 7939/1536/2 5903/3915/2
f 5144/3911/2 6743/1535/2 7939/1536/2
f 7940/1533/2 6742/1531/2 5143/3916/2
f 6101/88/2 7940/1533/2 6740/1529/2
f 4295/3882/2 6099/1532/2 7940/1533/2
f 7941/1530/2 6741/1528/2 4944/3918/2
f 5557/2803/2 7941/1530/2 6288/1541/2
f 4757/3917/2 6740/1529/2 7941/1530/2
f 7942/1527/2 5746/1525/2 4486/3245/2
f 6741/1528/2 7942/1527/2 5744/512/2
f 5143/3916/2 6739/1526/2 7942/1527/2
f 7943/1524/2 6738/1522/2 5142/3919/2
f 6293/520/2 7943/1524/2 6736/1520/2
f 4487/3239/2 6291/1523/2 7943/1524/2
f 7944/1521/2 6737/1519/2 4608/3921/2
f 5749/1507/2 7944/1521/2 5952/2837/2
f 4949/3920/2 6736/1520/2 7944/1521/2
f 7945/1518/2 5410/1516/2 4294/3922/2
f 6737/1519/2 7945/1518/2 5408/80/2
f 5142/3919/2 6735/1517/2 7945/1518/2
f 7946/1515/2 6734/1513/2 5141/3923/2
f 5921/742/2 7946/1515/2 6732/1511/2
f 4369/3090/2 6292/1514/2 7946/1515/2
f 7947/1512/2 6733/1510/2 4752/3925/2
f 5377/841/2 7947/1512/2 6096/1478/2
f 4577/3924/2 6732/1511/2 7947/1512/2
f 7948/1509/2 5749/1507/2 4400/3231/2
f 6733/1510/2 7948/1509/2 5552/533/2
f 5141/3923/2 6731/1508/2 7948/1509/2
f 7949/1506/2 6730/1504/2 5140/3927/2
f 6065/7/2 7949/1506/2 6728/1502/2
f 4234/3613/2 6063/1505/2 7949/1506/2
f 7950/1503/2 6729/1501/2 4948/3929/2
f 5521/3046/2 7950/1503/2 6292/1514/2
f 4721/3928/2 6728/1502/2 7950/1503/2
f 7951/1500/2 5750/1498/2 4487/3239/2
f 6729/1501/2 7951/1500/2 5748/521/2
f 5140/3927/2 6727/1499/2 7951/1500/2
f 7952/1497/2 6726/1495/2 5139/3930/2
f 6297/529/2 7952/1497/2 6724/1493/2
f 4488/3233/2 6295/1496/2 7952/1497/2
f 7953/1494/2 6725/1492/2 4588/3932/2
f 5753/1480/2 7953/1494/2 5932/2801/2
f 4953/3931/2 6724/1493/2 7953/1494/2
f 7954/1491/2 5409/1489/2 4284/3933/2
f 6725/1492/2 7954/1491/2 5388/92/2
f 5139/3930/2 6723/1490/2 7954/1491/2
f 7955/1488/2 6722/1486/2 5138/3934/2
f 5881/265/2 7955/1488/2 6720/1484/2
f 4329/3408/2 6296/1487/2 7955/1488/2
f 7956/1485/2 6721/1483/2 4732/3936/2
f 5337/2272/2 7956/1485/2 6076/1586/2
f 4537/3935/2 6720/1484/2 7956/1485/2
f 7957/1482/2 5753/1480/2 4380/3255/2
f 6721/1483/2 7957/1482/2 5532/497/2
f 5138/3934/2 6719/1481/2 7957/1482/2
f 7958/1479/2 6718/1477/2 5137/3937/2
f 6025/166/2 7958/1479/2 6716/1475/2
f 4273/3926/2 6096/1478/2 7958/1479/2
f 7959/1476/2 6717/1474/2 4952/3939/2
f 5481/2569/2 7959/1476/2 6296/1487/2
f 4681/3938/2 6716/1475/2 7959/1476/2
f 7960/1473/2 5754/1471/2 4488/3233/2
f 6717/1474/2 7960/1473/2 5752/530/2
f 5137/3937/2 6715/1472/2 7960/1473/2
f 7961/1470/2 6714/1468/2 5136/3940/2
f 6301/538/2 7961/1470/2 6712/1466/2
f 4489/3227/2 6299/1469/2 7961/1470/2
f 7962/1467/2 6713/1465/2 4548/3942/2
f 5757/1453/2 7962/1467/2 5892/2972/2
f 4957/3941/2 6712/1466/2 7962/1467/2
f 7963/1464/2 5350/1462/2 4249/3509/2
f 6713/1465/2 7963/1464/2 5348/35/2
f 5136/3940/2 6711/1463/2 7963/1464/2
f 7964/1461/2 6710/1459/2 5135/3943/2
f 5953/526/2 7964/1461/2 6708/1457/2
f 4401/3234/2 6300/1460/2 7964/1461/2
f 7965/1458/2 6709/1456/2 4692/3945/2
f 5409/1489/2 7965/1458/2 6036/1073/2
f 4609/3944/2 6708/1457/2 7965/1458/2
f 7966/1455/2 5757/1453/2 4340/3141/2
f 6709/1456/2 7966/1455/2 5492/668/2
f 5135/3943/2 6707/1454/2 7966/1455/2
f 7967/1452/2 6706/1450/2 5134/3946/2
f 6097/79/2 7967/1452/2 6704/1448/2
f 4294/3922/2 6095/1451/2 7967/1452/2
f 7968/1449/2 6705/1447/2 4956/3948/2
f 5553/2830/2 7968/1449/2 6300/1460/2
f 4753/3947/2 6704/1448/2 7968/1449/2
f 7969/1446/2 5758/1444/2 4489/3227/2
f 6705/1447/2 7969/1446/2 5756/539/2
f 5134/3946/2 6703/1445/2 7969/1446/2
f 7970/1443/2 6702/1441/2 5133/3949/2
f 6305/547/2 7970/1443/2 6700/1439/2
f 4490/3221/2 6303/1442/2 7970/1443/2
f 7971/1440/2 6701/1438/2 4604/3951/2
f 5761/1426/2 7971/1440/2 5948/2864/2
f 4961/3950/2 6700/1439/2 7971/1440/2
f 7972/1437/2 5406/1435/2 4293/3952/2
f 6701/1438/2 7972/1437/2 5404/71/2
f 5133/3949/2 6699/1436/2 7972/1437/2
f 7973/1434/2 6698/1432/2 5132/3953/2
f 5937/634/2 7973/1434/2 6696/1430/2
f 4385/3162/2 6304/1433/2 7973/1434/2
f 7974/1431/2 6697/1429/2 4748/3955/2
f 5393/1165/2 7974/1431/2 6092/1397/2
f 4593/3954/2 6696/1430/2 7974/1431/2
f 7975/1428/2 5761/1426/2 4396/3213/2
f 6697/1429/2 7975/1428/2 5548/560/2
f 5132/3953/2 6695/1427/2 7975/1428/2
f 7976/1425/2 6694/1423/2 5131/3957/2
f 6081/43/2 7976/1425/2 6692/1421/2
f 4250/3476/2 6079/1424/2 7976/1425/2
f 7977/1422/2 6693/1420/2 4960/3959/2
f 5537/2938/2 7977/1422/2 6304/1433/2
f 4737/3958/2 6692/1421/2 7977/1422/2
f 7978/1419/2 5762/1417/2 4490/3221/2
f 6693/1420/2 7978/1419/2 5760/548/2
f 5131/3957/2 6691/1418/2 7978/1419/2
f 7979/1416/2 6690/1414/2 5130/3960/2
f 6309/556/2 7979/1416/2 6688/1412/2
f 4491/3215/2 6307/1415/2 7979/1416/2
f 7980/1413/2 6689/1411/2 4563/3962/2
f 5765/1399/2 7980/1413/2 5907/2531/2
f 4965/3961/2 6688/1412/2 7980/1413/2
f 7981/1410/2 5405/1408/2 4259/3963/2
f 6689/1411/2 7981/1410/2 5363/182/2
f 5130/3960/2 6687/1409/2 7981/1410/2
f 7982/1407/2 6686/1405/2 5129/3964/2
f 5897/589/2 7982/1407/2 6684/1403/2
f 4345/3192/2 6308/1406/2 7982/1407/2
f 7983/1404/2 6685/1402/2 4707/3966/2
f 5353/1300/2 7983/1404/2 6051/2396/2
f 4553/3965/2 6684/1403/2 7983/1404/2
f 7984/1401/2 5765/1399/2 4355/3435/2
f 6685/1402/2 7984/1401/2 5507/227/2
f 5129/3964/2 6683/1400/2 7984/1401/2
f 7985/1398/2 6682/1396/2 5128/3967/2
f 6041/58/2 7985/1398/2 6680/1394/2
f 4289/3956/2 6092/1397/2 7985/1398/2
f 7986/1395/2 6681/1393/2 4964/3969/2
f 5497/2893/2 7986/1395/2 6308/1406/2
f 4697/3968/2 6680/1394/2 7986/1395/2
f 7987/1392/2 5766/1390/2 4491/3215/2
f 6681/1393/2 7987/1392/2 5764/557/2
f 5128/3967/2 6679/1391/2 7987/1392/2
f 7988/1389/2 6678/1387/2 5127/3970/2
f 6313/565/2 7988/1389/2 6676/1385/2
f 4492/3209/2 6311/1388/2 7988/1389/2
f 7989/1386/2 6677/1384/2 4523/3972/2
f 5769/1372/2 7989/1386/2 5867/3062/2
f 4969/3971/2 6676/1385/2 7989/1386/2
f 7990/1383/2 5322/1381/2 4233/3973/2
f 6677/1384/2 7990/1383/2 5323/5/2
f 5127/3970/2 6675/1382/2 7990/1383/2
f 7991/1380/2 6674/1378/2 5126/3974/2
f 5949/553/2 7991/1380/2 6672/1376/2
f 4397/3216/2 6312/1379/2 7991/1380/2
f 7992/1377/2 6673/1375/2 4667/3976/2
f 5405/1408/2 7992/1377/2 6011/803/2
f 4605/3975/2 6672/1376/2 7992/1377/2
f 7993/1374/2 5769/1372/2 4315/3081/2
f 6673/1375/2 7993/1374/2 5467/758/2
f 5126/3974/2 6671/1373/2 7993/1374/2
f 7994/1371/2 6670/1369/2 5125/3977/2
f 6093/70/2 7994/1371/2 6668/1367/2
f 4293/3952/2 6091/1370/2 7994/1371/2
f 7995/1368/2 6669/1366/2 4968/3979/2
f 5549/2857/2 7995/1368/2 6312/1379/2
f 4749/3978/2 6668/1367/2 7995/1368/2
f 7996/1365/2 5770/1363/2 4492/3209/2
f 6669/1366/2 7996/1365/2 5768/566/2
f 5125/3977/2 6667/1364/2 7996/1365/2
f 7997/1362/2 6666/1360/2 5124/3980/2
f 6317/574/2 7997/1362/2 6664/1358/2
f 4493/3203/2 6315/1361/2 7997/1362/2
f 7998/1359/2 6665/1357/2 4600/3982/2
f 5773/1345/2 7998/1359/2 5944/2891/2
f 4973/3981/2 6664/1358/2 7998/1359/2
f 7999/1356/2 5402/1354/2 4292/3983/2
f 6665/1357/2 7999/1356/2 5400/62/2
f 5124/3980/2 6663/1355/2 7999/1356/2
f 8000/1353/2 6662/1351/2 5123/3984/2
f 5910/724/2 8000/1353/2 6660/1349/2
f 4358/3102/2 6316/1352/2 8000/1353/2
f 8001/1350/2 6661/1348/2 4744/3986/2
f 5366/895/2 8001/1350/2 6088/1316/2
f 4566/3985/2 6660/1349/2 8001/1350/2
f 8002/1347/2 5773/1345/2 4392/3195/2
f 6661/1348/2 8002/1347/2 5544/587/2
f 5123/3984/2 6659/1346/2 8002/1347/2
f 8003/1344/2 6658/1342/2 5122/3988/2
f 6054/13/2 8003/1344/2 6656/1340/2
f 4246/3582/2 6080/1343/2 8003/1344/2
f 8004/1341/2 6657/1339/2 4972/3990/2
f 5510/3028/2 8004/1341/2 6316/1352/2
f 4710/3989/2 6656/1340/2 8004/1341/2
f 8005/1338/2 5774/1336/2 4493/3203/2
f 6657/1339/2 8005/1338/2 5772/575/2
f 5122/3988/2 6655/1337/2 8005/1338/2
f 8006/1335/2 6654/1333/2 5121/3991/2
f 6321/583/2 8006/1335/2 6652/1331/2
f 4494/3197/2 6319/1334/2 8006/1335/2
f 8007/1332/2 6653/1330/2 4575/3993/2
f 5777/1318/2 8007/1332/2 5919/2828/2
f 4977/3992/2 6652/1331/2 8007/1332/2
f 8008/1329/2 5401/1327/2 4271/3994/2
f 6653/1330/2 8008/1329/2 5375/83/2
f 5121/3991/2 6651/1328/2 8008/1329/2
f 8009/1326/2 6650/1324/2 5120/3995/2
f 5870/319/2 8009/1326/2 6648/1322/2
f 4318/3372/2 6320/1325/2 8009/1326/2
f 8010/1323/2 6649/1321/2 4719/3997/2
f 5326/2110/2 8010/1323/2 6063/1505/2
f 4526/3996/2 6648/1322/2 8010/1323/2
f 8011/1320/2 5777/1318/2 4367/3237/2
f 6649/1321/2 8011/1320/2 5519/524/2
f 5120/3995/2 6647/1319/2 8011/1320/2
f 8012/1317/2 6646/1315/2 5119/3998/2
f 6014/148/2 8012/1317/2 6644/1313/2
f 4262/3987/2 6088/1316/2 8012/1317/2
f 8013/1314/2 6645/1312/2 4976/4000/2
f 5470/2623/2 8013/1314/2 6320/1325/2
f 4670/3999/2 6644/1313/2 8013/1314/2
f 8014/1311/2 5778/1309/2 4494/3197/2
f 6645/1312/2 8014/1311/2 5776/584/2
f 5119/3998/2 6643/1310/2 8014/1311/2
f 8015/1308/2 6642/1306/2 5118/4001/2
f 6325/592/2 8015/1308/2 6640/1304/2
f 4495/3191/2 6323/1307/2 8015/1308/2
f 8016/1305/2 6641/1303/2 4535/4003/2
f 5781/1291/2 8016/1305/2 5879/2963/2
f 4981/4002/2 6640/1304/2 8016/1305/2
f 8017/1302/2 5353/1300/2 4243/3500/2
f 6641/1303/2 8017/1302/2 5335/38/2
f 5118/4001/2 6639/1301/2 8017/1302/2
f 8018/1299/2 6638/1297/2 5117/4004/2
f 5945/580/2 8018/1299/2 6636/1295/2
f 4393/3198/2 6324/1298/2 8018/1299/2
f 8019/1296/2 6637/1294/2 4679/4006/2
f 5401/1327/2 8019/1296/2 6023/1100/2
f 4601/4005/2 6636/1295/2 8019/1296/2
f 8020/1293/2 5781/1291/2 4327/3147/2
f 6637/1294/2 8020/1293/2 5479/659/2
f 5117/4004/2 6635/1292/2 8020/1293/2
f 8021/1290/2 6634/1288/2 5116/4007/2
f 6089/61/2 8021/1290/2 6632/1286/2
f 4292/3983/2 6087/1289/2 8021/1290/2
f 8022/1287/2 6633/1285/2 4980/4009/2
f 5545/2884/2 8022/1287/2 6324/1298/2
f 4745/4008/2 6632/1286/2 8022/1287/2
f 8023/1284/2 5782/1282/2 4495/3191/2
f 6633/1285/2 8023/1284/2 5780/593/2
f 5116/4007/2 6631/1283/2 8023/1284/2
f 8024/1281/2 6630/1279/2 5115/4010/2
f 6329/601/2 8024/1281/2 6628/1277/2
f 4496/3185/2 6327/1280/2 8024/1281/2
f 8025/1278/2 6629/1276/2 4596/4012/2
f 5785/1264/2 8025/1278/2 5940/2918/2
f 4985/4011/2 6628/1277/2 8025/1278/2
f 8026/1275/2 5398/1273/2 4291/4013/2
f 6629/1276/2 8026/1275/2 5396/53/2
f 5115/4010/2 6627/1274/2 8026/1275/2
f 8027/1272/2 6626/1270/2 5114/4014/2
f 5922/733/2 8027/1272/2 6624/1268/2
f 4370/3096/2 6328/1271/2 8027/1272/2
f 8028/1269/2 6625/1267/2 4740/4016/2
f 5378/868/2 8028/1269/2 6084/1235/2
f 4578/4015/2 6624/1268/2 8028/1269/2
f 8029/1266/2 5785/1264/2 4388/3177/2
f 6625/1267/2 8029/1266/2 5540/614/2
f 5114/4014/2 6623/1265/2 8029/1266/2
f 8030/1263/2 6622/1261/2 5113/4018/2
f 6066/10/2 8030/1263/2 6620/1259/2
f 4232/4020/2 6057/1262/2 8030/1263/2
f 8031/1260/2 6621/1258/2 4984/4021/2
f 5522/3037/2 8031/1260/2 6328/1271/2
f 4722/4019/2 6620/1259/2 8031/1260/2
f 8032/1257/2 5786/1255/2 4496/3185/2
f 6621/1258/2 8032/1257/2 5784/602/2
f 5113/4018/2 6619/1256/2 8032/1257/2
f 8033/1254/2 6618/1252/2 5112/4022/2
f 6333/610/2 8033/1254/2 6616/1250/2
f 4497/3179/2 6331/1253/2 8033/1254/2
f 8034/1251/2 6617/1249/2 4592/4024/2
f 5789/1237/2 8034/1251/2 5936/2882/2
f 4989/4023/2 6616/1250/2 8034/1251/2
f 8035/1248/2 5397/1246/2 4288/4025/2
f 6617/1249/2 8035/1248/2 5392/65/2
f 5112/4022/2 6615/1247/2 8035/1248/2
f 8036/1245/2 6614/1243/2 5111/4026/2
f 5882/292/2 8036/1245/2 6612/1241/2
f 4330/3390/2 6332/1244/2 8036/1245/2
f 8037/1242/2 6613/1240/2 4736/4028/2
f 5338/2191/2 8037/1242/2 6080/1343/2
f 4538/4027/2 6612/1241/2 8037/1242/2
f 8038/1239/2 5789/1237/2 4384/3201/2
f 6613/1240/2 8038/1239/2 5536/578/2
f 5111/4026/2 6611/1238/2 8038/1239/2
f 8039/1236/2 6610/1234/2 5110/4029/2
f 6026/157/2 8039/1236/2 6608/1232/2
f 4274/4017/2 6084/1235/2 8039/1236/2
f 8040/1233/2 6609/1231/2 4988/4031/2
f 5482/2596/2 8040/1233/2 6332/1244/2
f 4682/4030/2 6608/1232/2 8040/1233/2
f 8041/1230/2 5790/1228/2 4497/3179/2
f 6609/1231/2 8041/1230/2 5788/611/2
f 5110/4029/2 6607/1229/2 8041/1230/2
f 8042/1227/2 6606/1225/2 5109/4032/2
f 6337/619/2 8042/1227/2 6604/1223/2
f 4498/3173/2 6335/1226/2 8042/1227/2
f 8043/1224/2 6605/1222/2 4552/4034/2
f 5793/1210/2 8043/1224/2 5896/2945/2
f 4993/4033/2 6604/1223/2 8043/1224/2
f 8044/1221/2 5354/1219/2 4250/3476/2
f 6605/1222/2 8044/1221/2 5352/44/2
f 5109/4032/2 6603/1220/2 8044/1221/2
f 8045/1218/2 6602/1216/2 5108/4035/2
f 5941/607/2 8045/1218/2 6600/1214/2
f 4389/3180/2 6336/1217/2 8045/1218/2
f 8046/1215/2 6601/1213/2 4696/4037/2
f 5397/1246/2 8046/1215/2 6040/1154/2
f 4597/4036/2 6600/1214/2 8046/1215/2
f 8047/1212/2 5793/1210/2 4344/3159/2
f 6601/1213/2 8047/1212/2 5496/641/2
f 5108/4035/2 6599/1211/2 8047/1212/2
f 8048/1209/2 6598/1207/2 5107/4038/2
f 6085/52/2 8048/1209/2 6596/1205/2
f 4291/4013/2 6083/1208/2 8048/1209/2
f 8049/1206/2 6597/1204/2 4992/4040/2
f 5541/2911/2 8049/1206/2 6336/1217/2
f 4741/4039/2 6596/1205/2 8049/1206/2
f 8050/1203/2 5794/1201/2 4498/3173/2
f 6597/1204/2 8050/1203/2 5792/620/2
f 5107/4038/2 6595/1202/2 8050/1203/2
f 8051/1200/2 6594/1198/2 5106/4041/2
f 6341/628/2 8051/1200/2 6592/1196/2
f 4499/3167/2 6339/1199/2 8051/1200/2
f 8052/1197/2 6593/1195/2 4595/4043/2
f 5797/1183/2 8052/1197/2 5939/2927/2
f 4997/4042/2 6592/1196/2 8052/1197/2
f 8053/1194/2 5394/1192/2 4290/3464/2
f 6593/1195/2 8053/1194/2 5395/50/2
f 5106/4041/2 6591/1193/2 8053/1194/2
f 8054/1191/2 6590/1189/2 5105/4044/2
f 5942/598/2 8054/1191/2 6588/1187/2
f 4390/3186/2 6340/1190/2 8054/1191/2
f 8055/1188/2 6589/1186/2 4739/4046/2
f 5398/1273/2 8055/1188/2 6083/1208/2
f 4598/4045/2 6588/1187/2 8055/1188/2
f 8056/1185/2 5797/1183/2 4387/3171/2
f 6589/1186/2 8056/1185/2 5539/623/2
f 5105/4044/2 6587/1184/2 8056/1185/2
f 8057/1182/2 6586/1180/2 5104/4047/2
f 6086/55/2 8057/1182/2 6584/1178/2
f 4265/4049/2 6017/1181/2 8057/1182/2
f 8058/1179/2 6585/1177/2 4996/4050/2
f 5542/2902/2 8058/1179/2 6340/1190/2
f 4742/4048/2 6584/1178/2 8058/1179/2
f 8059/1176/2 5798/1174/2 4499/3167/2
f 6585/1177/2 8059/1176/2 5796/629/2
f 5104/4047/2 6583/1175/2 8059/1176/2
f 8060/1173/2 6582/1171/2 5103/4051/2
f 6345/637/2 8060/1173/2 6580/1169/2
f 4500/3161/2 6343/1172/2 8060/1173/2
f 8061/1170/2 6581/1168/2 4599/4053/2
f 5801/1156/2 8061/1170/2 5943/2900/2
f 5001/4052/2 6580/1169/2 8061/1170/2
f 8062/1167/2 5393/1165/2 4289/3956/2
f 6581/1168/2 8062/1167/2 5399/59/2
f 5103/4051/2 6579/1166/2 8062/1167/2
f 8063/1164/2 6578/1162/2 5102/4054/2
f 5946/571/2 8063/1164/2 6576/1160/2
f 4394/3204/2 6344/1163/2 8063/1164/2
f 8064/1161/2 6577/1159/2 4743/4056/2
f 5402/1354/2 8064/1161/2 6087/1289/2
f 4602/4055/2 6576/1160/2 8064/1161/2
f 8065/1158/2 5801/1156/2 4391/3189/2
f 6577/1159/2 8065/1158/2 5543/596/2
f 5102/4054/2 6575/1157/2 8065/1158/2
f 8066/1155/2 6574/1153/2 5101/4057/2
f 6090/64/2 8066/1155/2 6572/1151/2
f 4288/4025/2 6040/1154/2 8066/1155/2
f 8067/1152/2 6573/1150/2 5000/4059/2
f 5546/2875/2 8067/1152/2 6344/1163/2
f 4746/4058/2 6572/1151/2 8067/1152/2
f 8068/1149/2 5802/1147/2 4500/3161/2
f 6573/1150/2 8068/1149/2 5800/638/2
f 5101/4057/2 6571/1148/2 8068/1149/2
f 8069/1146/2 6570/1144/2 5100/4060/2
f 6349/646/2 8069/1146/2 6568/1142/2
f 4501/3155/2 6347/1145/2 8069/1146/2
f 8070/1143/2 6569/1141/2 4603/4062/2
f 5805/1129/2 8070/1143/2 5947/2873/2
f 5005/4061/2 6568/1142/2 8070/1143/2
f 8071/1140/2 5362/1138/2 4258/4063/2
f 6569/1141/2 8071/1140/2 5403/68/2
f 5100/4060/2 6567/1139/2 8071/1140/2
f 8072/1137/2 6566/1135/2 5099/4064/2
f 5950/544/2 8072/1137/2 6564/1133/2
f 4398/3222/2 6348/1136/2 8072/1137/2
f 8073/1134/2 6565/1132/2 4747/4066/2
f 5406/1435/2 8073/1134/2 6091/1370/2
f 4606/4065/2 6564/1133/2 8073/1134/2
f 8074/1131/2 5805/1129/2 4395/3207/2
f 6565/1132/2 8074/1131/2 5547/569/2
f 5099/4064/2 6563/1130/2 8074/1131/2
f 8075/1128/2 6562/1126/2 5098/4067/2
f 6094/73/2 8075/1128/2 6560/1124/2
f 4287/3472/2 6039/1127/2 8075/1128/2
f 8076/1125/2 6561/1123/2 5004/4069/2
f 5550/2848/2 8076/1125/2 6348/1136/2
f 4750/4068/2 6560/1124/2 8076/1125/2
f 8077/1122/2 5806/1120/2 4501/3155/2
f 6561/1123/2 8077/1122/2 5804/647/2
f 5098/4067/2 6559/1121/2 8077/1122/2
f 8078/1119/2 6558/1117/2 5097/4070/2
f 6353/655/2 8078/1119/2 6556/1115/2
f 4502/3149/2 6351/1118/2 8078/1119/2
f 8079/1116/2 6557/1114/2 4607/4072/2
f 5809/1102/2 8079/1116/2 5951/2846/2
f 5009/4071/2 6556/1115/2 8079/1116/2
f 8080/1113/2 5390/1111/2 4286/3497/2
f 6557/1114/2 8080/1113/2 5407/77/2
f 5097/4070/2 6555/1112/2 8080/1113/2
f 8081/1110/2 6554/1108/2 5096/4073/2
f 5954/517/2 8081/1110/2 6552/1106/2
f 4402/3240/2 6352/1109/2 8081/1110/2
f 8082/1107/2 6553/1105/2 4751/4075/2
f 5410/1516/2 8082/1107/2 6095/1451/2
f 4610/4074/2 6552/1106/2 8082/1107/2
f 8083/1104/2 5809/1102/2 4399/3225/2
f 6553/1105/2 8083/1104/2 5551/542/2
f 5096/4073/2 6551/1103/2 8083/1104/2
f 8084/1101/2 6550/1099/2 5095/4076/2
f 6098/82/2 8084/1101/2 6548/1097/2
f 4271/3994/2 6023/1100/2 8084/1101/2
f 8085/1098/2 6549/1096/2 5008/4078/2
f 5554/2821/2 8085/1098/2 6352/1109/2
f 4754/4077/2 6548/1097/2 8085/1098/2
f 8086/1095/2 5810/1093/2 4502/3149/2
f 6549/1096/2 8086/1095/2 5808/656/2
f 5095/4076/2 6547/1094/2 8086/1095/2
f 8087/1092/2 6546/1090/2 5094/4079/2
f 6357/664/2 8087/1092/2 6544/1088/2
f 4503/3143/2 6355/1091/2 8087/1092/2
f 8088/1089/2 6545/1087/2 4611/4081/2
f 5813/1075/2 8088/1089/2 5955/2819/2
f 5013/4080/2 6544/1088/2 8088/1089/2
f 8089/1086/2 5389/1084/2 4285/3844/2
f 6545/1087/2 8089/1086/2 5411/86/2
f 5094/4079/2 6543/1085/2 8089/1086/2
f 8090/1083/2 6542/1081/2 5093/4082/2
f 5958/490/2 8090/1083/2 6540/1079/2
f 4406/3258/2 6356/1082/2 8090/1083/2
f 8091/1080/2 6541/1078/2 4755/4084/2
f 5414/1597/2 8091/1080/2 6099/1532/2
f 4614/4083/2 6540/1079/2 8091/1080/2
f 8092/1077/2 5813/1075/2 4403/3243/2
f 6541/1078/2 8092/1077/2 5555/515/2
f 5093/4082/2 6539/1076/2 8092/1077/2
f 8093/1074/2 6538/1072/2 5092/4085/2
f 6102/91/2 8093/1074/2 6536/1070/2
f 4284/3933/2 6036/1073/2 8093/1074/2
f 8094/1071/2 6537/1069/2 5012/4087/2
f 5558/2794/2 8094/1071/2 6356/1082/2
f 4758/4086/2 6536/1070/2 8094/1071/2
f 8095/1068/2 5814/1066/2 4503/3143/2
f 6537/1069/2 8095/1068/2 5812/665/2
f 5092/4085/2 6535/1067/2 8095/1068/2
f 8096/1065/2 6534/1063/2 5091/4088/2
f 6361/673/2 8096/1065/2 6532/1061/2
f 4504/3137/2 6359/1064/2 8096/1065/2
f 8097/1062/2 6533/1060/2 4615/4090/2
f 5817/1048/2 8097/1062/2 5959/2792/2
f 5017/4089/2 6532/1061/2 8097/1062/2
f 8098/1059/2 5358/1057/2 4254/4091/2
f 6533/1060/2 8098/1059/2 5415/95/2
f 5091/4088/2 6531/1058/2 8098/1059/2
f 8099/1056/2 6530/1054/2 5090/4092/2
f 5962/463/2 8099/1056/2 6528/1052/2
f 4410/3276/2 6360/1055/2 8099/1056/2
f 8100/1053/2 6529/1051/2 4759/4094/2
f 5418/1678/2 8100/1053/2 6103/1613/2
f 4618/4093/2 6528/1052/2 8100/1053/2
f 8101/1050/2 5817/1048/2 4407/3261/2
f 6529/1051/2 8101/1050/2 5559/488/2
f 5090/4092/2 6527/1049/2 8101/1050/2
f 8102/1047/2 6526/1045/2 5089/4095/2
f 6106/100/2 8102/1047/2 6524/1043/2
f 4283/3505/2 6035/1046/2 8102/1047/2
f 8103/1044/2 6525/1042/2 5016/4097/2
f 5562/2767/2 8103/1044/2 6360/1055/2
f 4762/4096/2 6524/1043/2 8103/1044/2
f 8104/1041/2 5818/1039/2 4504/3137/2
f 6525/1042/2 8104/1041/2 5816/674/2
f 5089/4095/2 6523/1040/2 8104/1041/2
f 8105/1038/2 6522/1036/2 5088/4098/2
f 6365/682/2 8105/1038/2 6520/1034/2
f 4505/3131/2 6363/1037/2 8105/1038/2
f 8106/1035/2 6521/1033/2 4619/4100/2
f 5821/1021/2 8106/1035/2 5963/2765/2
f 5021/4099/2 6520/1034/2 8106/1035/2
f 8107/1032/2 5386/1030/2 4282/3530/2
f 6521/1033/2 8107/1032/2 5419/104/2
f 5088/4098/2 6519/1031/2 8107/1032/2
f 8108/1029/2 6518/1027/2 5087/4101/2
f 5966/436/2 8108/1029/2 6516/1025/2
f 4414/3294/2 6364/1028/2 8108/1029/2
f 8109/1026/2 6517/1024/2 4763/4103/2
f 5422/1759/2 8109/1026/2 6107/1694/2
f 4622/4102/2 6516/1025/2 8109/1026/2
f 8110/1023/2 5821/1021/2 4411/3279/2
f 6517/1024/2 8110/1023/2 5563/461/2
f 5087/4101/2 6515/1022/2 8110/1023/2
f 8111/1020/2 6514/1018/2 5086/4104/2
f 6110/109/2 8111/1020/2 6512/1016/2
f 4272/3640/2 6024/1019/2 8111/1020/2
f 8112/1017/2 6513/1015/2 5020/4106/2
f 5566/2740/2 8112/1017/2 6364/1028/2
f 4766/4105/2 6512/1016/2 8112/1017/2
f 8113/1014/2 5822/1012/2 4505/3131/2
f 6513/1015/2 8113/1014/2 5820/683/2
f 5086/4104/2 6511/1013/2 8113/1014/2
f 8114/1011/2 6510/1009/2 5085/4107/2
f 6369/691/2 8114/1011/2 6508/1007/2
f 4506/3125/2 6367/1010/2 8114/1011/2
f 8115/1008/2 6509/1006/2 4623/4109/2
f 5825/994/2 8115/1008/2 5967/2738/2
f 5025/4108/2 6508/1007/2 8115/1008/2
f 8116/1005/2 5385/1003/2 4281/3710/2
f 6509/1006/2 8116/1005/2 5423/113/2
f 5085/4107/2 6507/1004/2 8116/1005/2
f 8117/1002/2 6506/1000/2 5084/4110/2
f 5970/409/2 8117/1002/2 6504/998/2
f 4418/3312/2 6368/1001/2 8117/1002/2
f 8118/999/2 6505/997/2 4767/4112/2
f 5426/1840/2 8118/999/2 6111/1775/2
f 4626/4111/2 6504/998/2 8118/999/2
f 8119/996/2 5825/994/2 4415/3297/2
f 6505/997/2 8119/996/2 5567/434/2
f 5084/4110/2 6503/995/2 8119/996/2
f 8120/993/2 6502/991/2 5083/4113/2
f 6114/118/2 8120/993/2 6500/989/2
f 4280/3816/2 6032/992/2 8120/993/2
f 8121/990/2 6501/988/2 5024/4115/2
f 5570/2713/2 8121/990/2 6368/1001/2
f 4770/4114/2 6500/989/2 8121/990/2
f 8122/987/2 5826/985/2 4506/3125/2
f 6501/988/2 8122/987/2 5824/692/2
f 5083/4113/2 6499/986/2 8122/987/2
f 8123/984/2 6498/982/2 5082/4116/2
f 6373/700/2 8123/984/2 6496/980/2
f 4507/3119/2 6371/983/2 8123/984/2
f 8124/981/2 6497/979/2 4627/4118/2
f 5829/967/2 8124/981/2 5971/2711/2
f 5029/4117/2 6496/980/2 8124/981/2
f 8125/978/2 5365/976/2 4261/3886/2
f 6497/979/2 8125/978/2 5427/122/2
f 5082/4116/2 6495/977/2 8125/978/2
f 8126/975/2 6494/973/2 5081/4119/2
f 5974/382/2 8126/975/2 6492/971/2
f 4422/3330/2 6372/974/2 8126/975/2
f 8127/972/2 6493/970/2 4771/4121/2
f 5430/1921/2 8127/972/2 6115/1856/2
f 4630/4120/2 6492/971/2 8127/972/2
f 8128/969/2 5829/967/2 4419/3315/2
f 6493/970/2 8128/969/2 5571/407/2
f 5081/4119/2 6491/968/2 8128/969/2
f 8129/966/2 6490/964/2 5080/4122/2
f 6118/127/2 8129/966/2 6488/962/2
f 4279/3538/2 6031/965/2 8129/966/2
f 8130/963/2 6489/961/2 5028/4124/2
f 5574/2686/2 8130/963/2 6372/974/2
f 4774/4123/2 6488/962/2 8130/963/2
f 8131/960/2 5830/958/2 4507/3119/2
f 6489/961/2 8131/960/2 5828/701/2
f 5080/4122/2 6487/959/2 8131/960/2
f 8132/957/2 6486/955/2 5079/4125/2
f 6377/709/2 8132/957/2 6484/953/2
f 4508/3113/2 6375/956/2 8132/957/2
f 8133/954/2 6485/952/2 4631/4127/2
f 5833/940/2 8133/954/2 5975/2684/2
f 5033/4126/2 6484/953/2 8133/954/2
f 8134/951/2 5382/949/2 4278/3563/2
f 6485/952/2 8134/951/2 5431/131/2
f 5079/4125/2 6483/950/2 8134/951/2
f 8135/948/2 6482/946/2 5078/4128/2
f 5978/355/2 8135/948/2 6480/944/2
f 4426/3348/2 6376/947/2 8135/948/2
f 8136/945/2 6481/943/2 4775/4130/2
f 5434/2002/2 8136/945/2 6119/1937/2
f 4634/4129/2 6480/944/2 8136/945/2
f 8137/942/2 5833/940/2 4423/3333/2
f 6481/943/2 8137/942/2 5575/380/2
f 5078/4128/2 6479/941/2 8137/942/2
f 8138/939/2 6478/937/2 5077/4131/2
f 6122/136/2 8138/939/2 6476/935/2
f 4269/4133/2 6021/938/2 8138/939/2
f 8139/936/2 6477/934/2 5032/4134/2
f 5578/2659/2 8139/936/2 6376/947/2
f 4778/4132/2 6476/935/2 8139/936/2
f 8140/933/2 5834/931/2 4508/3113/2
f 6477/934/2 8140/933/2 5832/710/2
f 5077/4131/2 6475/932/2 8140/933/2
f 8141/930/2 6474/928/2 5076/4135/2
f 6381/718/2 8141/930/2 6472/926/2
f 4509/3107/2 6379/929/2 8141/930/2
f 8142/927/2 6473/925/2 4635/4137/2
f 5837/913/2 8142/927/2 5979/2657/2
f 5037/4136/2 6472/926/2 8142/927/2
f 8143/924/2 5381/922/2 4277/3596/2
f 6473/925/2 8143/924/2 5435/140/2
f 5076/4135/2 6471/923/2 8143/924/2
f 8144/921/2 6470/919/2 5075/4138/2
f 5982/328/2 8144/921/2 6468/917/2
f 4430/3366/2 6380/920/2 8144/921/2
f 8145/918/2 6469/916/2 4779/4140/2
f 5438/2083/2 8145/918/2 6123/2018/2
f 4638/4139/2 6468/917/2 8145/918/2
f 8146/915/2 5837/913/2 4427/3351/2
f 6469/916/2 8146/915/2 5579/353/2
f 5075/4138/2 6467/914/2 8146/915/2
f 8147/912/2 6466/910/2 5074/4141/2
f 6126/145/2 8147/912/2 6464/908/2
f 4276/3682/2 6028/911/2 8147/912/2
f 8148/909/2 6465/907/2 5036/4143/2
f 5582/2632/2 8148/909/2 6380/920/2
f 4782/4142/2 6464/908/2 8148/909/2
f 8149/906/2 5838/904/2 4509/3107/2
f 6465/907/2 8149/906/2 5836/719/2
f 5074/4141/2 6463/905/2 8149/906/2
f 8150/903/2 6462/901/2 5073/4144/2
f 6385/727/2 8150/903/2 6460/899/2
f 4510/3101/2 6383/902/2 8150/903/2
f 8151/900/2 6461/898/2 4639/4146/2
f 5841/886/2 8151/900/2 5983/2630/2
f 5041/4145/2 6460/899/2 8151/900/2
f 8152/897/2 5366/895/2 4262/3987/2
f 6461/898/2 8152/897/2 5439/149/2
f 5073/4144/2 6459/896/2 8152/897/2
f 8153/894/2 6458/892/2 5072/4147/2
f 5986/301/2 8153/894/2 6456/890/2
f 4434/3384/2 6384/893/2 8153/894/2
f 8154/891/2 6457/889/2 4783/4149/2
f 5442/2164/2 8154/891/2 6127/2099/2
f 4642/4148/2 6456/890/2 8154/891/2
f 8155/888/2 5841/886/2 4431/3369/2
f 6457/889/2 8155/888/2 5583/326/2
f 5072/4147/2 6455/887/2 8155/888/2
f 8156/885/2 6454/883/2 5071/4150/2
f 6130/154/2 8156/885/2 6452/881/2
f 4275/3571/2 6027/884/2 8156/885/2
f 8157/882/2 6453/880/2 5040/4152/2
f 5586/2605/2 8157/882/2 6384/893/2
f 4786/4151/2 6452/881/2 8157/882/2
f 8158/879/2 5842/877/2 4510/3101/2
f 6453/880/2 8158/879/2 5840/728/2
f 5071/4150/2 6451/878/2 8158/879/2
f 8159/876/2 6450/874/2 5070/4153/2
f 6389/736/2 8159/876/2 6448/872/2
f 4511/3095/2 6387/875/2 8159/876/2
f 8160/873/2 6449/871/2 4643/4155/2
f 5845/859/2 8160/873/2 5987/2603/2
f 5045/4154/2 6448/872/2 8160/873/2
f 8161/870/2 5378/868/2 4274/4017/2
f 6449/871/2 8161/870/2 5443/158/2
f 5070/4153/2 6447/869/2 8161/870/2
f 8162/867/2 6446/865/2 5069/4156/2
f 5990/274/2 8162/867/2 6444/863/2
f 4438/3402/2 6388/866/2 8162/867/2
f 8163/864/2 6445/862/2 4787/4158/2
f 5446/2245/2 8163/864/2 6131/2180/2
f 4646/4157/2 6444/863/2 8163/864/2
f 8164/861/2 5845/859/2 4435/3387/2
f 6445/862/2 8164/861/2 5587/299/2
f 5069/4156/2 6443/860/2 8164/861/2
f 8165/858/2 6442/856/2 5068/4159/2
f 6134/163/2 8165/858/2 6440/854/2
f 4257/4161/2 6009/857/2 8165/858/2
f 8166/855/2 6441/853/2 5044/4162/2
f 5590/2578/2 8166/855/2 6388/866/2
f 4790/4160/2 6440/854/2 8166/855/2
f 8167/852/2 5846/850/2 4511/3095/2
f 6441/853/2 8167/852/2 5844/737/2
f 5068/4159/2 6439/851/2 8167/852/2
f 8168/849/2 6438/847/2 5067/4163/2
f 6393/745/2 8168/849/2 6436/845/2
f 4512/3089/2 6391/848/2 8168/849/2
f 8169/846/2 6437/844/2 4647/4165/2
f 5849/832/2 8169/846/2 5991/2576/2
f 5049/4164/2 6436/845/2 8169/846/2
f 8170/843/2 5377/841/2 4273/3926/2
f 6437/844/2 8170/843/2 5447/167/2
f 5067/4163/2 6435/842/2 8170/843/2
f 8171/840/2 6434/838/2 5066/4166/2
f 5994/247/2 8171/840/2 6432/836/2
f 4442/3420/2 6392/839/2 8171/840/2
f 8172/837/2 6433/835/2 4791/4168/2
f 5450/2326/2 8172/837/2 6135/2261/2
f 4650/4167/2 6432/836/2 8172/837/2
f 8173/834/2 5849/832/2 4439/3405/2
f 6433/835/2 8173/834/2 5591/272/2
f 5066/4166/2 6431/833/2 8173/834/2
f 8174/831/2 6430/829/2 5065/4169/2
f 6138/172/2 8174/831/2 6428/827/2
f 4260/3603/2 6012/830/2 8174/831/2
f 8175/828/2 6429/826/2 5048/4171/2
f 5594/2551/2 8175/828/2 6392/839/2
f 4794/4170/2 6428/827/2 8175/828/2
f 8176/825/2 5850/823/2 4512/3089/2
f 6429/826/2 8176/825/2 5848/746/2
f 5065/4169/2 6427/824/2 8176/825/2
f 8177/822/2 6426/820/2 5064/4172/2
f 6397/754/2 8177/822/2 6424/818/2
f 4513/3083/2 6395/821/2 8177/822/2
f 8178/819/2 6425/817/2 4651/4174/2
f 5853/805/2 8178/819/2 5995/2549/2
f 5053/4173/2 6424/818/2 8178/819/2
f 8179/816/2 5370/814/2 4266/4175/2
f 6425/817/2 8179/816/2 5451/176/2
f 5064/4172/2 6423/815/2 8179/816/2
f 8180/813/2 6422/811/2 5063/4176/2
f 5998/220/2 8180/813/2 6420/809/2
f 4446/3438/2 6396/812/2 8180/813/2
f 8181/810/2 6421/808/2 4795/4178/2
f 5454/2407/2 8181/810/2 6139/2342/2
f 4654/4177/2 6420/809/2 8181/810/2
f 8182/807/2 5853/805/2 4443/3423/2
f 6421/808/2 8182/807/2 5595/245/2
f 5063/4176/2 6419/806/2 8182/807/2
f 8183/804/2 6418/802/2 5062/4179/2
f 6142/181/2 8183/804/2 6416/800/2
f 4259/3963/2 6011/803/2 8183/804/2
f 8184/801/2 6417/799/2 5052/4181/2
f 5598/2524/2 8184/801/2 6396/812/2
f 4798/4180/2 6416/800/2 8184/801/2
f 8185/798/2 5854/796/2 4513/3083/2
f 6417/799/2 8185/798/2 5852/755/2
f 5062/4179/2 6415/797/2 8185/798/2
f 8186/795/2 6414/793/2 5061/4182/2
f 6401/763/2 8186/795/2 6412/791/2
f 4514/3077/2 6399/794/2 8186/795/2
f 8187/792/2 6413/790/2 4655/4184/2
f 5857/778/2 8187/792/2 5999/2522/2
f 5057/4183/2 6412/791/2 8187/792/2
f 8188/789/2 5374/787/2 4270/4185/2
f 6413/790/2 8188/789/2 5455/185/2
f 5061/4182/2 6411/788/2 8188/789/2
f 8189/786/2 6410/784/2 5060/4186/2
f 6002/193/2 8189/786/2 6408/782/2
f 4450/3456/2 6400/785/2 8189/786/2
f 8190/783/2 6409/781/2 4799/4188/2
f 5458/2488/2 8190/783/2 6143/2423/2
f 4658/4187/2 6408/782/2 8190/783/2
f 8191/780/2 5857/778/2 4447/3441/2
f 6409/781/2 8191/780/2 5599/218/2
f 5060/4186/2 6407/779/2 8191/780/2
f 8192/777/2 6406/775/2 5059/4189/2
f 6146/190/2 8192/777/2 6404/773/2
f 4253/4191/2 6005/776/2 8192/777/2
f 8193/774/2 6405/772/2 5056/4192/2
f 5602/2497/2 8193/774/2 6400/785/2
f 4802/4190/2 6404/773/2 8193/774/2
f 8194/771/2 5858/769/2 4514/3077/2
f 6405/772/2 8194/771/2 5856/764/2
f 5059/4189/2 6403/770/2 8194/771/2
f 8195/768/2 6402/766/2 5058/3074/2
f 6406/775/2 8195/768/2 6403/770/2
f 4661/4193/2 5461/767/2 8195/768/2
f 8196/765/2 6401/763/2 5057/4183/2
f 6410/784/2 8196/765/2 6407/779/2
f 5056/4192/2 5856/764/2 8196/765/2
f 8197/762/2 5918/760/2 4574/4194/2
f 6414/793/2 8197/762/2 6411/788/2
f 5055/3076/2 5855/761/2 8197/762/2
f 8198/759/2 6398/757/2 5054/3080/2
f 6418/802/2 8198/759/2 6415/797/2
f 4667/3976/2 5467/758/2 8198/759/2
f 8199/756/2 6397/754/2 5053/4173/2
f 6422/811/2 8199/756/2 6419/806/2
f 5052/4181/2 5852/755/2 8199/756/2
f 8200/753/2 5914/751/2 4570/4195/2
f 6426/820/2 8200/753/2 6423/815/2
f 5051/3082/2 5851/752/2 8200/753/2
f 8201/750/2 6394/748/2 5050/3086/2
f 6430/829/2 8201/750/2 6427/824/2
f 4668/3616/2 5468/749/2 8201/750/2
f 8202/747/2 6393/745/2 5049/4164/2
f 6434/838/2 8202/747/2 6431/833/2
f 5048/4171/2 5848/746/2 8202/747/2
f 8203/744/2 5921/742/2 4577/3924/2
f 6438/847/2 8203/744/2 6435/842/2
f 5047/3088/2 5847/743/2 8203/744/2
f 8204/741/2 6390/739/2 5046/3092/2
f 6442/856/2 8204/741/2 6439/851/2
f 4665/4196/2 5465/740/2 8204/741/2
f 8205/738/2 6389/736/2 5045/4154/2
f 6446/865/2 8205/738/2 6443/860/2
f 5044/4162/2 5844/737/2 8205/738/2
f 8206/735/2 5922/733/2 4578/4015/2
f 6450/874/2 8206/735/2 6447/869/2
f 5043/3094/2 5843/734/2 8206/735/2
f 8207/732/2 6386/730/2 5042/3098/2
f 6454/883/2 8207/732/2 6451/878/2
f 4683/3585/2 5483/731/2 8207/732/2
f 8208/729/2 6385/727/2 5041/4145/2
f 6458/892/2 8208/729/2 6455/887/2
f 5040/4152/2 5840/728/2 8208/729/2
f 8209/726/2 5910/724/2 4566/3985/2
f 6462/901/2 8209/726/2 6459/896/2
f 5039/3100/2 5839/725/2 8209/726/2
f 8210/723/2 6382/721/2 5038/3104/2
f 6466/910/2 8210/723/2 6463/905/2
f 4684/3699/2 5484/722/2 8210/723/2
f 8211/720/2 6381/718/2 5037/4136/2
f 6470/919/2 8211/720/2 6467/914/2
f 5036/4143/2 5836/719/2 8211/720/2
f 8212/717/2 5925/715/2 4581/3594/2
f 6474/928/2 8212/717/2 6471/923/2
f 5035/3106/2 5835/716/2 8212/717/2
f 8213/714/2 6378/712/2 5034/3110/2
f 6478/937/2 8213/714/2 6475/932/2
f 4677/4197/2 5477/713/2 8213/714/2
f 8214/711/2 6377/709/2 5033/4126/2
f 6482/946/2 8214/711/2 6479/941/2
f 5032/4134/2 5832/710/2 8214/711/2
f 8215/708/2 5926/706/2 4582/3561/2
f 6486/955/2 8215/708/2 6483/950/2
f 5031/3112/2 5831/707/2 8215/708/2
f 8216/705/2 6374/703/2 5030/3116/2
f 6490/964/2 8216/705/2 6487/959/2
f 4687/3552/2 5487/704/2 8216/705/2
f 8217/702/2 6373/700/2 5029/4117/2
f 6494/973/2 8217/702/2 6491/968/2
f 5028/4124/2 5828/701/2 8217/702/2
f 8218/699/2 5909/697/2 4565/3884/2
f 6498/982/2 8218/699/2 6495/977/2
f 5027/3118/2 5827/698/2 8218/699/2
f 8219/696/2 6370/694/2 5026/3122/2
f 6502/991/2 8219/696/2 6499/986/2
f 4688/3833/2 5488/695/2 8219/696/2
f 8220/693/2 6369/691/2 5025/4108/2
f 6506/1000/2 8220/693/2 6503/995/2
f 5024/4115/2 5824/692/2 8220/693/2
f 8221/690/2 5929/688/2 4585/3708/2
f 6510/1009/2 8221/690/2 6507/1004/2
f 5023/3124/2 5823/689/2 8221/690/2
f 8222/687/2 6366/685/2 5022/3128/2
f 6514/1018/2 8222/687/2 6511/1013/2
f 4680/3658/2 5480/686/2 8222/687/2
f 8223/684/2 6365/682/2 5021/4099/2
f 6518/1027/2 8223/684/2 6515/1022/2
f 5020/4106/2 5820/683/2 8223/684/2
f 8224/681/2 5930/679/2 4586/3528/2
f 6522/1036/2 8224/681/2 6519/1031/2
f 5019/3130/2 5819/680/2 8224/681/2
f 8225/678/2 6362/676/2 5018/3134/2
f 6526/1045/2 8225/678/2 6523/1040/2
f 4691/3519/2 5491/677/2 8225/678/2
f 8226/675/2 6361/673/2 5017/4089/2
f 6530/1054/2 8226/675/2 6527/1049/2
f 5016/4097/2 5816/674/2 8226/675/2
f 8227/672/2 5902/670/2 4558/4198/2
f 6534/1063/2 8227/672/2 6531/1058/2
f 5015/3136/2 5815/671/2 8227/672/2
f 8228/669/2 6358/667/2 5014/3140/2
f 6538/1072/2 8228/669/2 6535/1067/2
f 4692/3945/2 5492/668/2 8228/669/2
f 8229/666/2 6357/664/2 5013/4080/2
f 6542/1081/2 8229/666/2 6539/1076/2
f 5012/4087/2 5812/665/2 8229/666/2
f 8230/663/2 5933/661/2 4589/3842/2
f 6546/1090/2 8230/663/2 6543/1085/2
f 5011/3142/2 5811/662/2 8230/663/2
f 8231/660/2 6354/658/2 5010/3146/2
f 6550/1099/2 8231/660/2 6547/1094/2
f 4679/4006/2 5479/659/2 8231/660/2
f 8232/657/2 6353/655/2 5009/4071/2
f 6554/1108/2 8232/657/2 6551/1103/2
f 5008/4078/2 5808/656/2 8232/657/2
f 8233/654/2 5934/652/2 4590/3495/2
f 6558/1117/2 8233/654/2 6555/1112/2
f 5007/3148/2 5807/653/2 8233/654/2
f 8234/651/2 6350/649/2 5006/3152/2
f 6562/1126/2 8234/651/2 6559/1121/2
f 4695/3486/2 5495/650/2 8234/651/2
f 8235/648/2 6349/646/2 5005/4061/2
f 6566/1135/2 8235/648/2 6563/1130/2
f 5004/4069/2 5804/647/2 8235/648/2
f 8236/645/2 5906/643/2 4562/4199/2
f 6570/1144/2 8236/645/2 6567/1139/2
f 5003/3154/2 5803/644/2 8236/645/2
f 8237/642/2 6346/640/2 5002/3158/2
f 6574/1153/2 8237/642/2 6571/1148/2
f 4696/4037/2 5496/641/2 8237/642/2
f 8238/639/2 6345/637/2 5001/4052/2
f 6578/1162/2 8238/639/2 6575/1157/2
f 5000/4059/2 5800/638/2 8238/639/2
f 8239/636/2 5937/634/2 4593/3954/2
f 6582/1171/2 8239/636/2 6579/1166/2
f 4999/3160/2 5799/635/2 8239/636/2
f 8240/633/2 6342/631/2 4998/3164/2
f 6586/1180/2 8240/633/2 6583/1175/2
f 4673/4200/2 5473/632/2 8240/633/2
f 8241/630/2 6341/628/2 4997/4042/2
f 6590/1189/2 8241/630/2 6587/1184/2
f 4996/4050/2 5796/629/2 8241/630/2
f 8242/627/2 5938/625/2 4594/3462/2
f 6594/1198/2 8242/627/2 6591/1193/2
f 4995/3166/2 5795/626/2 8242/627/2
f 8243/624/2 6338/622/2 4994/3170/2
f 6598/1207/2 8243/624/2 6595/1202/2
f 4739/4046/2 5539/623/2 8243/624/2
f 8244/621/2 6337/619/2 4993/4033/2
f 6602/1216/2 8244/621/2 6599/1211/2
f 4992/4040/2 5792/620/2 8244/621/2
f 8245/618/2 5898/616/2 4554/3474/2
f 6606/1225/2 8245/618/2 6603/1220/2
f 4991/3172/2 5791/617/2 8245/618/2
f 8246/615/2 6334/613/2 4990/3176/2
f 6610/1234/2 8246/615/2 6607/1229/2
f 4740/4016/2 5540/614/2 8246/615/2
f 8247/612/2 6333/610/2 4989/4023/2
f 6614/1243/2 8247/612/2 6611/1238/2
f 4988/4031/2 5788/611/2 8247/612/2
f 8248/609/2 5941/607/2 4597/4036/2
f 6618/1252/2 8248/609/2 6615/1247/2
f 4987/3178/2 5787/608/2 8248/609/2
f 8249/606/2 6330/604/2 4986/3182/2
f 6622/1261/2 8249/606/2 6619/1256/2
f 4713/4201/2 5513/605/2 8249/606/2
f 8250/603/2 6329/601/2 4985/4011/2
f 6626/1270/2 8250/603/2 6623/1265/2
f 4984/4021/2 5784/602/2 8250/603/2
f 8251/600/2 5942/598/2 4598/4045/2
f 6630/1279/2 8251/600/2 6627/1274/2
f 4983/3184/2 5783/599/2 8251/600/2
f 8252/597/2 6326/595/2 4982/3188/2
f 6634/1288/2 8252/597/2 6631/1283/2
f 4743/4056/2 5543/596/2 8252/597/2
f 8253/594/2 6325/592/2 4981/4002/2
f 6638/1297/2 8253/594/2 6635/1292/2
f 4980/4009/2 5780/593/2 8253/594/2
f 8254/591/2 5897/589/2 4553/3965/2
f 6642/1306/2 8254/591/2 6639/1301/2
f 4979/3190/2 5779/590/2 8254/591/2
f 8255/588/2 6322/586/2 4978/3194/2
f 6646/1315/2 8255/588/2 6643/1310/2
f 4744/3986/2 5544/587/2 8255/588/2
f 8256/585/2 6321/583/2 4977/3992/2
f 6650/1324/2 8256/585/2 6647/1319/2
f 4976/4000/2 5776/584/2 8256/585/2
f 8257/582/2 5945/580/2 4601/4005/2
f 6654/1333/2 8257/582/2 6651/1328/2
f 4975/3196/2 5775/581/2 8257/582/2
f 8258/579/2 6318/577/2 4974/3200/2
f 6658/1342/2 8258/579/2 6655/1337/2
f 4736/4028/2 5536/578/2 8258/579/2
f 8259/576/2 6317/574/2 4973/3981/2
f 6662/1351/2 8259/576/2 6659/1346/2
f 4972/3990/2 5772/575/2 8259/576/2
f 8260/573/2 5946/571/2 4602/4055/2
f 6666/1360/2 8260/573/2 6663/1355/2
f 4971/3202/2 5771/572/2 8260/573/2
f 8261/570/2 6314/568/2 4970/3206/2
f 6670/1369/2 8261/570/2 6667/1364/2
f 4747/4066/2 5547/569/2 8261/570/2
f 8262/567/2 6313/565/2 4969/3971/2
f 6674/1378/2 8262/567/2 6671/1373/2
f 4968/3979/2 5768/566/2 8262/567/2
f 8263/564/2 5866/562/2 4522/4202/2
f 6678/1387/2 8263/564/2 6675/1382/2
f 4967/3208/2 5767/563/2 8263/564/2
f 8264/561/2 6310/559/2 4966/3212/2
f 6682/1396/2 8264/561/2 6679/1391/2
f 4748/3955/2 5548/560/2 8264/561/2
f 8265/558/2 6309/556/2 4965/3961/2
f 6686/1405/2 8265/558/2 6683/1400/2
f 4964/3969/2 5764/557/2 8265/558/2
f 8266/555/2 5949/553/2 4605/3975/2
f 6690/1414/2 8266/555/2 6687/1409/2
f 4963/3214/2 5763/554/2 8266/555/2
f 8267/552/2 6306/550/2 4962/3218/2
f 6694/1423/2 8267/552/2 6691/1418/2
f 4735/3475/2 5535/551/2 8267/552/2
f 8268/549/2 6305/547/2 4961/3950/2
f 6698/1432/2 8268/549/2 6695/1427/2
f 4960/3959/2 5760/548/2 8268/549/2
f 8269/546/2 5950/544/2 4606/4065/2
f 6702/1441/2 8269/546/2 6699/1436/2
f 4959/3220/2 5759/545/2 8269/546/2
f 8270/543/2 6302/541/2 4958/3224/2
f 6706/1450/2 8270/543/2 6703/1445/2
f 4751/4075/2 5551/542/2 8270/543/2
f 8271/540/2 6301/538/2 4957/3941/2
f 6710/1459/2 8271/540/2 6707/1454/2
f 4956/3948/2 5756/539/2 8271/540/2
f 8272/537/2 5894/535/2 4550/3507/2
f 6714/1468/2 8272/537/2 6711/1463/2
f 4955/3226/2 5755/536/2 8272/537/2
f 8273/534/2 6298/532/2 4954/3230/2
f 6718/1477/2 8273/534/2 6715/1472/2
f 4752/3925/2 5552/533/2 8273/534/2
f 8274/531/2 6297/529/2 4953/3931/2
f 6722/1486/2 8274/531/2 6719/1481/2
f 4952/3939/2 5752/530/2 8274/531/2
f 8275/528/2 5953/526/2 4609/3944/2
f 6726/1495/2 8275/528/2 6723/1490/2
f 4951/3232/2 5751/527/2 8275/528/2
f 8276/525/2 6294/523/2 4950/3236/2
f 6730/1504/2 8276/525/2 6727/1499/2
f 4719/3997/2 5519/524/2 8276/525/2
f 8277/522/2 6293/520/2 4949/3920/2
f 6734/1513/2 8277/522/2 6731/1508/2
f 4948/3929/2 5748/521/2 8277/522/2
f 8278/519/2 5954/517/2 4610/4074/2
f 6738/1522/2 8278/519/2 6735/1517/2
f 4947/3238/2 5747/518/2 8278/519/2
f 8279/516/2 6290/514/2 4946/3242/2
f 6742/1531/2 8279/516/2 6739/1526/2
f 4755/4084/2 5555/515/2 8279/516/2
f 8280/513/2 6289/511/2 4945/3906/2
f 6746/1540/2 8280/513/2 6743/1535/2
f 4944/3918/2 5744/512/2 8280/513/2
f 8281/510/2 5893/508/2 4549/3856/2
f 6750/1549/2 8281/510/2 6747/1544/2
f 4943/3244/2 5743/509/2 8281/510/2
f 8282/507/2 6286/505/2 4942/3248/2
f 6754/1558/2 8282/507/2 6751/1553/2
f 4756/3885/2 5556/506/2 8282/507/2
f 8283/504/2 6285/502/2 4941/3891/2
f 6758/1567/2 8283/504/2 6755/1562/2
f 4940/3904/2 5740/503/2 8283/504/2
f 8284/501/2 5957/499/2 4613/3912/2
f 6762/1576/2 8284/501/2 6759/1571/2
f 4939/3250/2 5739/500/2 8284/501/2
f 8285/498/2 6282/496/2 4938/3254/2
f 6766/1585/2 8285/498/2 6763/1580/2
f 4732/3936/2 5532/497/2 8285/498/2
f 8286/495/2 6281/493/2 4937/3880/2
f 6770/1594/2 8286/495/2 6767/1589/2
f 4936/3889/2 5736/494/2 8286/495/2
f 8287/492/2 5958/490/2 4614/4083/2
f 6774/1603/2 8287/492/2 6771/1598/2
f 4935/3256/2 5735/491/2 8287/492/2
f 8288/489/2 6278/487/2 4934/3260/2
f 6778/1612/2 8288/489/2 6775/1607/2
f 4759/4094/2 5559/488/2 8288/489/2
f 8289/486/2 6277/484/2 4933/3865/2
f 6782/1621/2 8289/486/2 6779/1616/2
f 4932/3878/2 5732/485/2 8289/486/2
f 8290/483/2 5862/481/2 4518/4203/2
f 6786/1630/2 8290/483/2 6783/1625/2
f 4931/3262/2 5731/482/2 8290/483/2
f 8291/480/2 6274/478/2 4930/3266/2
f 6790/1639/2 8291/480/2 6787/1634/2
f 4760/3843/2 5560/479/2 8291/480/2
f 8292/477/2 6273/475/2 4929/3849/2
f 6794/1648/2 8292/477/2 6791/1643/2
f 4928/3863/2 5728/476/2 8292/477/2
f 8293/474/2 5961/472/2 4617/3872/2
f 6798/1657/2 8293/474/2 6795/1652/2
f 4927/3268/2 5727/473/2 8293/474/2
f 8294/471/2 6270/469/2 4926/3272/2
f 6802/1666/2 8294/471/2 6799/1661/2
f 4731/3508/2 5531/470/2 8294/471/2
f 8295/468/2 6269/466/2 4925/3838/2
f 6806/1675/2 8295/468/2 6803/1670/2
f 4924/3847/2 5724/467/2 8295/468/2
f 8296/465/2 5962/463/2 4618/4093/2
f 6810/1684/2 8296/465/2 6807/1679/2
f 4923/3274/2 5723/464/2 8296/465/2
f 8297/462/2 6266/460/2 4922/3278/2
f 6814/1693/2 8297/462/2 6811/1688/2
f 4763/4103/2 5563/461/2 8297/462/2
f 8298/459/2 6265/457/2 4921/3829/2
f 6818/1702/2 8298/459/2 6815/1697/2
f 4920/3836/2 5720/458/2 8298/459/2
f 8299/456/2 5890/454/2 4546/3540/2
f 6822/1711/2 8299/456/2 6819/1706/2
f 4919/3280/2 5719/455/2 8299/456/2
f 8300/453/2 6262/451/2 4918/3284/2
f 6826/1720/2 8300/453/2 6823/1715/2
f 4764/3805/2 5564/452/2 8300/453/2
f 8301/450/2 6261/448/2 4917/3814/2
f 6830/1729/2 8301/450/2 6827/1724/2
f 4916/3826/2 5716/449/2 8301/450/2
f 8302/447/2 5965/445/2 4621/3832/2
f 6834/1738/2 8302/447/2 6831/1733/2
f 4915/3286/2 5715/446/2 8302/447/2
f 8303/444/2 6258/442/2 4914/3290/2
f 6838/1747/2 8303/444/2 6835/1742/2
f 4720/3645/2 5520/443/2 8303/444/2
f 8304/441/2 6257/439/2 4913/3798/2
f 6842/1756/2 8304/441/2 6839/1751/2
f 4912/3811/2 5712/440/2 8304/441/2
f 8305/438/2 5966/436/2 4622/4102/2
f 6846/1765/2 8305/438/2 6843/1760/2
f 4911/3292/2 5711/437/2 8305/438/2
f 8306/435/2 6254/433/2 4910/3296/2
f 6850/1774/2 8306/435/2 6847/1769/2
f 4767/4112/2 5567/434/2 8306/435/2
f 8307/432/2 6253/430/2 4909/3784/2
f 6854/1783/2 8307/432/2 6851/1778/2
f 4908/3796/2 5708/431/2 8307/432/2
f 8308/429/2 5889/427/2 4545/3722/2
f 6858/1792/2 8308/429/2 6855/1787/2
f 4907/3298/2 5707/428/2 8308/429/2
f 8309/426/2 6250/424/2 4906/3302/2
f 6862/1801/2 8309/426/2 6859/1796/2
f 4768/3753/2 5568/425/2 8309/426/2
f 8310/423/2 6249/421/2 4905/3763/2
f 6866/1810/2 8310/423/2 6863/1805/2
f 4904/3781/2 5704/422/2 8310/423/2
f 8311/420/2 5969/418/2 4625/3790/2
f 6870/1819/2 8311/420/2 6867/1814/2
f 4903/3304/2 5703/419/2 8311/420/2
f 8312/417/2 6246/415/2 4902/3308/2
f 6874/1828/2 8312/417/2 6871/1823/2
f 4728/3821/2 5528/416/2 8312/417/2
f 8313/414/2 6245/412/2 4901/3746/2
f 6878/1837/2 8313/414/2 6875/1832/2
f 4900/3760/2 5700/413/2 8313/414/2
f 8314/411/2 5970/409/2 4626/4111/2
f 6882/1846/2 8314/411/2 6879/1841/2
f 4899/3310/2 5699/410/2 8314/411/2
f 8315/408/2 6242/406/2 4898/3314/2
f 6886/1855/2 8315/408/2 6883/1850/2
f 4771/4121/2 5571/407/2 8315/408/2
f 8316/405/2 6241/403/2 4897/3731/2
f 6890/1864/2 8316/405/2 6887/1859/2
f 4896/3744/2 5696/404/2 8316/405/2
f 8317/402/2 5869/400/2 4525/3898/2
f 6894/1873/2 8317/402/2 6891/1868/2
f 4895/3316/2 5695/401/2 8317/402/2
f 8318/399/2 6238/397/2 4894/3320/2
f 6898/1882/2 8318/399/2 6895/1877/2
f 4772/3709/2 5572/398/2 8318/399/2
f 8319/396/2 6237/394/2 4893/3715/2
f 6902/1891/2 8319/396/2 6899/1886/2
f 4892/3729/2 5692/395/2 8319/396/2
f 8320/393/2 5973/391/2 4629/3738/2
f 6906/1900/2 8320/393/2 6903/1895/2
f 4891/3322/2 5691/392/2 8320/393/2
f 8321/390/2 6234/388/2 4890/3326/2
f 6910/1909/2 8321/390/2 6907/1904/2
f 4727/3541/2 5527/389/2 8321/390/2
f 8322/387/2 6233/385/2 4889/3704/2
f 6914/1918/2 8322/387/2 6911/1913/2
f 4888/3713/2 5688/386/2 8322/387/2
f 8323/384/2 5974/382/2 4630/4120/2
f 6918/1927/2 8323/384/2 6915/1922/2
f 4887/3328/2 5687/383/2 8323/384/2
f 8324/381/2 6230/379/2 4886/3332/2
f 6922/1936/2 8324/381/2 6919/1931/2
f 4775/4130/2 5575/380/2 8324/381/2
f 8325/378/2 6229/376/2 4885/3695/2
f 6926/1945/2 8325/378/2 6923/1940/2
f 4884/3702/2 5684/377/2 8325/378/2
f 8326/375/2 5886/373/2 4542/3573/2
f 6930/1954/2 8326/375/2 6927/1949/2
f 4883/3334/2 5683/374/2 8326/375/2
f 8327/372/2 6226/370/2 4882/3338/2
f 6934/1963/2 8327/372/2 6931/1958/2
f 4776/3670/2 5576/371/2 8327/372/2
f 8328/369/2 6225/367/2 4881/3680/2
f 6938/1972/2 8328/369/2 6935/1967/2
f 4880/3692/2 5680/368/2 8328/369/2
f 8329/366/2 5977/364/2 4633/3698/2
f 6942/1981/2 8329/366/2 6939/1976/2
f 4879/3340/2 5679/365/2 8329/366/2
f 8330/363/2 6222/361/2 4878/3344/2
f 6946/1990/2 8330/363/2 6943/1985/2
f 4717/4204/2 5517/362/2 8330/363/2
f 8331/360/2 6221/358/2 4877/3663/2
f 6950/1999/2 8331/360/2 6947/1994/2
f 4876/3677/2 5676/359/2 8331/360/2
f 8332/357/2 5978/355/2 4634/4129/2
f 6954/2008/2 8332/357/2 6951/2003/2
f 4875/3346/2 5675/356/2 8332/357/2
f 8333/354/2 6218/352/2 4874/3350/2
f 6958/2017/2 8333/354/2 6955/2012/2
f 4779/4140/2 5579/353/2 8333/354/2
f 8334/351/2 6217/349/2 4873/3654/2
f 6962/2026/2 8334/351/2 6959/2021/2
f 4872/3661/2 5672/350/2 8334/351/2
f 8335/348/2 5885/346/2 4541/3605/2
f 6966/2035/2 8335/348/2 6963/2030/2
f 4871/3352/2 5671/347/2 8335/348/2
f 8336/345/2 6214/343/2 4870/3356/2
f 6970/2044/2 8336/345/2 6967/2039/2
f 4780/3628/2 5580/344/2 8336/345/2
f 8337/342/2 6213/340/2 4869/3638/2
f 6974/2053/2 8337/342/2 6971/2048/2
f 4868/3651/2 5668/341/2 8337/342/2
f 8338/339/2 5981/337/2 4637/3657/2
f 6978/2062/2 8338/339/2 6975/2057/2
f 4867/3358/2 5667/338/2 8338/339/2
f 8339/336/2 6210/334/2 4866/3362/2
f 6982/2071/2 8339/336/2 6979/2066/2
f 4724/3687/2 5524/335/2 8339/336/2
f 8340/333/2 6209/331/2 4865/3621/2
f 6986/2080/2 8340/333/2 6983/2075/2
f 4864/3635/2 5664/332/2 8340/333/2
f 8341/330/2 5982/328/2 4638/4139/2
f 6990/2089/2 8341/330/2 6987/2084/2
f 4863/3364/2 5663/329/2 8341/330/2
f 8342/327/2 6206/325/2 4862/3368/2
f 6994/2098/2 8342/327/2 6991/2093/2
f 4783/4149/2 5583/326/2 8342/327/2
f 8343/324/2 6205/322/2 4861/3611/2
f 6998/2107/2 8343/324/2 6995/2102/2
f 4860/3619/2 5660/323/2 8343/324/2
f 8344/321/2 5870/319/2 4526/3996/2
f 7002/2116/2 8344/321/2 6999/2111/2
f 4859/3370/2 5659/320/2 8344/321/2
f 8345/318/2 6202/316/2 4858/3374/2
f 7006/2125/2 8345/318/2 7003/2120/2
f 4784/3595/2 5584/317/2 8345/318/2
f 8346/315/2 6201/313/2 4857/3601/2
f 7010/2134/2 8346/315/2 7007/2129/2
f 4856/3609/2 5656/314/2 8346/315/2
f 8347/312/2 5985/310/2 4641/3615/2
f 7014/2143/2 8347/312/2 7011/2138/2
f 4855/3376/2 5655/311/2 8347/312/2
f 8348/309/2 6198/307/2 4854/3380/2
f 7018/2152/2 8348/309/2 7015/2147/2
f 4723/3574/2 5523/308/2 8348/309/2
f 8349/306/2 6197/304/2 4853/3590/2
f 7022/2161/2 8349/306/2 7019/2156/2
f 4852/3599/2 5652/305/2 8349/306/2
f 8350/303/2 5986/301/2 4642/4148/2
f 7026/2170/2 8350/303/2 7023/2165/2
f 4851/3382/2 5651/302/2 8350/303/2
f 8351/300/2 6194/298/2 4850/3386/2
f 7030/2179/2 8351/300/2 7027/2174/2
f 4787/4158/2 5587/299/2 8351/300/2
f 8352/297/2 6193/295/2 4849/3580/2
f 7034/2188/2 8352/297/2 7031/2183/2
f 4848/3588/2 5648/296/2 8352/297/2
f 8353/294/2 5882/292/2 4538/4027/2
f 7038/2197/2 8353/294/2 7035/2192/2
f 4847/3388/2 5647/293/2 8353/294/2
f 8354/291/2 6190/289/2 4846/3392/2
f 7042/2206/2 8354/291/2 7039/2201/2
f 4788/3562/2 5588/290/2 8354/291/2
f 8355/288/2 6189/286/2 4845/3569/2
f 7046/2215/2 8355/288/2 7043/2210/2
f 4844/3578/2 5644/287/2 8355/288/2
f 8356/285/2 5989/283/2 4645/3584/2
f 7050/2224/2 8356/285/2 7047/2219/2
f 4843/3394/2 5643/284/2 8356/285/2
f 8357/282/2 6186/280/2 4842/3398/2
f 7054/2233/2 8357/282/2 7051/2228/2
f 4705/4205/2 5505/281/2 8357/282/2
f 8358/279/2 6185/277/2 4841/3557/2
f 7058/2242/2 8358/279/2 7055/2237/2
f 4840/3567/2 5640/278/2 8358/279/2
f 8359/276/2 5990/274/2 4646/4157/2
f 7062/2251/2 8359/276/2 7059/2246/2
f 4839/3400/2 5639/275/2 8359/276/2
f 8360/273/2 6182/271/2 4838/3404/2
f 7066/2260/2 8360/273/2 7063/2255/2
f 4791/4168/2 5591/272/2 8360/273/2
f 8361/270/2 6181/268/2 4837/3547/2
f 7070/2269/2 8361/270/2 7067/2264/2
f 4836/3555/2 5636/269/2 8361/270/2
f 8362/267/2 5881/265/2 4537/3935/2
f 7074/2278/2 8362/267/2 7071/2273/2
f 4835/3406/2 5635/266/2 8362/267/2
f 8363/264/2 6178/262/2 4834/3410/2
f 7078/2287/2 8363/264/2 7075/2282/2
f 4792/3529/2 5592/263/2 8363/264/2
f 8364/261/2 6177/259/2 4833/3536/2
f 7082/2296/2 8364/261/2 7079/2291/2
f 4832/3545/2 5632/260/2 8364/261/2
f 8365/258/2 5993/256/2 4649/3551/2
f 7086/2305/2 8365/258/2 7083/2300/2
f 4831/3412/2 5631/257/2 8365/258/2
f 8366/255/2 6174/253/2 4830/3416/2
f 7090/2314/2 8366/255/2 7087/2309/2
f 4708/3606/2 5508/254/2 8366/255/2
f 8367/252/2 6173/250/2 4829/3524/2
f 7094/2323/2 8367/252/2 7091/2318/2
f 4828/3534/2 5628/251/2 8367/252/2
f 8368/249/2 5994/247/2 4650/4167/2
f 7098/2332/2 8368/249/2 7095/2327/2
f 4827/3418/2 5627/248/2 8368/249/2
f 8369/246/2 6170/244/2 4826/3422/2
f 7102/2341/2 8369/246/2 7099/2336/2
f 4795/4178/2 5595/245/2 8369/246/2
f 8370/243/2 6169/241/2 4825/3514/2
f 7106/2350/2 8370/243/2 7103/2345/2
f 4824/3522/2 5624/242/2 8370/243/2
f 8371/240/2 5874/238/2 4530/4206/2
f 7110/2359/2 8371/240/2 7107/2354/2
f 4823/3424/2 5623/239/2 8371/240/2
f 8372/237/2 6166/235/2 4822/3428/2
f 7114/2368/2 8372/237/2 7111/2363/2
f 4796/3496/2 5596/236/2 8372/237/2
f 8373/234/2 6165/232/2 4821/3503/2
f 7118/2377/2 8373/234/2 7115/2372/2
f 4820/3512/2 5620/233/2 8373/234/2
f 8374/231/2 5997/229/2 4653/3518/2
f 7122/2386/2 8374/231/2 7119/2381/2
f 4819/3430/2 5619/230/2 8374/231/2
f 8375/228/2 6162/226/2 4818/3434/2
f 7126/2395/2 8375/228/2 7123/2390/2
f 4707/3966/2 5507/227/2 8375/228/2
f 8376/225/2 6161/223/2 4817/3491/2
f 7130/2404/2 8376/225/2 7127/2399/2
f 4816/3501/2 5616/224/2 8376/225/2
f 8377/222/2 5998/220/2 4654/4177/2
f 7134/2413/2 8377/222/2 7131/2408/2
f 4815/3436/2 5615/221/2 8377/222/2
f 8378/219/2 6158/217/2 4814/3440/2
f 7138/2422/2 8378/219/2 7135/2417/2
f 4799/4188/2 5599/218/2 8378/219/2
f 8379/216/2 6157/214/2 4813/3481/2
f 7142/2431/2 8379/216/2 7139/2426/2
f 4812/3489/2 5612/215/2 8379/216/2
f 8380/213/2 5878/211/2 4534/4207/2
f 7146/2440/2 8380/213/2 7143/2435/2
f 4811/3442/2 5611/212/2 8380/213/2
f 8381/210/2 6154/208/2 4810/3446/2
f 7150/2449/2 8381/210/2 7147/2444/2
f 4800/3463/2 5600/209/2 8381/210/2
f 8382/207/2 6153/205/2 4809/3470/2
f 7154/2458/2 8382/207/2 7151/2453/2
f 4808/3479/2 5608/206/2 8382/207/2
f 8383/204/2 6001/202/2 4657/3485/2
f 7158/2467/2 8383/204/2 7155/2462/2
f 4807/3448/2 5607/203/2 8383/204/2
f 8384/201/2 6150/199/2 4806/3452/2
f 7162/2476/2 8384/201/2 7159/2471/2
f 4701/4208/2 5501/200/2 8384/201/2
f 8385/198/2 6149/196/2 4805/3458/2
f 7166/2485/2 8385/198/2 7163/2480/2
f 4804/3468/2 5604/197/2 8385/198/2
f 8386/195/2 6002/193/2 4658/4187/2
f 7170/2494/2 8386/195/2 7167/2489/2
f 4803/3454/2 5603/194/2 8386/195/2
f 8387/192/2 6146/190/2 4802/4190/2
f 7174/2503/2 8387/192/2 7171/2498/2
f 4557/4209/2 5357/191/2 8387/192/2
f 8388/189/2 6145/187/2 4801/3488/2
f 7178/2512/2 8388/189/2 7175/2507/2
f 4656/3459/2 5456/188/2 8388/189/2
f 8389/186/2 6022/184/2 4678/4210/2
f 7182/2521/2 8389/186/2 7179/2516/2
f 4655/4184/2 5455/185/2 8389/186/2
f 8390/183/2 6142/181/2 4798/4180/2
f 7186/2530/2 8390/183/2 7183/2525/2
f 4563/3962/2 5363/182/2 8390/183/2
f 8391/180/2 6141/178/2 4797/3521/2
f 7190/2539/2 8391/180/2 7187/2534/2
f 4652/3492/2 5452/179/2 8391/180/2
f 8392/177/2 6018/175/2 4674/4211/2
f 7194/2548/2 8392/177/2 7191/2543/2
f 4651/4174/2 5451/176/2 8392/177/2
f 8393/174/2 6138/172/2 4794/4170/2
f 7198/2557/2 8393/174/2 7195/2552/2
f 4564/3602/2 5364/173/2 8393/174/2
f 8394/171/2 6137/169/2 4793/3554/2
f 7202/2566/2 8394/171/2 7199/2561/2
f 4648/3525/2 5448/170/2 8394/171/2
f 8395/168/2 6025/166/2 4681/3938/2
f 7206/2575/2 8395/168/2 7203/2570/2
f 4647/4165/2 5447/167/2 8395/168/2
f 8396/165/2 6134/163/2 4790/4160/2
f 7210/2584/2 8396/165/2 7207/2579/2
f 4561/4212/2 5361/164/2 8396/165/2
f 8397/162/2 6133/160/2 4789/3587/2
f 7214/2593/2 8397/162/2 7211/2588/2
f 4644/3558/2 5444/161/2 8397/162/2
f 8398/159/2 6026/157/2 4682/4030/2
f 7218/2602/2 8398/159/2 7215/2597/2
f 4643/4155/2 5443/158/2 8398/159/2
f 8399/156/2 6130/154/2 4786/4151/2
f 7222/2611/2 8399/156/2 7219/2606/2
f 4579/3570/2 5379/155/2 8399/156/2
f 8400/153/2 6129/151/2 4785/3618/2
f 7226/2620/2 8400/153/2 7223/2615/2
f 4640/3591/2 5440/152/2 8400/153/2
f 8401/150/2 6014/148/2 4670/3999/2
f 7230/2629/2 8401/150/2 7227/2624/2
f 4639/4146/2 5439/149/2 8401/150/2
f 8402/147/2 6126/145/2 4782/4142/2
f 7234/2638/2 8402/147/2 7231/2633/2
f 4580/3681/2 5380/146/2 8402/147/2
f 8403/144/2 6125/142/2 4781/3660/2
f 7238/2647/2 8403/144/2 7235/2642/2
f 4636/3622/2 5436/143/2 8403/144/2
f 8404/141/2 6029/139/2 4685/3608/2
f 7242/2656/2 8404/141/2 7239/2651/2
f 4635/4137/2 5435/140/2 8404/141/2
f 8405/138/2 6122/136/2 4778/4132/2
f 7246/2665/2 8405/138/2 7243/2660/2
f 4573/4213/2 5373/137/2 8405/138/2
f 8406/135/2 6121/133/2 4777/3701/2
f 7250/2674/2 8406/135/2 7247/2669/2
f 4632/3664/2 5432/134/2 8406/135/2
f 8407/132/2 6030/130/2 4686/3577/2
f 7254/2683/2 8407/132/2 7251/2678/2
f 4631/4127/2 5431/131/2 8407/132/2
f 8408/129/2 6118/127/2 4774/4123/2
f 7258/2692/2 8408/129/2 7255/2687/2
f 4583/3537/2 5383/128/2 8408/129/2
f 8409/126/2 6117/124/2 4773/3743/2
f 7262/2701/2 8409/126/2 7259/2696/2
f 4628/3705/2 5428/125/2 8409/126/2
f 8410/123/2 6013/121/2 4669/3903/2
f 7266/2710/2 8410/123/2 7263/2705/2
f 4627/4118/2 5427/122/2 8410/123/2
f 8411/120/2 6114/118/2 4770/4114/2
f 7270/2719/2 8411/120/2 7267/2714/2
f 4584/3815/2 5384/119/2 8411/120/2
f 8412/117/2 6113/115/2 4769/3795/2
f 7274/2728/2 8412/117/2 7271/2723/2
f 4624/3747/2 5424/116/2 8412/117/2
f 8413/114/2 6033/112/2 4689/3728/2
f 7278/2737/2 8413/114/2 7275/2732/2
f 4623/4109/2 5423/113/2 8413/114/2
f 8414/111/2 6110/109/2 4766/4105/2
f 7282/2746/2 8414/111/2 7279/2741/2
f 4576/3639/2 5376/110/2 8414/111/2
f 8415/108/2 6109/106/2 4765/3835/2
f 7286/2755/2 8415/108/2 7283/2750/2
f 4620/3799/2 5420/107/2 8415/108/2
f 8416/105/2 6034/103/2 4690/3544/2
f 7290/2764/2 8416/105/2 7287/2759/2
f 4619/4100/2 5419/104/2 8416/105/2
f 8417/102/2 6106/100/2 4762/4096/2
f 7294/2773/2 8417/102/2 7291/2768/2
f 4587/3504/2 5387/101/2 8417/102/2
f 8418/99/2 6105/97/2 4761/3877/2
f 7298/2782/2 8418/99/2 7295/2777/2
f 4616/3839/2 5416/98/2 8418/99/2
f 8419/96/2 6006/94/2 4662/4214/2
f 7302/2791/2 8419/96/2 7299/2786/2
f 4615/4090/2 5415/95/2 8419/96/2
f 8420/93/2 6102/91/2 4758/4086/2
f 7306/2800/2 8420/93/2 7303/2795/2
f 4588/3932/2 5388/92/2 8420/93/2
f 8421/90/2 6101/88/2 4757/3917/2
f 7310/2809/2 8421/90/2 7307/2804/2
f 4612/3881/2 5412/89/2 8421/90/2
f 8422/87/2 6037/85/2 4693/3862/2
f 7314/2818/2 8422/87/2 7311/2813/2
f 4611/4081/2 5411/86/2 8422/87/2
f 8423/84/2 6098/82/2 4754/4077/2
f 7318/2827/2 8423/84/2 7315/2822/2
f 4575/3993/2 5375/83/2 8423/84/2
f 8424/81/2 6097/79/2 4753/3947/2
f 7322/2836/2 8424/81/2 7319/2831/2
f 4608/3921/2 5408/80/2 8424/81/2
f 8425/78/2 6038/76/2 4694/3511/2
f 7326/2845/2 8425/78/2 7323/2840/2
f 4607/4072/2 5407/77/2 8425/78/2
f 8426/75/2 6094/73/2 4750/4068/2
f 7330/2854/2 8426/75/2 7327/2849/2
f 4591/3471/2 5391/74/2 8426/75/2
f 8427/72/2 6093/70/2 4749/3978/2
f 7334/2863/2 8427/72/2 7331/2858/2
f 4604/3951/2 5404/71/2 8427/72/2
f 8428/69/2 6010/67/2 4666/4215/2
f 7338/2872/2 8428/69/2 7335/2867/2
f 4603/4062/2 5403/68/2 8428/69/2
f 8429/66/2 6090/64/2 4746/4058/2
f 7342/2881/2 8429/66/2 7339/2876/2
f 4592/4024/2 5392/65/2 8429/66/2
f 8430/63/2 6089/61/2 4745/4008/2
f 7346/2890/2 8430/63/2 7343/2885/2
f 4600/3982/2 5400/62/2 8430/63/2
f 8431/60/2 6041/58/2 4697/3968/2
f 7350/2899/2 8431/60/2 7347/2894/2
f 4599/4053/2 5399/59/2 8431/60/2
f 8432/57/2 6086/55/2 4742/4048/2
f 7354/2908/2 8432/57/2 7351/2903/2
f 4569/4216/2 5369/56/2 8432/57/2
f 8433/54/2 6085/52/2 4741/4039/2
f 7358/2917/2 8433/54/2 7355/2912/2
f 4596/4012/2 5396/53/2 8433/54/2
f 8434/51/2 6042/49/2 4698/3478/2
f 7362/2926/2 8434/51/2 7359/2921/2
f 4595/4043/2 5395/50/2 8434/51/2
f 8435/48/2 6082/46/2 4738/3466/2
f 7366/2935/2 8435/48/2 7363/2930/2
f 4529/4217/2 5329/47/2 8435/48/2
f 8436/45/2 6081/43/2 4737/3958/2
f 7370/2944/2 8436/45/2 7367/2939/2
f 4552/4034/2 5352/44/2 8436/45/2
f 8437/42/2 6050/40/2 4706/4218/2
f 7374/2953/2 8437/42/2 7371/2948/2
f 4551/3482/2 5351/41/2 8437/42/2
f 8438/39/2 6078/37/2 4734/3499/2
f 7378/2962/2 8438/39/2 7375/2957/2
f 4535/4003/2 5335/38/2 8438/39/2
f 8439/36/2 6077/34/2 4733/3846/2
f 7382/2971/2 8439/36/2 7379/2966/2
f 4548/3942/2 5348/35/2 8439/36/2
f 8440/33/2 6046/31/2 4702/4219/2
f 7386/2980/2 8440/33/2 7383/2975/2
f 4547/3515/2 5347/32/2 8440/33/2
f 8441/30/2 6074/28/2 4730/3532/2
f 7390/2989/2 8441/30/2 7387/2984/2
f 4536/3655/2 5336/29/2 8441/30/2
f 8442/27/2 6073/25/2 4729/3712/2
f 7394/2998/2 8442/27/2 7391/2993/2
f 4544/3830/2 5344/26/2 8442/27/2
f 8443/24/2 6053/22/2 4709/3888/2
f 7398/3007/2 8443/24/2 7395/3002/2
f 4543/3548/2 5343/23/2 8443/24/2
f 8444/21/2 6070/19/2 4726/3565/2
f 7402/3016/2 8444/21/2 7399/3011/2
f 4533/4220/2 5333/20/2 8444/21/2
f 8445/18/2 6069/16/2 4725/3598/2
f 7406/3025/2 8445/18/2 7403/3020/2
f 4540/3696/2 5340/17/2 8445/18/2
f 8446/15/2 6054/13/2 4710/3989/2
f 7410/3034/2 8446/15/2 7407/3029/2
f 4539/3581/2 5339/14/2 8446/15/2
f 8447/12/2 6066/10/2 4722/4019/2
f 7414/3043/2 8447/12/2 7411/3038/2
f 4521/4221/2 5321/11/2 8447/12/2
f 8448/9/2 6065/7/2 4721/3928/2
f 7418/3052/2 8448/9/2 7415/3047/2
f 4524/3612/2 5324/8/2 8448/9/2
f 8449/6/2 6058/4/2 4714/4222/2
f 7422/3061/2 8449/6/2 7419/3056/2
f 4523/3972/2 5323/5/2 8449/6/2
f 8450/3/2 6062/1/2 4718/4223/2
f 7426/3070/2 8450/3/2 7423/3065/2
f 4517/4224/2 5317/2/2 8450/3/2
f 1251/3750/3 5476/3750/3 4676/3751/3
f 1147/3779/3 5372/3779/3 4572/3780/3
f 139/3772/3 4364/3772/3 5516/3770/3
f 1252/713/4 5477/713/4 4677/4197/4
f 1148/137/4 5373/137/4 4573/4213/4
f 140/3345/4 4365/3345/4 5517/362/4
f 1253/2515/5 5478/2515/5 4678/4210/5
f 1149/787/5 5374/787/5 4574/4194/5
f 141/3078/5 4366/3078/5 5518/3064/5
f 1778/3768/6 6003/3768/6 4251/3767/6
f 1674/3793/6 5899/3793/6 4347/3787/6
f 474/3785/6 4699/3785/6 6043/3788/6
f 1779/3671/3 6004/3671/3 4252/3672/3
f 1675/3693/3 5900/3693/3 4348/3686/3
f 475/3685/3 4700/3685/3 6044/3688/3
f 1/3776/6 4226/3776/6 5315/3774/6
f 1780/776/4 6005/776/4 4253/4191/4
f 1676/2504/4 5901/2504/4 4349/3453/4
f 476/4208/4 4701/4208/4 6045/2477/4
f 2/3676/3 4227/3676/3 5316/3674/3
f 1781/94/5 6006/94/5 4254/4091/5
f 1677/670/5 5902/670/5 4350/3138/5
f 477/4219/5 4702/4219/5 6046/31/5
f 4/4225/4 4229/4225/4 5317/2/4
f 1782/3896/6 6007/3896/6 4255/3895/6
f 1678/3915/6 5903/3915/6 4351/3909/6
f 478/3907/6 4703/3907/6 6047/3910/6
f 3/3869/5 4228/3869/5 5318/1624/5
f 1783/3806/3 6008/3806/3 4256/3807/3
f 1679/3827/3 5904/3827/3 4352/3820/3
f 479/3819/3 4704/3819/3 6048/3822/3
f 5/3735/6 4230/3735/6 5319/3900/6
f 1784/857/4 6009/857/4 4257/4161/4
f 1680/2585/4 5905/2585/4 4353/3399/4
f 480/4205/4 4705/4205/4 6049/2234/4
f 6/3647/3 4231/3647/3 5320/3809/3
f 1785/67/5 6010/67/5 4258/4063/5
f 1681/643/5 5906/643/5 4354/3156/5
f 481/4218/5 4706/4218/5 6050/40/5
f 7/4020/4 4232/4020/4 5321/11/4
f 8/3973/5 4233/3973/5 5322/1381/5
f 1790/3720/6 6015/3720/6 4263/3719/6
f 1686/3741/6 5911/3741/6 4359/3734/6
f 486/3732/6 4711/3732/6 6055/3736/6
f 1791/3629/3 6016/3629/3 4264/3630/3
f 1687/3652/3 5912/3652/3 4360/3644/3
f 487/3643/3 4712/3643/3 6056/3646/3
f 10/3725/6 4235/3725/6 5327/3724/6
f 1792/1181/4 6017/1181/4 4265/4049/4
f 1688/2909/4 5913/2909/4 4361/3183/4
f 488/4201/4 4713/4201/4 6057/1262/4
f 11/3634/3 4236/3634/3 5328/3632/3
f 1793/175/5 6018/175/5 4266/4175/5
f 1689/751/5 5914/751/5 4362/3084/5
f 489/4222/5 4714/4222/5 6058/4/5
f 12/3467/4 4237/3467/4 5329/47/4
f 1794/3854/6 6019/3854/6 4267/3853/6
f 1690/3875/6 5915/3875/6 4363/3868/6
f 490/3866/6 4715/3866/6 6059/3870/6
f 13/3516/5 4238/3516/5 5330/2353/5
f 1795/3754/3 6020/3754/3 4268/3755/3
f 1274/3786/6 5499/3786/6 4699/3785/6
f 1691/3782/3 5916/3782/3 4364/3772/3
f 491/3771/3 4716/3771/3 6060/3775/3
f 14/3859/6 4239/3859/6 5331/3858/6
f 1796/938/4 6021/938/4 4269/4133/4
f 1275/3684/3 5500/3684/3 4700/3685/3
f 1692/2666/4 5917/2666/4 4365/3345/4
f 492/4204/4 4717/4204/4 6061/1991/4
f 15/3759/3 4240/3759/3 5332/3757/3
f 1797/184/5 6022/184/5 4270/4185/5
f 1276/200/4 5501/200/4 4701/4208/4
f 1693/760/5 5918/760/5 4366/3078/5
f 493/4223/5 4718/4223/5 6062/1/5
f 16/3566/4 4241/3566/4 5333/20/4
f 1277/2974/5 5502/2974/5 4702/4219/5
f 17/3483/5 4242/3483/5 5334/2434/5
f 1278/3908/6 5503/3908/6 4703/3907/6
f 1279/3818/3 5504/3818/3 4704/3819/3
f 1280/281/4 5505/281/4 4705/4205/4
f 1281/2947/5 5506/2947/5 4706/4218/5
f 290/3773/6 4515/3773/6 5859/3777/6
f 291/3675/3 4516/3675/3 5860/3678/3
f 292/4224/4 4517/4224/4 5861/3071/4
f 293/4203/5 4518/4203/5 5862/481/5
f 294/3899/6 4519/3899/6 5863/3901/6
f 1286/3733/6 5511/3733/6 4711/3732/6
f 295/3810/3 4520/3810/3 5864/3812/3
f 1287/3642/3 5512/3642/3 4712/3643/3
f 296/4221/4 4521/4221/4 5865/3044/4
f 1288/605/4 5513/605/4 4713/4201/4
f 297/4202/5 4522/4202/5 5866/562/5
f 1289/3055/5 5514/3055/5 4714/4222/5
f 1290/3867/6 5515/3867/6 4715/3866/6
f 1291/3770/3 5516/3770/3 4716/3771/3
f 1292/362/4 5517/362/4 4717/4204/4
f 1293/3064/5 5518/3064/5 4718/4223/5
f 302/3723/6 4527/3723/6 5871/3726/6
f 303/3633/3 4528/3633/3 5872/3636/3
f 304/4217/4 4529/4217/4 5873/2936/4
f 305/4206/5 4530/4206/5 5874/238/5
f 1818/3788/6 6043/3788/6 4235/3725/6
f 306/3857/6 4531/3857/6 5875/3860/6
f 1819/3688/3 6044/3688/3 4236/3634/3
f 1090/3774/6 5315/3774/6 4515/3773/6
f 82/3766/6 4307/3766/6 5459/3765/6
f 307/3758/3 4532/3758/3 5876/3761/3
f 26/3767/6 4251/3767/6 5355/3792/6
f 1820/2477/4 6045/2477/4 4237/3467/4
f 1091/3674/3 5316/3674/3 4516/3675/3
f 83/3669/3 4308/3669/3 5460/3667/3
f 308/4220/4 4533/4220/4 5877/3017/4
f 27/3672/3 4252/3672/3 5356/3690/3
f 1821/31/5 6046/31/5 4238/3516/5
f 1092/2/4 5317/2/4 4517/4224/4
f 84/3075/4 4309/3075/4 5461/767/4
f 309/4207/5 4534/4207/5 5878/211/5
f 28/4191/4 4253/4191/4 5357/191/4
f 1822/3910/6 6047/3910/6 4239/3859/6
f 1093/1624/5 5318/1624/5 4518/4203/5
f 85/3264/5 4310/3264/5 5462/2785/5
f 29/4091/5 4254/4091/5 5358/1057/5
f 1823/3822/3 6048/3822/3 4240/3759/3
f 1094/3900/6 5319/3900/6 4519/3899/6
f 86/3894/6 4311/3894/6 5463/3893/6
f 30/3895/6 4255/3895/6 5359/3914/6
f 1824/2234/4 6049/2234/4 4241/3566/4
f 1095/3809/3 5320/3809/3 4520/3810/3
f 87/3804/3 4312/3804/3 5464/3802/3
f 31/3807/3 4256/3807/3 5360/3824/3
f 1825/40/5 6050/40/5 4242/3483/5
f 1096/11/4 5321/11/4 4521/4221/4
f 88/3093/4 4313/3093/4 5465/740/4
f 32/4161/4 4257/4161/4 5361/164/4
f 1097/1381/5 5322/1381/5 4522/4202/5
f 89/3210/5 4314/3210/5 5466/2866/5
f 33/4063/5 4258/4063/5 5362/1138/5
f 1830/3736/6 6055/3736/6 4230/3735/6
f 1831/3646/3 6056/3646/3 4231/3647/3
f 1102/3724/6 5327/3724/6 4527/3723/6
f 94/3718/6 4319/3718/6 5471/3717/6
f 38/3719/6 4263/3719/6 5367/3740/6
f 1832/1262/4 6057/1262/4 4232/4020/4
f 1103/3632/3 5328/3632/3 4528/3633/3
f 95/3627/3 4320/3627/3 5472/3625/3
f 39/3630/3 4264/3630/3 5368/3649/3
f 1833/4/5 6058/4/5 4233/3973/5
f 1104/47/4 5329/47/4 4529/4217/4
f 96/3165/4 4321/3165/4 5473/632/4
f 40/4049/4 4265/4049/4 5369/56/4
f 1834/3870/6 6059/3870/6 4228/3869/6
f 1105/2353/5 5330/2353/5 4530/4206/5
f 97/3426/5 4322/3426/5 5474/2542/5
f 41/4175/5 4266/4175/5 5370/814/5
f 1835/3775/3 6060/3775/3 4226/3776/3
f 98/3852/6 4323/3852/6 5475/3851/6
f 1106/3858/6 5331/3858/6 4531/3857/6
f 42/3853/6 4267/3853/6 5371/3874/6
f 1836/1991/4 6061/1991/4 4227/3676/4
f 99/3752/3 4324/3752/3 5476/3750/3
f 1107/3757/3 5332/3757/3 4532/3758/3
f 43/3755/3 4268/3755/3 5372/3779/3
f 1837/1/5 6062/1/5 4229/4225/5
f 100/3111/4 4325/3111/4 5477/713/4
f 1108/20/4 5333/20/4 4533/4220/4
f 44/4133/4 4269/4133/4 5373/137/4
f 101/3444/5 4326/3444/5 5478/2515/5
f 1109/2434/5 5334/2434/5 4534/4207/5
f 45/4185/5 4270/4185/5 5374/787/5
f 434/3764/6 4659/3764/6 6003/3768/6
f 1634/3777/6 5859/3777/6 4307/3766/6
f 330/3791/6 4555/3791/6 5899/3793/6
f 1635/3678/3 5860/3678/3 4308/3669/3
f 435/3668/3 4660/3668/3 6004/3671/3
f 331/3691/3 4556/3691/3 5900/3693/3
f 1636/3071/4 5861/3071/4 4309/3075/4
f 436/4193/4 4661/4193/4 6005/776/4
f 332/4209/4 4557/4209/4 5901/2504/4
f 1637/481/5 5862/481/5 4310/3264/5
f 437/4214/5 4662/4214/5 6006/94/5
f 333/4198/5 4558/4198/5 5902/670/5
f 1638/3901/6 5863/3901/6 4311/3894/6
f 438/3892/6 4663/3892/6 6007/3896/6
f 334/3913/6 4559/3913/6 5903/3915/6
f 1639/3812/3 5864/3812/3 4312/3804/3
f 439/3803/3 4664/3803/3 6008/3806/3
f 335/3825/3 4560/3825/3 5904/3827/3
f 1640/3044/4 5865/3044/4 4313/3093/4
f 440/4196/4 4665/4196/4 6009/857/4
f 336/4212/4 4561/4212/4 5905/2585/4
f 1641/562/5 5866/562/5 4314/3210/5
f 441/4215/5 4666/4215/5 6010/67/5
f 337/4199/5 4562/4199/5 5906/643/5
f 1646/3726/6 5871/3726/6 4319/3718/6
f 446/3716/6 4671/3716/6 6015/3720/6
f 342/3739/6 4567/3739/6 5911/3741/6
f 1647/3636/3 5872/3636/3 4320/3627/3
f 447/3626/3 4672/3626/3 6016/3629/3
f 343/3650/3 4568/3650/3 5912/3652/3
f 1648/2936/4 5873/2936/4 4321/3165/4
f 448/4200/4 4673/4200/4 6017/1181/4
f 344/4216/4 4569/4216/4 5913/2909/4
f 1649/238/5 5874/238/5 4322/3426/5
f 449/4211/5 4674/4211/5 6018/175/5
f 345/4195/5 4570/4195/5 5914/751/5
f 1650/3860/6 5875/3860/6 4323/3852/6
f 450/3850/6 4675/3850/6 6019/3854/6
f 346/3873/6 4571/3873/6 5915/3875/6
f 1234/3765/6 5459/3765/6 4659/3764/6
f 1651/3761/3 5876/3761/3 4324/3752/3
f 122/3787/6 4347/3787/6 5499/3786/6
f 1130/3792/6 5355/3792/6 4555/3791/6
f 451/3751/3 4676/3751/3 6020/3754/3
f 347/3780/3 4572/3780/3 5916/3782/3
f 1235/3667/3 5460/3667/3 4660/3668/3
f 1652/3017/4 5877/3017/4 4325/3111/4
f 123/3686/3 4348/3686/3 5500/3684/3
f 1131/3690/3 5356/3690/3 4556/3691/3
f 452/4197/4 4677/4197/4 6021/938/4
f 348/4213/4 4573/4213/4 5917/2666/4
f 1236/767/4 5461/767/4 4661/4193/4
f 1653/211/5 5878/211/5 4326/3444/5
f 1132/191/4 5357/191/4 4557/4209/4
f 453/4210/5 4678/4210/5 6022/184/5
f 124/3453/4 4349/3453/4 5501/200/4
f 349/4194/5 4574/4194/5 5918/760/5
f 1237/2785/5 5462/2785/5 4662/4214/5
f 1133/1057/5 5358/1057/5 4558/4198/5
f 125/3138/5 4350/3138/5 5502/2974/5
f 1238/3893/6 5463/3893/6 4663/3892/6
f 1134/3914/6 5359/3914/6 4559/3913/6
f 126/3909/6 4351/3909/6 5503/3908/6
f 1239/3802/3 5464/3802/3 4664/3803/3
f 1135/3824/3 5360/3824/3 4560/3825/3
f 127/3820/3 4352/3820/3 5504/3818/3
f 1240/740/4 5465/740/4 4665/4196/4
f 1136/164/4 5361/164/4 4561/4212/4
f 128/3399/4 4353/3399/4 5505/281/4
f 1241/2866/5 5466/2866/5 4666/4215/5
f 1137/1138/5 5362/1138/5 4562/4199/5
f 129/3156/5 4354/3156/5 5506/2947/5
f 1246/3717/6 5471/3717/6 4671/3716/6
f 1142/3740/6 5367/3740/6 4567/3739/6
f 134/3734/6 4359/3734/6 5511/3733/6
f 1247/3625/3 5472/3625/3 4672/3626/3
f 1143/3649/3 5368/3649/3 4568/3650/3
f 135/3644/3 4360/3644/3 5512/3642/3
f 1248/632/4 5473/632/4 4673/4200/4
f 1144/56/4 5369/56/4 4569/4216/4
f 136/3183/4 4361/3183/4 5513/605/4
f 1249/2542/5 5474/2542/5 4674/4211/5
f 1145/814/5 5370/814/5 4570/4195/5
f 137/3084/5 4362/3084/5 5514/3055/5
f 1250/3851/6 5475/3851/6 4675/3850/6
f 1146/3874/6 5371/3874/6 4571/3873/6
f 138/3868/6 4363/3868/6 5515/3867/6
